GlobalId,Name,Text
1dzyWEOh99jRUBVYP$exmF,Projekt Buerogebaeude,"No real Project. Author: Architect; Authorization: The authorising person; Description: ArchiCAD 11.00 Release 1 generated IFC file.
Build Number of the Ifc 2x3 interface: 63090 (13-06-2008); Implementation Level: 2;1; Organization: Building Designer Office; Originating System: Windows System; Preprocessor Version: PreProc - EDM 4.5.0033; Schema Identifiers: IFC2X3; Time Stamp: 2008-07-03T15:22:43; BuildingPermitId: 4711; ConstructionMode: Massivbau; GrossAreaPlanned: 1000"
,Gelaende 0815,No real site. Project: Projekt Buerogebaeude; Top Elevation: 12.04931853; Bottom Elevation: -3.3; Global Top Elevation: 12.04931853; Global Bottom Elevation: -3.3; Has Own Geometry: 0; Children Have Geometry: 1; Global X: -8; Global Y: -11; Global Z: -3.3; Bounding Box Length: 58; Bounding Box Width: 38; Bounding Box Height: 15.34931853
2yeSWdixz5hBpMywNJnu8J,Buerogebaeude,No real Building. BuildingID: 445; IsPermanentID: 1; NumberOfStoreys: 5; OccupancyType: citygml:1120 (office building); SprinklerProtection: 0; SprinklerProtectionAutomatic: 0; Project: Projekt Buerogebaeude; Top Elevation: 12.04931853; Bottom Elevation: -3.3; Global Top Elevation: 12.04931853; Global Bottom Elevation: -3.3; Has Own Geometry: 0; Children Have Geometry: 1; Global X: -8; Global Y: -4; Global Z: -3.3; Bounding Box Length: 54; Bounding Box Width: 24; Bounding Box Height: 15.34931853
25SMdCQszBi9al8gnrh8LV,Keller,Basement. Project: Projekt Buerogebaeude; Building: Buerogebaeude; Top Elevation: 0.8999; Bottom Elevation: -3.3; Global Top Elevation: 0.8999; Global Bottom Elevation: -3.3; Has Own Geometry: 0; Children Have Geometry: 1; Global X: -4; Global Y: -4; Global Z: -3.3; Bounding Box Length: 50; Bounding Box Width: 24; Bounding Box Height: 4.1999
2UZhzWc8v0fA0sfv__WgLn,Wand-002,. GrossFootprintArea: 5.4; GrossSideArea: 48.6; GrossVolume: 14.58; Height: 2.7; Length: 18; NetSideArea: 30.6; NetVolume: 9.18; Width: 0.3; IsExternal: 1; LoadBearing: 1; ThermalTransmittance: 0.3; Project: Projekt Buerogebaeude; Building: Buerogebaeude; Storey: Keller; Top Elevation: -0.3; Bottom Elevation: -3; Global Top Elevation: -0.3; Global Bottom Elevation: -3; Has Own Geometry: 1; Children Have Geometry: 1; Global X: 0; Global Y: 13.7; Global Z: -3; Bounding Box Length: 18.3; Bounding Box Width: 0.300000000000001; Bounding Box Height: 2.7; Layer: Außenwände
3iPS0qHlnBA8ECMZx9UXOu,,. XDim: 1; YDim: 1.5; Project: Projekt Buerogebaeude; Building: Buerogebaeude; Storey: Keller; Top Elevation: -0.6; Bottom Elevation: -2.1; Global Top Elevation: -0.6; Global Bottom Elevation: -2.1; Has Own Geometry: 1; Children Have Geometry: 0; Global X: 1.75; Global Y: 13.7; Global Z: -2.1; Bounding Box Length: 1; Bounding Box Width: 0.300000000000001; Bounding Box Height: 1.5
3DKvTPI0n1PPj3KOW82NOy,,. XDim: 1; YDim: 1.5; Project: Projekt Buerogebaeude; Building: Buerogebaeude; Storey: Keller; Top Elevation: -0.6; Bottom Elevation: -2.1; Global Top Elevation: -0.6; Global Bottom Elevation: -2.1; Has Own Geometry: 1; Children Have Geometry: 0; Global X: 3.25; Global Y: 13.7; Global Z: -2.1; Bounding Box Length: 1; Bounding Box Width: 0.300000000000001; Bounding Box Height: 1.5
0vNwqiiV9AGu$v$LTDrgOa,,. XDim: 1; YDim: 1.5; Project: Projekt Buerogebaeude; Building: Buerogebaeude; Storey: Keller; Top Elevation: -0.6; Bottom Elevation: -2.1; Global Top Elevation: -0.6; Global Bottom Elevation: -2.1; Has Own Geometry: 1; Children Have Geometry: 0; Global X: 4.75; Global Y: 13.7; Global Z: -2.1; Bounding Box Length: 1; Bounding Box Width: 0.300000000000001; Bounding Box Height: 1.5
0HH5MbB2z26uuowaB$2zi2,,. XDim: 1; YDim: 1.5; Project: Projekt Buerogebaeude; Building: Buerogebaeude; Storey: Keller; Top Elevation: -0.6; Bottom Elevation: -2.1; Global Top Elevation: -0.6; Global Bottom Elevation: -2.1; Has Own Geometry: 1; Children Have Geometry: 0; Global X: 6.25; Global Y: 13.7; Global Z: -2.1; Bounding Box Length: 1; Bounding Box Width: 0.300000000000001; Bounding Box Height: 1.5
3KHf2wRXX9LQ1SdHd84kWC,,. XDim: 1; YDim: 1.5; Project: Projekt Buerogebaeude; Building: Buerogebaeude; Storey: Keller; Top Elevation: -0.6; Bottom Elevation: -2.1; Global Top Elevation: -0.6; Global Bottom Elevation: -2.1; Has Own Geometry: 1; Children Have Geometry: 0; Global X: 7.75; Global Y: 13.7; Global Z: -2.1; Bounding Box Length: 1; Bounding Box Width: 0.300000000000001; Bounding Box Height: 1.5
0sZPqb15PAhvc_ctNIObih,,. XDim: 1; YDim: 1.5; Project: Projekt Buerogebaeude; Building: Buerogebaeude; Storey: Keller; Top Elevation: -0.6; Bottom Elevation: -2.1; Global Top Elevation: -0.6; Global Bottom Elevation: -2.1; Has Own Geometry: 1; Children Have Geometry: 0; Global X: 9.25; Global Y: 13.7; Global Z: -2.1; Bounding Box Length: 1; Bounding Box Width: 0.300000000000001; Bounding Box Height: 1.5
3kfKJJyHr8mxAWsDElKJl1,,. XDim: 1; YDim: 1.5; Project: Projekt Buerogebaeude; Building: Buerogebaeude; Storey: Keller; Top Elevation: -0.6; Bottom Elevation: -2.1; Global Top Elevation: -0.6; Global Bottom Elevation: -2.1; Has Own Geometry: 1; Children Have Geometry: 0; Global X: 10.75; Global Y: 13.7; Global Z: -2.1; Bounding Box Length: 1; Bounding Box Width: 0.300000000000001; Bounding Box Height: 1.5
1cKHCw$Fr5m9Pv9MWZATuq,,. XDim: 1; YDim: 1.5; Project: Projekt Buerogebaeude; Building: Buerogebaeude; Storey: Keller; Top Elevation: -0.6; Bottom Elevation: -2.1; Global Top Elevation: -0.6; Global Bottom Elevation: -2.1; Has Own Geometry: 1; Children Have Geometry: 0; Global X: 12.25; Global Y: 13.7; Global Z: -2.1; Bounding Box Length: 1; Bounding Box Width: 0.300000000000001; Bounding Box Height: 1.5
2qh1t1hSr5X85zWn26CTCk,,. XDim: 1; YDim: 1.5; Project: Projekt Buerogebaeude; Building: Buerogebaeude; Storey: Keller; Top Elevation: -0.6; Bottom Elevation: -2.1; Global Top Elevation: -0.6; Global Bottom Elevation: -2.1; Has Own Geometry: 1; Children Have Geometry: 0; Global X: 13.75; Global Y: 13.7; Global Z: -2.1; Bounding Box Length: 1; Bounding Box Width: 0.300000000000001; Bounding Box Height: 1.5
042Iqxweb7nArk7wyumP3Q,,. XDim: 1; YDim: 1.5; Project: Projekt Buerogebaeude; Building: Buerogebaeude; Storey: Keller; Top Elevation: -0.6; Bottom Elevation: -2.1; Global Top Elevation: -0.6; Global Bottom Elevation: -2.1; Has Own Geometry: 1; Children Have Geometry: 0; Global X: 15.25; Global Y: 13.7; Global Z: -2.1; Bounding Box Length: 1; Bounding Box Width: 0.300000000000001; Bounding Box Height: 1.5
0eAVuDz1X2$OnKEwu9tx4d,,. XDim: 1; YDim: 1.5; Project: Projekt Buerogebaeude; Building: Buerogebaeude; Storey: Keller; Top Elevation: -0.6; Bottom Elevation: -2.1; Global Top Elevation: -0.6; Global Bottom Elevation: -2.1; Has Own Geometry: 1; Children Have Geometry: 0; Global X: 16.75; Global Y: 13.7; Global Z: -2.1; Bounding Box Length: 1; Bounding Box Width: 0.300000000000001; Bounding Box Height: 1.5
2ZEcAAy8H0Bw$TY9vF2dRk,,. XDim: 1; YDim: 1.5; Project: Projekt Buerogebaeude; Building: Buerogebaeude; Storey: Keller; Top Elevation: -0.6; Bottom Elevation: -2.1; Global Top Elevation: -0.6; Global Bottom Elevation: -2.1; Has Own Geometry: 1; Children Have Geometry: 0; Global X: 0.350000000000001; Global Y: 13.7; Global Z: -2.1; Bounding Box Length: 1; Bounding Box Width: 0.300000000000001; Bounding Box Height: 1.5
0gf4zLSNHARQiAvK3qkBDz,Wand-006,. GrossFootprintArea: 5.4; GrossSideArea: 48.6; GrossVolume: 14.58; Height: 2.7; Length: 18; NetSideArea: 30.6; NetVolume: 9.18; Width: 0.3; IsExternal: 1; LoadBearing: 1; ThermalTransmittance: 0.3; Project: Projekt Buerogebaeude; Building: Buerogebaeude; Storey: Keller; Top Elevation: -0.3; Bottom Elevation: -3; Global Top Elevation: -0.3; Global Bottom Elevation: -3; Has Own Geometry: 1; Children Have Geometry: 1; Global X: 23.7; Global Y: 13.7; Global Z: -3; Bounding Box Length: 18.3; Bounding Box Width: 0.300000000000001; Bounding Box Height: 2.7; Layer: Außenwände
3pZfvPlr59Ex0MBcsKe$LC,,. XDim: 1; YDim: 1.5; Project: Projekt Buerogebaeude; Building: Buerogebaeude; Storey: Keller; Top Elevation: -0.6; Bottom Elevation: -2.1; Global Top Elevation: -0.6; Global Bottom Elevation: -2.1; Has Own Geometry: 1; Children Have Geometry: 0; Global X: 25.75; Global Y: 13.7; Global Z: -2.1; Bounding Box Length: 1; Bounding Box Width: 0.300000000000001; Bounding Box Height: 1.5
3sc7u6PPj5cO8Ip5VNrxUc,,. XDim: 1; YDim: 1.5; Project: Projekt Buerogebaeude; Building: Buerogebaeude; Storey: Keller; Top Elevation: -0.6; Bottom Elevation: -2.1; Global Top Elevation: -0.6; Global Bottom Elevation: -2.1; Has Own Geometry: 1; Children Have Geometry: 0; Global X: 27.25; Global Y: 13.7; Global Z: -2.1; Bounding Box Length: 1; Bounding Box Width: 0.300000000000001; Bounding Box Height: 1.5
04YPR0A_1EJfpSW2_$c5lq,,. XDim: 1; YDim: 1.5; Project: Projekt Buerogebaeude; Building: Buerogebaeude; Storey: Keller; Top Elevation: -0.6; Bottom Elevation: -2.1; Global Top Elevation: -0.6; Global Bottom Elevation: -2.1; Has Own Geometry: 1; Children Have Geometry: 0; Global X: 28.75; Global Y: 13.7; Global Z: -2.1; Bounding Box Length: 1; Bounding Box Width: 0.300000000000001; Bounding Box Height: 1.5
2JlAzDPpPByAtFpZRt21AD,,. XDim: 1; YDim: 1.5; Project: Projekt Buerogebaeude; Building: Buerogebaeude; Storey: Keller; Top Elevation: -0.6; Bottom Elevation: -2.1; Global Top Elevation: -0.6; Global Bottom Elevation: -2.1; Has Own Geometry: 1; Children Have Geometry: 0; Global X: 30.25; Global Y: 13.7; Global Z: -2.1; Bounding Box Length: 1; Bounding Box Width: 0.300000000000001; Bounding Box Height: 1.5
2s9NBfAon7mhCmZHXVe0re,,. XDim: 1; YDim: 1.5; Project: Projekt Buerogebaeude; Building: Buerogebaeude; Storey: Keller; Top Elevation: -0.6; Bottom Elevation: -2.1; Global Top Elevation: -0.6; Global Bottom Elevation: -2.1; Has Own Geometry: 1; Children Have Geometry: 0; Global X: 31.75; Global Y: 13.7; Global Z: -2.1; Bounding Box Length: 1; Bounding Box Width: 0.300000000000001; Bounding Box Height: 1.5
3rU$1ZSQL7RObr_YN4As0$,,. XDim: 1; YDim: 1.5; Project: Projekt Buerogebaeude; Building: Buerogebaeude; Storey: Keller; Top Elevation: -0.6; Bottom Elevation: -2.1; Global Top Elevation: -0.6; Global Bottom Elevation: -2.1; Has Own Geometry: 1; Children Have Geometry: 0; Global X: 33.25; Global Y: 13.7; Global Z: -2.1; Bounding Box Length: 1; Bounding Box Width: 0.300000000000001; Bounding Box Height: 1.5
3jj14hEgPBkPQGGF2HUf0D,,. XDim: 1; YDim: 1.5; Project: Projekt Buerogebaeude; Building: Buerogebaeude; Storey: Keller; Top Elevation: -0.6; Bottom Elevation: -2.1; Global Top Elevation: -0.6; Global Bottom Elevation: -2.1; Has Own Geometry: 1; Children Have Geometry: 0; Global X: 34.75; Global Y: 13.7; Global Z: -2.1; Bounding Box Length: 1; Bounding Box Width: 0.300000000000001; Bounding Box Height: 1.5
3k5nndd1jERuuKMdD1goNy,,. XDim: 1; YDim: 1.5; Project: Projekt Buerogebaeude; Building: Buerogebaeude; Storey: Keller; Top Elevation: -0.6; Bottom Elevation: -2.1; Global Top Elevation: -0.6; Global Bottom Elevation: -2.1; Has Own Geometry: 1; Children Have Geometry: 0; Global X: 36.25; Global Y: 13.7; Global Z: -2.1; Bounding Box Length: 1; Bounding Box Width: 0.300000000000001; Bounding Box Height: 1.5
1DTC2Gatv7pvAZfEwAX2tP,,. XDim: 1; YDim: 1.5; Project: Projekt Buerogebaeude; Building: Buerogebaeude; Storey: Keller; Top Elevation: -0.6; Bottom Elevation: -2.1; Global Top Elevation: -0.6; Global Bottom Elevation: -2.1; Has Own Geometry: 1; Children Have Geometry: 0; Global X: 37.75; Global Y: 13.7; Global Z: -2.1; Bounding Box Length: 1; Bounding Box Width: 0.300000000000001; Bounding Box Height: 1.5
1yqA3F5xX8Kf2UA9aQz5mA,,. XDim: 1; YDim: 1.5; Project: Projekt Buerogebaeude; Building: Buerogebaeude; Storey: Keller; Top Elevation: -0.6; Bottom Elevation: -2.1; Global Top Elevation: -0.6; Global Bottom Elevation: -2.1; Has Own Geometry: 1; Children Have Geometry: 0; Global X: 39.25; Global Y: 13.7; Global Z: -2.1; Bounding Box Length: 1; Bounding Box Width: 0.300000000000001; Bounding Box Height: 1.5
0dSIqDqWT7tBza6XIgd6To,,. XDim: 1; YDim: 1.5; Project: Projekt Buerogebaeude; Building: Buerogebaeude; Storey: Keller; Top Elevation: -0.6; Bottom Elevation: -2.1; Global Top Elevation: -0.6; Global Bottom Elevation: -2.1; Has Own Geometry: 1; Children Have Geometry: 0; Global X: 24.25; Global Y: 13.7; Global Z: -2.1; Bounding Box Length: 1; Bounding Box Width: 0.300000000000001; Bounding Box Height: 1.5
2HwsSa5UvFQh3tqVbVkix9,,. XDim: 1; YDim: 1.5; Project: Projekt Buerogebaeude; Building: Buerogebaeude; Storey: Keller; Top Elevation: -0.6; Bottom Elevation: -2.1; Global Top Elevation: -0.6; Global Bottom Elevation: -2.1; Has Own Geometry: 1; Children Have Geometry: 0; Global X: 40.65; Global Y: 13.7; Global Z: -2.1; Bounding Box Length: 1; Bounding Box Width: 0.300000000000001; Bounding Box Height: 1.5
1LnXM52pj1uP_ZpDnRRCRj,Wand-007,. GrossFootprintArea: 3.51; GrossSideArea: 32.4; GrossVolume: 9.477; Height: 2.7; Length: 12; NetSideArea: 32.4; NetVolume: 9.477; Width: 0.3; IsExternal: 1; LoadBearing: 1; ThermalTransmittance: 0.3; Project: Projekt Buerogebaeude; Building: Buerogebaeude; Storey: Keller; Top Elevation: -0.3; Bottom Elevation: -3; Global Top Elevation: -0.3; Global Bottom Elevation: -3; Has Own Geometry: 1; Children Have Geometry: 0; Global X: 41.7; Global Y: 2; Global Z: -3; Bounding Box Length: 0.299999999999997; Bounding Box Width: 12; Bounding Box Height: 2.7; Layer: Außenwände
1aejkGBNz2FuRzjxv1SLrw,Wand-001,. GrossFootprintArea: 3.51; GrossSideArea: 32.4; GrossVolume: 9.477; Height: 2.7; Length: 12; NetSideArea: 32.4; NetVolume: 9.477; Width: 0.3; IsExternal: 1; LoadBearing: 1; ThermalTransmittance: 0.3; Project: Projekt Buerogebaeude; Building: Buerogebaeude; Storey: Keller; Top Elevation: -0.3; Bottom Elevation: -3; Global Top Elevation: -0.3; Global Bottom Elevation: -3; Has Own Geometry: 1; Children Have Geometry: 0; Global X: 0; Global Y: 2; Global Z: -3; Bounding Box Length: 0.300000000000001; Bounding Box Width: 12; Bounding Box Height: 2.7; Layer: Außenwände
2oOoWKmmfChQTLCBzuB3$b,Wand-010,. GrossFootprintArea: 12.51; GrossSideArea: 113.4; GrossVolume: 33.777; Height: 2.7; Length: 42; NetSideArea: 83.4; NetVolume: 24.777; Width: 0.3; IsExternal: 1; LoadBearing: 1; ThermalTransmittance: 0.3; Project: Projekt Buerogebaeude; Building: Buerogebaeude; Storey: Keller; Top Elevation: -0.3; Bottom Elevation: -3; Global Top Elevation: -0.3; Global Bottom Elevation: -3; Has Own Geometry: 1; Children Have Geometry: 1; Global X: 0; Global Y: 2; Global Z: -3; Bounding Box Length: 42; Bounding Box Width: 0.3; Bounding Box Height: 2.7; Layer: Außenwände
01qHI5Kr5Dw8V5AwA8btwZ,,. XDim: 1; YDim: 1.5; Project: Projekt Buerogebaeude; Building: Buerogebaeude; Storey: Keller; Top Elevation: -0.6; Bottom Elevation: -2.1; Global Top Elevation: -0.6; Global Bottom Elevation: -2.1; Has Own Geometry: 1; Children Have Geometry: 0; Global X: 1.75; Global Y: 2; Global Z: -2.1; Bounding Box Length: 1; Bounding Box Width: 0.3; Bounding Box Height: 1.5
0DbvXODLj7aPEdHfLH7$jO,,. XDim: 1; YDim: 1.5; Project: Projekt Buerogebaeude; Building: Buerogebaeude; Storey: Keller; Top Elevation: -0.6; Bottom Elevation: -2.1; Global Top Elevation: -0.6; Global Bottom Elevation: -2.1; Has Own Geometry: 1; Children Have Geometry: 0; Global X: 3.25; Global Y: 2; Global Z: -2.1; Bounding Box Length: 1; Bounding Box Width: 0.3; Bounding Box Height: 1.5
1Km67XCQTFgga839PbMW3O,,. XDim: 1; YDim: 1.5; Project: Projekt Buerogebaeude; Building: Buerogebaeude; Storey: Keller; Top Elevation: -0.6; Bottom Elevation: -2.1; Global Top Elevation: -0.6; Global Bottom Elevation: -2.1; Has Own Geometry: 1; Children Have Geometry: 0; Global X: 4.75; Global Y: 2; Global Z: -2.1; Bounding Box Length: 1; Bounding Box Width: 0.3; Bounding Box Height: 1.5
3s7MUoP3135vNGcG0iDV8h,,. XDim: 1; YDim: 1.5; Project: Projekt Buerogebaeude; Building: Buerogebaeude; Storey: Keller; Top Elevation: -0.6; Bottom Elevation: -2.1; Global Top Elevation: -0.6; Global Bottom Elevation: -2.1; Has Own Geometry: 1; Children Have Geometry: 0; Global X: 6.25; Global Y: 2; Global Z: -2.1; Bounding Box Length: 1; Bounding Box Width: 0.3; Bounding Box Height: 1.5
2mt2tGBNr0heg3y8oWxPsd,,. XDim: 1; YDim: 1.5; Project: Projekt Buerogebaeude; Building: Buerogebaeude; Storey: Keller; Top Elevation: -0.6; Bottom Elevation: -2.1; Global Top Elevation: -0.6; Global Bottom Elevation: -2.1; Has Own Geometry: 1; Children Have Geometry: 0; Global X: 7.75; Global Y: 2; Global Z: -2.1; Bounding Box Length: 1; Bounding Box Width: 0.3; Bounding Box Height: 1.5
1BrnNCI$L9sAKRPn5tZ9oV,,. XDim: 1; YDim: 1.5; Project: Projekt Buerogebaeude; Building: Buerogebaeude; Storey: Keller; Top Elevation: -0.6; Bottom Elevation: -2.1; Global Top Elevation: -0.6; Global Bottom Elevation: -2.1; Has Own Geometry: 1; Children Have Geometry: 0; Global X: 9.25; Global Y: 2; Global Z: -2.1; Bounding Box Length: 1; Bounding Box Width: 0.3; Bounding Box Height: 1.5
2yOm8VY7b00P0Oz$7aoRfd,,. XDim: 1; YDim: 1.5; Project: Projekt Buerogebaeude; Building: Buerogebaeude; Storey: Keller; Top Elevation: -0.6; Bottom Elevation: -2.1; Global Top Elevation: -0.6; Global Bottom Elevation: -2.1; Has Own Geometry: 1; Children Have Geometry: 0; Global X: 10.75; Global Y: 2; Global Z: -2.1; Bounding Box Length: 1; Bounding Box Width: 0.3; Bounding Box Height: 1.5
02D15M1VDCyg6KlYSemzIx,,. XDim: 1; YDim: 1.5; Project: Projekt Buerogebaeude; Building: Buerogebaeude; Storey: Keller; Top Elevation: -0.6; Bottom Elevation: -2.1; Global Top Elevation: -0.6; Global Bottom Elevation: -2.1; Has Own Geometry: 1; Children Have Geometry: 0; Global X: 12.25; Global Y: 2; Global Z: -2.1; Bounding Box Length: 1; Bounding Box Width: 0.3; Bounding Box Height: 1.5
3bQiidHWbAQe1DIWnt5nUr,,. XDim: 1; YDim: 1.5; Project: Projekt Buerogebaeude; Building: Buerogebaeude; Storey: Keller; Top Elevation: -0.6; Bottom Elevation: -2.1; Global Top Elevation: -0.6; Global Bottom Elevation: -2.1; Has Own Geometry: 1; Children Have Geometry: 0; Global X: 13.75; Global Y: 2; Global Z: -2.1; Bounding Box Length: 1; Bounding Box Width: 0.3; Bounding Box Height: 1.5
3d57GM$HHEThdrxntq1YwX,,. XDim: 1; YDim: 1.5; Project: Projekt Buerogebaeude; Building: Buerogebaeude; Storey: Keller; Top Elevation: -0.6; Bottom Elevation: -2.1; Global Top Elevation: -0.6; Global Bottom Elevation: -2.1; Has Own Geometry: 1; Children Have Geometry: 0; Global X: 28.75; Global Y: 2; Global Z: -2.1; Bounding Box Length: 1; Bounding Box Width: 0.3; Bounding Box Height: 1.5
2pc3W18Wn6gOuM4qhehV8N,,. XDim: 1; YDim: 1.5; Project: Projekt Buerogebaeude; Building: Buerogebaeude; Storey: Keller; Top Elevation: -0.6; Bottom Elevation: -2.1; Global Top Elevation: -0.6; Global Bottom Elevation: -2.1; Has Own Geometry: 1; Children Have Geometry: 0; Global X: 30.25; Global Y: 2; Global Z: -2.1; Bounding Box Length: 1; Bounding Box Width: 0.3; Bounding Box Height: 1.5
2wHHUmCHX77P6GkrnuMcK3,,. XDim: 1; YDim: 1.5; Project: Projekt Buerogebaeude; Building: Buerogebaeude; Storey: Keller; Top Elevation: -0.6; Bottom Elevation: -2.1; Global Top Elevation: -0.6; Global Bottom Elevation: -2.1; Has Own Geometry: 1; Children Have Geometry: 0; Global X: 31.75; Global Y: 2; Global Z: -2.1; Bounding Box Length: 1; Bounding Box Width: 0.3; Bounding Box Height: 1.5
1ham6nDzH94g$y8kc1lhQl,,. XDim: 1; YDim: 1.5; Project: Projekt Buerogebaeude; Building: Buerogebaeude; Storey: Keller; Top Elevation: -0.6; Bottom Elevation: -2.1; Global Top Elevation: -0.6; Global Bottom Elevation: -2.1; Has Own Geometry: 1; Children Have Geometry: 0; Global X: 33.25; Global Y: 2; Global Z: -2.1; Bounding Box Length: 1; Bounding Box Width: 0.3; Bounding Box Height: 1.5
3RGjHcbX1A8xQINAXH4flo,,. XDim: 1; YDim: 1.5; Project: Projekt Buerogebaeude; Building: Buerogebaeude; Storey: Keller; Top Elevation: -0.6; Bottom Elevation: -2.1; Global Top Elevation: -0.6; Global Bottom Elevation: -2.1; Has Own Geometry: 1; Children Have Geometry: 0; Global X: 34.75; Global Y: 2; Global Z: -2.1; Bounding Box Length: 1; Bounding Box Width: 0.3; Bounding Box Height: 1.5
3BNRT$pkD6DRZoc5Tm0QYd,,. XDim: 1; YDim: 1.5; Project: Projekt Buerogebaeude; Building: Buerogebaeude; Storey: Keller; Top Elevation: -0.6; Bottom Elevation: -2.1; Global Top Elevation: -0.6; Global Bottom Elevation: -2.1; Has Own Geometry: 1; Children Have Geometry: 0; Global X: 36.25; Global Y: 2; Global Z: -2.1; Bounding Box Length: 1; Bounding Box Width: 0.3; Bounding Box Height: 1.5
3K1fPLtDn0CQIB9KK6qZWX,,. XDim: 1; YDim: 1.5; Project: Projekt Buerogebaeude; Building: Buerogebaeude; Storey: Keller; Top Elevation: -0.6; Bottom Elevation: -2.1; Global Top Elevation: -0.6; Global Bottom Elevation: -2.1; Has Own Geometry: 1; Children Have Geometry: 0; Global X: 37.75; Global Y: 2; Global Z: -2.1; Bounding Box Length: 1; Bounding Box Width: 0.3; Bounding Box Height: 1.5
23E9SK33rEh9iueRqobbS4,,. XDim: 1; YDim: 1.5; Project: Projekt Buerogebaeude; Building: Buerogebaeude; Storey: Keller; Top Elevation: -0.6; Bottom Elevation: -2.1; Global Top Elevation: -0.6; Global Bottom Elevation: -2.1; Has Own Geometry: 1; Children Have Geometry: 0; Global X: 39.25; Global Y: 2; Global Z: -2.1; Bounding Box Length: 1; Bounding Box Width: 0.3; Bounding Box Height: 1.5
2Ccfn9xB1EVO8pwhSvTE59,,. XDim: 1; YDim: 1.5; Project: Projekt Buerogebaeude; Building: Buerogebaeude; Storey: Keller; Top Elevation: -0.6; Bottom Elevation: -2.1; Global Top Elevation: -0.6; Global Bottom Elevation: -2.1; Has Own Geometry: 1; Children Have Geometry: 0; Global X: 27.25; Global Y: 2; Global Z: -2.1; Bounding Box Length: 1; Bounding Box Width: 0.3; Bounding Box Height: 1.5
006mUcZ196XuGYqjVCalE4,,. XDim: 1; YDim: 1.5; Project: Projekt Buerogebaeude; Building: Buerogebaeude; Storey: Keller; Top Elevation: -0.6; Bottom Elevation: -2.1; Global Top Elevation: -0.6; Global Bottom Elevation: -2.1; Has Own Geometry: 1; Children Have Geometry: 0; Global X: 0.350000000000001; Global Y: 2; Global Z: -2.1; Bounding Box Length: 1; Bounding Box Width: 0.3; Bounding Box Height: 1.5
3xQou4wqnFbRH8xcVMeGRO,,. XDim: 1; YDim: 1.5; Project: Projekt Buerogebaeude; Building: Buerogebaeude; Storey: Keller; Top Elevation: -0.6; Bottom Elevation: -2.1; Global Top Elevation: -0.6; Global Bottom Elevation: -2.1; Has Own Geometry: 1; Children Have Geometry: 0; Global X: 40.65; Global Y: 2; Global Z: -2.1; Bounding Box Length: 1; Bounding Box Width: 0.3; Bounding Box Height: 1.5
3wT8Lkj1j8dRPSJbjoKEaq,Wand-015,. GrossFootprintArea: 5.31; GrossSideArea: 48.6; GrossVolume: 14.337; Height: 2.7; Length: 18; NetSideArea: 36; NetVolume: 10.557; Width: 0.3; IsExternal: 0; LoadBearing: 1; ThermalTransmittance: 0.3; Project: Projekt Buerogebaeude; Building: Buerogebaeude; Storey: Keller; Top Elevation: -0.3; Bottom Elevation: -3; Global Top Elevation: -0.3; Global Bottom Elevation: -3; Has Own Geometry: 1; Children Have Geometry: 1; Global X: 0.300000000000001; Global Y: 9; Global Z: -3; Bounding Box Length: 17.7; Bounding Box Width: 0.300000000000001; Bounding Box Height: 2.7; Layer: Innenwände
0m6p5f9cH0zQpyfqCL3LHm,,. XDim: 1; YDim: 2.1; Project: Projekt Buerogebaeude; Building: Buerogebaeude; Storey: Keller; Top Elevation: -0.9; Bottom Elevation: -3; Global Top Elevation: -0.9; Global Bottom Elevation: -3; Has Own Geometry: 1; Children Have Geometry: 0; Global X: 15.2; Global Y: 9; Global Z: -3; Bounding Box Length: 1; Bounding Box Width: 0.300000000000001; Bounding Box Height: 2.1
18p2er$nD3ZwO4pzAxLTTq,,. XDim: 1; YDim: 2.1; Project: Projekt Buerogebaeude; Building: Buerogebaeude; Storey: Keller; Top Elevation: -0.9; Bottom Elevation: -3; Global Top Elevation: -0.9; Global Bottom Elevation: -3; Has Own Geometry: 1; Children Have Geometry: 0; Global X: 13.8; Global Y: 9; Global Z: -3; Bounding Box Length: 1; Bounding Box Width: 0.300000000000001; Bounding Box Height: 2.1
3jVtPlpNXBMw2YjKI1RiBg,,. XDim: 1; YDim: 2.1; Project: Projekt Buerogebaeude; Building: Buerogebaeude; Storey: Keller; Top Elevation: -0.9; Bottom Elevation: -3; Global Top Elevation: -0.9; Global Bottom Elevation: -3; Has Own Geometry: 1; Children Have Geometry: 0; Global X: 4.8; Global Y: 9; Global Z: -3; Bounding Box Length: 1; Bounding Box Width: 0.300000000000001; Bounding Box Height: 2.1
1ls8kfBrj4Eev43hwzGHOq,,. XDim: 1; YDim: 2.1; Project: Projekt Buerogebaeude; Building: Buerogebaeude; Storey: Keller; Top Elevation: -0.9; Bottom Elevation: -3; Global Top Elevation: -0.9; Global Bottom Elevation: -3; Has Own Geometry: 1; Children Have Geometry: 0; Global X: 7.8; Global Y: 9; Global Z: -3; Bounding Box Length: 1; Bounding Box Width: 0.300000000000001; Bounding Box Height: 2.1
07pqUNzlrFrQ_GfKt1i6hw,,. XDim: 1; YDim: 2.1; Project: Projekt Buerogebaeude; Building: Buerogebaeude; Storey: Keller; Top Elevation: -0.9; Bottom Elevation: -3; Global Top Elevation: -0.9; Global Bottom Elevation: -3; Has Own Geometry: 1; Children Have Geometry: 0; Global X: 10.8; Global Y: 9; Global Z: -3; Bounding Box Length: 1; Bounding Box Width: 0.300000000000001; Bounding Box Height: 2.1
0tnaVpJj53TPggmvEr3QLH,,. XDim: 1; YDim: 2.1; Project: Projekt Buerogebaeude; Building: Buerogebaeude; Storey: Keller; Top Elevation: -0.9; Bottom Elevation: -3; Global Top Elevation: -0.9; Global Bottom Elevation: -3; Has Own Geometry: 1; Children Have Geometry: 0; Global X: 1.8; Global Y: 9; Global Z: -3; Bounding Box Length: 1; Bounding Box Width: 0.300000000000001; Bounding Box Height: 2.1
11b8rH4vrDfP5iUZizUh0h,Wand-014,. GrossFootprintArea: 8.88; GrossSideArea: 81; GrossVolume: 23.976; Height: 2.7; Length: 30; NetSideArea: 70.5; NetVolume: 20.826; Width: 0.3; IsExternal: 0; LoadBearing: 1; ThermalTransmittance: 0.3; Project: Projekt Buerogebaeude; Building: Buerogebaeude; Storey: Keller; Top Elevation: -0.3; Bottom Elevation: -3; Global Top Elevation: -0.3; Global Bottom Elevation: -3; Has Own Geometry: 1; Children Have Geometry: 1; Global X: 0.300000000000001; Global Y: 6.7; Global Z: -3; Bounding Box Length: 29.6; Bounding Box Width: 0.3; Bounding Box Height: 2.7; Layer: Innenwände
298xfxqtLD4wEuza_r$eXY,,. XDim: 1; YDim: 2.1; Project: Projekt Buerogebaeude; Building: Buerogebaeude; Storey: Keller; Top Elevation: -0.9; Bottom Elevation: -3; Global Top Elevation: -0.9; Global Bottom Elevation: -3; Has Own Geometry: 1; Children Have Geometry: 0; Global X: 0.399999999999999; Global Y: 6.7; Global Z: -3; Bounding Box Length: 1; Bounding Box Width: 0.3; Bounding Box Height: 2.1
2cauK_3ZT9WA8igyk$4cqq,,. XDim: 1; YDim: 2.1; Project: Projekt Buerogebaeude; Building: Buerogebaeude; Storey: Keller; Top Elevation: -0.9; Bottom Elevation: -3; Global Top Elevation: -0.9; Global Bottom Elevation: -3; Has Own Geometry: 1; Children Have Geometry: 0; Global X: 6.2; Global Y: 6.7; Global Z: -3; Bounding Box Length: 1; Bounding Box Width: 0.3; Bounding Box Height: 2.1
3i7KPuJIrCiOSTOZsBJac6,,. XDim: 1; YDim: 2.1; Project: Projekt Buerogebaeude; Building: Buerogebaeude; Storey: Keller; Top Elevation: -0.9; Bottom Elevation: -3; Global Top Elevation: -0.9; Global Bottom Elevation: -3; Has Own Geometry: 1; Children Have Geometry: 0; Global X: 12.2; Global Y: 6.7; Global Z: -3; Bounding Box Length: 1; Bounding Box Width: 0.3; Bounding Box Height: 2.1
278PCMcEXBLwLUvcikfdOe,,. XDim: 1; YDim: 2.1; Project: Projekt Buerogebaeude; Building: Buerogebaeude; Storey: Keller; Top Elevation: -0.9; Bottom Elevation: -3; Global Top Elevation: -0.9; Global Bottom Elevation: -3; Has Own Geometry: 1; Children Have Geometry: 0; Global X: 21; Global Y: 6.7; Global Z: -3; Bounding Box Length: 1; Bounding Box Width: 0.3; Bounding Box Height: 2.1
371rnqG219nxqt0HbQIoPb,,. XDim: 1; YDim: 2.1; Project: Projekt Buerogebaeude; Building: Buerogebaeude; Storey: Keller; Top Elevation: -0.9; Bottom Elevation: -3; Global Top Elevation: -0.9; Global Bottom Elevation: -3; Has Own Geometry: 1; Children Have Geometry: 0; Global X: 25.8; Global Y: 6.7; Global Z: -3; Bounding Box Length: 1; Bounding Box Width: 0.3; Bounding Box Height: 2.1
2pXh2vfXHEb9m$yGEotBP_,Wand-016,. GrossFootprintArea: 1.77; GrossSideArea: 16.2; GrossVolume: 4.779; Height: 2.7; Length: 6; NetSideArea: 12; NetVolume: 3.519; Width: 0.3; IsExternal: 0; LoadBearing: 1; ThermalTransmittance: 0.3; Project: Projekt Buerogebaeude; Building: Buerogebaeude; Storey: Keller; Top Elevation: -0.3; Bottom Elevation: -3; Global Top Elevation: -0.3; Global Bottom Elevation: -3; Has Own Geometry: 1; Children Have Geometry: 1; Global X: 24; Global Y: 9; Global Z: -3; Bounding Box Length: 5.9; Bounding Box Width: 0.300000000000001; Bounding Box Height: 2.7; Layer: Innenwände
0siSJhzlbFeBAGaJX3npFx,,. XDim: 1; YDim: 2.1; Project: Projekt Buerogebaeude; Building: Buerogebaeude; Storey: Keller; Top Elevation: -0.9; Bottom Elevation: -3; Global Top Elevation: -0.9; Global Bottom Elevation: -3; Has Own Geometry: 1; Children Have Geometry: 0; Global X: 28.8; Global Y: 9; Global Z: -3; Bounding Box Length: 1; Bounding Box Width: 0.300000000000001; Bounding Box Height: 2.1
2GrvwtR4j1NB2s0j1iQfVa,,. XDim: 1; YDim: 2.1; Project: Projekt Buerogebaeude; Building: Buerogebaeude; Storey: Keller; Top Elevation: -0.9; Bottom Elevation: -3; Global Top Elevation: -0.9; Global Bottom Elevation: -3; Has Own Geometry: 1; Children Have Geometry: 0; Global X: 25.8; Global Y: 9; Global Z: -3; Bounding Box Length: 1; Bounding Box Width: 0.300000000000001; Bounding Box Height: 2.1
3QvvbxsHP1IRaR5M7CZy9i,Wand-018,. GrossFootprintArea: 0.88; GrossSideArea: 13.5; GrossVolume: 2.376; Height: 2.7; Length: 5; NetSideArea: 13.5; NetVolume: 2.376; Width: 0.2; IsExternal: 0; LoadBearing: 0; ThermalTransmittance: 0.5; Project: Projekt Buerogebaeude; Building: Buerogebaeude; Storey: Keller; Top Elevation: -0.3; Bottom Elevation: -3; Global Top Elevation: -0.3; Global Bottom Elevation: -3; Has Own Geometry: 1; Children Have Geometry: 0; Global X: 5.9; Global Y: 2.3; Global Z: -3; Bounding Box Length: 0.199999999999999; Bounding Box Width: 4.4; Bounding Box Height: 2.7; Layer: Innenwände
2JXm8iNNv7LfVrBi4zO_Vd,Wand-019,. GrossFootprintArea: 0.88; GrossSideArea: 13.5; GrossVolume: 2.376; Height: 2.7; Length: 5; NetSideArea: 13.5; NetVolume: 2.376; Width: 0.2; IsExternal: 0; LoadBearing: 0; ThermalTransmittance: 0.5; Project: Projekt Buerogebaeude; Building: Buerogebaeude; Storey: Keller; Top Elevation: -0.3; Bottom Elevation: -3; Global Top Elevation: -0.3; Global Bottom Elevation: -3; Has Own Geometry: 1; Children Have Geometry: 0; Global X: 11.9; Global Y: 2.3; Global Z: -3; Bounding Box Length: 0.199999999999999; Bounding Box Width: 4.4; Bounding Box Height: 2.7; Layer: Innenwände
2J8eOGmDvFBugacRXH1u$T,Wand-021,. GrossFootprintArea: 0.88; GrossSideArea: 13.5; GrossVolume: 2.376; Height: 2.7; Length: 5; NetSideArea: 13.5; NetVolume: 2.376; Width: 0.2; IsExternal: 0; LoadBearing: 0; ThermalTransmittance: 0.5; Project: Projekt Buerogebaeude; Building: Buerogebaeude; Storey: Keller; Top Elevation: -0.3; Bottom Elevation: -3; Global Top Elevation: -0.3; Global Bottom Elevation: -3; Has Own Geometry: 1; Children Have Geometry: 0; Global X: 14.9; Global Y: 9.3; Global Z: -3; Bounding Box Length: 0.199999999999999; Bounding Box Width: 4.4; Bounding Box Height: 2.7; Layer: Innenwände
1iDSDe5Zr2URYEWxFEwChZ,Wand-023,. GrossFootprintArea: 0.88; GrossSideArea: 13.5; GrossVolume: 2.376; Height: 2.7; Length: 5; NetSideArea: 13.5; NetVolume: 2.376; Width: 0.2; IsExternal: 0; LoadBearing: 0; ThermalTransmittance: 0.5; Project: Projekt Buerogebaeude; Building: Buerogebaeude; Storey: Keller; Top Elevation: -0.3; Bottom Elevation: -3; Global Top Elevation: -0.3; Global Bottom Elevation: -3; Has Own Geometry: 1; Children Have Geometry: 0; Global X: 5.9; Global Y: 9.3; Global Z: -3; Bounding Box Length: 0.199999999999999; Bounding Box Width: 4.4; Bounding Box Height: 2.7; Layer: Innenwände
3XTmtktyL53gMdILgeHpxW,Wand-023,. GrossFootprintArea: 0.88; GrossSideArea: 13.5; GrossVolume: 2.376; Height: 2.7; Length: 5; NetSideArea: 13.5; NetVolume: 2.376; Width: 0.2; IsExternal: 0; LoadBearing: 0; ThermalTransmittance: 0.5; Project: Projekt Buerogebaeude; Building: Buerogebaeude; Storey: Keller; Top Elevation: -0.3; Bottom Elevation: -3; Global Top Elevation: -0.3; Global Bottom Elevation: -3; Has Own Geometry: 1; Children Have Geometry: 0; Global X: 2.9; Global Y: 9.3; Global Z: -3; Bounding Box Length: 0.200000000000003; Bounding Box Width: 4.4; Bounding Box Height: 2.7; Layer: Innenwände
11fH3jC9D9jh7FjWMadwXd,Wand-023,. GrossFootprintArea: 0.88; GrossSideArea: 13.5; GrossVolume: 2.376; Height: 2.7; Length: 5; NetSideArea: 13.5; NetVolume: 2.376; Width: 0.2; IsExternal: 0; LoadBearing: 0; ThermalTransmittance: 0.5; Project: Projekt Buerogebaeude; Building: Buerogebaeude; Storey: Keller; Top Elevation: -0.3; Bottom Elevation: -3; Global Top Elevation: -0.3; Global Bottom Elevation: -3; Has Own Geometry: 1; Children Have Geometry: 0; Global X: 8.9; Global Y: 9.3; Global Z: -3; Bounding Box Length: 0.199999999999999; Bounding Box Width: 4.4; Bounding Box Height: 2.7; Layer: Innenwände
0Uj41I9z10jhD6G0gjh8bR,Wand-023,. GrossFootprintArea: 0.88; GrossSideArea: 13.5; GrossVolume: 2.376; Height: 2.7; Length: 5; NetSideArea: 13.5; NetVolume: 2.376; Width: 0.2; IsExternal: 0; LoadBearing: 0; ThermalTransmittance: 0.5; Project: Projekt Buerogebaeude; Building: Buerogebaeude; Storey: Keller; Top Elevation: -0.3; Bottom Elevation: -3; Global Top Elevation: -0.3; Global Bottom Elevation: -3; Has Own Geometry: 1; Children Have Geometry: 0; Global X: 11.9; Global Y: 9.3; Global Z: -3; Bounding Box Length: 0.199999999999999; Bounding Box Width: 4.4; Bounding Box Height: 2.7; Layer: Innenwände
3WpHRqarrCjOECEV0F8VkX,Wand-022,. GrossFootprintArea: 0.88; GrossSideArea: 13.5; GrossVolume: 2.376; Height: 2.7; Length: 5; NetSideArea: 13.5; NetVolume: 2.376; Width: 0.2; IsExternal: 0; LoadBearing: 0; ThermalTransmittance: 0.5; Project: Projekt Buerogebaeude; Building: Buerogebaeude; Storey: Keller; Top Elevation: -0.3; Bottom Elevation: -3; Global Top Elevation: -0.3; Global Bottom Elevation: -3; Has Own Geometry: 1; Children Have Geometry: 0; Global X: 26.9; Global Y: 9.3; Global Z: -3; Bounding Box Length: 0.200000000000003; Bounding Box Width: 4.4; Bounding Box Height: 2.7; Layer: Innenwände
1ZQVrHlMD3n9zdt2n1Q9Ch,Wand-020,. GrossFootprintArea: 0.88; GrossSideArea: 13.5; GrossVolume: 2.376; Height: 2.7; Length: 5; NetSideArea: 13.5; NetVolume: 2.376; Width: 0.2; IsExternal: 0; LoadBearing: 0; ThermalTransmittance: 0.5; Project: Projekt Buerogebaeude; Building: Buerogebaeude; Storey: Keller; Top Elevation: -0.3; Bottom Elevation: -3; Global Top Elevation: -0.3; Global Bottom Elevation: -3; Has Own Geometry: 1; Children Have Geometry: 0; Global X: 17.9; Global Y: 2.3; Global Z: -3; Bounding Box Length: 0.200000000000003; Bounding Box Width: 4.4; Bounding Box Height: 2.7; Layer: Innenwände
2jwEgPGy11AO$o9d66R3dj,Wand-020,. GrossFootprintArea: 0.88; GrossSideArea: 13.5; GrossVolume: 2.376; Height: 2.7; Length: 5; NetSideArea: 13.5; NetVolume: 2.376; Width: 0.2; IsExternal: 0; LoadBearing: 0; ThermalTransmittance: 0.5; Project: Projekt Buerogebaeude; Building: Buerogebaeude; Storey: Keller; Top Elevation: -0.3; Bottom Elevation: -3; Global Top Elevation: -0.3; Global Bottom Elevation: -3; Has Own Geometry: 1; Children Have Geometry: 0; Global X: 23.9; Global Y: 2.3; Global Z: -3; Bounding Box Length: 0.200000000000003; Bounding Box Width: 4.4; Bounding Box Height: 2.7; Layer: Innenwände
0PRStG8ML5VA5ZHyl6gaeQ,Wand-024,. GrossFootprintArea: 2.28; GrossSideArea: 32.4; GrossVolume: 6.156; Height: 2.7; Length: 12; NetSideArea: 28.62; NetVolume: 5.4; Width: 0.2; IsExternal: 0; LoadBearing: 0; ThermalTransmittance: 0.5; Project: Projekt Buerogebaeude; Building: Buerogebaeude; Storey: Keller; Top Elevation: -0.3; Bottom Elevation: -3; Global Top Elevation: -0.3; Global Bottom Elevation: -3; Has Own Geometry: 1; Children Have Geometry: 1; Global X: 29.9; Global Y: 2.3; Global Z: -3; Bounding Box Length: 0.200000000000003; Bounding Box Width: 11.4; Bounding Box Height: 2.7; Layer: Innenwände
16VziIMij9wPSA5mCULUOb,,. XDim: 1.8; YDim: 2.1; Project: Projekt Buerogebaeude; Building: Buerogebaeude; Storey: Keller; Top Elevation: -0.9; Bottom Elevation: -3; Global Top Elevation: -0.9; Global Bottom Elevation: -3; Has Own Geometry: 1; Children Have Geometry: 0; Global X: 29.9; Global Y: 7.1; Global Z: -3; Bounding Box Length: 0.199999999999999; Bounding Box Width: 1.8; Bounding Box Height: 2.1
2E10mbuJn7xfIy4jOWJKPm,Wand-004,. GrossFootprintArea: 1.71; GrossSideArea: 16.2; GrossVolume: 4.617; Height: 2.7; Length: 6; NetSideArea: 16.2; NetVolume: 4.617; Width: 0.3; IsExternal: 1; LoadBearing: 1; ThermalTransmittance: 0.3; Project: Projekt Buerogebaeude; Building: Buerogebaeude; Storey: Keller; Top Elevation: -0.3; Bottom Elevation: -3; Global Top Elevation: -0.3; Global Bottom Elevation: -3; Has Own Geometry: 1; Children Have Geometry: 0; Global X: 18; Global Y: 15.7; Global Z: -3; Bounding Box Length: 6; Bounding Box Width: 0.300000000000001; Bounding Box Height: 2.7; Layer: Außenwände
1K1TcIE8XFn8c1A5sopbGz,Wand-003,. GrossFootprintArea: 2.01; GrossSideArea: 18.9; GrossVolume: 5.427; Height: 2.7; Length: 7; NetSideArea: 15.12; NetVolume: 4.293; Width: 0.3; IsExternal: 0; LoadBearing: 1; ThermalTransmittance: 0.3; Project: Projekt Buerogebaeude; Building: Buerogebaeude; Storey: Keller; Top Elevation: -0.3; Bottom Elevation: -3; Global Top Elevation: -0.3; Global Bottom Elevation: -3; Has Own Geometry: 1; Children Have Geometry: 1; Global X: 18; Global Y: 7; Global Z: -3; Bounding Box Length: 0.300000000000001; Bounding Box Width: 6.7; Bounding Box Height: 2.7; Layer: Außenwände
2RBGTZNKvAQe_Px5qTRHlC,,. XDim: 1.8; YDim: 2.1; Project: Projekt Buerogebaeude; Building: Buerogebaeude; Storey: Keller; Top Elevation: -0.9; Bottom Elevation: -3; Global Top Elevation: -0.9; Global Bottom Elevation: -3; Has Own Geometry: 1; Children Have Geometry: 0; Global X: 18; Global Y: 7.09960014; Global Z: -3; Bounding Box Length: 0.300000000000001; Bounding Box Width: 1.8; Bounding Box Height: 2.1
1ZkrmZCfvDUe2ucUcWc7PF,Wand-030,. GrossFootprintArea: 0.6; GrossSideArea: 5.4; GrossVolume: 1.62; Height: 2.7; Length: 2; NetSideArea: 5.4; NetVolume: 1.62; Width: 0.3; ExtendToStructure: 1; IsExternal: 1; ThermalTransmittance: 0.3; Project: Projekt Buerogebaeude; Building: Buerogebaeude; Storey: Keller; Top Elevation: -0.3; Bottom Elevation: -3; Global Top Elevation: -0.3; Global Bottom Elevation: -3; Has Own Geometry: 1; Children Have Geometry: 0; Global X: 18; Global Y: 13.7; Global Z: -3; Bounding Box Length: 0.300000000000001; Bounding Box Width: 2.3; Bounding Box Height: 2.7; Layer: Außenwände
2zm79Baqz7hvGifG6oryf9,Wand-031,. GrossFootprintArea: 0.6; GrossSideArea: 5.4; GrossVolume: 1.62; Height: 2.7; Length: 2; NetSideArea: 5.4; NetVolume: 1.62; Width: 0.3; IsExternal: 1; LoadBearing: 1; ThermalTransmittance: 0.3; Project: Projekt Buerogebaeude; Building: Buerogebaeude; Storey: Keller; Top Elevation: -0.3; Bottom Elevation: -3; Global Top Elevation: -0.3; Global Bottom Elevation: -3; Has Own Geometry: 1; Children Have Geometry: 0; Global X: 23.7; Global Y: 13.7; Global Z: -3; Bounding Box Length: 0.300000000000001; Bounding Box Width: 2.3; Bounding Box Height: 2.7; Layer: Außenwände
3f6i$RL$53ifm9jUfWk0rQ,Wand-005,. GrossFootprintArea: 2.01; GrossSideArea: 18.9; GrossVolume: 5.427; Height: 2.7; Length: 7; NetSideArea: 15.12; NetVolume: 4.293; Width: 0.3; IsExternal: 0; LoadBearing: 1; ThermalTransmittance: 0.3; Project: Projekt Buerogebaeude; Building: Buerogebaeude; Storey: Keller; Top Elevation: -0.3; Bottom Elevation: -3; Global Top Elevation: -0.3; Global Bottom Elevation: -3; Has Own Geometry: 1; Children Have Geometry: 1; Global X: 23.7; Global Y: 7; Global Z: -3; Bounding Box Length: 0.300000000000001; Bounding Box Width: 6.7; Bounding Box Height: 2.7; Layer: Außenwände
1u8JXPzxvD0eF9OTw3oIJc,,. XDim: 1.8; YDim: 2.1; Project: Projekt Buerogebaeude; Building: Buerogebaeude; Storey: Keller; Top Elevation: -0.9; Bottom Elevation: -3; Global Top Elevation: -0.9; Global Bottom Elevation: -3; Has Own Geometry: 1; Children Have Geometry: 0; Global X: 23.7; Global Y: 7.1; Global Z: -3; Bounding Box Length: 0.300000000000001; Bounding Box Width: 1.8; Bounding Box Height: 2.1
3xvQAmf45C8PC3qSvtvqlg,Fenster-004,. IsExternal: 1; ThermalTransmittance: 1.4; Project: Projekt Buerogebaeude; Building: Buerogebaeude; Storey: Keller; Top Elevation: -0.6; Bottom Elevation: -2.1; Global Top Elevation: -0.6; Global Bottom Elevation: -2.1; Has Own Geometry: 1; Children Have Geometry: 0; Global X: 1.75; Global Y: 13.81; Global Z: -2.1; Bounding Box Length: 1; Bounding Box Width: 0.0750000000000011; Bounding Box Height: 1.5; Layer: Außenwände
3fHoF9ddLDNg7p4qo0Wq7v,Fenster-004,. IsExternal: 1; ThermalTransmittance: 1.4; Project: Projekt Buerogebaeude; Building: Buerogebaeude; Storey: Keller; Top Elevation: -0.6; Bottom Elevation: -2.1; Global Top Elevation: -0.6; Global Bottom Elevation: -2.1; Has Own Geometry: 1; Children Have Geometry: 0; Global X: 3.25; Global Y: 13.81; Global Z: -2.1; Bounding Box Length: 1; Bounding Box Width: 0.0750000000000011; Bounding Box Height: 1.5; Layer: Außenwände
2R1TAx1CP0iABwkslb$Gv_,Fenster-004,. IsExternal: 1; ThermalTransmittance: 1.4; Project: Projekt Buerogebaeude; Building: Buerogebaeude; Storey: Keller; Top Elevation: -0.6; Bottom Elevation: -2.1; Global Top Elevation: -0.6; Global Bottom Elevation: -2.1; Has Own Geometry: 1; Children Have Geometry: 0; Global X: 4.75; Global Y: 13.81; Global Z: -2.1; Bounding Box Length: 1; Bounding Box Width: 0.0750000000000011; Bounding Box Height: 1.5; Layer: Außenwände
2Luo2PAnn99uT1hjBk4Vyq,Fenster-004,. IsExternal: 1; ThermalTransmittance: 1.4; Project: Projekt Buerogebaeude; Building: Buerogebaeude; Storey: Keller; Top Elevation: -0.6; Bottom Elevation: -2.1; Global Top Elevation: -0.6; Global Bottom Elevation: -2.1; Has Own Geometry: 1; Children Have Geometry: 0; Global X: 6.25; Global Y: 13.81; Global Z: -2.1; Bounding Box Length: 1; Bounding Box Width: 0.0750000000000011; Bounding Box Height: 1.5; Layer: Außenwände
0ha9$dzvr5hfHL2tup2bF9,Fenster-004,. IsExternal: 1; ThermalTransmittance: 1.4; Project: Projekt Buerogebaeude; Building: Buerogebaeude; Storey: Keller; Top Elevation: -0.6; Bottom Elevation: -2.1; Global Top Elevation: -0.6; Global Bottom Elevation: -2.1; Has Own Geometry: 1; Children Have Geometry: 0; Global X: 7.75; Global Y: 13.81; Global Z: -2.1; Bounding Box Length: 1; Bounding Box Width: 0.0750000000000011; Bounding Box Height: 1.5; Layer: Außenwände
0M5DbO6eLEYAljcKYr52lj,Fenster-004,. IsExternal: 1; ThermalTransmittance: 1.4; Project: Projekt Buerogebaeude; Building: Buerogebaeude; Storey: Keller; Top Elevation: -0.6; Bottom Elevation: -2.1; Global Top Elevation: -0.6; Global Bottom Elevation: -2.1; Has Own Geometry: 1; Children Have Geometry: 0; Global X: 9.25; Global Y: 13.81; Global Z: -2.1; Bounding Box Length: 1; Bounding Box Width: 0.0750000000000011; Bounding Box Height: 1.5; Layer: Außenwände
3LhgbZxOfBS96L3z1ugkAf,Fenster-004,. IsExternal: 1; ThermalTransmittance: 1.4; Project: Projekt Buerogebaeude; Building: Buerogebaeude; Storey: Keller; Top Elevation: -0.6; Bottom Elevation: -2.1; Global Top Elevation: -0.6; Global Bottom Elevation: -2.1; Has Own Geometry: 1; Children Have Geometry: 0; Global X: 10.75; Global Y: 13.81; Global Z: -2.1; Bounding Box Length: 1; Bounding Box Width: 0.0750000000000011; Bounding Box Height: 1.5; Layer: Außenwände
2vt0LWwZ1B$wvl1xJ$rRYX,Fenster-004,. IsExternal: 1; ThermalTransmittance: 1.4; Project: Projekt Buerogebaeude; Building: Buerogebaeude; Storey: Keller; Top Elevation: -0.6; Bottom Elevation: -2.1; Global Top Elevation: -0.6; Global Bottom Elevation: -2.1; Has Own Geometry: 1; Children Have Geometry: 0; Global X: 12.25; Global Y: 13.81; Global Z: -2.1; Bounding Box Length: 1; Bounding Box Width: 0.0750000000000011; Bounding Box Height: 1.5; Layer: Außenwände
24$uaJIhH2ouGJkH7Wd6Cg,Fenster-004,. IsExternal: 1; ThermalTransmittance: 1.4; Project: Projekt Buerogebaeude; Building: Buerogebaeude; Storey: Keller; Top Elevation: -0.6; Bottom Elevation: -2.1; Global Top Elevation: -0.6; Global Bottom Elevation: -2.1; Has Own Geometry: 1; Children Have Geometry: 0; Global X: 13.75; Global Y: 13.81; Global Z: -2.1; Bounding Box Length: 1; Bounding Box Width: 0.0750000000000011; Bounding Box Height: 1.5; Layer: Außenwände
1_UD$NAdH5j8VQ4M152ONb,Fenster-004,. IsExternal: 1; ThermalTransmittance: 1.4; Project: Projekt Buerogebaeude; Building: Buerogebaeude; Storey: Keller; Top Elevation: -0.6; Bottom Elevation: -2.1; Global Top Elevation: -0.6; Global Bottom Elevation: -2.1; Has Own Geometry: 1; Children Have Geometry: 0; Global X: 15.25; Global Y: 13.81; Global Z: -2.1; Bounding Box Length: 1; Bounding Box Width: 0.0750000000000011; Bounding Box Height: 1.5; Layer: Außenwände
3CiCcmHpP2K84bQMGsx3y3,Fenster-004,. IsExternal: 1; ThermalTransmittance: 1.4; Project: Projekt Buerogebaeude; Building: Buerogebaeude; Storey: Keller; Top Elevation: -0.6; Bottom Elevation: -2.1; Global Top Elevation: -0.6; Global Bottom Elevation: -2.1; Has Own Geometry: 1; Children Have Geometry: 0; Global X: 16.75; Global Y: 13.81; Global Z: -2.1; Bounding Box Length: 1; Bounding Box Width: 0.0750000000000011; Bounding Box Height: 1.5; Layer: Außenwände
3ZiHV_RFL3shDKRIJ1fjqB,Fenster-004,. IsExternal: 1; ThermalTransmittance: 1.4; Project: Projekt Buerogebaeude; Building: Buerogebaeude; Storey: Keller; Top Elevation: -0.6; Bottom Elevation: -2.1; Global Top Elevation: -0.6; Global Bottom Elevation: -2.1; Has Own Geometry: 1; Children Have Geometry: 0; Global X: 0.350000000000001; Global Y: 13.81; Global Z: -2.1; Bounding Box Length: 1; Bounding Box Width: 0.0750000000000011; Bounding Box Height: 1.5; Layer: Außenwände
37DmcwHRH46vMkO0bCgirD,Fenster-005,. IsExternal: 1; ThermalTransmittance: 1.4; Project: Projekt Buerogebaeude; Building: Buerogebaeude; Storey: Keller; Top Elevation: -0.6; Bottom Elevation: -2.1; Global Top Elevation: -0.6; Global Bottom Elevation: -2.1; Has Own Geometry: 1; Children Have Geometry: 0; Global X: 25.75; Global Y: 13.81; Global Z: -2.1; Bounding Box Length: 1; Bounding Box Width: 0.0750000000000011; Bounding Box Height: 1.5; Layer: Außenwände
15lQJrYf9A4xrsK9Ca$fEc,Fenster-005,. IsExternal: 1; ThermalTransmittance: 1.4; Project: Projekt Buerogebaeude; Building: Buerogebaeude; Storey: Keller; Top Elevation: -0.6; Bottom Elevation: -2.1; Global Top Elevation: -0.6; Global Bottom Elevation: -2.1; Has Own Geometry: 1; Children Have Geometry: 0; Global X: 27.25; Global Y: 13.81; Global Z: -2.1; Bounding Box Length: 1; Bounding Box Width: 0.0750000000000011; Bounding Box Height: 1.5; Layer: Außenwände
2KWGkABzf5YuhLq7$mydKO,Fenster-005,. IsExternal: 1; ThermalTransmittance: 1.4; Project: Projekt Buerogebaeude; Building: Buerogebaeude; Storey: Keller; Top Elevation: -0.6; Bottom Elevation: -2.1; Global Top Elevation: -0.6; Global Bottom Elevation: -2.1; Has Own Geometry: 1; Children Have Geometry: 0; Global X: 28.75; Global Y: 13.81; Global Z: -2.1; Bounding Box Length: 1; Bounding Box Width: 0.0750000000000011; Bounding Box Height: 1.5; Layer: Außenwände
1OeButDUzCWPGfp3wmTIEe,Fenster-005,. IsExternal: 1; ThermalTransmittance: 1.4; Project: Projekt Buerogebaeude; Building: Buerogebaeude; Storey: Keller; Top Elevation: -0.6; Bottom Elevation: -2.1; Global Top Elevation: -0.6; Global Bottom Elevation: -2.1; Has Own Geometry: 1; Children Have Geometry: 0; Global X: 30.25; Global Y: 13.81; Global Z: -2.1; Bounding Box Length: 1; Bounding Box Width: 0.0750000000000011; Bounding Box Height: 1.5; Layer: Außenwände
0DyvKRpqrDchZau$PoLIcs,Fenster-005,. IsExternal: 1; ThermalTransmittance: 1.4; Project: Projekt Buerogebaeude; Building: Buerogebaeude; Storey: Keller; Top Elevation: -0.6; Bottom Elevation: -2.1; Global Top Elevation: -0.6; Global Bottom Elevation: -2.1; Has Own Geometry: 1; Children Have Geometry: 0; Global X: 31.75; Global Y: 13.81; Global Z: -2.1; Bounding Box Length: 1; Bounding Box Width: 0.0750000000000011; Bounding Box Height: 1.5; Layer: Außenwände
1OV17CuXX2yOi2aX$NydU3,Fenster-005,. IsExternal: 1; ThermalTransmittance: 1.4; Project: Projekt Buerogebaeude; Building: Buerogebaeude; Storey: Keller; Top Elevation: -0.6; Bottom Elevation: -2.1; Global Top Elevation: -0.6; Global Bottom Elevation: -2.1; Has Own Geometry: 1; Children Have Geometry: 0; Global X: 33.25; Global Y: 13.81; Global Z: -2.1; Bounding Box Length: 1; Bounding Box Width: 0.0750000000000011; Bounding Box Height: 1.5; Layer: Außenwände
3I0_zAKh53_PRDghNrS9dg,Fenster-005,. IsExternal: 1; ThermalTransmittance: 1.4; Project: Projekt Buerogebaeude; Building: Buerogebaeude; Storey: Keller; Top Elevation: -0.6; Bottom Elevation: -2.1; Global Top Elevation: -0.6; Global Bottom Elevation: -2.1; Has Own Geometry: 1; Children Have Geometry: 0; Global X: 34.75; Global Y: 13.81; Global Z: -2.1; Bounding Box Length: 1; Bounding Box Width: 0.0750000000000011; Bounding Box Height: 1.5; Layer: Außenwände
1xVAErrPn9h9PZS4j$g3G8,Fenster-005,. IsExternal: 1; ThermalTransmittance: 1.4; Project: Projekt Buerogebaeude; Building: Buerogebaeude; Storey: Keller; Top Elevation: -0.6; Bottom Elevation: -2.1; Global Top Elevation: -0.6; Global Bottom Elevation: -2.1; Has Own Geometry: 1; Children Have Geometry: 0; Global X: 36.25; Global Y: 13.81; Global Z: -2.1; Bounding Box Length: 1; Bounding Box Width: 0.0750000000000011; Bounding Box Height: 1.5; Layer: Außenwände
350CUI1c1F0QSJPiZz1wP5,Fenster-005,. IsExternal: 1; ThermalTransmittance: 1.4; Project: Projekt Buerogebaeude; Building: Buerogebaeude; Storey: Keller; Top Elevation: -0.6; Bottom Elevation: -2.1; Global Top Elevation: -0.6; Global Bottom Elevation: -2.1; Has Own Geometry: 1; Children Have Geometry: 0; Global X: 37.75; Global Y: 13.81; Global Z: -2.1; Bounding Box Length: 1; Bounding Box Width: 0.0750000000000011; Bounding Box Height: 1.5; Layer: Außenwände
0U9x4f675CxAXlkJBnOQjW,Fenster-005,. IsExternal: 1; ThermalTransmittance: 1.4; Project: Projekt Buerogebaeude; Building: Buerogebaeude; Storey: Keller; Top Elevation: -0.6; Bottom Elevation: -2.1; Global Top Elevation: -0.6; Global Bottom Elevation: -2.1; Has Own Geometry: 1; Children Have Geometry: 0; Global X: 39.25; Global Y: 13.81; Global Z: -2.1; Bounding Box Length: 1; Bounding Box Width: 0.0750000000000011; Bounding Box Height: 1.5; Layer: Außenwände
3DDIxElIvCmOW6piyS2d1Q,Fenster-005,. IsExternal: 1; ThermalTransmittance: 1.4; Project: Projekt Buerogebaeude; Building: Buerogebaeude; Storey: Keller; Top Elevation: -0.6; Bottom Elevation: -2.1; Global Top Elevation: -0.6; Global Bottom Elevation: -2.1; Has Own Geometry: 1; Children Have Geometry: 0; Global X: 24.25; Global Y: 13.81; Global Z: -2.1; Bounding Box Length: 1; Bounding Box Width: 0.0750000000000011; Bounding Box Height: 1.5; Layer: Außenwände
3NpTHgn_j3zx2eDS5wHeXw,Fenster-005,. IsExternal: 1; ThermalTransmittance: 1.4; Project: Projekt Buerogebaeude; Building: Buerogebaeude; Storey: Keller; Top Elevation: -0.6; Bottom Elevation: -2.1; Global Top Elevation: -0.6; Global Bottom Elevation: -2.1; Has Own Geometry: 1; Children Have Geometry: 0; Global X: 40.65; Global Y: 13.81; Global Z: -2.1; Bounding Box Length: 1; Bounding Box Width: 0.0750000000000011; Bounding Box Height: 1.5; Layer: Außenwände
1pje_D_or3NPRN0K90aQGI,Fenster-002,. IsExternal: 1; ThermalTransmittance: 1.4; Project: Projekt Buerogebaeude; Building: Buerogebaeude; Storey: Keller; Top Elevation: -0.6; Bottom Elevation: -2.1; Global Top Elevation: -0.6; Global Bottom Elevation: -2.1; Has Own Geometry: 1; Children Have Geometry: 0; Global X: 1.75; Global Y: 2.115; Global Z: -2.1; Bounding Box Length: 1; Bounding Box Width: 0.0750000000000002; Bounding Box Height: 1.5; Layer: Außenwände
0l4dSq$O1EhPrwBM112bpI,Fenster-002,. IsExternal: 1; ThermalTransmittance: 1.4; Project: Projekt Buerogebaeude; Building: Buerogebaeude; Storey: Keller; Top Elevation: -0.6; Bottom Elevation: -2.1; Global Top Elevation: -0.6; Global Bottom Elevation: -2.1; Has Own Geometry: 1; Children Have Geometry: 0; Global X: 3.25; Global Y: 2.115; Global Z: -2.1; Bounding Box Length: 1; Bounding Box Width: 0.0750000000000002; Bounding Box Height: 1.5; Layer: Außenwände
0DL0We4nPFyAVGrKFIo$_Q,Fenster-002,. IsExternal: 1; ThermalTransmittance: 1.4; Project: Projekt Buerogebaeude; Building: Buerogebaeude; Storey: Keller; Top Elevation: -0.6; Bottom Elevation: -2.1; Global Top Elevation: -0.6; Global Bottom Elevation: -2.1; Has Own Geometry: 1; Children Have Geometry: 0; Global X: 4.75; Global Y: 2.115; Global Z: -2.1; Bounding Box Length: 1; Bounding Box Width: 0.0750000000000002; Bounding Box Height: 1.5; Layer: Außenwände
1cHXMbICn1WhQfo8g2ZwtI,Fenster-002,. IsExternal: 1; ThermalTransmittance: 1.4; Project: Projekt Buerogebaeude; Building: Buerogebaeude; Storey: Keller; Top Elevation: -0.6; Bottom Elevation: -2.1; Global Top Elevation: -0.6; Global Bottom Elevation: -2.1; Has Own Geometry: 1; Children Have Geometry: 0; Global X: 6.25; Global Y: 2.115; Global Z: -2.1; Bounding Box Length: 1; Bounding Box Width: 0.0750000000000002; Bounding Box Height: 1.5; Layer: Außenwände
3pwwIpoc57hgvawYgQG32b,Fenster-002,. IsExternal: 1; ThermalTransmittance: 1.4; Project: Projekt Buerogebaeude; Building: Buerogebaeude; Storey: Keller; Top Elevation: -0.6; Bottom Elevation: -2.1; Global Top Elevation: -0.6; Global Bottom Elevation: -2.1; Has Own Geometry: 1; Children Have Geometry: 0; Global X: 7.75; Global Y: 2.115; Global Z: -2.1; Bounding Box Length: 1; Bounding Box Width: 0.0750000000000002; Bounding Box Height: 1.5; Layer: Außenwände
2XgPE753r1of9qIx7CUdRU,Fenster-002,. IsExternal: 1; ThermalTransmittance: 1.4; Project: Projekt Buerogebaeude; Building: Buerogebaeude; Storey: Keller; Top Elevation: -0.6; Bottom Elevation: -2.1; Global Top Elevation: -0.6; Global Bottom Elevation: -2.1; Has Own Geometry: 1; Children Have Geometry: 0; Global X: 9.25; Global Y: 2.115; Global Z: -2.1; Bounding Box Length: 1; Bounding Box Width: 0.0750000000000002; Bounding Box Height: 1.5; Layer: Außenwände
0UvsYD1LfBsx91MU4B1EY1,Fenster-002,. IsExternal: 1; ThermalTransmittance: 1.4; Project: Projekt Buerogebaeude; Building: Buerogebaeude; Storey: Keller; Top Elevation: -0.6; Bottom Elevation: -2.1; Global Top Elevation: -0.6; Global Bottom Elevation: -2.1; Has Own Geometry: 1; Children Have Geometry: 0; Global X: 10.75; Global Y: 2.115; Global Z: -2.1; Bounding Box Length: 1; Bounding Box Width: 0.0750000000000002; Bounding Box Height: 1.5; Layer: Außenwände
3lUU1BV1T9OeboWPSlTSt6,Fenster-002,. IsExternal: 1; ThermalTransmittance: 1.4; Project: Projekt Buerogebaeude; Building: Buerogebaeude; Storey: Keller; Top Elevation: -0.6; Bottom Elevation: -2.1; Global Top Elevation: -0.6; Global Bottom Elevation: -2.1; Has Own Geometry: 1; Children Have Geometry: 0; Global X: 12.25; Global Y: 2.115; Global Z: -2.1; Bounding Box Length: 1; Bounding Box Width: 0.0750000000000002; Bounding Box Height: 1.5; Layer: Außenwände
1ouI6iS8H4iveeYlQVR6wM,Fenster-002,. IsExternal: 1; ThermalTransmittance: 1.4; Project: Projekt Buerogebaeude; Building: Buerogebaeude; Storey: Keller; Top Elevation: -0.6; Bottom Elevation: -2.1; Global Top Elevation: -0.6; Global Bottom Elevation: -2.1; Has Own Geometry: 1; Children Have Geometry: 0; Global X: 13.75; Global Y: 2.115; Global Z: -2.1; Bounding Box Length: 1; Bounding Box Width: 0.0750000000000002; Bounding Box Height: 1.5; Layer: Außenwände
3YVQQ7t1vFE8ej$paGzJX9,Fenster-002,. IsExternal: 1; ThermalTransmittance: 1.4; Project: Projekt Buerogebaeude; Building: Buerogebaeude; Storey: Keller; Top Elevation: -0.6; Bottom Elevation: -2.1; Global Top Elevation: -0.6; Global Bottom Elevation: -2.1; Has Own Geometry: 1; Children Have Geometry: 0; Global X: 28.75; Global Y: 2.115; Global Z: -2.1; Bounding Box Length: 1; Bounding Box Width: 0.0750000000000002; Bounding Box Height: 1.5; Layer: Außenwände
27_DcwcBj4pR51s85xqpTA,Fenster-002,. IsExternal: 1; ThermalTransmittance: 1.4; Project: Projekt Buerogebaeude; Building: Buerogebaeude; Storey: Keller; Top Elevation: -0.6; Bottom Elevation: -2.1; Global Top Elevation: -0.6; Global Bottom Elevation: -2.1; Has Own Geometry: 1; Children Have Geometry: 0; Global X: 30.25; Global Y: 2.115; Global Z: -2.1; Bounding Box Length: 1; Bounding Box Width: 0.0750000000000002; Bounding Box Height: 1.5; Layer: Außenwände
0OmtQ6_NzE188dQC34v0g6,Fenster-002,. IsExternal: 1; ThermalTransmittance: 1.4; Project: Projekt Buerogebaeude; Building: Buerogebaeude; Storey: Keller; Top Elevation: -0.6; Bottom Elevation: -2.1; Global Top Elevation: -0.6; Global Bottom Elevation: -2.1; Has Own Geometry: 1; Children Have Geometry: 0; Global X: 31.75; Global Y: 2.115; Global Z: -2.1; Bounding Box Length: 1; Bounding Box Width: 0.0750000000000002; Bounding Box Height: 1.5; Layer: Außenwände
3QEUKhewj50vykoqwkHQYg,Fenster-002,. IsExternal: 1; ThermalTransmittance: 1.4; Project: Projekt Buerogebaeude; Building: Buerogebaeude; Storey: Keller; Top Elevation: -0.6; Bottom Elevation: -2.1; Global Top Elevation: -0.6; Global Bottom Elevation: -2.1; Has Own Geometry: 1; Children Have Geometry: 0; Global X: 33.25; Global Y: 2.115; Global Z: -2.1; Bounding Box Length: 1; Bounding Box Width: 0.0750000000000002; Bounding Box Height: 1.5; Layer: Außenwände
2r5uaVzi56I8umPPBXAgku,Fenster-002,. IsExternal: 1; ThermalTransmittance: 1.4; Project: Projekt Buerogebaeude; Building: Buerogebaeude; Storey: Keller; Top Elevation: -0.6; Bottom Elevation: -2.1; Global Top Elevation: -0.6; Global Bottom Elevation: -2.1; Has Own Geometry: 1; Children Have Geometry: 0; Global X: 34.75; Global Y: 2.115; Global Z: -2.1; Bounding Box Length: 1; Bounding Box Width: 0.0750000000000002; Bounding Box Height: 1.5; Layer: Außenwände
3hnGLaSkH3SvHIeUtURa3P,Fenster-002,. IsExternal: 1; ThermalTransmittance: 1.4; Project: Projekt Buerogebaeude; Building: Buerogebaeude; Storey: Keller; Top Elevation: -0.6; Bottom Elevation: -2.1; Global Top Elevation: -0.6; Global Bottom Elevation: -2.1; Has Own Geometry: 1; Children Have Geometry: 0; Global X: 36.25; Global Y: 2.115; Global Z: -2.1; Bounding Box Length: 1; Bounding Box Width: 0.0750000000000002; Bounding Box Height: 1.5; Layer: Außenwände
2HUtvXxkDFoO6CX6ZGSxv2,Fenster-002,. IsExternal: 1; ThermalTransmittance: 1.4; Project: Projekt Buerogebaeude; Building: Buerogebaeude; Storey: Keller; Top Elevation: -0.6; Bottom Elevation: -2.1; Global Top Elevation: -0.6; Global Bottom Elevation: -2.1; Has Own Geometry: 1; Children Have Geometry: 0; Global X: 37.75; Global Y: 2.115; Global Z: -2.1; Bounding Box Length: 1; Bounding Box Width: 0.0750000000000002; Bounding Box Height: 1.5; Layer: Außenwände
1Wa4Z7NrXAHwCBRQNj0Cft,Fenster-002,. IsExternal: 1; ThermalTransmittance: 1.4; Project: Projekt Buerogebaeude; Building: Buerogebaeude; Storey: Keller; Top Elevation: -0.6; Bottom Elevation: -2.1; Global Top Elevation: -0.6; Global Bottom Elevation: -2.1; Has Own Geometry: 1; Children Have Geometry: 0; Global X: 39.25; Global Y: 2.115; Global Z: -2.1; Bounding Box Length: 1; Bounding Box Width: 0.0750000000000002; Bounding Box Height: 1.5; Layer: Außenwände
2UkFRzvxv6r8FK6VLY_xj2,Fenster-002,. IsExternal: 1; ThermalTransmittance: 1.4; Project: Projekt Buerogebaeude; Building: Buerogebaeude; Storey: Keller; Top Elevation: -0.6; Bottom Elevation: -2.1; Global Top Elevation: -0.6; Global Bottom Elevation: -2.1; Has Own Geometry: 1; Children Have Geometry: 0; Global X: 27.25; Global Y: 2.115; Global Z: -2.1; Bounding Box Length: 1; Bounding Box Width: 0.0750000000000002; Bounding Box Height: 1.5; Layer: Außenwände
0tmT0uM9X7qPqvsQL$Vnrv,Fenster-002,. IsExternal: 1; ThermalTransmittance: 1.4; Project: Projekt Buerogebaeude; Building: Buerogebaeude; Storey: Keller; Top Elevation: -0.6; Bottom Elevation: -2.1; Global Top Elevation: -0.6; Global Bottom Elevation: -2.1; Has Own Geometry: 1; Children Have Geometry: 0; Global X: 0.350000000000001; Global Y: 2.115; Global Z: -2.1; Bounding Box Length: 1; Bounding Box Width: 0.0750000000000002; Bounding Box Height: 1.5; Layer: Außenwände
3ddBeFeQz9QvQv9xPTOCTk,Fenster-002,. IsExternal: 1; ThermalTransmittance: 1.4; Project: Projekt Buerogebaeude; Building: Buerogebaeude; Storey: Keller; Top Elevation: -0.6; Bottom Elevation: -2.1; Global Top Elevation: -0.6; Global Bottom Elevation: -2.1; Has Own Geometry: 1; Children Have Geometry: 0; Global X: 40.65; Global Y: 2.115; Global Z: -2.1; Bounding Box Length: 1; Bounding Box Width: 0.0750000000000002; Bounding Box Height: 1.5; Layer: Außenwände
3qloCPnZDEQBom1ZjBlwJP,Tür-014,. IsExternal: 0; ThermalTransmittance: 1.4; Project: Projekt Buerogebaeude; Building: Buerogebaeude; Storey: Keller; Top Elevation: -0.9; Bottom Elevation: -3; Global Top Elevation: -0.9; Global Bottom Elevation: -3; Has Own Geometry: 1; Children Have Geometry: 0; Global X: 15.2; Global Y: 9.085; Global Z: -3; Bounding Box Length: 1; Bounding Box Width: 0.0999999999999996; Bounding Box Height: 2.1; Layer: Innenwände
0_flqizUv5_A_EGt7DzP3T,Tür-015,. IsExternal: 0; ThermalTransmittance: 1.4; Project: Projekt Buerogebaeude; Building: Buerogebaeude; Storey: Keller; Top Elevation: -0.9; Bottom Elevation: -3; Global Top Elevation: -0.9; Global Bottom Elevation: -3; Has Own Geometry: 1; Children Have Geometry: 0; Global X: 13.8; Global Y: 9.085; Global Z: -3; Bounding Box Length: 1; Bounding Box Width: 0.0999999999999996; Bounding Box Height: 2.1; Layer: Innenwände
17n0YjYkvEshOmsrIPLGOb,Tür-016,. IsExternal: 0; ThermalTransmittance: 1.4; Project: Projekt Buerogebaeude; Building: Buerogebaeude; Storey: Keller; Top Elevation: -0.9; Bottom Elevation: -3; Global Top Elevation: -0.9; Global Bottom Elevation: -3; Has Own Geometry: 1; Children Have Geometry: 0; Global X: 4.8; Global Y: 9.085; Global Z: -3; Bounding Box Length: 1; Bounding Box Width: 0.0999999999999996; Bounding Box Height: 2.1; Layer: Innenwände
31Gx3VvgP1fvwL2I0a9YtY,Tür-016,. IsExternal: 0; ThermalTransmittance: 1.4; Project: Projekt Buerogebaeude; Building: Buerogebaeude; Storey: Keller; Top Elevation: -0.9; Bottom Elevation: -3; Global Top Elevation: -0.9; Global Bottom Elevation: -3; Has Own Geometry: 1; Children Have Geometry: 0; Global X: 7.8; Global Y: 9.085; Global Z: -3; Bounding Box Length: 1; Bounding Box Width: 0.0999999999999996; Bounding Box Height: 2.1; Layer: Innenwände
0Xbk1qGZnCY9arQDkkuJ8L,Tür-016,. IsExternal: 0; ThermalTransmittance: 1.4; Project: Projekt Buerogebaeude; Building: Buerogebaeude; Storey: Keller; Top Elevation: -0.9; Bottom Elevation: -3; Global Top Elevation: -0.9; Global Bottom Elevation: -3; Has Own Geometry: 1; Children Have Geometry: 0; Global X: 10.8; Global Y: 9.085; Global Z: -3; Bounding Box Length: 1; Bounding Box Width: 0.0999999999999996; Bounding Box Height: 2.1; Layer: Innenwände
3NTkL25Pb8Y8HEKKJUt_B_,Tür-016,. IsExternal: 0; ThermalTransmittance: 1.4; Project: Projekt Buerogebaeude; Building: Buerogebaeude; Storey: Keller; Top Elevation: -0.9; Bottom Elevation: -3; Global Top Elevation: -0.9; Global Bottom Elevation: -3; Has Own Geometry: 1; Children Have Geometry: 0; Global X: 1.8; Global Y: 9.085; Global Z: -3; Bounding Box Length: 1; Bounding Box Width: 0.0999999999999996; Bounding Box Height: 2.1; Layer: Innenwände
1nDSxVMDT3hh2Ql2HEz6Lg,Tür-002,. IsExternal: 0; ThermalTransmittance: 1.4; Project: Projekt Buerogebaeude; Building: Buerogebaeude; Storey: Keller; Top Elevation: -0.9; Bottom Elevation: -3; Global Top Elevation: -0.9; Global Bottom Elevation: -3; Has Own Geometry: 1; Children Have Geometry: 0; Global X: 0.399999999999999; Global Y: 6.815; Global Z: -3; Bounding Box Length: 1; Bounding Box Width: 0.100000000000001; Bounding Box Height: 2.1; Layer: Innenwände
2MHPtmLzv5OhZf$6Z1Y75J,Tür-004,. IsExternal: 0; ThermalTransmittance: 1.4; Project: Projekt Buerogebaeude; Building: Buerogebaeude; Storey: Keller; Top Elevation: -0.9; Bottom Elevation: -3; Global Top Elevation: -0.9; Global Bottom Elevation: -3; Has Own Geometry: 1; Children Have Geometry: 0; Global X: 6.2; Global Y: 6.815; Global Z: -3; Bounding Box Length: 1; Bounding Box Width: 0.100000000000001; Bounding Box Height: 2.1; Layer: Innenwände
29qQ5ECrL6nQEhooPP__BH,Tür-005,. IsExternal: 0; ThermalTransmittance: 1.4; Project: Projekt Buerogebaeude; Building: Buerogebaeude; Storey: Keller; Top Elevation: -0.9; Bottom Elevation: -3; Global Top Elevation: -0.9; Global Bottom Elevation: -3; Has Own Geometry: 1; Children Have Geometry: 0; Global X: 12.2; Global Y: 6.815; Global Z: -3; Bounding Box Length: 1; Bounding Box Width: 0.100000000000001; Bounding Box Height: 2.1; Layer: Innenwände
3rmqVs9ZL3qgw1cva2u9Fv,Tür-005,. IsExternal: 0; ThermalTransmittance: 1.4; Project: Projekt Buerogebaeude; Building: Buerogebaeude; Storey: Keller; Top Elevation: -0.9; Bottom Elevation: -3; Global Top Elevation: -0.9; Global Bottom Elevation: -3; Has Own Geometry: 1; Children Have Geometry: 0; Global X: 21; Global Y: 6.815; Global Z: -3; Bounding Box Length: 1; Bounding Box Width: 0.100000000000001; Bounding Box Height: 2.1; Layer: Innenwände
1lf5dxZ1LE_xJj$eJu8Rhu,Tür-005,. IsExternal: 0; ThermalTransmittance: 1.4; Project: Projekt Buerogebaeude; Building: Buerogebaeude; Storey: Keller; Top Elevation: -0.9; Bottom Elevation: -3; Global Top Elevation: -0.9; Global Bottom Elevation: -3; Has Own Geometry: 1; Children Have Geometry: 0; Global X: 25.8; Global Y: 6.815; Global Z: -3; Bounding Box Length: 1; Bounding Box Width: 0.100000000000001; Bounding Box Height: 2.1; Layer: Innenwände
2$tv64Cn5DZx8YisuS365o,Tür-012,. IsExternal: 0; ThermalTransmittance: 1.4; Project: Projekt Buerogebaeude; Building: Buerogebaeude; Storey: Keller; Top Elevation: -0.9; Bottom Elevation: -3; Global Top Elevation: -0.9; Global Bottom Elevation: -3; Has Own Geometry: 1; Children Have Geometry: 0; Global X: 28.8; Global Y: 9.085; Global Z: -3; Bounding Box Length: 1; Bounding Box Width: 0.0999999999999996; Bounding Box Height: 2.1; Layer: Innenwände
123VQUHCn26ei6whtqvtKu,Tür-013,. IsExternal: 0; ThermalTransmittance: 1.4; Project: Projekt Buerogebaeude; Building: Buerogebaeude; Storey: Keller; Top Elevation: -0.9; Bottom Elevation: -3; Global Top Elevation: -0.9; Global Bottom Elevation: -3; Has Own Geometry: 1; Children Have Geometry: 0; Global X: 25.8; Global Y: 9.085; Global Z: -3; Bounding Box Length: 1; Bounding Box Width: 0.0999999999999996; Bounding Box Height: 2.1; Layer: Innenwände
0Ti0dr3tHAq8uzw2luJtyI,Tür-018,. IsExternal: 0; ThermalTransmittance: 1.4; Project: Projekt Buerogebaeude; Building: Buerogebaeude; Storey: Keller; Top Elevation: -0.9; Bottom Elevation: -3; Global Top Elevation: -0.9; Global Bottom Elevation: -3; Has Own Geometry: 1; Children Have Geometry: 0; Global X: 29.885; Global Y: 7.1; Global Z: -3; Bounding Box Length: 0.100000000000009; Bounding Box Width: 1.8; Bounding Box Height: 2.1; Layer: Innenwände
2pe3RqZ0j8ogoAvp7iGUAH,Tür-017,. IsExternal: 0; ThermalTransmittance: 1.4; Project: Projekt Buerogebaeude; Building: Buerogebaeude; Storey: Keller; Top Elevation: -0.9; Bottom Elevation: -3; Global Top Elevation: -0.9; Global Bottom Elevation: -3; Has Own Geometry: 1; Children Have Geometry: 0; Global X: 18.115; Global Y: 7.09960014; Global Z: -3; Bounding Box Length: 0.100000000000005; Bounding Box Width: 1.8; Bounding Box Height: 2.1; Layer: Außenwände
3sXEZFiePFsxi_o7909$c3,Tür-018,. IsExternal: 0; ThermalTransmittance: 1.4; Project: Projekt Buerogebaeude; Building: Buerogebaeude; Storey: Keller; Top Elevation: -0.9; Bottom Elevation: -3; Global Top Elevation: -0.9; Global Bottom Elevation: -3; Has Own Geometry: 1; Children Have Geometry: 0; Global X: 23.785; Global Y: 7.1; Global Z: -3; Bounding Box Length: 0.100000000000009; Bounding Box Width: 1.8; Bounding Box Height: 2.1; Layer: Außenwände
0o_5lbt6jCpRs3V3FoLyNr,Treppe-KG,. IsExternal: 0; Project: Projekt Buerogebaeude; Building: Buerogebaeude; Storey: Keller; Top Elevation: 0.8999; Bottom Elevation: -3.29435281; Global Top Elevation: 0.8999; Global Bottom Elevation: -3.29435281; Has Own Geometry: 1; Children Have Geometry: 0; Global X: 18.3; Global Y: 11.7; Global Z: -3.29435281; Bounding Box Length: 5.4; Bounding Box Width: 4; Bounding Box Height: 4.19425281; Layer: Treppen
2WnDGvXIP14xQJyJ3RQPXx,Decke-002,Bodenplatte. GrossArea: 516; GrossVolume: 154.8; NetArea: 516; NetVolume: 154.8; Perimeter: 112; Width: 0.3; IsExternal: 1; LoadBearing: 1; ThermalTransmittance: 0.3; Project: Projekt Buerogebaeude; Building: Buerogebaeude; Storey: Keller; Top Elevation: -3; Bottom Elevation: -3.3; Global Top Elevation: -3; Global Bottom Elevation: -3.3; Has Own Geometry: 1; Children Have Geometry: 0; Global X: 0; Global Y: 2; Global Z: -3.3; Bounding Box Length: 42; Bounding Box Width: 14; Bounding Box Height: 0.3; Layer: Decken
1dOVHign51rOiguKSaMyIf,,. Project: Projekt Buerogebaeude; Building: Buerogebaeude; Storey: Keller; Top Elevation: -3; Bottom Elevation: -3; Global Top Elevation: -3; Global Bottom Elevation: -3; Has Own Geometry: 0; Children Have Geometry: 0; Global X: -4; Global Y: 0; Global Z: -3; Bounding Box Length: 50; Bounding Box Width: 0; Bounding Box Height: 0
3zg3N8Wxz2uBDNCoV1KnDU,,. Project: Projekt Buerogebaeude; Building: Buerogebaeude; Storey: Keller; Top Elevation: -3; Bottom Elevation: -3; Global Top Elevation: -3; Global Bottom Elevation: -3; Has Own Geometry: 0; Children Have Geometry: 0; Global X: -4; Global Y: 2; Global Z: -3; Bounding Box Length: 50; Bounding Box Width: 0; Bounding Box Height: 0
18ZbZWS7P2GBaMd7NSmNzZ,,. Project: Projekt Buerogebaeude; Building: Buerogebaeude; Storey: Keller; Top Elevation: -3; Bottom Elevation: -3; Global Top Elevation: -3; Global Bottom Elevation: -3; Has Own Geometry: 0; Children Have Geometry: 0; Global X: -4; Global Y: 7; Global Z: -3; Bounding Box Length: 50; Bounding Box Width: 0; Bounding Box Height: 0
2a$FwMy$j2A9814xPLEw$2,,. Project: Projekt Buerogebaeude; Building: Buerogebaeude; Storey: Keller; Top Elevation: -3; Bottom Elevation: -3; Global Top Elevation: -3; Global Bottom Elevation: -3; Has Own Geometry: 0; Children Have Geometry: 0; Global X: -4; Global Y: 9; Global Z: -3; Bounding Box Length: 50; Bounding Box Width: 0; Bounding Box Height: 0
2awKKx6cPF2AYPlV05QaRs,,. Project: Projekt Buerogebaeude; Building: Buerogebaeude; Storey: Keller; Top Elevation: -3; Bottom Elevation: -3; Global Top Elevation: -3; Global Bottom Elevation: -3; Has Own Geometry: 0; Children Have Geometry: 0; Global X: -4; Global Y: 14; Global Z: -3; Bounding Box Length: 50; Bounding Box Width: 0; Bounding Box Height: 0
3vKOijtAb26g9rP83IZkeQ,,. Project: Projekt Buerogebaeude; Building: Buerogebaeude; Storey: Keller; Top Elevation: -3; Bottom Elevation: -3; Global Top Elevation: -3; Global Bottom Elevation: -3; Has Own Geometry: 0; Children Have Geometry: 0; Global X: -4; Global Y: 16; Global Z: -3; Bounding Box Length: 50; Bounding Box Width: 0; Bounding Box Height: 0
2NjduRi3fF19pEW6xlLdX7,,. Project: Projekt Buerogebaeude; Building: Buerogebaeude; Storey: Keller; Top Elevation: -3; Bottom Elevation: -3; Global Top Elevation: -3; Global Bottom Elevation: -3; Has Own Geometry: 0; Children Have Geometry: 0; Global X: 0; Global Y: -4; Global Z: -3; Bounding Box Length: 0; Bounding Box Width: 24; Bounding Box Height: 0
2U0tqVZ8f8TBITbpycRg80,,. Project: Projekt Buerogebaeude; Building: Buerogebaeude; Storey: Keller; Top Elevation: -3; Bottom Elevation: -3; Global Top Elevation: -3; Global Bottom Elevation: -3; Has Own Geometry: 0; Children Have Geometry: 0; Global X: 3; Global Y: -4; Global Z: -3; Bounding Box Length: 0; Bounding Box Width: 24; Bounding Box Height: 0
1eiZFnzMv33eZfmmxm5YvO,,. Project: Projekt Buerogebaeude; Building: Buerogebaeude; Storey: Keller; Top Elevation: -3; Bottom Elevation: -3; Global Top Elevation: -3; Global Bottom Elevation: -3; Has Own Geometry: 0; Children Have Geometry: 0; Global X: 6; Global Y: -4; Global Z: -3; Bounding Box Length: 0; Bounding Box Width: 24; Bounding Box Height: 0
3gMk1RnkbEHxn9CcGSyB9O,,. Project: Projekt Buerogebaeude; Building: Buerogebaeude; Storey: Keller; Top Elevation: -3; Bottom Elevation: -3; Global Top Elevation: -3; Global Bottom Elevation: -3; Has Own Geometry: 0; Children Have Geometry: 0; Global X: 9; Global Y: -4; Global Z: -3; Bounding Box Length: 0; Bounding Box Width: 24; Bounding Box Height: 0
2vOi2RTbX0ORQB4WIWge30,,. Project: Projekt Buerogebaeude; Building: Buerogebaeude; Storey: Keller; Top Elevation: -3; Bottom Elevation: -3; Global Top Elevation: -3; Global Bottom Elevation: -3; Has Own Geometry: 0; Children Have Geometry: 0; Global X: 12; Global Y: -4; Global Z: -3; Bounding Box Length: 0; Bounding Box Width: 24; Bounding Box Height: 0
0vf$xW8nD31fobbIZROysN,,. Project: Projekt Buerogebaeude; Building: Buerogebaeude; Storey: Keller; Top Elevation: -3; Bottom Elevation: -3; Global Top Elevation: -3; Global Bottom Elevation: -3; Has Own Geometry: 0; Children Have Geometry: 0; Global X: 15; Global Y: -4; Global Z: -3; Bounding Box Length: 0; Bounding Box Width: 24; Bounding Box Height: 0
04gd4I5nH7$9eafn0v$ktl,,. Project: Projekt Buerogebaeude; Building: Buerogebaeude; Storey: Keller; Top Elevation: -3; Bottom Elevation: -3; Global Top Elevation: -3; Global Bottom Elevation: -3; Has Own Geometry: 0; Children Have Geometry: 0; Global X: 18; Global Y: -4; Global Z: -3; Bounding Box Length: 0; Bounding Box Width: 24; Bounding Box Height: 0
36C5Knrvr4UB7QIsI0hngV,,. Project: Projekt Buerogebaeude; Building: Buerogebaeude; Storey: Keller; Top Elevation: -3; Bottom Elevation: -3; Global Top Elevation: -3; Global Bottom Elevation: -3; Has Own Geometry: 0; Children Have Geometry: 0; Global X: 21; Global Y: -4; Global Z: -3; Bounding Box Length: 0; Bounding Box Width: 24; Bounding Box Height: 0
1ZUka9I5j8MghJO5kNG_gP,,. Project: Projekt Buerogebaeude; Building: Buerogebaeude; Storey: Keller; Top Elevation: -3; Bottom Elevation: -3; Global Top Elevation: -3; Global Bottom Elevation: -3; Has Own Geometry: 0; Children Have Geometry: 0; Global X: 24; Global Y: -4; Global Z: -3; Bounding Box Length: 0; Bounding Box Width: 24; Bounding Box Height: 0
3Gew7RUKn3NPKzyIPTwMGP,,. Project: Projekt Buerogebaeude; Building: Buerogebaeude; Storey: Keller; Top Elevation: -3; Bottom Elevation: -3; Global Top Elevation: -3; Global Bottom Elevation: -3; Has Own Geometry: 0; Children Have Geometry: 0; Global X: 27; Global Y: -4; Global Z: -3; Bounding Box Length: 0; Bounding Box Width: 24; Bounding Box Height: 0
0XFXKe3w55V8ot8Qw0ewft,,. Project: Projekt Buerogebaeude; Building: Buerogebaeude; Storey: Keller; Top Elevation: -3; Bottom Elevation: -3; Global Top Elevation: -3; Global Bottom Elevation: -3; Has Own Geometry: 0; Children Have Geometry: 0; Global X: 30; Global Y: -4; Global Z: -3; Bounding Box Length: 0; Bounding Box Width: 24; Bounding Box Height: 0
0nwm3NP9vCnemNVw5hXi62,,. Project: Projekt Buerogebaeude; Building: Buerogebaeude; Storey: Keller; Top Elevation: -3; Bottom Elevation: -3; Global Top Elevation: -3; Global Bottom Elevation: -3; Has Own Geometry: 0; Children Have Geometry: 0; Global X: 33; Global Y: -4; Global Z: -3; Bounding Box Length: 0; Bounding Box Width: 24; Bounding Box Height: 0
0_w9CsV2D0A8cU$$fRCUGh,,. Project: Projekt Buerogebaeude; Building: Buerogebaeude; Storey: Keller; Top Elevation: -3; Bottom Elevation: -3; Global Top Elevation: -3; Global Bottom Elevation: -3; Has Own Geometry: 0; Children Have Geometry: 0; Global X: 36; Global Y: -4; Global Z: -3; Bounding Box Length: 0; Bounding Box Width: 24; Bounding Box Height: 0
2isB34vVD9t9M2x2MuSWj_,,. Project: Projekt Buerogebaeude; Building: Buerogebaeude; Storey: Keller; Top Elevation: -3; Bottom Elevation: -3; Global Top Elevation: -3; Global Bottom Elevation: -3; Has Own Geometry: 0; Children Have Geometry: 0; Global X: 39; Global Y: -4; Global Z: -3; Bounding Box Length: 0; Bounding Box Width: 24; Bounding Box Height: 0
1u1n_qsMjEZAgs3N8wixXC,,. Project: Projekt Buerogebaeude; Building: Buerogebaeude; Storey: Keller; Top Elevation: -3; Bottom Elevation: -3; Global Top Elevation: -3; Global Bottom Elevation: -3; Has Own Geometry: 0; Children Have Geometry: 0; Global X: 42; Global Y: -4; Global Z: -3; Bounding Box Length: 0; Bounding Box Width: 24; Bounding Box Height: 0
0MZFRA8F51TAZBzJqK8XG_,,. Project: Projekt Buerogebaeude; Building: Buerogebaeude; Storey: Keller; Has Own Geometry: 0; Children Have Geometry: 0
3UEb2iq7D2tOgbX6Mufs$X,001,. GrossFloorArea: 24.64; GrossVolume: 66.528; GrossWallArea: 54; Height: 2.7; NetFloorArea: 24.64; NetVolume: 66.528; NetWallArea: 54; Perimeter: 20; Category: Besprechungsraum; HandicapAccessible: 0; NaturalVentilation: 1; PubliclyAccessible: 1; AirConditioning: 1; NaturalVentilation: 1; SpaceTemperatureMax: 20; SpaceTemperatureMin: 20; SpaceTemperatureSummer: 20; SpaceTemperatureSummerMax: 20; SpaceTemperatureSummerMin: 20; SpaceTemperatureWinter: 20; SpaceTemperatureWinterMax: 20; SpaceTemperatureWinterMin: 20; Project: Projekt Buerogebaeude; Building: Buerogebaeude; Storey: Keller; Top Elevation: -0.3; Bottom Elevation: -3; Global Top Elevation: -0.3; Global Bottom Elevation: -3; Has Own Geometry: 1; Children Have Geometry: 1; Global X: 0.300000000000001; Global Y: 2.3; Global Z: -3; Bounding Box Length: 5.6; Bounding Box Width: 4.4; Bounding Box Height: 2.7; Zone: Raumtemperatur-20-Grad; Layer: Räume
0$h$6iqvH7uuMv8xHW4e2S,Table,. Project: Projekt Buerogebaeude; Building: Buerogebaeude; Storey: Keller; Top Elevation: -2.2; Bottom Elevation: -3; Global Top Elevation: -2.2; Global Bottom Elevation: -3; Has Own Geometry: 1; Children Have Geometry: 0; Global X: 2.6616524; Global Y: 5.2880286; Global Z: -3; Bounding Box Length: 1.6; Bounding Box Width: 0.8; Bounding Box Height: 0.8; Layer: Einrichtung
10477ZVeHF7f0uosceJBkS,Table,. Project: Projekt Buerogebaeude; Building: Buerogebaeude; Storey: Keller; Top Elevation: -2.2; Bottom Elevation: -3; Global Top Elevation: -2.2; Global Bottom Elevation: -3; Has Own Geometry: 1; Children Have Geometry: 0; Global X: 4.2616524; Global Y: 4.4880286; Global Z: -3; Bounding Box Length: 0.800000000000001; Bounding Box Width: 1.6; Bounding Box Height: 0.8; Layer: Einrichtung
2xj7SPlwX4qx17_F2_8HgV,Table,. Project: Projekt Buerogebaeude; Building: Buerogebaeude; Storey: Keller; Top Elevation: -2.2; Bottom Elevation: -3; Global Top Elevation: -2.2; Global Bottom Elevation: -3; Has Own Geometry: 1; Children Have Geometry: 0; Global X: 4.2616524; Global Y: 2.8880286; Global Z: -3; Bounding Box Length: 0.800000000000001; Bounding Box Width: 1.6; Bounding Box Height: 0.8; Layer: Einrichtung
17cPNULgTCcun2tAvF_kd4,Table,. Project: Projekt Buerogebaeude; Building: Buerogebaeude; Storey: Keller; Top Elevation: -2.2; Bottom Elevation: -3; Global Top Elevation: -2.2; Global Bottom Elevation: -3; Has Own Geometry: 1; Children Have Geometry: 0; Global X: 2.6616524; Global Y: 2.8880286; Global Z: -3; Bounding Box Length: 1.6; Bounding Box Width: 0.8; Bounding Box Height: 0.8; Layer: Einrichtung
1wThYq9f17wPWKLBsNOeYG,Table,. Project: Projekt Buerogebaeude; Building: Buerogebaeude; Storey: Keller; Top Elevation: -2.2; Bottom Elevation: -3; Global Top Elevation: -2.2; Global Bottom Elevation: -3; Has Own Geometry: 1; Children Have Geometry: 0; Global X: 1.8616524; Global Y: 4.4880286; Global Z: -3; Bounding Box Length: 0.800000000000001; Bounding Box Width: 1.6; Bounding Box Height: 0.8; Layer: Einrichtung
3UFdUoOUjCKeAYjOsvjsYa,Table,. Project: Projekt Buerogebaeude; Building: Buerogebaeude; Storey: Keller; Top Elevation: -2.2; Bottom Elevation: -3; Global Top Elevation: -2.2; Global Bottom Elevation: -3; Has Own Geometry: 1; Children Have Geometry: 0; Global X: 1.8616524; Global Y: 2.8880286; Global Z: -3; Bounding Box Length: 0.800000000000001; Bounding Box Width: 1.6; Bounding Box Height: 0.8; Layer: Einrichtung
1q4vzT$i54VvZIWlsohkjs,Kubus-Einrichtung-2,. Project: Projekt Buerogebaeude; Building: Buerogebaeude; Storey: Keller; Top Elevation: -2.5; Bottom Elevation: -3; Global Top Elevation: -2.5; Global Bottom Elevation: -3; Has Own Geometry: 1; Children Have Geometry: 0; Global X: 3.8196593; Global Y: 6.1201137; Global Z: -3; Bounding Box Length: 0.300000000000001; Bounding Box Width: 0.3; Bounding Box Height: 0.5; Layer: Einrichtung
1BQdTQ$pv3fPMiik0mgcWd,Kubus-Einrichtung-2,. Project: Projekt Buerogebaeude; Building: Buerogebaeude; Storey: Keller; Top Elevation: -2.5; Bottom Elevation: -3; Global Top Elevation: -2.5; Global Bottom Elevation: -3; Has Own Geometry: 1; Children Have Geometry: 0; Global X: 5.1511308; Global Y: 2.9330809; Global Z: -3; Bounding Box Length: 0.300000000000001; Bounding Box Width: 0.3; Bounding Box Height: 0.5; Layer: Einrichtung
29Qs7IkSHDse$fFtMm_UoG,Kubus-Einrichtung-2,. Project: Projekt Buerogebaeude; Building: Buerogebaeude; Storey: Keller; Top Elevation: -2.5; Bottom Elevation: -3; Global Top Elevation: -2.5; Global Bottom Elevation: -3; Has Own Geometry: 1; Children Have Geometry: 0; Global X: 5.0944725; Global Y: 3.7404625; Global Z: -3; Bounding Box Length: 0.300000000000001; Bounding Box Width: 0.3; Bounding Box Height: 0.5; Layer: Einrichtung
2Bcq7G1OfCQxI3Qq2VL1RX,Kubus-Einrichtung-2,. Project: Projekt Buerogebaeude; Building: Buerogebaeude; Storey: Keller; Top Elevation: -2.5; Bottom Elevation: -3; Global Top Elevation: -2.5; Global Bottom Elevation: -3; Has Own Geometry: 1; Children Have Geometry: 0; Global X: 5.1369662; Global Y: 4.6894901; Global Z: -3; Bounding Box Length: 0.300000000000001; Bounding Box Width: 0.3; Bounding Box Height: 0.5; Layer: Einrichtung
2CH_JhJHP4QhBNQW5I_$p3,Kubus-Einrichtung-2,. Project: Projekt Buerogebaeude; Building: Buerogebaeude; Storey: Keller; Top Elevation: -2.5; Bottom Elevation: -3; Global Top Elevation: -2.5; Global Bottom Elevation: -3; Has Own Geometry: 1; Children Have Geometry: 0; Global X: 5.1228016; Global Y: 5.4968717; Global Z: -3; Bounding Box Length: 0.300000000000001; Bounding Box Width: 0.3; Bounding Box Height: 0.5; Layer: Einrichtung
1x6b5f29L53P6PEc81$dZn,Kubus-Einrichtung-2,. Project: Projekt Buerogebaeude; Building: Buerogebaeude; Storey: Keller; Top Elevation: -2.5; Bottom Elevation: -3; Global Top Elevation: -2.5; Global Bottom Elevation: -3; Has Own Geometry: 1; Children Have Geometry: 0; Global X: 4.5420534; Global Y: 6.1484429; Global Z: -3; Bounding Box Length: 0.300000000000001; Bounding Box Width: 0.3; Bounding Box Height: 0.5; Layer: Einrichtung
0OwNcV9erFMvQIJeFqhaw0,Kubus-Einrichtung-2,. Project: Projekt Buerogebaeude; Building: Buerogebaeude; Storey: Keller; Top Elevation: -2.5; Bottom Elevation: -3; Global Top Elevation: -2.5; Global Bottom Elevation: -3; Has Own Geometry: 1; Children Have Geometry: 0; Global X: 2.9981131; Global Y: 6.1201137; Global Z: -3; Bounding Box Length: 0.300000000000001; Bounding Box Width: 0.3; Bounding Box Height: 0.5; Layer: Einrichtung
14gIVRaHXBJ8Coly$UiFBy,Kubus-Einrichtung-2,. Project: Projekt Buerogebaeude; Building: Buerogebaeude; Storey: Keller; Top Elevation: -2.5; Bottom Elevation: -3; Global Top Elevation: -2.5; Global Bottom Elevation: -3; Has Own Geometry: 1; Children Have Geometry: 0; Global X: 2.1482377; Global Y: 6.1342783; Global Z: -3; Bounding Box Length: 0.300000000000001; Bounding Box Width: 0.3; Bounding Box Height: 0.5; Layer: Einrichtung
3Pom8En7165Ovrq1bs5st9,Kubus-Einrichtung-2,. Project: Projekt Buerogebaeude; Building: Buerogebaeude; Storey: Keller; Top Elevation: -2.5; Bottom Elevation: -3; Global Top Elevation: -2.5; Global Bottom Elevation: -3; Has Own Geometry: 1; Children Have Geometry: 0; Global X: 1.4825019; Global Y: 5.5535301; Global Z: -3; Bounding Box Length: 0.300000000000001; Bounding Box Width: 0.3; Bounding Box Height: 0.5; Layer: Einrichtung
1rOyQwjfjEiBsbGTIeM8xP,Kubus-Einrichtung-2,. Project: Projekt Buerogebaeude; Building: Buerogebaeude; Storey: Keller; Top Elevation: -2.5; Bottom Elevation: -3; Global Top Elevation: -2.5; Global Bottom Elevation: -3; Has Own Geometry: 1; Children Have Geometry: 0; Global X: 1.4825019; Global Y: 4.7744776; Global Z: -3; Bounding Box Length: 0.300000000000001; Bounding Box Width: 0.3; Bounding Box Height: 0.5; Layer: Einrichtung
0aYqrniYTF5OrgY8FDqrZ5,Kubus-Einrichtung-2,. Project: Projekt Buerogebaeude; Building: Buerogebaeude; Storey: Keller; Top Elevation: -2.5; Bottom Elevation: -3; Global Top Elevation: -2.5; Global Bottom Elevation: -3; Has Own Geometry: 1; Children Have Geometry: 0; Global X: 1.5108311; Global Y: 4.0095897; Global Z: -3; Bounding Box Length: 0.300000000000001; Bounding Box Width: 0.3; Bounding Box Height: 0.5; Layer: Einrichtung
2S81_Ddrv5IO_9FQklmGZn,Kubus-Einrichtung-2,. Project: Projekt Buerogebaeude; Building: Buerogebaeude; Storey: Keller; Top Elevation: -2.5; Bottom Elevation: -3; Global Top Elevation: -2.5; Global Bottom Elevation: -3; Has Own Geometry: 1; Children Have Geometry: 0; Global X: 1.5108311; Global Y: 3.2163727; Global Z: -3; Bounding Box Length: 0.300000000000001; Bounding Box Width: 0.3; Bounding Box Height: 0.5; Layer: Einrichtung
1R0L929Q9CdAWif7mN_tix,Kubus-Einrichtung-2,. Project: Projekt Buerogebaeude; Building: Buerogebaeude; Storey: Keller; Top Elevation: -2.5; Bottom Elevation: -3; Global Top Elevation: -2.5; Global Bottom Elevation: -3; Has Own Geometry: 1; Children Have Geometry: 0; Global X: 2.1482377; Global Y: 2.5364723; Global Z: -3; Bounding Box Length: 0.300000000000001; Bounding Box Width: 0.3; Bounding Box Height: 0.5; Layer: Einrichtung
1PjIpUMEnBpAnz4ixm0QoT,Kubus-Einrichtung-2,. Project: Projekt Buerogebaeude; Building: Buerogebaeude; Storey: Keller; Top Elevation: -2.5; Bottom Elevation: -3; Global Top Elevation: -2.5; Global Bottom Elevation: -3; Has Own Geometry: 1; Children Have Geometry: 0; Global X: 2.9272901; Global Y: 2.5364723; Global Z: -3; Bounding Box Length: 0.300000000000001; Bounding Box Width: 0.3; Bounding Box Height: 0.5; Layer: Einrichtung
3e4dHd2$bDqPCEQxkITpEq,Kubus-Einrichtung-2,. Project: Projekt Buerogebaeude; Building: Buerogebaeude; Storey: Keller; Top Elevation: -2.5; Bottom Elevation: -3; Global Top Elevation: -2.5; Global Bottom Elevation: -3; Has Own Geometry: 1; Children Have Geometry: 0; Global X: 3.7346718; Global Y: 2.5506369; Global Z: -3; Bounding Box Length: 0.300000000000001; Bounding Box Width: 0.3; Bounding Box Height: 0.5; Layer: Einrichtung
1286tJlcX2qvmyh3QzzVxk,Kubus-Einrichtung-2,. Project: Projekt Buerogebaeude; Building: Buerogebaeude; Storey: Keller; Top Elevation: -2.5; Bottom Elevation: -3; Global Top Elevation: -2.5; Global Bottom Elevation: -3; Has Own Geometry: 1; Children Have Geometry: 0; Global X: 4.4853951; Global Y: 2.5364723; Global Z: -3; Bounding Box Length: 0.300000000000001; Bounding Box Width: 0.3; Bounding Box Height: 0.5; Layer: Einrichtung
2xcLNHPon6VO6wB_n0EQLF,002,. GrossFloorArea: 25.52; GrossVolume: 68.904; GrossWallArea: 55.08; Height: 2.7; NetFloorArea: 25.52; NetVolume: 68.904; NetWallArea: 55.08; Perimeter: 20.4; Category: Besprechungsraum; HandicapAccessible: 0; NaturalVentilation: 1; PubliclyAccessible: 1; AirConditioning: 1; NaturalVentilation: 1; SpaceTemperatureMax: 20; SpaceTemperatureMin: 20; SpaceTemperatureSummer: 20; SpaceTemperatureSummerMax: 20; SpaceTemperatureSummerMin: 20; SpaceTemperatureWinter: 20; SpaceTemperatureWinterMax: 20; SpaceTemperatureWinterMin: 20; Project: Projekt Buerogebaeude; Building: Buerogebaeude; Storey: Keller; Top Elevation: -0.3; Bottom Elevation: -3; Global Top Elevation: -0.3; Global Bottom Elevation: -3; Has Own Geometry: 1; Children Have Geometry: 1; Global X: 6.1; Global Y: 2.3; Global Z: -3; Bounding Box Length: 5.8; Bounding Box Width: 4.4; Bounding Box Height: 2.7; Zone: Raumtemperatur-20-Grad; Layer: Räume
2zuBJSHsD0OOQvyAI$1_oh,Kubus-Einrichtung-2,. Project: Projekt Buerogebaeude; Building: Buerogebaeude; Storey: Keller; Top Elevation: -2.5; Bottom Elevation: -3; Global Top Elevation: -2.5; Global Bottom Elevation: -3; Has Own Geometry: 1; Children Have Geometry: 0; Global X: 9.5942469; Global Y: 2.4987001; Global Z: -3; Bounding Box Length: 0.300000000000001; Bounding Box Width: 0.3; Bounding Box Height: 0.5; Layer: Einrichtung
0Md6zOio1EyORL9lp07Mhq,Kubus-Einrichtung-2,. Project: Projekt Buerogebaeude; Building: Buerogebaeude; Storey: Keller; Top Elevation: -2.5; Bottom Elevation: -3; Global Top Elevation: -2.5; Global Bottom Elevation: -3; Has Own Geometry: 1; Children Have Geometry: 0; Global X: 11.010706; Global Y: 3.6790826; Global Z: -3; Bounding Box Length: 0.300000000000001; Bounding Box Width: 0.3; Bounding Box Height: 0.5; Layer: Einrichtung
0wyjKOWj91FBee0XT_xPUt,Kubus-Einrichtung-2,. Project: Projekt Buerogebaeude; Building: Buerogebaeude; Storey: Keller; Top Elevation: -2.5; Bottom Elevation: -3; Global Top Elevation: -2.5; Global Bottom Elevation: -3; Has Own Geometry: 1; Children Have Geometry: 0; Global X: 7.4105392; Global Y: 3.0790548; Global Z: -3; Bounding Box Length: 0.300000000000001; Bounding Box Width: 0.3; Bounding Box Height: 0.5; Layer: Einrichtung
1xsJfsSWbCSBCPqZG84tEN,Kubus-Einrichtung-2,. Project: Projekt Buerogebaeude; Building: Buerogebaeude; Storey: Keller; Top Elevation: -2.5; Bottom Elevation: -3; Global Top Elevation: -2.5; Global Bottom Elevation: -3; Has Own Geometry: 1; Children Have Geometry: 0; Global X: 7.9712209; Global Y: 2.4987001; Global Z: -3; Bounding Box Length: 0.300000000000001; Bounding Box Width: 0.3; Bounding Box Height: 0.5; Layer: Einrichtung
0rj_H3BP1CLuO9levpij_h,Kubus-Einrichtung-2,. Project: Projekt Buerogebaeude; Building: Buerogebaeude; Storey: Keller; Top Elevation: -2.5; Bottom Elevation: -3; Global Top Elevation: -2.5; Global Bottom Elevation: -3; Has Own Geometry: 1; Children Have Geometry: 0; Global X: 10.440188; Global Y: 2.5085366; Global Z: -3; Bounding Box Length: 0.300000000000001; Bounding Box Width: 0.3; Bounding Box Height: 0.5; Layer: Einrichtung
0YPT$aZi92A9SqKimjlZgJ,Kubus-Einrichtung-2,. Project: Projekt Buerogebaeude; Building: Buerogebaeude; Storey: Keller; Top Elevation: -2.5; Bottom Elevation: -3; Global Top Elevation: -2.5; Global Bottom Elevation: -3; Has Own Geometry: 1; Children Have Geometry: 0; Global X: 10.981196; Global Y: 2.9610166; Global Z: -3; Bounding Box Length: 0.300000000000001; Bounding Box Width: 0.3; Bounding Box Height: 0.5; Layer: Einrichtung
0ejPu6D1zDhuDjPRSjdhyK,Table,. Project: Projekt Buerogebaeude; Building: Buerogebaeude; Storey: Keller; Top Elevation: -2.2; Bottom Elevation: -3; Global Top Elevation: -2.2; Global Bottom Elevation: -3; Has Own Geometry: 1; Children Have Geometry: 0; Global X: 8.539651; Global Y: 5.2320582; Global Z: -3; Bounding Box Length: 1.6; Bounding Box Width: 0.8; Bounding Box Height: 0.8; Layer: Einrichtung
0ei_X4ZTnDtPQ5R8atgCEB,Table,. Project: Projekt Buerogebaeude; Building: Buerogebaeude; Storey: Keller; Top Elevation: -2.2; Bottom Elevation: -3; Global Top Elevation: -2.2; Global Bottom Elevation: -3; Has Own Geometry: 1; Children Have Geometry: 0; Global X: 10.139651; Global Y: 4.4320582; Global Z: -3; Bounding Box Length: 0.800000000000001; Bounding Box Width: 1.6; Bounding Box Height: 0.8; Layer: Einrichtung
0g$WjhniHFtBP2XpihTmVn,Table,. Project: Projekt Buerogebaeude; Building: Buerogebaeude; Storey: Keller; Top Elevation: -2.2; Bottom Elevation: -3; Global Top Elevation: -2.2; Global Bottom Elevation: -3; Has Own Geometry: 1; Children Have Geometry: 0; Global X: 10.139651; Global Y: 2.8320582; Global Z: -3; Bounding Box Length: 0.800000000000001; Bounding Box Width: 1.6; Bounding Box Height: 0.8; Layer: Einrichtung
1xQpZQIW58RfNRU7w3kJuF,Table,. Project: Projekt Buerogebaeude; Building: Buerogebaeude; Storey: Keller; Top Elevation: -2.2; Bottom Elevation: -3; Global Top Elevation: -2.2; Global Bottom Elevation: -3; Has Own Geometry: 1; Children Have Geometry: 0; Global X: 8.539651; Global Y: 2.8320582; Global Z: -3; Bounding Box Length: 1.6; Bounding Box Width: 0.8; Bounding Box Height: 0.8; Layer: Einrichtung
1aHvr85u1DxuE5GbK6n65k,Table,. Project: Projekt Buerogebaeude; Building: Buerogebaeude; Storey: Keller; Top Elevation: -2.2; Bottom Elevation: -3; Global Top Elevation: -2.2; Global Bottom Elevation: -3; Has Own Geometry: 1; Children Have Geometry: 0; Global X: 7.739651; Global Y: 4.4320582; Global Z: -3; Bounding Box Length: 0.800000000000001; Bounding Box Width: 1.6; Bounding Box Height: 0.8; Layer: Einrichtung
2BAQ2TsDfFQwm_jkfGU81b,Table,. Project: Projekt Buerogebaeude; Building: Buerogebaeude; Storey: Keller; Top Elevation: -2.2; Bottom Elevation: -3; Global Top Elevation: -2.2; Global Bottom Elevation: -3; Has Own Geometry: 1; Children Have Geometry: 0; Global X: 7.739651; Global Y: 2.8320582; Global Z: -3; Bounding Box Length: 0.800000000000001; Bounding Box Width: 1.6; Bounding Box Height: 0.8; Layer: Einrichtung
1y8o9bXb9Emg30E5lE5c4o,Kubus-Einrichtung-2,. Project: Projekt Buerogebaeude; Building: Buerogebaeude; Storey: Keller; Top Elevation: -2.5; Bottom Elevation: -3; Global Top Elevation: -2.5; Global Bottom Elevation: -3; Has Own Geometry: 1; Children Have Geometry: 0; Global X: 11.010706; Global Y: 4.6627347; Global Z: -3; Bounding Box Length: 0.300000000000001; Bounding Box Width: 0.3; Bounding Box Height: 0.5; Layer: Einrichtung
0pFEckBM5Dw8FooBjva_0M,Kubus-Einrichtung-2,. Project: Projekt Buerogebaeude; Building: Buerogebaeude; Storey: Keller; Top Elevation: -2.5; Bottom Elevation: -3; Global Top Elevation: -2.5; Global Bottom Elevation: -3; Has Own Geometry: 1; Children Have Geometry: 0; Global X: 11.010706; Global Y: 5.3906373; Global Z: -3; Bounding Box Length: 0.300000000000001; Bounding Box Width: 0.3; Bounding Box Height: 0.5; Layer: Einrichtung
2pan8BLsn6mP58YLsASNfY,Kubus-Einrichtung-2,. Project: Projekt Buerogebaeude; Building: Buerogebaeude; Storey: Keller; Top Elevation: -2.5; Bottom Elevation: -3; Global Top Elevation: -2.5; Global Bottom Elevation: -3; Has Own Geometry: 1; Children Have Geometry: 0; Global X: 10.469697; Global Y: 6.0791938; Global Z: -3; Bounding Box Length: 0.300000000000001; Bounding Box Width: 0.3; Bounding Box Height: 0.5; Layer: Einrichtung
3Js595fxzAHfThl4exBD3r,Kubus-Einrichtung-2,. Project: Projekt Buerogebaeude; Building: Buerogebaeude; Storey: Keller; Top Elevation: -2.5; Bottom Elevation: -3; Global Top Elevation: -2.5; Global Bottom Elevation: -3; Has Own Geometry: 1; Children Have Geometry: 0; Global X: 9.6827756; Global Y: 6.1087033; Global Z: -3; Bounding Box Length: 0.300000000000001; Bounding Box Width: 0.3; Bounding Box Height: 0.5; Layer: Einrichtung
3HkP5rwynD2O5u77hTbWsv,Kubus-Einrichtung-2,. Project: Projekt Buerogebaeude; Building: Buerogebaeude; Storey: Keller; Top Elevation: -2.5; Bottom Elevation: -3; Global Top Elevation: -2.5; Global Bottom Elevation: -3; Has Own Geometry: 1; Children Have Geometry: 0; Global X: 8.7286331; Global Y: 6.0595207; Global Z: -3; Bounding Box Length: 0.300000000000001; Bounding Box Width: 0.3; Bounding Box Height: 0.5; Layer: Einrichtung
0z_RS2_6n1I8yHTIAjSqL9,Kubus-Einrichtung-2,. Project: Projekt Buerogebaeude; Building: Buerogebaeude; Storey: Keller; Top Elevation: -2.5; Bottom Elevation: -3; Global Top Elevation: -2.5; Global Bottom Elevation: -3; Has Own Geometry: 1; Children Have Geometry: 0; Global X: 8.0204035; Global Y: 6.0693572; Global Z: -3; Bounding Box Length: 0.300000000000001; Bounding Box Width: 0.3; Bounding Box Height: 0.5; Layer: Einrichtung
0qrtF4SJ55A9KOb0lFJdBL,Kubus-Einrichtung-2,. Project: Projekt Buerogebaeude; Building: Buerogebaeude; Storey: Keller; Top Elevation: -2.5; Bottom Elevation: -3; Global Top Elevation: -2.5; Global Bottom Elevation: -3; Has Own Geometry: 1; Children Have Geometry: 0; Global X: 7.3810297; Global Y: 5.4890025; Global Z: -3; Bounding Box Length: 0.300000000000001; Bounding Box Width: 0.3; Bounding Box Height: 0.5; Layer: Einrichtung
1rF0m$ayDDZwrULyvU6hAS,Kubus-Einrichtung-2,. Project: Projekt Buerogebaeude; Building: Buerogebaeude; Storey: Keller; Top Elevation: -2.5; Bottom Elevation: -3; Global Top Elevation: -2.5; Global Bottom Elevation: -3; Has Own Geometry: 1; Children Have Geometry: 0; Global X: 7.3711932; Global Y: 4.7315904; Global Z: -3; Bounding Box Length: 0.300000000000001; Bounding Box Width: 0.3; Bounding Box Height: 0.5; Layer: Einrichtung
3bK3oxhJ59BBUaTh_RU3nb,Kubus-Einrichtung-2,. Project: Projekt Buerogebaeude; Building: Buerogebaeude; Storey: Keller; Top Elevation: -2.5; Bottom Elevation: -3; Global Top Elevation: -2.5; Global Bottom Elevation: -3; Has Own Geometry: 1; Children Have Geometry: 0; Global X: 7.3515201; Global Y: 3.8659765; Global Z: -3; Bounding Box Length: 0.300000000000001; Bounding Box Width: 0.3; Bounding Box Height: 0.5; Layer: Einrichtung
3s8qTSU1jDRh5lmNIPbN4u,Kubus-Einrichtung-2,. Project: Projekt Buerogebaeude; Building: Buerogebaeude; Storey: Keller; Top Elevation: -2.5; Bottom Elevation: -3; Global Top Elevation: -2.5; Global Bottom Elevation: -3; Has Own Geometry: 1; Children Have Geometry: 0; Global X: 8.7384696; Global Y: 2.5085366; Global Z: -3; Bounding Box Length: 0.300000000000001; Bounding Box Width: 0.3; Bounding Box Height: 0.5; Layer: Einrichtung
2Hh$tXimL1_Aogi9jn1cZ4,003,. GrossFloorArea: 25.52; GrossVolume: 68.904; GrossWallArea: 55.08; Height: 2.7; NetFloorArea: 25.52; NetVolume: 68.904; NetWallArea: 55.08; Perimeter: 20.4; Category: Technik; HandicapAccessible: 0; NaturalVentilation: 1; PubliclyAccessible: 0; AirConditioning: 1; NaturalVentilation: 1; SpaceTemperatureMax: 20; SpaceTemperatureMin: 20; SpaceTemperatureSummer: 20; SpaceTemperatureWinter: 20; Project: Projekt Buerogebaeude; Building: Buerogebaeude; Storey: Keller; Top Elevation: -0.3; Bottom Elevation: -3; Global Top Elevation: -0.3; Global Bottom Elevation: -3; Has Own Geometry: 1; Children Have Geometry: 0; Global X: 12.1; Global Y: 2.3; Global Z: -3; Bounding Box Length: 5.8; Bounding Box Width: 4.4; Bounding Box Height: 2.7; Zone: Raumtemperatur-20-Grad; Layer: Räume
2sVpKMTdb3u8IUv50wOLpo,004,. GrossFloorArea: 25.52; GrossVolume: 68.904; GrossWallArea: 55.08; Height: 2.7; NetFloorArea: 25.52; NetVolume: 68.904; NetWallArea: 55.08; Perimeter: 20.4; Category: Technik; HandicapAccessible: 0; NaturalVentilation: 0; PubliclyAccessible: 0; AirConditioning: 1; NaturalVentilation: 0; SpaceTemperatureMax: 20; SpaceTemperatureMin: 20; SpaceTemperatureSummer: 20; SpaceTemperatureSummerMax: 20; SpaceTemperatureSummerMin: 20; SpaceTemperatureWinter: 20; SpaceTemperatureWinterMax: 20; SpaceTemperatureWinterMin: 20; Project: Projekt Buerogebaeude; Building: Buerogebaeude; Storey: Keller; Top Elevation: -0.3; Bottom Elevation: -3; Global Top Elevation: -0.3; Global Bottom Elevation: -3; Has Own Geometry: 1; Children Have Geometry: 0; Global X: 18.1; Global Y: 2.3; Global Z: -3; Bounding Box Length: 5.8; Bounding Box Width: 4.4; Bounding Box Height: 2.7; Zone: Raumtemperatur-20-Grad; Layer: Räume
0V74RtuUH1zQt_CcawQbBc,005,. GrossFloorArea: 25.52; GrossVolume: 68.904; GrossWallArea: 55.08; Height: 2.7; NetFloorArea: 25.52; NetVolume: 68.904; NetWallArea: 55.08; Perimeter: 20.4; Category: Technik; HandicapAccessible: 0; NaturalVentilation: 1; PubliclyAccessible: 0; AirConditioning: 1; AirConditioningCentral: 0; NaturalVentilation: 1; SpaceTemperatureMax: 20; SpaceTemperatureMin: 20; SpaceTemperatureSummer: 20; SpaceTemperatureSummerMax: 20; SpaceTemperatureSummerMin: 20; SpaceTemperatureWinter: 20; SpaceTemperatureWinterMax: 20; SpaceTemperatureWinterMin: 20; Project: Projekt Buerogebaeude; Building: Buerogebaeude; Storey: Keller; Top Elevation: -0.3; Bottom Elevation: -3; Global Top Elevation: -0.3; Global Bottom Elevation: -3; Has Own Geometry: 1; Children Have Geometry: 0; Global X: 24.1; Global Y: 2.3; Global Z: -3; Bounding Box Length: 5.8; Bounding Box Width: 4.4; Bounding Box Height: 2.7; Zone: Raumtemperatur-20-Grad; Layer: Räume
0dXE$xLxz8MwbtYoTqJPiO,006,. GrossFloorArea: 132.24; GrossVolume: 357.048; GrossWallArea: 124.2; Height: 2.7; NetFloorArea: 132.24; NetVolume: 357.048; NetWallArea: 124.2; Perimeter: 46; Category: Besprechungsraum; HandicapAccessible: 0; NaturalVentilation: 1; PubliclyAccessible: 1; AirConditioning: 1; NaturalVentilation: 1; SpaceTemperatureMax: 20; SpaceTemperatureMin: 20; SpaceTemperatureSummer: 20; SpaceTemperatureSummerMax: 20; SpaceTemperatureSummerMin: 20; SpaceTemperatureWinter: 20; SpaceTemperatureWinterMax: 20; Project: Projekt Buerogebaeude; Building: Buerogebaeude; Storey: Keller; Top Elevation: -0.3; Bottom Elevation: -3; Global Top Elevation: -0.3; Global Bottom Elevation: -3; Has Own Geometry: 1; Children Have Geometry: 1; Global X: 30.1; Global Y: 2.3; Global Z: -3; Bounding Box Length: 11.6; Bounding Box Width: 11.4; Bounding Box Height: 2.7; Zone: Raumtemperatur-20-Grad; Layer: Räume
2q98g6Chr6CvCwj6ioyUET,Table,. Project: Projekt Buerogebaeude; Building: Buerogebaeude; Storey: Keller; Top Elevation: -2.2; Bottom Elevation: -3; Global Top Elevation: -2.2; Global Bottom Elevation: -3; Has Own Geometry: 1; Children Have Geometry: 0; Global X: 37.4; Global Y: 4.9745819; Global Z: -3; Bounding Box Length: 1.6; Bounding Box Width: 0.8; Bounding Box Height: 0.8; Layer: Einrichtung
22xmLeW115ag7Oc8smTySp,Table,. Project: Projekt Buerogebaeude; Building: Buerogebaeude; Storey: Keller; Top Elevation: -2.2; Bottom Elevation: -3; Global Top Elevation: -2.2; Global Bottom Elevation: -3; Has Own Geometry: 1; Children Have Geometry: 0; Global X: 35.8; Global Y: 4.9745819; Global Z: -3; Bounding Box Length: 1.6; Bounding Box Width: 0.8; Bounding Box Height: 0.8; Layer: Einrichtung
20vQ1GzuvF_PTyxE9uwMwj,Table,. Project: Projekt Buerogebaeude; Building: Buerogebaeude; Storey: Keller; Top Elevation: -2.2; Bottom Elevation: -3; Global Top Elevation: -2.2; Global Bottom Elevation: -3; Has Own Geometry: 1; Children Have Geometry: 0; Global X: 34.2; Global Y: 4.9745819; Global Z: -3; Bounding Box Length: 1.6; Bounding Box Width: 0.8; Bounding Box Height: 0.8; Layer: Einrichtung
2C1iPnad1Ck8zwAioI$XGI,Table,. Project: Projekt Buerogebaeude; Building: Buerogebaeude; Storey: Keller; Top Elevation: -2.2; Bottom Elevation: -3; Global Top Elevation: -2.2; Global Bottom Elevation: -3; Has Own Geometry: 1; Children Have Geometry: 0; Global X: 32.6; Global Y: 4.9745819; Global Z: -3; Bounding Box Length: 1.6; Bounding Box Width: 0.8; Bounding Box Height: 0.8; Layer: Einrichtung
3qY_MoOI19oe3eXh00JaM1,Table,. Project: Projekt Buerogebaeude; Building: Buerogebaeude; Storey: Keller; Top Elevation: -2.2; Bottom Elevation: -3; Global Top Elevation: -2.2; Global Bottom Elevation: -3; Has Own Geometry: 1; Children Have Geometry: 0; Global X: 32.6; Global Y: 5.7745819; Global Z: -3; Bounding Box Length: 0.800000000000004; Bounding Box Width: 1.6; Bounding Box Height: 0.8; Layer: Einrichtung
1oG$NgSrz3Y9NtZlkjCKNH,Table,. Project: Projekt Buerogebaeude; Building: Buerogebaeude; Storey: Keller; Top Elevation: -2.2; Bottom Elevation: -3; Global Top Elevation: -2.2; Global Bottom Elevation: -3; Has Own Geometry: 1; Children Have Geometry: 0; Global X: 32.6; Global Y: 7.3745819; Global Z: -3; Bounding Box Length: 0.800000000000004; Bounding Box Width: 1.6; Bounding Box Height: 0.8; Layer: Einrichtung
2R8NAnph52sfLukERHNNXv,Table,. Project: Projekt Buerogebaeude; Building: Buerogebaeude; Storey: Keller; Top Elevation: -2.2; Bottom Elevation: -3; Global Top Elevation: -2.2; Global Bottom Elevation: -3; Has Own Geometry: 1; Children Have Geometry: 0; Global X: 32.6; Global Y: 8.9745819; Global Z: -3; Bounding Box Length: 1.6; Bounding Box Width: 0.800000000000001; Bounding Box Height: 0.8; Layer: Einrichtung
2e97zOhNb518prQ88j_DQa,Table,. Project: Projekt Buerogebaeude; Building: Buerogebaeude; Storey: Keller; Top Elevation: -2.2; Bottom Elevation: -3; Global Top Elevation: -2.2; Global Bottom Elevation: -3; Has Own Geometry: 1; Children Have Geometry: 0; Global X: 34.2; Global Y: 8.9745819; Global Z: -3; Bounding Box Length: 1.6; Bounding Box Width: 0.800000000000001; Bounding Box Height: 0.8; Layer: Einrichtung
3GJznf5S911R8L74sMGaVW,Table,. Project: Projekt Buerogebaeude; Building: Buerogebaeude; Storey: Keller; Top Elevation: -2.2; Bottom Elevation: -3; Global Top Elevation: -2.2; Global Bottom Elevation: -3; Has Own Geometry: 1; Children Have Geometry: 0; Global X: 35.8; Global Y: 8.9745819; Global Z: -3; Bounding Box Length: 1.6; Bounding Box Width: 0.800000000000001; Bounding Box Height: 0.8; Layer: Einrichtung
22nrSGy7r6DOK9atRWIN2y,Table,. Project: Projekt Buerogebaeude; Building: Buerogebaeude; Storey: Keller; Top Elevation: -2.2; Bottom Elevation: -3; Global Top Elevation: -2.2; Global Bottom Elevation: -3; Has Own Geometry: 1; Children Have Geometry: 0; Global X: 37.4; Global Y: 8.9745819; Global Z: -3; Bounding Box Length: 1.6; Bounding Box Width: 0.800000000000001; Bounding Box Height: 0.8; Layer: Einrichtung
2WXefP$$nEQOIoMSsU5Ddi,Kubus-Einrichtung-2,. Project: Projekt Buerogebaeude; Building: Buerogebaeude; Storey: Keller; Top Elevation: -2.5; Bottom Elevation: -3; Global Top Elevation: -2.5; Global Bottom Elevation: -3; Has Own Geometry: 1; Children Have Geometry: 0; Global X: 38.507106; Global Y: 4.6149007; Global Z: -3; Bounding Box Length: 0.300000000000004; Bounding Box Width: 0.3; Bounding Box Height: 0.5; Layer: Einrichtung
3dPSMcyiP038aVO12rVuep,Kubus-Einrichtung-2,. Project: Projekt Buerogebaeude; Building: Buerogebaeude; Storey: Keller; Top Elevation: -2.5; Bottom Elevation: -3; Global Top Elevation: -2.5; Global Bottom Elevation: -3; Has Own Geometry: 1; Children Have Geometry: 0; Global X: 37.786376; Global Y: 4.5927244; Global Z: -3; Bounding Box Length: 0.300000000000004; Bounding Box Width: 0.3; Bounding Box Height: 0.5; Layer: Einrichtung
3OLrsLZhv1PQmDyVv_Z4Lj,Kubus-Einrichtung-2,. Project: Projekt Buerogebaeude; Building: Buerogebaeude; Storey: Keller; Top Elevation: -2.5; Bottom Elevation: -3; Global Top Elevation: -2.5; Global Bottom Elevation: -3; Has Own Geometry: 1; Children Have Geometry: 0; Global X: 36.877146; Global Y: 4.6038125; Global Z: -3; Bounding Box Length: 0.300000000000004; Bounding Box Width: 0.3; Bounding Box Height: 0.5; Layer: Einrichtung
23l$qeWIPEDfZM4gVatE2N,Kubus-Einrichtung-2,. Project: Projekt Buerogebaeude; Building: Buerogebaeude; Storey: Keller; Top Elevation: -2.5; Bottom Elevation: -3; Global Top Elevation: -2.5; Global Bottom Elevation: -3; Has Own Geometry: 1; Children Have Geometry: 0; Global X: 36.01227; Global Y: 4.5927244; Global Z: -3; Bounding Box Length: 0.299999999999997; Bounding Box Width: 0.3; Bounding Box Height: 0.5; Layer: Einrichtung
0OfiUXCAX6LfIaxpPfB_xJ,Kubus-Einrichtung-2,. Project: Projekt Buerogebaeude; Building: Buerogebaeude; Storey: Keller; Top Elevation: -2.5; Bottom Elevation: -3; Global Top Elevation: -2.5; Global Bottom Elevation: -3; Has Own Geometry: 1; Children Have Geometry: 0; Global X: 35.313716; Global Y: 4.5816362; Global Z: -3; Bounding Box Length: 0.299999999999997; Bounding Box Width: 0.3; Bounding Box Height: 0.5; Layer: Einrichtung
0Ps7yhClL6h8h0z4HCWvmA,Kubus-Einrichtung-2,. Project: Projekt Buerogebaeude; Building: Buerogebaeude; Storey: Keller; Top Elevation: -2.5; Bottom Elevation: -3; Global Top Elevation: -2.5; Global Bottom Elevation: -3; Has Own Geometry: 1; Children Have Geometry: 0; Global X: 34.482104; Global Y: 4.6038125; Global Z: -3; Bounding Box Length: 0.300000000000004; Bounding Box Width: 0.3; Bounding Box Height: 0.5; Layer: Einrichtung
1YJMbhLR951gL2GWABG5x4,Kubus-Einrichtung-2,. Project: Projekt Buerogebaeude; Building: Buerogebaeude; Storey: Keller; Top Elevation: -2.5; Bottom Elevation: -3; Global Top Elevation: -2.5; Global Bottom Elevation: -3; Has Own Geometry: 1; Children Have Geometry: 0; Global X: 33.767712; Global Y: 4.6281452; Global Z: -3; Bounding Box Length: 0.299999999999997; Bounding Box Width: 0.3; Bounding Box Height: 0.5; Layer: Einrichtung
1Rzexj$TXFD8wcAAKUvjkv,Kubus-Einrichtung-2,. Project: Projekt Buerogebaeude; Building: Buerogebaeude; Storey: Keller; Top Elevation: -2.5; Bottom Elevation: -3; Global Top Elevation: -2.5; Global Bottom Elevation: -3; Has Own Geometry: 1; Children Have Geometry: 0; Global X: 32.953248; Global Y: 4.6045375; Global Z: -3; Bounding Box Length: 0.299999999999997; Bounding Box Width: 0.3; Bounding Box Height: 0.5; Layer: Einrichtung
1VnKPbGUf8jAe4_g4_t6qn,Kubus-Einrichtung-2,. Project: Projekt Buerogebaeude; Building: Buerogebaeude; Storey: Keller; Top Elevation: -2.5; Bottom Elevation: -3; Global Top Elevation: -2.5; Global Bottom Elevation: -3; Has Own Geometry: 1; Children Have Geometry: 0; Global X: 32.197803; Global Y: 5.182925; Global Z: -3; Bounding Box Length: 0.300000000000004; Bounding Box Width: 0.3; Bounding Box Height: 0.5; Layer: Einrichtung
336PxxRqb7$9D3zSdp7W2o,Kubus-Einrichtung-2,. Project: Projekt Buerogebaeude; Building: Buerogebaeude; Storey: Keller; Top Elevation: -2.5; Bottom Elevation: -3; Global Top Elevation: -2.5; Global Bottom Elevation: -3; Has Own Geometry: 1; Children Have Geometry: 0; Global X: 32.233215; Global Y: 5.9029583; Global Z: -3; Bounding Box Length: 0.299999999999997; Bounding Box Width: 0.3; Bounding Box Height: 0.5; Layer: Einrichtung
2qxLrwhAPACfqRNJ2qg0N9,Kubus-Einrichtung-2,. Project: Projekt Buerogebaeude; Building: Buerogebaeude; Storey: Keller; Top Elevation: -2.5; Bottom Elevation: -3; Global Top Elevation: -2.5; Global Bottom Elevation: -3; Has Own Geometry: 1; Children Have Geometry: 0; Global X: 32.233215; Global Y: 6.6938146; Global Z: -3; Bounding Box Length: 0.299999999999997; Bounding Box Width: 0.3; Bounding Box Height: 0.5; Layer: Einrichtung
0aA9C4EurBxOMEsOhmkvUA,Kubus-Einrichtung-2,. Project: Projekt Buerogebaeude; Building: Buerogebaeude; Storey: Keller; Top Elevation: -2.5; Bottom Elevation: -3; Global Top Elevation: -2.5; Global Bottom Elevation: -3; Has Own Geometry: 1; Children Have Geometry: 0; Global X: 32.233215; Global Y: 7.5200824; Global Z: -3; Bounding Box Length: 0.299999999999997; Bounding Box Width: 0.3; Bounding Box Height: 0.5; Layer: Einrichtung
0yQykg43j93AWHqSKwUt$2,Kubus-Einrichtung-2,. Project: Projekt Buerogebaeude; Building: Buerogebaeude; Storey: Keller; Top Elevation: -2.5; Bottom Elevation: -3; Global Top Elevation: -2.5; Global Bottom Elevation: -3; Has Own Geometry: 1; Children Have Geometry: 0; Global X: 32.209607; Global Y: 8.4289769; Global Z: -3; Bounding Box Length: 0.300000000000004; Bounding Box Width: 0.300000000000001; Bounding Box Height: 0.5; Layer: Einrichtung
3fbAZjZW1D0O7cqj1YBy1V,Kubus-Einrichtung-2,. Project: Projekt Buerogebaeude; Building: Buerogebaeude; Storey: Keller; Top Elevation: -2.5; Bottom Elevation: -3; Global Top Elevation: -2.5; Global Bottom Elevation: -3; Has Own Geometry: 1; Children Have Geometry: 0; Global X: 32.174196; Global Y: 9.2198332; Global Z: -3; Bounding Box Length: 0.300000000000004; Bounding Box Width: 0.300000000000001; Bounding Box Height: 0.5; Layer: Einrichtung
3R1b0LbNrEWAIn8OKiGhF5,Kubus-Einrichtung-2,. Project: Projekt Buerogebaeude; Building: Buerogebaeude; Storey: Keller; Top Elevation: -2.5; Bottom Elevation: -3; Global Top Elevation: -2.5; Global Bottom Elevation: -3; Has Own Geometry: 1; Children Have Geometry: 0; Global X: 32.68176; Global Y: 9.8218283; Global Z: -3; Bounding Box Length: 0.299999999999997; Bounding Box Width: 0.300000000000001; Bounding Box Height: 0.5; Layer: Einrichtung
29QiFsnBr6CgjK4aJmQ5ED,Kubus-Einrichtung-2,. Project: Projekt Buerogebaeude; Building: Buerogebaeude; Storey: Keller; Top Elevation: -2.5; Bottom Elevation: -3; Global Top Elevation: -2.5; Global Bottom Elevation: -3; Has Own Geometry: 1; Children Have Geometry: 0; Global X: 33.590655; Global Y: 9.8218283; Global Z: -3; Bounding Box Length: 0.299999999999997; Bounding Box Width: 0.300000000000001; Bounding Box Height: 0.5; Layer: Einrichtung
0D6CHqaN11nArwOYCNX_5Z,Kubus-Einrichtung-2,. Project: Projekt Buerogebaeude; Building: Buerogebaeude; Storey: Keller; Top Elevation: -2.5; Bottom Elevation: -3; Global Top Elevation: -2.5; Global Bottom Elevation: -3; Has Own Geometry: 1; Children Have Geometry: 0; Global X: 34.464138; Global Y: 9.8218283; Global Z: -3; Bounding Box Length: 0.300000000000004; Bounding Box Width: 0.300000000000001; Bounding Box Height: 0.5; Layer: Einrichtung
3U2sFmrfjDax6jh0rEXk$8,Kubus-Einrichtung-2,. Project: Projekt Buerogebaeude; Building: Buerogebaeude; Storey: Keller; Top Elevation: -2.5; Bottom Elevation: -3; Global Top Elevation: -2.5; Global Bottom Elevation: -3; Has Own Geometry: 1; Children Have Geometry: 0; Global X: 35.231386; Global Y: 9.8218283; Global Z: -3; Bounding Box Length: 0.299999999999997; Bounding Box Width: 0.300000000000001; Bounding Box Height: 0.5; Layer: Einrichtung
2xwYlwB1T57OJZ7Vu0xhzF,Kubus-Einrichtung-2,. Project: Projekt Buerogebaeude; Building: Buerogebaeude; Storey: Keller; Top Elevation: -2.5; Bottom Elevation: -3; Global Top Elevation: -2.5; Global Bottom Elevation: -3; Has Own Geometry: 1; Children Have Geometry: 0; Global X: 35.95142; Global Y: 9.8218283; Global Z: -3; Bounding Box Length: 0.299999999999997; Bounding Box Width: 0.300000000000001; Bounding Box Height: 0.5; Layer: Einrichtung
26mrcAJmP0oONv21v_UcLA,Kubus-Einrichtung-2,. Project: Projekt Buerogebaeude; Building: Buerogebaeude; Storey: Keller; Top Elevation: -2.5; Bottom Elevation: -3; Global Top Elevation: -2.5; Global Bottom Elevation: -3; Has Own Geometry: 1; Children Have Geometry: 0; Global X: 36.706865; Global Y: 9.8100245; Global Z: -3; Bounding Box Length: 0.300000000000004; Bounding Box Width: 0.300000000000001; Bounding Box Height: 0.5; Layer: Einrichtung
350UCBmyj8FAuqMhlyCUmZ,Kubus-Einrichtung-2,. Project: Projekt Buerogebaeude; Building: Buerogebaeude; Storey: Keller; Top Elevation: -2.5; Bottom Elevation: -3; Global Top Elevation: -2.5; Global Bottom Elevation: -3; Has Own Geometry: 1; Children Have Geometry: 0; Global X: 37.603955; Global Y: 9.8218283; Global Z: -3; Bounding Box Length: 0.299999999999997; Bounding Box Width: 0.300000000000001; Bounding Box Height: 0.5; Layer: Einrichtung
11laNX2p18PByhMz0BVkyn,Kubus-Einrichtung-2,. Project: Projekt Buerogebaeude; Building: Buerogebaeude; Storey: Keller; Top Elevation: -2.5; Bottom Elevation: -3; Global Top Elevation: -2.5; Global Bottom Elevation: -3; Has Own Geometry: 1; Children Have Geometry: 0; Global X: 38.442027; Global Y: 9.8100245; Global Z: -3; Bounding Box Length: 0.300000000000004; Bounding Box Width: 0.300000000000001; Bounding Box Height: 0.5; Layer: Einrichtung
2G3Zgh3YLFBxViczryC8tv,007,. GrossFloorArea: 12.32; GrossVolume: 33.264; GrossWallArea: 38.88; Height: 2.7; NetFloorArea: 12.32; NetVolume: 33.264; NetWallArea: 38.88; Perimeter: 14.4; Category: Technik; HandicapAccessible: 0; NaturalVentilation: 1; PubliclyAccessible: 0; AirConditioning: 1; NaturalVentilation: 1; SpaceTemperatureMax: 20; SpaceTemperatureMin: 20; SpaceTemperatureSummer: 20; SpaceTemperatureSummerMax: 20; SpaceTemperatureSummerMin: 20; SpaceTemperatureWinter: 20; SpaceTemperatureWinterMax: 20; SpaceTemperatureWinterMin: 20; Project: Projekt Buerogebaeude; Building: Buerogebaeude; Storey: Keller; Top Elevation: -0.3; Bottom Elevation: -3; Global Top Elevation: -0.3; Global Bottom Elevation: -3; Has Own Geometry: 1; Children Have Geometry: 0; Global X: 27.1; Global Y: 9.3; Global Z: -3; Bounding Box Length: 2.8; Bounding Box Width: 4.4; Bounding Box Height: 2.7; Zone: Raumtemperatur-20-Grad; Layer: Räume
1pG7ErnqL79fYOSoJhY$mD,008,. GrossFloorArea: 12.76; GrossVolume: 34.452; GrossWallArea: 39.42; Height: 2.7; NetFloorArea: 12.76; NetVolume: 34.452; NetWallArea: 39.42; Perimeter: 14.6; Category: WC; HandicapAccessible: 0; NaturalVentilation: 1; PubliclyAccessible: 1; AirConditioning: 0; NaturalVentilation: 1; SpaceTemperatureMax: 15; SpaceTemperatureMin: 15; SpaceTemperatureSummer: 20; SpaceTemperatureSummerMax: 15; SpaceTemperatureSummerMin: 15; SpaceTemperatureWinter: 20; SpaceTemperatureWinterMax: 15; SpaceTemperatureWinterMin: 15; Project: Projekt Buerogebaeude; Building: Buerogebaeude; Storey: Keller; Top Elevation: -0.3; Bottom Elevation: -3; Global Top Elevation: -0.3; Global Bottom Elevation: -3; Has Own Geometry: 1; Children Have Geometry: 0; Global X: 24; Global Y: 9.3; Global Z: -3; Bounding Box Length: 2.9; Bounding Box Width: 4.4; Bounding Box Height: 2.7; Zone: WC; Zone: Raumtemperatur-15-Grad; Layer: Räume
2NO$Il8fr1n8x3zsU1IoYc,010,. GrossFloorArea: 12.32; GrossVolume: 33.264; GrossWallArea: 38.88; Height: 2.7; NetFloorArea: 12.32; NetVolume: 33.264; NetWallArea: 38.88; Perimeter: 14.4; Category: Labor; HandicapAccessible: 0; NaturalVentilation: 1; PubliclyAccessible: 0; AirConditioning: 1; NaturalVentilation: 1; SpaceTemperatureMax: 20; SpaceTemperatureMin: 20; SpaceTemperatureSummer: 20; SpaceTemperatureSummerMax: 20; SpaceTemperatureSummerMin: 20; SpaceTemperatureWinter: 20; SpaceTemperatureWinterMax: 20; Project: Projekt Buerogebaeude; Building: Buerogebaeude; Storey: Keller; Top Elevation: -0.3; Bottom Elevation: -3; Global Top Elevation: -0.3; Global Bottom Elevation: -3; Has Own Geometry: 1; Children Have Geometry: 0; Global X: 12.1; Global Y: 9.3; Global Z: -3; Bounding Box Length: 2.8; Bounding Box Width: 4.4; Bounding Box Height: 2.7; Zone: Labor; Zone: Raumtemperatur-20-Grad; Layer: Räume
3vTaz$m4D7Mw20Cj4ZCMEW,011,. GrossFloorArea: 12.32; GrossVolume: 33.264; GrossWallArea: 38.88; Height: 2.7; NetFloorArea: 12.32; NetVolume: 33.264; NetWallArea: 38.88; Perimeter: 14.4; Category: Labor; HandicapAccessible: 0; NaturalVentilation: 1; PubliclyAccessible: 0; AirConditioning: 1; NaturalVentilation: 1; SpaceTemperatureMax: 20; SpaceTemperatureMin: 20; SpaceTemperatureSummer: 20; SpaceTemperatureSummerMax: 20; SpaceTemperatureSummerMin: 20; SpaceTemperatureWinter: 20; SpaceTemperatureWinterMax: 20; SpaceTemperatureWinterMin: 20; Project: Projekt Buerogebaeude; Building: Buerogebaeude; Storey: Keller; Top Elevation: -0.3; Bottom Elevation: -3; Global Top Elevation: -0.3; Global Bottom Elevation: -3; Has Own Geometry: 1; Children Have Geometry: 0; Global X: 9.1; Global Y: 9.3; Global Z: -3; Bounding Box Length: 2.8; Bounding Box Width: 4.4; Bounding Box Height: 2.7; Zone: Labor; Zone: Raumtemperatur-20-Grad; Layer: Räume
29dtO28k16G9baf14UO37j,012,. GrossFloorArea: 12.32; GrossVolume: 33.264; GrossWallArea: 38.88; Height: 2.7; NetFloorArea: 12.32; NetVolume: 33.264; NetWallArea: 38.88; Perimeter: 14.4; Category: Labor; NaturalVentilation: 1; PubliclyAccessible: 0; AirConditioning: 1; NaturalVentilation: 1; SpaceTemperatureMax: 20; SpaceTemperatureMin: 20; SpaceTemperatureSummer: 20; SpaceTemperatureSummerMax: 20; SpaceTemperatureSummerMin: 20; SpaceTemperatureWinter: 20; SpaceTemperatureWinterMax: 20; SpaceTemperatureWinterMin: 20; Project: Projekt Buerogebaeude; Building: Buerogebaeude; Storey: Keller; Top Elevation: -0.3; Bottom Elevation: -3; Global Top Elevation: -0.3; Global Bottom Elevation: -3; Has Own Geometry: 1; Children Have Geometry: 0; Global X: 6.1; Global Y: 9.3; Global Z: -3; Bounding Box Length: 2.8; Bounding Box Width: 4.4; Bounding Box Height: 2.7; Zone: Labor; Zone: Raumtemperatur-20-Grad; Layer: Räume
3YOWN6kp53UhVDk7gccfjD,013,. GrossFloorArea: 12.32; GrossVolume: 33.264; GrossWallArea: 38.88; Height: 2.7; NetFloorArea: 12.32; NetVolume: 33.264; NetWallArea: 38.88; Perimeter: 14.4; Category: Labor; HandicapAccessible: 0; NaturalVentilation: 1; PubliclyAccessible: 0; AirConditioning: 1; NaturalVentilation: 1; SpaceTemperatureMax: 20; SpaceTemperatureMin: 20; SpaceTemperatureSummer: 20; SpaceTemperatureSummerMax: 20; SpaceTemperatureSummerMin: 20; SpaceTemperatureWinter: 20; SpaceTemperatureWinterMax: 20; SpaceTemperatureWinterMin: 20; Project: Projekt Buerogebaeude; Building: Buerogebaeude; Storey: Keller; Top Elevation: -0.3; Bottom Elevation: -3; Global Top Elevation: -0.3; Global Bottom Elevation: -3; Has Own Geometry: 1; Children Have Geometry: 0; Global X: 3.1; Global Y: 9.3; Global Z: -3; Bounding Box Length: 2.8; Bounding Box Width: 4.4; Bounding Box Height: 2.7; Zone: Labor; Zone: Raumtemperatur-20-Grad; Layer: Räume
25NDKbpWH5r94ho13fJMeb,014,. GrossFloorArea: 11.44; GrossVolume: 30.888; GrossWallArea: 37.8; Height: 2.7; NetFloorArea: 11.44; NetVolume: 30.888; NetWallArea: 37.8; Perimeter: 14; Category: Labor; HandicapAccessible: 0; NaturalVentilation: 1; PubliclyAccessible: 0; AirConditioning: 1; NaturalVentilation: 1; SpaceTemperatureMax: 20; SpaceTemperatureMin: 20; SpaceTemperatureSummer: 20; SpaceTemperatureSummerMax: 20; SpaceTemperatureSummerMin: 20; SpaceTemperatureWinter: 20; SpaceTemperatureWinterMax: 20; SpaceTemperatureWinterMin: 20; Project: Projekt Buerogebaeude; Building: Buerogebaeude; Storey: Keller; Top Elevation: -0.3; Bottom Elevation: -3; Global Top Elevation: -0.3; Global Bottom Elevation: -3; Has Own Geometry: 1; Children Have Geometry: 0; Global X: 0.300000000000001; Global Y: 9.3; Global Z: -3; Bounding Box Length: 2.6; Bounding Box Width: 4.4; Bounding Box Height: 2.7; Zone: Labor; Zone: Raumtemperatur-20-Grad; Layer: Räume
3cjnMny5DF0g1J6kKZWO4Y,015,. GrossFloorArea: 35.4; GrossVolume: 95.58; GrossWallArea: 106.38; Height: 2.7; NetFloorArea: 35.4; NetVolume: 95.58; NetWallArea: 106.38; Perimeter: 39.4; Category: Flur; HandicapAccessible: 0; NaturalVentilation: 1; PubliclyAccessible: 0; AirConditioning: 0; NaturalVentilation: 1; SpaceTemperatureMax: 15; SpaceTemperatureMin: 15; SpaceTemperatureSummer: 20; SpaceTemperatureSummerMax: 15; SpaceTemperatureSummerMin: 15; SpaceTemperatureWinter: 20; SpaceTemperatureWinterMax: 15; SpaceTemperatureWinterMin: 15; Project: Projekt Buerogebaeude; Building: Buerogebaeude; Storey: Keller; Top Elevation: -0.3; Bottom Elevation: -3; Global Top Elevation: -0.3; Global Bottom Elevation: -3; Has Own Geometry: 1; Children Have Geometry: 0; Global X: 0.300000000000001; Global Y: 7; Global Z: -3; Bounding Box Length: 17.7; Bounding Box Width: 2; Bounding Box Height: 2.7; Zone: Flur; Zone: Raumtemperatur-15-Grad; Layer: Räume
2Zmi8kumn3P9N9wBPT48lG,017,. GrossFloorArea: 11.8; GrossVolume: 31.86; GrossWallArea: 42.66; Height: 2.7; NetFloorArea: 11.8; NetVolume: 31.86; NetWallArea: 42.66; Perimeter: 15.8; Category: Flur; HandicapAccessible: 0; NaturalVentilation: 1; PubliclyAccessible: 1; AirConditioning: 0; NaturalVentilation: 1; SpaceTemperatureMax: 15; SpaceTemperatureMin: 15; SpaceTemperatureSummer: 20; SpaceTemperatureSummerMax: 15; SpaceTemperatureSummerMin: 15; SpaceTemperatureWinter: 20; SpaceTemperatureWinterMax: 15; SpaceTemperatureWinterMin: 15; Project: Projekt Buerogebaeude; Building: Buerogebaeude; Storey: Keller; Top Elevation: -0.3; Bottom Elevation: -3; Global Top Elevation: -0.3; Global Bottom Elevation: -3; Has Own Geometry: 1; Children Have Geometry: 0; Global X: 24; Global Y: 7; Global Z: -3; Bounding Box Length: 5.9; Bounding Box Width: 2; Bounding Box Height: 2.7; Zone: Flur; Zone: Raumtemperatur-15-Grad; Layer: Räume
3Gz7u_d1P7IA35Wmtg48Rc,016,. GrossFloorArea: 46.98; GrossVolume: 126.846; GrossWallArea: 76.14; Height: 2.7; NetFloorArea: 46.98; NetVolume: 126.846; NetWallArea: 76.14; Perimeter: 28.2; Category: Flur; HandicapAccessible: 1; NaturalVentilation: 1; PubliclyAccessible: 1; AirConditioning: 0; NaturalVentilation: 0; SpaceTemperatureMax: 15; SpaceTemperatureMin: 15; SpaceTemperatureSummer: 15; SpaceTemperatureSummerMax: 15; SpaceTemperatureSummerMin: 15; SpaceTemperatureWinter: 15; SpaceTemperatureWinterMax: 15; SpaceTemperatureWinterMin: 15; Project: Projekt Buerogebaeude; Building: Buerogebaeude; Storey: Keller; Top Elevation: -0.3; Bottom Elevation: -3; Global Top Elevation: -0.3; Global Bottom Elevation: -3; Has Own Geometry: 1; Children Have Geometry: 0; Global X: 18.3; Global Y: 7; Global Z: -3; Bounding Box Length: 5.4; Bounding Box Width: 8.7; Bounding Box Height: 2.7; Zone: Flur; Zone: Raumtemperatur-15-Grad; Layer: Räume
1nsRm1QQb1xwWpzzFR7Ax3,009,. GrossFloorArea: 12.76; GrossVolume: 34.452; GrossWallArea: 39.42; Height: 2.7; NetFloorArea: 12.76; NetVolume: 34.452; NetWallArea: 39.42; Perimeter: 14.6; Category: WC; HandicapAccessible: 0; NaturalVentilation: 1; PubliclyAccessible: 1; AirConditioning: 0; NaturalVentilation: 1; SpaceTemperatureMax: 15; SpaceTemperatureMin: 15; SpaceTemperatureSummer: 20; SpaceTemperatureSummerMax: 15; SpaceTemperatureSummerMin: 15; SpaceTemperatureWinter: 20; SpaceTemperatureWinterMax: 15; SpaceTemperatureWinterMin: 15; Project: Projekt Buerogebaeude; Building: Buerogebaeude; Storey: Keller; Top Elevation: -0.3; Bottom Elevation: -3; Global Top Elevation: -0.3; Global Bottom Elevation: -3; Has Own Geometry: 1; Children Have Geometry: 0; Global X: 15.1; Global Y: 9.3; Global Z: -3; Bounding Box Length: 2.9; Bounding Box Width: 4.4; Bounding Box Height: 2.7; Zone: WC; Zone: Raumtemperatur-15-Grad; Layer: Räume
1n2Lw3QubAj8dNIkFMcbgd,Erdgeschoss,Ground Level. Project: Projekt Buerogebaeude; Building: Buerogebaeude; Top Elevation: 3.8999; Bottom Elevation: -0.3; Global Top Elevation: 3.8999; Global Bottom Elevation: -0.3; Has Own Geometry: 0; Children Have Geometry: 1; Global X: -4; Global Y: -4; Global Z: -0.3; Bounding Box Length: 50; Bounding Box Width: 24; Bounding Box Height: 4.1999
2M$VFKOm95iv8NI96wAPul,Wand-001,. GrossFootprintArea: 3.51; GrossSideArea: 32.4; GrossVolume: 9.477; Height: 2.7; Length: 12; NetSideArea: 31.05; NetVolume: 9.072; Width: 0.3; IsExternal: 1; LoadBearing: 1; ThermalTransmittance: 0.3; Project: Projekt Buerogebaeude; Building: Buerogebaeude; Storey: Erdgeschoss; Top Elevation: 2.7; Bottom Elevation: 0; Global Top Elevation: 2.7; Global Bottom Elevation: 0; Has Own Geometry: 1; Children Have Geometry: 1; Global X: 0; Global Y: 2; Global Z: 0; Bounding Box Length: 0.300000000000001; Bounding Box Width: 12; Bounding Box Height: 2.7; Layer: Außenwände
129c8ljMP6F8VpO3w$Uc7N,,. XDim: 0.9; YDim: 1.5; Project: Projekt Buerogebaeude; Building: Buerogebaeude; Storey: Erdgeschoss; Top Elevation: 2.4; Bottom Elevation: 0.9; Global Top Elevation: 2.4; Global Bottom Elevation: 0.9; Has Own Geometry: 1; Children Have Geometry: 0; Global X: 0; Global Y: 7.55; Global Z: 0.9; Bounding Box Length: 0.300000000000001; Bounding Box Width: 0.899999999999999; Bounding Box Height: 1.5
1urUcYP71DIf1u38ogU1RV,Wand-007,. GrossFootprintArea: 3.51; GrossSideArea: 32.4; GrossVolume: 9.477; Height: 2.7; Length: 12; NetSideArea: 31.05; NetVolume: 9.072; Width: 0.3; IsExternal: 1; LoadBearing: 1; ThermalTransmittance: 0.3; Project: Projekt Buerogebaeude; Building: Buerogebaeude; Storey: Erdgeschoss; Top Elevation: 2.7; Bottom Elevation: 0; Global Top Elevation: 2.7; Global Bottom Elevation: 0; Has Own Geometry: 1; Children Have Geometry: 1; Global X: 41.7; Global Y: 2; Global Z: 0; Bounding Box Length: 0.299999999999997; Bounding Box Width: 12; Bounding Box Height: 2.7; Layer: Außenwände
0QJo_j0hP1zhBli49JWKDP,,. XDim: 0.9; YDim: 1.5; Project: Projekt Buerogebaeude; Building: Buerogebaeude; Storey: Erdgeschoss; Top Elevation: 2.4; Bottom Elevation: 0.9; Global Top Elevation: 2.4; Global Bottom Elevation: 0.9; Has Own Geometry: 1; Children Have Geometry: 0; Global X: 41.7; Global Y: 7.55; Global Z: 0.9; Bounding Box Length: 0.299999999999997; Bounding Box Width: 0.899999999999999; Bounding Box Height: 1.5
3nHMcJ8q56uR8twwvBap_b,Wand-010,. GrossFootprintArea: 5.4; GrossSideArea: 48.6; GrossVolume: 14.58; Height: 2.7; Length: 18; NetSideArea: 30.6; NetVolume: 9.18; Width: 0.3; IsExternal: 1; LoadBearing: 1; ThermalTransmittance: 0.3; Project: Projekt Buerogebaeude; Building: Buerogebaeude; Storey: Erdgeschoss; Top Elevation: 2.7; Bottom Elevation: 0; Global Top Elevation: 2.7; Global Bottom Elevation: 0; Has Own Geometry: 1; Children Have Geometry: 1; Global X: 0; Global Y: 2; Global Z: 0; Bounding Box Length: 18.3; Bounding Box Width: 0.3; Bounding Box Height: 2.7; Layer: Außenwände
1$9tk6GkvFphNJS_bbrnQs,,. XDim: 1; YDim: 1.5; Project: Projekt Buerogebaeude; Building: Buerogebaeude; Storey: Erdgeschoss; Top Elevation: 2.4; Bottom Elevation: 0.9; Global Top Elevation: 2.4; Global Bottom Elevation: 0.9; Has Own Geometry: 1; Children Have Geometry: 0; Global X: 1.75; Global Y: 2; Global Z: 0.9; Bounding Box Length: 1; Bounding Box Width: 0.3; Bounding Box Height: 1.5
3Xih3CU1b4wumI8FgHNLxO,,. XDim: 1; YDim: 1.5; Project: Projekt Buerogebaeude; Building: Buerogebaeude; Storey: Erdgeschoss; Top Elevation: 2.4; Bottom Elevation: 0.9; Global Top Elevation: 2.4; Global Bottom Elevation: 0.9; Has Own Geometry: 1; Children Have Geometry: 0; Global X: 3.25; Global Y: 2; Global Z: 0.9; Bounding Box Length: 1; Bounding Box Width: 0.3; Bounding Box Height: 1.5
1whIcAw3P5YwzbKqs28Gp2,,. XDim: 1; YDim: 1.5; Project: Projekt Buerogebaeude; Building: Buerogebaeude; Storey: Erdgeschoss; Top Elevation: 2.4; Bottom Elevation: 0.9; Global Top Elevation: 2.4; Global Bottom Elevation: 0.9; Has Own Geometry: 1; Children Have Geometry: 0; Global X: 4.75; Global Y: 2; Global Z: 0.9; Bounding Box Length: 1; Bounding Box Width: 0.3; Bounding Box Height: 1.5
0IeTROhATEyAIU3nvexZ3a,,. XDim: 1; YDim: 1.5; Project: Projekt Buerogebaeude; Building: Buerogebaeude; Storey: Erdgeschoss; Top Elevation: 2.4; Bottom Elevation: 0.9; Global Top Elevation: 2.4; Global Bottom Elevation: 0.9; Has Own Geometry: 1; Children Have Geometry: 0; Global X: 6.25; Global Y: 2; Global Z: 0.9; Bounding Box Length: 1; Bounding Box Width: 0.3; Bounding Box Height: 1.5
34vbaZmvL9sAyUTA9Vy_Ox,,. XDim: 1; YDim: 1.5; Project: Projekt Buerogebaeude; Building: Buerogebaeude; Storey: Erdgeschoss; Top Elevation: 2.4; Bottom Elevation: 0.9; Global Top Elevation: 2.4; Global Bottom Elevation: 0.9; Has Own Geometry: 1; Children Have Geometry: 0; Global X: 7.75; Global Y: 2; Global Z: 0.9; Bounding Box Length: 1; Bounding Box Width: 0.3; Bounding Box Height: 1.5
2DDjPXwBHA3RU1mK3lvAQv,,. XDim: 1; YDim: 1.5; Project: Projekt Buerogebaeude; Building: Buerogebaeude; Storey: Erdgeschoss; Top Elevation: 2.4; Bottom Elevation: 0.9; Global Top Elevation: 2.4; Global Bottom Elevation: 0.9; Has Own Geometry: 1; Children Have Geometry: 0; Global X: 9.25; Global Y: 2; Global Z: 0.9; Bounding Box Length: 1; Bounding Box Width: 0.3; Bounding Box Height: 1.5
0AMFD4usPBCxwxO4NxE0te,,. XDim: 1; YDim: 1.5; Project: Projekt Buerogebaeude; Building: Buerogebaeude; Storey: Erdgeschoss; Top Elevation: 2.4; Bottom Elevation: 0.9; Global Top Elevation: 2.4; Global Bottom Elevation: 0.9; Has Own Geometry: 1; Children Have Geometry: 0; Global X: 10.75; Global Y: 2; Global Z: 0.9; Bounding Box Length: 1; Bounding Box Width: 0.3; Bounding Box Height: 1.5
1TXLRjJE9D3QdiRGagB_N_,,. XDim: 1; YDim: 1.5; Project: Projekt Buerogebaeude; Building: Buerogebaeude; Storey: Erdgeschoss; Top Elevation: 2.4; Bottom Elevation: 0.9; Global Top Elevation: 2.4; Global Bottom Elevation: 0.9; Has Own Geometry: 1; Children Have Geometry: 0; Global X: 12.25; Global Y: 2; Global Z: 0.9; Bounding Box Length: 1; Bounding Box Width: 0.3; Bounding Box Height: 1.5
0LlL_0XfP2X9TYG_H6d1Sz,,. XDim: 1; YDim: 1.5; Project: Projekt Buerogebaeude; Building: Buerogebaeude; Storey: Erdgeschoss; Top Elevation: 2.4; Bottom Elevation: 0.9; Global Top Elevation: 2.4; Global Bottom Elevation: 0.9; Has Own Geometry: 1; Children Have Geometry: 0; Global X: 13.75; Global Y: 2; Global Z: 0.9; Bounding Box Length: 1; Bounding Box Width: 0.3; Bounding Box Height: 1.5
3A$20OJjf4R8qu4FZfu6v6,,. XDim: 1; YDim: 1.5; Project: Projekt Buerogebaeude; Building: Buerogebaeude; Storey: Erdgeschoss; Top Elevation: 2.4; Bottom Elevation: 0.9; Global Top Elevation: 2.4; Global Bottom Elevation: 0.9; Has Own Geometry: 1; Children Have Geometry: 0; Global X: 15.25; Global Y: 2; Global Z: 0.9; Bounding Box Length: 1; Bounding Box Width: 0.3; Bounding Box Height: 1.5
1usQY2Kqf3m8y$m5iASpIs,,. XDim: 1; YDim: 1.5; Project: Projekt Buerogebaeude; Building: Buerogebaeude; Storey: Erdgeschoss; Top Elevation: 2.4; Bottom Elevation: 0.9; Global Top Elevation: 2.4; Global Bottom Elevation: 0.9; Has Own Geometry: 1; Children Have Geometry: 0; Global X: 16.75; Global Y: 2; Global Z: 0.9; Bounding Box Length: 1; Bounding Box Width: 0.3; Bounding Box Height: 1.5
3Y2qZa8SL51eK9B6Xa01gq,,. XDim: 1; YDim: 1.5; Project: Projekt Buerogebaeude; Building: Buerogebaeude; Storey: Erdgeschoss; Top Elevation: 2.4; Bottom Elevation: 0.9; Global Top Elevation: 2.4; Global Bottom Elevation: 0.9; Has Own Geometry: 1; Children Have Geometry: 0; Global X: 0.350000000000001; Global Y: 2; Global Z: 0.9; Bounding Box Length: 1; Bounding Box Width: 0.3; Bounding Box Height: 1.5
2xrOyxR9nEifMekjrljPsL,Wand-029,. GrossFootprintArea: 1.71; GrossSideArea: 16.2; GrossVolume: 4.617; Height: 2.7; Length: 6; NetSideArea: 8.2; NetVolume: 2.217; Width: 0.3; IsExternal: 1; LoadBearing: 1; ThermalTransmittance: 0.3; Project: Projekt Buerogebaeude; Building: Buerogebaeude; Storey: Erdgeschoss; Top Elevation: 2.7; Bottom Elevation: 0; Global Top Elevation: 2.7; Global Bottom Elevation: 0; Has Own Geometry: 1; Children Have Geometry: 1; Global X: 18; Global Y: 0; Global Z: 0; Bounding Box Length: 6; Bounding Box Width: 0.3; Bounding Box Height: 2.7; Layer: Außenwände
3O853auiX1BQAqQSiiZTHR,,. XDim: 2; YDim: 2.1; Project: Projekt Buerogebaeude; Building: Buerogebaeude; Storey: Erdgeschoss; Top Elevation: 2.1; Bottom Elevation: 0; Global Top Elevation: 2.1; Global Bottom Elevation: 0; Has Own Geometry: 1; Children Have Geometry: 0; Global X: 20; Global Y: 0; Global Z: 0; Bounding Box Length: 2; Bounding Box Width: 0.3; Bounding Box Height: 2.1
04UVuOQ9vCTAfoi15oIvjz,,. XDim: 1; YDim: 2; Project: Projekt Buerogebaeude; Building: Buerogebaeude; Storey: Erdgeschoss; Top Elevation: 2.1; Bottom Elevation: 0.0999999999999996; Global Top Elevation: 2.1; Global Bottom Elevation: 0.0999999999999996; Has Own Geometry: 1; Children Have Geometry: 0; Global X: 18.5; Global Y: 0; Global Z: 0.0999999999999996; Bounding Box Length: 1; Bounding Box Width: 0.3; Bounding Box Height: 2
0AvEaxziX7RQtUmm7wfqYK,,. XDim: 0.9; YDim: 2; Project: Projekt Buerogebaeude; Building: Buerogebaeude; Storey: Erdgeschoss; Top Elevation: 2.1; Bottom Elevation: 0.0999999999999996; Global Top Elevation: 2.1; Global Bottom Elevation: 0.0999999999999996; Has Own Geometry: 1; Children Have Geometry: 0; Global X: 22.55; Global Y: 0; Global Z: 0.0999999999999996; Bounding Box Length: 0.899999999999999; Bounding Box Width: 0.3; Bounding Box Height: 2
1r7dVjs_50zw9skBo0gwIq,Wand-002,. GrossFootprintArea: 5.4; GrossSideArea: 48.6; GrossVolume: 14.58; Height: 2.7; Length: 18; NetSideArea: 30.6; NetVolume: 9.18; Width: 0.3; IsExternal: 1; LoadBearing: 1; ThermalTransmittance: 0.3; Project: Projekt Buerogebaeude; Building: Buerogebaeude; Storey: Erdgeschoss; Top Elevation: 2.7; Bottom Elevation: 0; Global Top Elevation: 2.7; Global Bottom Elevation: 0; Has Own Geometry: 1; Children Have Geometry: 1; Global X: 0; Global Y: 13.7; Global Z: 0; Bounding Box Length: 18.3; Bounding Box Width: 0.300000000000001; Bounding Box Height: 2.7; Layer: Außenwände
10UK8jpE52HumOadf_8O2u,,. XDim: 1; YDim: 1.5; Project: Projekt Buerogebaeude; Building: Buerogebaeude; Storey: Erdgeschoss; Top Elevation: 2.4; Bottom Elevation: 0.9; Global Top Elevation: 2.4; Global Bottom Elevation: 0.9; Has Own Geometry: 1; Children Have Geometry: 0; Global X: 1.75; Global Y: 13.7; Global Z: 0.9; Bounding Box Length: 1; Bounding Box Width: 0.300000000000001; Bounding Box Height: 1.5
18Ccm1Hef578ZQGPsO_f$x,,. XDim: 1; YDim: 1.5; Project: Projekt Buerogebaeude; Building: Buerogebaeude; Storey: Erdgeschoss; Top Elevation: 2.4; Bottom Elevation: 0.9; Global Top Elevation: 2.4; Global Bottom Elevation: 0.9; Has Own Geometry: 1; Children Have Geometry: 0; Global X: 3.25; Global Y: 13.7; Global Z: 0.9; Bounding Box Length: 1; Bounding Box Width: 0.300000000000001; Bounding Box Height: 1.5
1DkbCx$2zCVeAPMEbwqg0V,,. XDim: 1; YDim: 1.5; Project: Projekt Buerogebaeude; Building: Buerogebaeude; Storey: Erdgeschoss; Top Elevation: 2.4; Bottom Elevation: 0.9; Global Top Elevation: 2.4; Global Bottom Elevation: 0.9; Has Own Geometry: 1; Children Have Geometry: 0; Global X: 4.75; Global Y: 13.7; Global Z: 0.9; Bounding Box Length: 1; Bounding Box Width: 0.300000000000001; Bounding Box Height: 1.5
2Nv9RNKn1DQxc$vFVZGCok,,. XDim: 1; YDim: 1.5; Project: Projekt Buerogebaeude; Building: Buerogebaeude; Storey: Erdgeschoss; Top Elevation: 2.4; Bottom Elevation: 0.9; Global Top Elevation: 2.4; Global Bottom Elevation: 0.9; Has Own Geometry: 1; Children Have Geometry: 0; Global X: 6.25; Global Y: 13.7; Global Z: 0.9; Bounding Box Length: 1; Bounding Box Width: 0.300000000000001; Bounding Box Height: 1.5
0UAH6XVUj3lgP8LQnLByoq,,. XDim: 1; YDim: 1.5; Project: Projekt Buerogebaeude; Building: Buerogebaeude; Storey: Erdgeschoss; Top Elevation: 2.4; Bottom Elevation: 0.9; Global Top Elevation: 2.4; Global Bottom Elevation: 0.9; Has Own Geometry: 1; Children Have Geometry: 0; Global X: 7.75; Global Y: 13.7; Global Z: 0.9; Bounding Box Length: 1; Bounding Box Width: 0.300000000000001; Bounding Box Height: 1.5
3AI3KUI7jAbvwqX9ouwuKY,,. XDim: 1; YDim: 1.5; Project: Projekt Buerogebaeude; Building: Buerogebaeude; Storey: Erdgeschoss; Top Elevation: 2.4; Bottom Elevation: 0.9; Global Top Elevation: 2.4; Global Bottom Elevation: 0.9; Has Own Geometry: 1; Children Have Geometry: 0; Global X: 9.25; Global Y: 13.7; Global Z: 0.9; Bounding Box Length: 1; Bounding Box Width: 0.300000000000001; Bounding Box Height: 1.5
3Lftxddn16ag0cnDmkIg0H,,. XDim: 1; YDim: 1.5; Project: Projekt Buerogebaeude; Building: Buerogebaeude; Storey: Erdgeschoss; Top Elevation: 2.4; Bottom Elevation: 0.9; Global Top Elevation: 2.4; Global Bottom Elevation: 0.9; Has Own Geometry: 1; Children Have Geometry: 0; Global X: 10.75; Global Y: 13.7; Global Z: 0.9; Bounding Box Length: 1; Bounding Box Width: 0.300000000000001; Bounding Box Height: 1.5
1lGnWE8zLAMwSStrgllY7M,,. XDim: 1; YDim: 1.5; Project: Projekt Buerogebaeude; Building: Buerogebaeude; Storey: Erdgeschoss; Top Elevation: 2.4; Bottom Elevation: 0.9; Global Top Elevation: 2.4; Global Bottom Elevation: 0.9; Has Own Geometry: 1; Children Have Geometry: 0; Global X: 12.25; Global Y: 13.7; Global Z: 0.9; Bounding Box Length: 1; Bounding Box Width: 0.300000000000001; Bounding Box Height: 1.5
1DPkBiQRj3dg26dw0SenNS,,. XDim: 1; YDim: 1.5; Project: Projekt Buerogebaeude; Building: Buerogebaeude; Storey: Erdgeschoss; Top Elevation: 2.4; Bottom Elevation: 0.9; Global Top Elevation: 2.4; Global Bottom Elevation: 0.9; Has Own Geometry: 1; Children Have Geometry: 0; Global X: 13.75; Global Y: 13.7; Global Z: 0.9; Bounding Box Length: 1; Bounding Box Width: 0.300000000000001; Bounding Box Height: 1.5
3NDoJ1pDP1lgk8yySV0BPN,,. XDim: 1; YDim: 1.5; Project: Projekt Buerogebaeude; Building: Buerogebaeude; Storey: Erdgeschoss; Top Elevation: 2.4; Bottom Elevation: 0.9; Global Top Elevation: 2.4; Global Bottom Elevation: 0.9; Has Own Geometry: 1; Children Have Geometry: 0; Global X: 15.25; Global Y: 13.7; Global Z: 0.9; Bounding Box Length: 1; Bounding Box Width: 0.300000000000001; Bounding Box Height: 1.5
3zZpqkFYP2gBW9KoLJvgmr,,. XDim: 1; YDim: 1.5; Project: Projekt Buerogebaeude; Building: Buerogebaeude; Storey: Erdgeschoss; Top Elevation: 2.4; Bottom Elevation: 0.9; Global Top Elevation: 2.4; Global Bottom Elevation: 0.9; Has Own Geometry: 1; Children Have Geometry: 0; Global X: 16.75; Global Y: 13.7; Global Z: 0.9; Bounding Box Length: 1; Bounding Box Width: 0.300000000000001; Bounding Box Height: 1.5
3DbCmahULFTeLemeLi$zu3,,. XDim: 1; YDim: 1.5; Project: Projekt Buerogebaeude; Building: Buerogebaeude; Storey: Erdgeschoss; Top Elevation: 2.4; Bottom Elevation: 0.9; Global Top Elevation: 2.4; Global Bottom Elevation: 0.9; Has Own Geometry: 1; Children Have Geometry: 0; Global X: 0.350000000000001; Global Y: 13.7; Global Z: 0.9; Bounding Box Length: 1; Bounding Box Width: 0.300000000000001; Bounding Box Height: 1.5
2LES77BC56KQ3R7uNhrxe2,Wand-006,. GrossFootprintArea: 5.4; GrossSideArea: 48.6; GrossVolume: 14.58; Height: 2.7; Length: 18; NetSideArea: 30.6; NetVolume: 9.18; Width: 0.3; IsExternal: 1; LoadBearing: 1; ThermalTransmittance: 0.3; Project: Projekt Buerogebaeude; Building: Buerogebaeude; Storey: Erdgeschoss; Top Elevation: 2.7; Bottom Elevation: 0; Global Top Elevation: 2.7; Global Bottom Elevation: 0; Has Own Geometry: 1; Children Have Geometry: 1; Global X: 23.7; Global Y: 13.7; Global Z: 0; Bounding Box Length: 18.3; Bounding Box Width: 0.300000000000001; Bounding Box Height: 2.7; Layer: Außenwände
1moheYsQ99_BmX4Elf0Qgh,,. XDim: 1; YDim: 1.5; Project: Projekt Buerogebaeude; Building: Buerogebaeude; Storey: Erdgeschoss; Top Elevation: 2.4; Bottom Elevation: 0.9; Global Top Elevation: 2.4; Global Bottom Elevation: 0.9; Has Own Geometry: 1; Children Have Geometry: 0; Global X: 25.75; Global Y: 13.7; Global Z: 0.9; Bounding Box Length: 1; Bounding Box Width: 0.300000000000001; Bounding Box Height: 1.5
0pon3bwdH6UwZB$_MWhfAl,,. XDim: 1; YDim: 1.5; Project: Projekt Buerogebaeude; Building: Buerogebaeude; Storey: Erdgeschoss; Top Elevation: 2.4; Bottom Elevation: 0.9; Global Top Elevation: 2.4; Global Bottom Elevation: 0.9; Has Own Geometry: 1; Children Have Geometry: 0; Global X: 27.25; Global Y: 13.7; Global Z: 0.9; Bounding Box Length: 1; Bounding Box Width: 0.300000000000001; Bounding Box Height: 1.5
0A1wSKwRLDI8ZtAfqeCsUr,,. XDim: 1; YDim: 1.5; Project: Projekt Buerogebaeude; Building: Buerogebaeude; Storey: Erdgeschoss; Top Elevation: 2.4; Bottom Elevation: 0.9; Global Top Elevation: 2.4; Global Bottom Elevation: 0.9; Has Own Geometry: 1; Children Have Geometry: 0; Global X: 28.75; Global Y: 13.7; Global Z: 0.9; Bounding Box Length: 1; Bounding Box Width: 0.300000000000001; Bounding Box Height: 1.5
0sV9CImdDBLu$xiqNCKJyu,,. XDim: 1; YDim: 1.5; Project: Projekt Buerogebaeude; Building: Buerogebaeude; Storey: Erdgeschoss; Top Elevation: 2.4; Bottom Elevation: 0.9; Global Top Elevation: 2.4; Global Bottom Elevation: 0.9; Has Own Geometry: 1; Children Have Geometry: 0; Global X: 30.25; Global Y: 13.7; Global Z: 0.9; Bounding Box Length: 1; Bounding Box Width: 0.300000000000001; Bounding Box Height: 1.5
0PbDccx$D4M96Jamx4Igwr,,. XDim: 1; YDim: 1.5; Project: Projekt Buerogebaeude; Building: Buerogebaeude; Storey: Erdgeschoss; Top Elevation: 2.4; Bottom Elevation: 0.9; Global Top Elevation: 2.4; Global Bottom Elevation: 0.9; Has Own Geometry: 1; Children Have Geometry: 0; Global X: 31.75; Global Y: 13.7; Global Z: 0.9; Bounding Box Length: 1; Bounding Box Width: 0.300000000000001; Bounding Box Height: 1.5
0rgxOah15DTvAAoKuBiMWc,,. XDim: 1; YDim: 1.5; Project: Projekt Buerogebaeude; Building: Buerogebaeude; Storey: Erdgeschoss; Top Elevation: 2.4; Bottom Elevation: 0.9; Global Top Elevation: 2.4; Global Bottom Elevation: 0.9; Has Own Geometry: 1; Children Have Geometry: 0; Global X: 33.25; Global Y: 13.7; Global Z: 0.9; Bounding Box Length: 1; Bounding Box Width: 0.300000000000001; Bounding Box Height: 1.5
07VpSceH1FWA0G4CcB7MB_,,. XDim: 1; YDim: 1.5; Project: Projekt Buerogebaeude; Building: Buerogebaeude; Storey: Erdgeschoss; Top Elevation: 2.4; Bottom Elevation: 0.9; Global Top Elevation: 2.4; Global Bottom Elevation: 0.9; Has Own Geometry: 1; Children Have Geometry: 0; Global X: 34.75; Global Y: 13.7; Global Z: 0.9; Bounding Box Length: 1; Bounding Box Width: 0.300000000000001; Bounding Box Height: 1.5
0UR8ulbar2_xvpLkaEWuKQ,,. XDim: 1; YDim: 1.5; Project: Projekt Buerogebaeude; Building: Buerogebaeude; Storey: Erdgeschoss; Top Elevation: 2.4; Bottom Elevation: 0.9; Global Top Elevation: 2.4; Global Bottom Elevation: 0.9; Has Own Geometry: 1; Children Have Geometry: 0; Global X: 36.25; Global Y: 13.7; Global Z: 0.9; Bounding Box Length: 1; Bounding Box Width: 0.300000000000001; Bounding Box Height: 1.5
00dxCtsJv3neggTcRV_GGZ,,. XDim: 1; YDim: 1.5; Project: Projekt Buerogebaeude; Building: Buerogebaeude; Storey: Erdgeschoss; Top Elevation: 2.4; Bottom Elevation: 0.9; Global Top Elevation: 2.4; Global Bottom Elevation: 0.9; Has Own Geometry: 1; Children Have Geometry: 0; Global X: 37.75; Global Y: 13.7; Global Z: 0.9; Bounding Box Length: 1; Bounding Box Width: 0.300000000000001; Bounding Box Height: 1.5
2W4x_tVkj1qBK$icpiB51N,,. XDim: 1; YDim: 1.5; Project: Projekt Buerogebaeude; Building: Buerogebaeude; Storey: Erdgeschoss; Top Elevation: 2.4; Bottom Elevation: 0.9; Global Top Elevation: 2.4; Global Bottom Elevation: 0.9; Has Own Geometry: 1; Children Have Geometry: 0; Global X: 39.25; Global Y: 13.7; Global Z: 0.9; Bounding Box Length: 1; Bounding Box Width: 0.300000000000001; Bounding Box Height: 1.5
2qT7Z849vD$f3mUF7rdQ7$,,. XDim: 1; YDim: 1.5; Project: Projekt Buerogebaeude; Building: Buerogebaeude; Storey: Erdgeschoss; Top Elevation: 2.4; Bottom Elevation: 0.9; Global Top Elevation: 2.4; Global Bottom Elevation: 0.9; Has Own Geometry: 1; Children Have Geometry: 0; Global X: 24.25; Global Y: 13.7; Global Z: 0.9; Bounding Box Length: 1; Bounding Box Width: 0.300000000000001; Bounding Box Height: 1.5
2ZTo5gLZz45PUKr6rOLWcI,,. XDim: 1; YDim: 1.5; Project: Projekt Buerogebaeude; Building: Buerogebaeude; Storey: Erdgeschoss; Top Elevation: 2.4; Bottom Elevation: 0.9; Global Top Elevation: 2.4; Global Bottom Elevation: 0.9; Has Own Geometry: 1; Children Have Geometry: 0; Global X: 40.65; Global Y: 13.7; Global Z: 0.9; Bounding Box Length: 1; Bounding Box Width: 0.300000000000001; Bounding Box Height: 1.5
1wk9c1dpX2_PJQtcSI9FcM,Wand-004,. GrossFootprintArea: 1.71; GrossSideArea: 16.2; GrossVolume: 4.617; Height: 2.7; Length: 6; NetSideArea: 16.2; NetVolume: 4.617; Width: 0.3; IsExternal: 1; LoadBearing: 1; ThermalTransmittance: 0.3; Project: Projekt Buerogebaeude; Building: Buerogebaeude; Storey: Erdgeschoss; Top Elevation: 2.7; Bottom Elevation: 0; Global Top Elevation: 2.7; Global Bottom Elevation: 0; Has Own Geometry: 1; Children Have Geometry: 0; Global X: 18; Global Y: 15.7; Global Z: 0; Bounding Box Length: 6; Bounding Box Width: 0.300000000000001; Bounding Box Height: 2.7; Layer: Außenwände
0Cp2aAca94mRqMc0MSzZN0,Wand-014,. GrossFootprintArea: 5.31; GrossSideArea: 48.6; GrossVolume: 14.337; Height: 2.7; Length: 18; NetSideArea: 40.2; NetVolume: 11.817; Width: 0.3; IsExternal: 0; LoadBearing: 1; ThermalTransmittance: 0.3; Project: Projekt Buerogebaeude; Building: Buerogebaeude; Storey: Erdgeschoss; Top Elevation: 2.7; Bottom Elevation: 0; Global Top Elevation: 2.7; Global Bottom Elevation: 0; Has Own Geometry: 1; Children Have Geometry: 1; Global X: 0.300000000000001; Global Y: 6.7; Global Z: 0; Bounding Box Length: 17.7; Bounding Box Width: 0.3; Bounding Box Height: 2.7; Layer: Innenwände
1EcA$XIkr2FwWY3UEBQycs,,. XDim: 1; YDim: 2.1; Project: Projekt Buerogebaeude; Building: Buerogebaeude; Storey: Erdgeschoss; Top Elevation: 2.1; Bottom Elevation: 0; Global Top Elevation: 2.1; Global Bottom Elevation: 0; Has Own Geometry: 1; Children Have Geometry: 0; Global X: 0.399999999999999; Global Y: 6.7; Global Z: 0; Bounding Box Length: 1; Bounding Box Width: 0.3; Bounding Box Height: 2.1
1HGab8Aij8jRbUq95APt9v,,. XDim: 1; YDim: 2.1; Project: Projekt Buerogebaeude; Building: Buerogebaeude; Storey: Erdgeschoss; Top Elevation: 2.1; Bottom Elevation: 0; Global Top Elevation: 2.1; Global Bottom Elevation: 0; Has Own Geometry: 1; Children Have Geometry: 0; Global X: 3.2; Global Y: 6.7; Global Z: 0; Bounding Box Length: 1; Bounding Box Width: 0.3; Bounding Box Height: 2.1
07VMwXj8HDauMHzwCmvz1C,,. XDim: 1; YDim: 2.1; Project: Projekt Buerogebaeude; Building: Buerogebaeude; Storey: Erdgeschoss; Top Elevation: 2.1; Bottom Elevation: 0; Global Top Elevation: 2.1; Global Bottom Elevation: 0; Has Own Geometry: 1; Children Have Geometry: 0; Global X: 9.2; Global Y: 6.7; Global Z: 0; Bounding Box Length: 1; Bounding Box Width: 0.3; Bounding Box Height: 2.1
3VnvfcOED1dxXULSxuikfd,,. XDim: 1; YDim: 2.1; Project: Projekt Buerogebaeude; Building: Buerogebaeude; Storey: Erdgeschoss; Top Elevation: 2.1; Bottom Elevation: 0; Global Top Elevation: 2.1; Global Bottom Elevation: 0; Has Own Geometry: 1; Children Have Geometry: 0; Global X: 15.2; Global Y: 6.7; Global Z: 0; Bounding Box Length: 1; Bounding Box Width: 0.3; Bounding Box Height: 2.1
3hbkmd1qbBiPqCbdQME7PO,Wand-015,. GrossFootprintArea: 5.31; GrossSideArea: 48.6; GrossVolume: 14.337; Height: 2.7; Length: 18; NetSideArea: 42.3; NetVolume: 12.447; Width: 0.3; IsExternal: 0; LoadBearing: 1; ThermalTransmittance: 0.3; Project: Projekt Buerogebaeude; Building: Buerogebaeude; Storey: Erdgeschoss; Top Elevation: 2.7; Bottom Elevation: 0; Global Top Elevation: 2.7; Global Bottom Elevation: 0; Has Own Geometry: 1; Children Have Geometry: 1; Global X: 0.300000000000001; Global Y: 9; Global Z: 0; Bounding Box Length: 17.7; Bounding Box Width: 0.300000000000001; Bounding Box Height: 2.7; Layer: Innenwände
0EXeALjRL68xl34f7oYZXd,,. XDim: 1; YDim: 2.1; Project: Projekt Buerogebaeude; Building: Buerogebaeude; Storey: Erdgeschoss; Top Elevation: 2.1; Bottom Elevation: 0; Global Top Elevation: 2.1; Global Bottom Elevation: 0; Has Own Geometry: 1; Children Have Geometry: 0; Global X: 15.2; Global Y: 9; Global Z: 0; Bounding Box Length: 1; Bounding Box Width: 0.300000000000001; Bounding Box Height: 2.1
0laUYw7Gb7IhKHtdCZXVTJ,,. XDim: 1; YDim: 2.1; Project: Projekt Buerogebaeude; Building: Buerogebaeude; Storey: Erdgeschoss; Top Elevation: 2.1; Bottom Elevation: 0; Global Top Elevation: 2.1; Global Bottom Elevation: 0; Has Own Geometry: 1; Children Have Geometry: 0; Global X: 13.8; Global Y: 9; Global Z: 0; Bounding Box Length: 1; Bounding Box Width: 0.300000000000001; Bounding Box Height: 2.1
0U9iXvX4bFH8t3JgOaTRCG,,. XDim: 1; YDim: 2.1; Project: Projekt Buerogebaeude; Building: Buerogebaeude; Storey: Erdgeschoss; Top Elevation: 2.1; Bottom Elevation: 0; Global Top Elevation: 2.1; Global Bottom Elevation: 0; Has Own Geometry: 1; Children Have Geometry: 0; Global X: 4.8; Global Y: 9; Global Z: 0; Bounding Box Length: 1; Bounding Box Width: 0.300000000000001; Bounding Box Height: 2.1
0fhDs_SDn9a8x9PU70oHGj,Wand-016,. GrossFootprintArea: 5.31; GrossSideArea: 48.6; GrossVolume: 14.337; Height: 2.7; Length: 18; NetSideArea: 36; NetVolume: 10.557; Width: 0.3; IsExternal: 0; LoadBearing: 1; ThermalTransmittance: 0.3; Project: Projekt Buerogebaeude; Building: Buerogebaeude; Storey: Erdgeschoss; Top Elevation: 2.7; Bottom Elevation: 0; Global Top Elevation: 2.7; Global Bottom Elevation: 0; Has Own Geometry: 1; Children Have Geometry: 1; Global X: 24; Global Y: 9; Global Z: 0; Bounding Box Length: 17.7; Bounding Box Width: 0.300000000000001; Bounding Box Height: 2.7; Layer: Innenwände
32Fz4qTsL8Bv0CuZd5WEJD,,. XDim: 1; YDim: 2.1; Project: Projekt Buerogebaeude; Building: Buerogebaeude; Storey: Erdgeschoss; Top Elevation: 2.1; Bottom Elevation: 0; Global Top Elevation: 2.1; Global Bottom Elevation: 0; Has Own Geometry: 1; Children Have Geometry: 0; Global X: 40.6; Global Y: 9; Global Z: 0; Bounding Box Length: 1; Bounding Box Width: 0.300000000000001; Bounding Box Height: 2.1
1vZ2EmpXbFZgeUWLtJ0ilX,,. XDim: 1; YDim: 2.1; Project: Projekt Buerogebaeude; Building: Buerogebaeude; Storey: Erdgeschoss; Top Elevation: 2.1; Bottom Elevation: 0; Global Top Elevation: 2.1; Global Bottom Elevation: 0; Has Own Geometry: 1; Children Have Geometry: 0; Global X: 37.8; Global Y: 9; Global Z: 0; Bounding Box Length: 1; Bounding Box Width: 0.300000000000001; Bounding Box Height: 2.1
3DzFjCFk1B3xu3lD_tkJ2o,,. XDim: 1; YDim: 2.1; Project: Projekt Buerogebaeude; Building: Buerogebaeude; Storey: Erdgeschoss; Top Elevation: 2.1; Bottom Elevation: 0; Global Top Elevation: 2.1; Global Bottom Elevation: 0; Has Own Geometry: 1; Children Have Geometry: 0; Global X: 34.8; Global Y: 9; Global Z: 0; Bounding Box Length: 1; Bounding Box Width: 0.300000000000001; Bounding Box Height: 2.1
0FzcUIlrj0ofkJ8$0xkGmc,,. XDim: 1; YDim: 2.1; Project: Projekt Buerogebaeude; Building: Buerogebaeude; Storey: Erdgeschoss; Top Elevation: 2.1; Bottom Elevation: 0; Global Top Elevation: 2.1; Global Bottom Elevation: 0; Has Own Geometry: 1; Children Have Geometry: 0; Global X: 31.8; Global Y: 9; Global Z: 0; Bounding Box Length: 1; Bounding Box Width: 0.300000000000001; Bounding Box Height: 2.1
0GpCcF_KX5Jur2kqzM38IG,,. XDim: 1; YDim: 2.1; Project: Projekt Buerogebaeude; Building: Buerogebaeude; Storey: Erdgeschoss; Top Elevation: 2.1; Bottom Elevation: 0; Global Top Elevation: 2.1; Global Bottom Elevation: 0; Has Own Geometry: 1; Children Have Geometry: 0; Global X: 28.8; Global Y: 9; Global Z: 0; Bounding Box Length: 1; Bounding Box Width: 0.300000000000001; Bounding Box Height: 2.1
0CsS9zO3bFoO0hh38ANMWz,,. XDim: 1; YDim: 2.1; Project: Projekt Buerogebaeude; Building: Buerogebaeude; Storey: Erdgeschoss; Top Elevation: 2.1; Bottom Elevation: 0; Global Top Elevation: 2.1; Global Bottom Elevation: 0; Has Own Geometry: 1; Children Have Geometry: 0; Global X: 25.8; Global Y: 9; Global Z: 0; Bounding Box Length: 1; Bounding Box Width: 0.300000000000001; Bounding Box Height: 2.1
15FnNlztjC7vnddscl7y9q,Wand-017,. GrossFootprintArea: 5.31; GrossSideArea: 48.6; GrossVolume: 14.337; Height: 2.7; Length: 18; NetSideArea: 44.4; NetVolume: 13.077; Width: 0.3; IsExternal: 0; LoadBearing: 1; ThermalTransmittance: 0.3; Project: Projekt Buerogebaeude; Building: Buerogebaeude; Storey: Erdgeschoss; Top Elevation: 2.7; Bottom Elevation: 0; Global Top Elevation: 2.7; Global Bottom Elevation: 0; Has Own Geometry: 1; Children Have Geometry: 1; Global X: 24; Global Y: 6.7; Global Z: 0; Bounding Box Length: 17.7; Bounding Box Width: 0.3; Bounding Box Height: 2.7; Layer: Innenwände
0c4ZuA2aj9aRLtkTRXwVXd,,. XDim: 1; YDim: 2.1; Project: Projekt Buerogebaeude; Building: Buerogebaeude; Storey: Erdgeschoss; Top Elevation: 2.1; Bottom Elevation: 0; Global Top Elevation: 2.1; Global Bottom Elevation: 0; Has Own Geometry: 1; Children Have Geometry: 0; Global X: 31.8; Global Y: 6.7; Global Z: 0; Bounding Box Length: 1; Bounding Box Width: 0.3; Bounding Box Height: 2.1
1Bj2lQ2kX4B8FGz2AkQuuo,,. XDim: 1; YDim: 2.1; Project: Projekt Buerogebaeude; Building: Buerogebaeude; Storey: Erdgeschoss; Top Elevation: 2.1; Bottom Elevation: 0; Global Top Elevation: 2.1; Global Bottom Elevation: 0; Has Own Geometry: 1; Children Have Geometry: 0; Global X: 33.2; Global Y: 6.7; Global Z: 0; Bounding Box Length: 1; Bounding Box Width: 0.3; Bounding Box Height: 2.1
1kipoXIGrCGwrOTfUS4l5M,Wand-022,. GrossFootprintArea: 0.88; GrossSideArea: 13.5; GrossVolume: 2.376; Height: 2.7; Length: 5; NetSideArea: 13.5; NetVolume: 2.376; Width: 0.2; IsExternal: 0; LoadBearing: 0; ThermalTransmittance: 0.5; Project: Projekt Buerogebaeude; Building: Buerogebaeude; Storey: Erdgeschoss; Top Elevation: 2.7; Bottom Elevation: 0; Global Top Elevation: 2.7; Global Bottom Elevation: 0; Has Own Geometry: 1; Children Have Geometry: 0; Global X: 26.9; Global Y: 9.3; Global Z: 0; Bounding Box Length: 0.200000000000003; Bounding Box Width: 4.4; Bounding Box Height: 2.7; Layer: Innenwände
1tQgCOlQ19deavPeJlRZDx,Wand-024,. GrossFootprintArea: 0.88; GrossSideArea: 13.5; GrossVolume: 2.376; Height: 2.7; Length: 5; NetSideArea: 13.5; NetVolume: 2.376; Width: 0.2; IsExternal: 0; LoadBearing: 0; ThermalTransmittance: 0.5; Project: Projekt Buerogebaeude; Building: Buerogebaeude; Storey: Erdgeschoss; Top Elevation: 2.7; Bottom Elevation: 0; Global Top Elevation: 2.7; Global Bottom Elevation: 0; Has Own Geometry: 1; Children Have Geometry: 0; Global X: 29.9; Global Y: 9.3; Global Z: 0; Bounding Box Length: 0.200000000000003; Bounding Box Width: 4.4; Bounding Box Height: 2.7; Layer: Innenwände
3TLauWy$r6BP48CfZGppsL,Wand-025,. GrossFootprintArea: 0.88; GrossSideArea: 13.5; GrossVolume: 2.376; Height: 2.7; Length: 5; NetSideArea: 13.5; NetVolume: 2.376; Width: 0.2; IsExternal: 0; LoadBearing: 0; ThermalTransmittance: 0.5; Project: Projekt Buerogebaeude; Building: Buerogebaeude; Storey: Erdgeschoss; Top Elevation: 2.7; Bottom Elevation: 0; Global Top Elevation: 2.7; Global Bottom Elevation: 0; Has Own Geometry: 1; Children Have Geometry: 0; Global X: 32.9; Global Y: 9.3; Global Z: 0; Bounding Box Length: 0.200000000000003; Bounding Box Width: 4.4; Bounding Box Height: 2.7; Layer: Innenwände
1PZopcCGLE1gg8vjYpfhIA,Wand-026,. GrossFootprintArea: 0.88; GrossSideArea: 13.5; GrossVolume: 2.376; Height: 2.7; Length: 5; NetSideArea: 13.5; NetVolume: 2.376; Width: 0.2; IsExternal: 0; LoadBearing: 0; ThermalTransmittance: 0.5; Project: Projekt Buerogebaeude; Building: Buerogebaeude; Storey: Erdgeschoss; Top Elevation: 2.7; Bottom Elevation: 0; Global Top Elevation: 2.7; Global Bottom Elevation: 0; Has Own Geometry: 1; Children Have Geometry: 0; Global X: 35.9; Global Y: 9.3; Global Z: 0; Bounding Box Length: 0.200000000000003; Bounding Box Width: 4.4; Bounding Box Height: 2.7; Layer: Innenwände
1U1oW1sAHBYQKKweh9c7E2,Wand-027,. GrossFootprintArea: 0.88; GrossSideArea: 13.5; GrossVolume: 2.376; Height: 2.7; Length: 5; NetSideArea: 13.5; NetVolume: 2.376; Width: 0.2; IsExternal: 0; LoadBearing: 0; ThermalTransmittance: 0.5; Project: Projekt Buerogebaeude; Building: Buerogebaeude; Storey: Erdgeschoss; Top Elevation: 2.7; Bottom Elevation: 0; Global Top Elevation: 2.7; Global Bottom Elevation: 0; Has Own Geometry: 1; Children Have Geometry: 0; Global X: 38.9; Global Y: 9.3; Global Z: 0; Bounding Box Length: 0.200000000000003; Bounding Box Width: 4.4; Bounding Box Height: 2.7; Layer: Innenwände
0nG5nAAT595BryB8i9NgTL,Wand-028,. GrossFootprintArea: 0.88; GrossSideArea: 13.5; GrossVolume: 2.376; Height: 2.7; Length: 5; NetSideArea: 13.5; NetVolume: 2.376; Width: 0.2; IsExternal: 0; LoadBearing: 0; ThermalTransmittance: 0.5; Project: Projekt Buerogebaeude; Building: Buerogebaeude; Storey: Erdgeschoss; Top Elevation: 2.7; Bottom Elevation: 0; Global Top Elevation: 2.7; Global Bottom Elevation: 0; Has Own Geometry: 1; Children Have Geometry: 0; Global X: 32.9; Global Y: 2.3; Global Z: 0; Bounding Box Length: 0.200000000000003; Bounding Box Width: 4.4; Bounding Box Height: 2.7; Layer: Innenwände
2fPOa6PzvBr9CXTAP3tUbE,Wand-019,. GrossFootprintArea: 0.88; GrossSideArea: 13.5; GrossVolume: 2.376; Height: 2.7; Length: 5; NetSideArea: 13.5; NetVolume: 2.376; Width: 0.2; IsExternal: 0; LoadBearing: 0; ThermalTransmittance: 0.5; Project: Projekt Buerogebaeude; Building: Buerogebaeude; Storey: Erdgeschoss; Top Elevation: 2.7; Bottom Elevation: 0; Global Top Elevation: 2.7; Global Bottom Elevation: 0; Has Own Geometry: 1; Children Have Geometry: 0; Global X: 8.9; Global Y: 2.3; Global Z: 0; Bounding Box Length: 0.199999999999999; Bounding Box Width: 4.4; Bounding Box Height: 2.7; Layer: Innenwände
1TG_f7WfXACvGvZKFbVS6v,Wand-020,. GrossFootprintArea: 0.88; GrossSideArea: 13.5; GrossVolume: 2.376; Height: 2.7; Length: 5; NetSideArea: 13.5; NetVolume: 2.376; Width: 0.2; IsExternal: 0; LoadBearing: 0; ThermalTransmittance: 0.5; Project: Projekt Buerogebaeude; Building: Buerogebaeude; Storey: Erdgeschoss; Top Elevation: 2.7; Bottom Elevation: 0; Global Top Elevation: 2.7; Global Bottom Elevation: 0; Has Own Geometry: 1; Children Have Geometry: 0; Global X: 14.9; Global Y: 2.3; Global Z: 0; Bounding Box Length: 0.199999999999999; Bounding Box Width: 4.4; Bounding Box Height: 2.7; Layer: Innenwände
3WB_OmiKjCuRLWyouXiTke,Wand-021,. GrossFootprintArea: 0.88; GrossSideArea: 13.5; GrossVolume: 2.376; Height: 2.7; Length: 5; NetSideArea: 13.5; NetVolume: 2.376; Width: 0.2; IsExternal: 0; LoadBearing: 0; ThermalTransmittance: 0.5; Project: Projekt Buerogebaeude; Building: Buerogebaeude; Storey: Erdgeschoss; Top Elevation: 2.7; Bottom Elevation: 0; Global Top Elevation: 2.7; Global Bottom Elevation: 0; Has Own Geometry: 1; Children Have Geometry: 0; Global X: 14.9; Global Y: 9.3; Global Z: 0; Bounding Box Length: 0.199999999999999; Bounding Box Width: 4.4; Bounding Box Height: 2.7; Layer: Innenwände
3d6U2voMvC8Oso0kmQIjMA,Wand-023,. GrossFootprintArea: 0.88; GrossSideArea: 13.5; GrossVolume: 2.376; Height: 2.7; Length: 5; NetSideArea: 13.5; NetVolume: 2.376; Width: 0.2; IsExternal: 0; LoadBearing: 0; ThermalTransmittance: 0.5; Project: Projekt Buerogebaeude; Building: Buerogebaeude; Storey: Erdgeschoss; Top Elevation: 2.7; Bottom Elevation: 0; Global Top Elevation: 2.7; Global Bottom Elevation: 0; Has Own Geometry: 1; Children Have Geometry: 0; Global X: 5.9; Global Y: 9.3; Global Z: 0; Bounding Box Length: 0.199999999999999; Bounding Box Width: 4.4; Bounding Box Height: 2.7; Layer: Innenwände
1pOW7Mn9TD$xI0y62RCLDe,Wand-018,. GrossFootprintArea: 0.88; GrossSideArea: 13.5; GrossVolume: 2.376; Height: 2.7; Length: 5; NetSideArea: 13.5; NetVolume: 2.376; Width: 0.2; IsExternal: 0; LoadBearing: 0; ThermalTransmittance: 0.5; Project: Projekt Buerogebaeude; Building: Buerogebaeude; Storey: Erdgeschoss; Top Elevation: 2.7; Bottom Elevation: 0; Global Top Elevation: 2.7; Global Bottom Elevation: 0; Has Own Geometry: 1; Children Have Geometry: 0; Global X: 2.9; Global Y: 2.3; Global Z: 0; Bounding Box Length: 0.200000000000003; Bounding Box Width: 4.4; Bounding Box Height: 2.7; Layer: Innenwände
01Hsj8Zoj47f3xDgoQzQH_,Wand-008,. GrossFootprintArea: 5.4; GrossSideArea: 48.6; GrossVolume: 14.58; Height: 2.7; Length: 18; NetSideArea: 30.6; NetVolume: 9.18; Width: 0.3; IsExternal: 1; LoadBearing: 1; ThermalTransmittance: 0.3; Project: Projekt Buerogebaeude; Building: Buerogebaeude; Storey: Erdgeschoss; Top Elevation: 2.7; Bottom Elevation: 0; Global Top Elevation: 2.7; Global Bottom Elevation: 0; Has Own Geometry: 1; Children Have Geometry: 1; Global X: 23.7; Global Y: 2; Global Z: 0; Bounding Box Length: 18.3; Bounding Box Width: 0.3; Bounding Box Height: 2.7; Layer: Außenwände
1REl3UFz54y86AajjWdnKZ,,. XDim: 1; YDim: 1.5; Project: Projekt Buerogebaeude; Building: Buerogebaeude; Storey: Erdgeschoss; Top Elevation: 2.4; Bottom Elevation: 0.9; Global Top Elevation: 2.4; Global Bottom Elevation: 0.9; Has Own Geometry: 1; Children Have Geometry: 0; Global X: 39.25; Global Y: 2; Global Z: 0.9; Bounding Box Length: 1; Bounding Box Width: 0.3; Bounding Box Height: 1.5
0JM5rmPlrFxO4__eotf6n$,,. XDim: 1; YDim: 1.5; Project: Projekt Buerogebaeude; Building: Buerogebaeude; Storey: Erdgeschoss; Top Elevation: 2.4; Bottom Elevation: 0.9; Global Top Elevation: 2.4; Global Bottom Elevation: 0.9; Has Own Geometry: 1; Children Have Geometry: 0; Global X: 37.75; Global Y: 2; Global Z: 0.9; Bounding Box Length: 1; Bounding Box Width: 0.3; Bounding Box Height: 1.5
3Kq7xs0b56dBSrv1a3njHG,,. XDim: 1; YDim: 1.5; Project: Projekt Buerogebaeude; Building: Buerogebaeude; Storey: Erdgeschoss; Top Elevation: 2.4; Bottom Elevation: 0.9; Global Top Elevation: 2.4; Global Bottom Elevation: 0.9; Has Own Geometry: 1; Children Have Geometry: 0; Global X: 36.25; Global Y: 2; Global Z: 0.9; Bounding Box Length: 1; Bounding Box Width: 0.3; Bounding Box Height: 1.5
3vqf9Hbyf0aekufP34bJyv,,. XDim: 1; YDim: 1.5; Project: Projekt Buerogebaeude; Building: Buerogebaeude; Storey: Erdgeschoss; Top Elevation: 2.4; Bottom Elevation: 0.9; Global Top Elevation: 2.4; Global Bottom Elevation: 0.9; Has Own Geometry: 1; Children Have Geometry: 0; Global X: 34.75; Global Y: 2; Global Z: 0.9; Bounding Box Length: 1; Bounding Box Width: 0.3; Bounding Box Height: 1.5
2skL0Kbdz4aPRgkIWMirNZ,,. XDim: 1; YDim: 1.5; Project: Projekt Buerogebaeude; Building: Buerogebaeude; Storey: Erdgeschoss; Top Elevation: 2.4; Bottom Elevation: 0.9; Global Top Elevation: 2.4; Global Bottom Elevation: 0.9; Has Own Geometry: 1; Children Have Geometry: 0; Global X: 33.25; Global Y: 2; Global Z: 0.9; Bounding Box Length: 1; Bounding Box Width: 0.3; Bounding Box Height: 1.5
3RoQodoJ1FXPw7h2C1tWj7,,. XDim: 1; YDim: 1.5; Project: Projekt Buerogebaeude; Building: Buerogebaeude; Storey: Erdgeschoss; Top Elevation: 2.4; Bottom Elevation: 0.9; Global Top Elevation: 2.4; Global Bottom Elevation: 0.9; Has Own Geometry: 1; Children Have Geometry: 0; Global X: 31.75; Global Y: 2; Global Z: 0.9; Bounding Box Length: 1; Bounding Box Width: 0.3; Bounding Box Height: 1.5
15OiiQRKL2dQA6E7IbG0Tr,,. XDim: 1; YDim: 1.5; Project: Projekt Buerogebaeude; Building: Buerogebaeude; Storey: Erdgeschoss; Top Elevation: 2.4; Bottom Elevation: 0.9; Global Top Elevation: 2.4; Global Bottom Elevation: 0.9; Has Own Geometry: 1; Children Have Geometry: 0; Global X: 30.25; Global Y: 2; Global Z: 0.9; Bounding Box Length: 1; Bounding Box Width: 0.3; Bounding Box Height: 1.5
1wb8fXMxn678qPvDo0qmNe,,. XDim: 1; YDim: 1.5; Project: Projekt Buerogebaeude; Building: Buerogebaeude; Storey: Erdgeschoss; Top Elevation: 2.4; Bottom Elevation: 0.9; Global Top Elevation: 2.4; Global Bottom Elevation: 0.9; Has Own Geometry: 1; Children Have Geometry: 0; Global X: 28.75; Global Y: 2; Global Z: 0.9; Bounding Box Length: 1; Bounding Box Width: 0.3; Bounding Box Height: 1.5
3JQBhxviDDhAHH8aO$BwXB,,. XDim: 1; YDim: 1.5; Project: Projekt Buerogebaeude; Building: Buerogebaeude; Storey: Erdgeschoss; Top Elevation: 2.4; Bottom Elevation: 0.9; Global Top Elevation: 2.4; Global Bottom Elevation: 0.9; Has Own Geometry: 1; Children Have Geometry: 0; Global X: 27.25; Global Y: 2; Global Z: 0.9; Bounding Box Length: 1; Bounding Box Width: 0.3; Bounding Box Height: 1.5
3opKqSbv9Arg88r$0_jiJb,,. XDim: 1; YDim: 1.5; Project: Projekt Buerogebaeude; Building: Buerogebaeude; Storey: Erdgeschoss; Top Elevation: 2.4; Bottom Elevation: 0.9; Global Top Elevation: 2.4; Global Bottom Elevation: 0.9; Has Own Geometry: 1; Children Have Geometry: 0; Global X: 25.75; Global Y: 2; Global Z: 0.9; Bounding Box Length: 1; Bounding Box Width: 0.3; Bounding Box Height: 1.5
3Qs2vr4qDAQALMxEs$mYAp,,. XDim: 1; YDim: 1.5; Project: Projekt Buerogebaeude; Building: Buerogebaeude; Storey: Erdgeschoss; Top Elevation: 2.4; Bottom Elevation: 0.9; Global Top Elevation: 2.4; Global Bottom Elevation: 0.9; Has Own Geometry: 1; Children Have Geometry: 0; Global X: 24.25; Global Y: 2; Global Z: 0.9; Bounding Box Length: 1; Bounding Box Width: 0.3; Bounding Box Height: 1.5
2K9eUB2TH6QegneglUje7o,,. XDim: 1; YDim: 1.5; Project: Projekt Buerogebaeude; Building: Buerogebaeude; Storey: Erdgeschoss; Top Elevation: 2.4; Bottom Elevation: 0.9; Global Top Elevation: 2.4; Global Bottom Elevation: 0.9; Has Own Geometry: 1; Children Have Geometry: 0; Global X: 40.65; Global Y: 2; Global Z: 0.9; Bounding Box Length: 1; Bounding Box Width: 0.3; Bounding Box Height: 1.5
1w7i3VLnHBxwkBecZDpTr$,Wand-032,. GrossFootprintArea: 0.6; GrossSideArea: 5.4; GrossVolume: 1.62; Height: 2.7; Length: 2; NetSideArea: 5.4; NetVolume: 1.62; Width: 0.3; IsExternal: 1; LoadBearing: 1; ThermalTransmittance: 0.3; Project: Projekt Buerogebaeude; Building: Buerogebaeude; Storey: Erdgeschoss; Top Elevation: 2.7; Bottom Elevation: 0; Global Top Elevation: 2.7; Global Bottom Elevation: 0; Has Own Geometry: 1; Children Have Geometry: 0; Global X: 18; Global Y: 13.7; Global Z: 0; Bounding Box Length: 0.300000000000001; Bounding Box Width: 2.3; Bounding Box Height: 2.7; Layer: Außenwände
1DPAiLw8z7UOS6MROTEe9q,Wand-003,. GrossFootprintArea: 3.465; GrossSideArea: 32.4; GrossVolume: 9.3555; Height: 2.7; Length: 12; NetSideArea: 28.62; NetVolume: 8.2215; Width: 0.3; IsExternal: 0; LoadBearing: 1; ThermalTransmittance: 0.3; Project: Projekt Buerogebaeude; Building: Buerogebaeude; Storey: Erdgeschoss; Top Elevation: 2.7; Bottom Elevation: 0; Global Top Elevation: 2.7; Global Bottom Elevation: 0; Has Own Geometry: 1; Children Have Geometry: 1; Global X: 18; Global Y: 2; Global Z: 0; Bounding Box Length: 0.300000000000001; Bounding Box Width: 11.7; Bounding Box Height: 2.7; Layer: Außenwände
1z0jj_5HH2nOD5OatoHU_$,,. XDim: 1.8; YDim: 2.1; Project: Projekt Buerogebaeude; Building: Buerogebaeude; Storey: Erdgeschoss; Top Elevation: 2.1; Bottom Elevation: 0; Global Top Elevation: 2.1; Global Bottom Elevation: 0; Has Own Geometry: 1; Children Have Geometry: 0; Global X: 18; Global Y: 7.0996001; Global Z: 0; Bounding Box Length: 0.300000000000001; Bounding Box Width: 1.8; Bounding Box Height: 2.1
3UHq8yqkf4oQOgspFsMBg$,Wand-005,. GrossFootprintArea: 3.465; GrossSideArea: 32.4; GrossVolume: 9.3555; Height: 2.7; Length: 12; NetSideArea: 28.62; NetVolume: 8.2215; Width: 0.3; IsExternal: 0; LoadBearing: 1; ThermalTransmittance: 0.3; Project: Projekt Buerogebaeude; Building: Buerogebaeude; Storey: Erdgeschoss; Top Elevation: 2.7; Bottom Elevation: 0; Global Top Elevation: 2.7; Global Bottom Elevation: 0; Has Own Geometry: 1; Children Have Geometry: 1; Global X: 23.7; Global Y: 2; Global Z: 0; Bounding Box Length: 0.300000000000001; Bounding Box Width: 11.7; Bounding Box Height: 2.7; Layer: Außenwände
3azsjmFvL1lBtkBSlJNeAw,,. XDim: 1.8; YDim: 2.1; Project: Projekt Buerogebaeude; Building: Buerogebaeude; Storey: Erdgeschoss; Top Elevation: 2.1; Bottom Elevation: 0; Global Top Elevation: 2.1; Global Bottom Elevation: 0; Has Own Geometry: 1; Children Have Geometry: 0; Global X: 23.7; Global Y: 7.1; Global Z: 0; Bounding Box Length: 0.300000000000001; Bounding Box Width: 1.8; Bounding Box Height: 2.1
19sGy1PrHF_g3O1l2OlGZg,Wand-033,. GrossFootprintArea: 0.6; GrossSideArea: 5.4; GrossVolume: 1.62; Height: 2.7; Length: 2; NetSideArea: 5.4; NetVolume: 1.62; Width: 0.3; IsExternal: 1; LoadBearing: 1; ThermalTransmittance: 0.3; Project: Projekt Buerogebaeude; Building: Buerogebaeude; Storey: Erdgeschoss; Top Elevation: 2.7; Bottom Elevation: 0; Global Top Elevation: 2.7; Global Bottom Elevation: 0; Has Own Geometry: 1; Children Have Geometry: 0; Global X: 23.7; Global Y: 13.7; Global Z: 0; Bounding Box Length: 0.300000000000001; Bounding Box Width: 2.3; Bounding Box Height: 2.7; Layer: Außenwände
0tNy_iP2b0Ge3YC49v0CwY,Wand-003,. GrossFootprintArea: 0.555; GrossSideArea: 5.4; GrossVolume: 1.4985; Height: 2.7; Length: 2; NetSideArea: 3.6; NetVolume: 0.9585; Width: 0.3; IsExternal: 1; LoadBearing: 1; ThermalTransmittance: 0.3; Project: Projekt Buerogebaeude; Building: Buerogebaeude; Storey: Erdgeschoss; Top Elevation: 2.7; Bottom Elevation: 0; Global Top Elevation: 2.7; Global Bottom Elevation: 0; Has Own Geometry: 1; Children Have Geometry: 1; Global X: 18; Global Y: 0; Global Z: 0; Bounding Box Length: 0.300000000000001; Bounding Box Width: 2; Bounding Box Height: 2.7; Layer: Außenwände
2EY5MLXFnBKQf7tKxp5ffk,,. XDim: 0.9; YDim: 2; Project: Projekt Buerogebaeude; Building: Buerogebaeude; Storey: Erdgeschoss; Top Elevation: 2.1; Bottom Elevation: 0.0999999999999996; Global Top Elevation: 2.1; Global Bottom Elevation: 0.0999999999999996; Has Own Geometry: 1; Children Have Geometry: 0; Global X: 18; Global Y: 0.55; Global Z: 0.0999999999999996; Bounding Box Length: 0.300000000000001; Bounding Box Width: 0.9; Bounding Box Height: 2
054SZ4_9H5tRVfRLsmTmFu,Wand-005,. GrossFootprintArea: 0.555; GrossSideArea: 5.4; GrossVolume: 1.4985; Height: 2.7; Length: 2; NetSideArea: 3.6; NetVolume: 0.9585; Width: 0.3; IsExternal: 1; LoadBearing: 1; ThermalTransmittance: 0.3; Project: Projekt Buerogebaeude; Building: Buerogebaeude; Storey: Erdgeschoss; Top Elevation: 2.7; Bottom Elevation: 0; Global Top Elevation: 2.7; Global Bottom Elevation: 0; Has Own Geometry: 1; Children Have Geometry: 1; Global X: 23.7; Global Y: 0; Global Z: 0; Bounding Box Length: 0.300000000000001; Bounding Box Width: 2; Bounding Box Height: 2.7; Layer: Außenwände
3lKAN4EEPDvf$k4oV0j53x,,. XDim: 0.9; YDim: 2; Project: Projekt Buerogebaeude; Building: Buerogebaeude; Storey: Erdgeschoss; Top Elevation: 2.1; Bottom Elevation: 0.0999999999999996; Global Top Elevation: 2.1; Global Bottom Elevation: 0.0999999999999996; Has Own Geometry: 1; Children Have Geometry: 0; Global X: 23.7; Global Y: 0.55; Global Z: 0.0999999999999996; Bounding Box Length: 0.300000000000001; Bounding Box Width: 0.9; Bounding Box Height: 2
1$wm4f6k99XRQrMNEvL_1P,Fenster-009,. IsExternal: 1; ThermalTransmittance: 1.4; Project: Projekt Buerogebaeude; Building: Buerogebaeude; Storey: Erdgeschoss; Top Elevation: 2.4; Bottom Elevation: 0.9; Global Top Elevation: 2.4; Global Bottom Elevation: 0.9; Has Own Geometry: 1; Children Have Geometry: 0; Global X: 0.115000000000002; Global Y: 7.55; Global Z: 0.9; Bounding Box Length: 0.0749999999999993; Bounding Box Width: 0.9; Bounding Box Height: 1.5; Layer: Außenwände
0HtsZ3YcbDMwJN3vvrSgK9,Fenster-008,. IsExternal: 1; ThermalTransmittance: 1.4; Project: Projekt Buerogebaeude; Building: Buerogebaeude; Storey: Erdgeschoss; Top Elevation: 2.4; Bottom Elevation: 0.9; Global Top Elevation: 2.4; Global Bottom Elevation: 0.9; Has Own Geometry: 1; Children Have Geometry: 0; Global X: 41.81; Global Y: 7.55; Global Z: 0.9; Bounding Box Length: 0.0750000000000099; Bounding Box Width: 0.899999999999999; Bounding Box Height: 1.5; Layer: Außenwände
3_CZje0qzFFfsJdg65CoF_,Fenster-002,. IsExternal: 1; ThermalTransmittance: 1.4; Project: Projekt Buerogebaeude; Building: Buerogebaeude; Storey: Erdgeschoss; Top Elevation: 2.4; Bottom Elevation: 0.9; Global Top Elevation: 2.4; Global Bottom Elevation: 0.9; Has Own Geometry: 1; Children Have Geometry: 0; Global X: 1.75; Global Y: 2.115; Global Z: 0.9; Bounding Box Length: 1; Bounding Box Width: 0.0750000000000002; Bounding Box Height: 1.5; Layer: Außenwände
2fB1Cm3Gn6SRIusC52HTGe,Fenster-002,. IsExternal: 1; ThermalTransmittance: 1.4; Project: Projekt Buerogebaeude; Building: Buerogebaeude; Storey: Erdgeschoss; Top Elevation: 2.4; Bottom Elevation: 0.9; Global Top Elevation: 2.4; Global Bottom Elevation: 0.9; Has Own Geometry: 1; Children Have Geometry: 0; Global X: 3.25; Global Y: 2.115; Global Z: 0.9; Bounding Box Length: 1; Bounding Box Width: 0.0750000000000002; Bounding Box Height: 1.5; Layer: Außenwände
23NwekTZP52g8Rswy$C86L,Fenster-002,. IsExternal: 1; ThermalTransmittance: 1.4; Project: Projekt Buerogebaeude; Building: Buerogebaeude; Storey: Erdgeschoss; Top Elevation: 2.4; Bottom Elevation: 0.9; Global Top Elevation: 2.4; Global Bottom Elevation: 0.9; Has Own Geometry: 1; Children Have Geometry: 0; Global X: 4.75; Global Y: 2.115; Global Z: 0.9; Bounding Box Length: 1; Bounding Box Width: 0.0750000000000002; Bounding Box Height: 1.5; Layer: Außenwände
0ChVXF3Lj3cv66fcKII9ok,Fenster-002,. IsExternal: 1; ThermalTransmittance: 1.4; Project: Projekt Buerogebaeude; Building: Buerogebaeude; Storey: Erdgeschoss; Top Elevation: 2.4; Bottom Elevation: 0.9; Global Top Elevation: 2.4; Global Bottom Elevation: 0.9; Has Own Geometry: 1; Children Have Geometry: 0; Global X: 6.25; Global Y: 2.115; Global Z: 0.9; Bounding Box Length: 1; Bounding Box Width: 0.0750000000000002; Bounding Box Height: 1.5; Layer: Außenwände
38g7R7wXv17gWe71J1QVvg,Fenster-002,. IsExternal: 1; ThermalTransmittance: 1.4; Project: Projekt Buerogebaeude; Building: Buerogebaeude; Storey: Erdgeschoss; Top Elevation: 2.4; Bottom Elevation: 0.9; Global Top Elevation: 2.4; Global Bottom Elevation: 0.9; Has Own Geometry: 1; Children Have Geometry: 0; Global X: 7.75; Global Y: 2.115; Global Z: 0.9; Bounding Box Length: 1; Bounding Box Width: 0.0750000000000002; Bounding Box Height: 1.5; Layer: Außenwände
3cfqOXb3f3Ow95PuTGA8ge,Fenster-002,. IsExternal: 1; ThermalTransmittance: 1.4; Project: Projekt Buerogebaeude; Building: Buerogebaeude; Storey: Erdgeschoss; Top Elevation: 2.4; Bottom Elevation: 0.9; Global Top Elevation: 2.4; Global Bottom Elevation: 0.9; Has Own Geometry: 1; Children Have Geometry: 0; Global X: 9.25; Global Y: 2.115; Global Z: 0.9; Bounding Box Length: 1; Bounding Box Width: 0.0750000000000002; Bounding Box Height: 1.5; Layer: Außenwände
3c$Xo8yh56dgtfpqOlOZSt,Fenster-002,. IsExternal: 1; ThermalTransmittance: 1.4; Project: Projekt Buerogebaeude; Building: Buerogebaeude; Storey: Erdgeschoss; Top Elevation: 2.4; Bottom Elevation: 0.9; Global Top Elevation: 2.4; Global Bottom Elevation: 0.9; Has Own Geometry: 1; Children Have Geometry: 0; Global X: 10.75; Global Y: 2.115; Global Z: 0.9; Bounding Box Length: 1; Bounding Box Width: 0.0750000000000002; Bounding Box Height: 1.5; Layer: Außenwände
0MhDBT4Xn35BdD0XgN2Zqz,Fenster-002,. IsExternal: 1; ThermalTransmittance: 1.4; Project: Projekt Buerogebaeude; Building: Buerogebaeude; Storey: Erdgeschoss; Top Elevation: 2.4; Bottom Elevation: 0.9; Global Top Elevation: 2.4; Global Bottom Elevation: 0.9; Has Own Geometry: 1; Children Have Geometry: 0; Global X: 12.25; Global Y: 2.115; Global Z: 0.9; Bounding Box Length: 1; Bounding Box Width: 0.0750000000000002; Bounding Box Height: 1.5; Layer: Außenwände
2SkcgVRZT55eBv9ib8QmcA,Fenster-002,. IsExternal: 1; ThermalTransmittance: 1.4; Project: Projekt Buerogebaeude; Building: Buerogebaeude; Storey: Erdgeschoss; Top Elevation: 2.4; Bottom Elevation: 0.9; Global Top Elevation: 2.4; Global Bottom Elevation: 0.9; Has Own Geometry: 1; Children Have Geometry: 0; Global X: 13.75; Global Y: 2.115; Global Z: 0.9; Bounding Box Length: 1; Bounding Box Width: 0.0750000000000002; Bounding Box Height: 1.5; Layer: Außenwände
1Irg_U9z1CFgCoHXTaJ73y,Fenster-002,. IsExternal: 1; ThermalTransmittance: 1.4; Project: Projekt Buerogebaeude; Building: Buerogebaeude; Storey: Erdgeschoss; Top Elevation: 2.4; Bottom Elevation: 0.9; Global Top Elevation: 2.4; Global Bottom Elevation: 0.9; Has Own Geometry: 1; Children Have Geometry: 0; Global X: 15.25; Global Y: 2.115; Global Z: 0.9; Bounding Box Length: 1; Bounding Box Width: 0.0750000000000002; Bounding Box Height: 1.5; Layer: Außenwände
1fPWXlbezBARmrmO_Y9jDU,Fenster-002,. IsExternal: 1; ThermalTransmittance: 1.4; Project: Projekt Buerogebaeude; Building: Buerogebaeude; Storey: Erdgeschoss; Top Elevation: 2.4; Bottom Elevation: 0.9; Global Top Elevation: 2.4; Global Bottom Elevation: 0.9; Has Own Geometry: 1; Children Have Geometry: 0; Global X: 16.75; Global Y: 2.115; Global Z: 0.9; Bounding Box Length: 1; Bounding Box Width: 0.0750000000000002; Bounding Box Height: 1.5; Layer: Außenwände
0CGHrXiHv4HBY05$ose5V2,Fenster-002,. IsExternal: 1; ThermalTransmittance: 1.4; Project: Projekt Buerogebaeude; Building: Buerogebaeude; Storey: Erdgeschoss; Top Elevation: 2.4; Bottom Elevation: 0.9; Global Top Elevation: 2.4; Global Bottom Elevation: 0.9; Has Own Geometry: 1; Children Have Geometry: 0; Global X: 0.350000000000001; Global Y: 2.115; Global Z: 0.9; Bounding Box Length: 1; Bounding Box Width: 0.0750000000000002; Bounding Box Height: 1.5; Layer: Außenwände
0KqFIy5jL1Mgh2ggQ4WLch,Fenster-012,. IsExternal: 1; ThermalTransmittance: 1.4; Project: Projekt Buerogebaeude; Building: Buerogebaeude; Storey: Erdgeschoss; Top Elevation: 2.1; Bottom Elevation: 0.0999999999999996; Global Top Elevation: 2.1; Global Bottom Elevation: 0.0999999999999996; Has Own Geometry: 1; Children Have Geometry: 0; Global X: 18.5; Global Y: 0.115; Global Z: 0.0999999999999996; Bounding Box Length: 1; Bounding Box Width: 0.0750000000000002; Bounding Box Height: 2; Layer: Außenwände
2UjUodKnf77PmcAVpITSgL,Fenster-013,. IsExternal: 1; ThermalTransmittance: 1.4; Project: Projekt Buerogebaeude; Building: Buerogebaeude; Storey: Erdgeschoss; Top Elevation: 2.1; Bottom Elevation: 0.0999999999999996; Global Top Elevation: 2.1; Global Bottom Elevation: 0.0999999999999996; Has Own Geometry: 1; Children Have Geometry: 0; Global X: 22.55; Global Y: 0.115; Global Z: 0.0999999999999996; Bounding Box Length: 0.899999999999999; Bounding Box Width: 0.0750000000000002; Bounding Box Height: 2; Layer: Außenwände
12QSop5nvChgTKqP9gJXTR,Fenster-004,. IsExternal: 1; ThermalTransmittance: 1.4; Project: Projekt Buerogebaeude; Building: Buerogebaeude; Storey: Erdgeschoss; Top Elevation: 2.4; Bottom Elevation: 0.9; Global Top Elevation: 2.4; Global Bottom Elevation: 0.9; Has Own Geometry: 1; Children Have Geometry: 0; Global X: 1.75; Global Y: 13.81; Global Z: 0.9; Bounding Box Length: 1; Bounding Box Width: 0.0750000000000011; Bounding Box Height: 1.5; Layer: Außenwände
2zcvnUe5n40gqSh$BlyVaH,Fenster-004,. IsExternal: 1; ThermalTransmittance: 1.4; Project: Projekt Buerogebaeude; Building: Buerogebaeude; Storey: Erdgeschoss; Top Elevation: 2.4; Bottom Elevation: 0.9; Global Top Elevation: 2.4; Global Bottom Elevation: 0.9; Has Own Geometry: 1; Children Have Geometry: 0; Global X: 3.25; Global Y: 13.81; Global Z: 0.9; Bounding Box Length: 1; Bounding Box Width: 0.0750000000000011; Bounding Box Height: 1.5; Layer: Außenwände
0WJMcpbbzA2e6$Z5dpYikp,Fenster-004,. IsExternal: 1; ThermalTransmittance: 1.4; Project: Projekt Buerogebaeude; Building: Buerogebaeude; Storey: Erdgeschoss; Top Elevation: 2.4; Bottom Elevation: 0.9; Global Top Elevation: 2.4; Global Bottom Elevation: 0.9; Has Own Geometry: 1; Children Have Geometry: 0; Global X: 4.75; Global Y: 13.81; Global Z: 0.9; Bounding Box Length: 1; Bounding Box Width: 0.0750000000000011; Bounding Box Height: 1.5; Layer: Außenwände
1KKnvDZrr6qPZi0fbRfk_i,Fenster-004,. IsExternal: 1; ThermalTransmittance: 1.4; Project: Projekt Buerogebaeude; Building: Buerogebaeude; Storey: Erdgeschoss; Top Elevation: 2.4; Bottom Elevation: 0.9; Global Top Elevation: 2.4; Global Bottom Elevation: 0.9; Has Own Geometry: 1; Children Have Geometry: 0; Global X: 6.25; Global Y: 13.81; Global Z: 0.9; Bounding Box Length: 1; Bounding Box Width: 0.0750000000000011; Bounding Box Height: 1.5; Layer: Außenwände
3cjmnELbT4ZgU434Wpw8$2,Fenster-004,. IsExternal: 1; ThermalTransmittance: 1.4; Project: Projekt Buerogebaeude; Building: Buerogebaeude; Storey: Erdgeschoss; Top Elevation: 2.4; Bottom Elevation: 0.9; Global Top Elevation: 2.4; Global Bottom Elevation: 0.9; Has Own Geometry: 1; Children Have Geometry: 0; Global X: 7.75; Global Y: 13.81; Global Z: 0.9; Bounding Box Length: 1; Bounding Box Width: 0.0750000000000011; Bounding Box Height: 1.5; Layer: Außenwände
0pPpDUymrBF8Wc$W7Gv4T$,Fenster-004,. IsExternal: 1; ThermalTransmittance: 1.4; Project: Projekt Buerogebaeude; Building: Buerogebaeude; Storey: Erdgeschoss; Top Elevation: 2.4; Bottom Elevation: 0.9; Global Top Elevation: 2.4; Global Bottom Elevation: 0.9; Has Own Geometry: 1; Children Have Geometry: 0; Global X: 9.25; Global Y: 13.81; Global Z: 0.9; Bounding Box Length: 1; Bounding Box Width: 0.0750000000000011; Bounding Box Height: 1.5; Layer: Außenwände
27$3O5O5r4zP4FJdp1zwdN,Fenster-004,. IsExternal: 1; ThermalTransmittance: 1.4; Project: Projekt Buerogebaeude; Building: Buerogebaeude; Storey: Erdgeschoss; Top Elevation: 2.4; Bottom Elevation: 0.9; Global Top Elevation: 2.4; Global Bottom Elevation: 0.9; Has Own Geometry: 1; Children Have Geometry: 0; Global X: 10.75; Global Y: 13.81; Global Z: 0.9; Bounding Box Length: 1; Bounding Box Width: 0.0750000000000011; Bounding Box Height: 1.5; Layer: Außenwände
31WZqUkqr2U9UpIQCAkHVB,Fenster-004,. IsExternal: 1; ThermalTransmittance: 1.4; Project: Projekt Buerogebaeude; Building: Buerogebaeude; Storey: Erdgeschoss; Top Elevation: 2.4; Bottom Elevation: 0.9; Global Top Elevation: 2.4; Global Bottom Elevation: 0.9; Has Own Geometry: 1; Children Have Geometry: 0; Global X: 12.25; Global Y: 13.81; Global Z: 0.9; Bounding Box Length: 1; Bounding Box Width: 0.0750000000000011; Bounding Box Height: 1.5; Layer: Außenwände
3HyKYtosrEC96fPRcfU8a1,Fenster-004,. IsExternal: 1; ThermalTransmittance: 1.4; Project: Projekt Buerogebaeude; Building: Buerogebaeude; Storey: Erdgeschoss; Top Elevation: 2.4; Bottom Elevation: 0.9; Global Top Elevation: 2.4; Global Bottom Elevation: 0.9; Has Own Geometry: 1; Children Have Geometry: 0; Global X: 13.75; Global Y: 13.81; Global Z: 0.9; Bounding Box Length: 1; Bounding Box Width: 0.0750000000000011; Bounding Box Height: 1.5; Layer: Außenwände
1vevu6ekH25hciBayNqSbV,Fenster-004,. IsExternal: 1; ThermalTransmittance: 1.4; Project: Projekt Buerogebaeude; Building: Buerogebaeude; Storey: Erdgeschoss; Top Elevation: 2.4; Bottom Elevation: 0.9; Global Top Elevation: 2.4; Global Bottom Elevation: 0.9; Has Own Geometry: 1; Children Have Geometry: 0; Global X: 15.25; Global Y: 13.81; Global Z: 0.9; Bounding Box Length: 1; Bounding Box Width: 0.0750000000000011; Bounding Box Height: 1.5; Layer: Außenwände
2tqQAKnbb9Puqr69a3n37D,Fenster-004,. IsExternal: 1; ThermalTransmittance: 1.4; Project: Projekt Buerogebaeude; Building: Buerogebaeude; Storey: Erdgeschoss; Top Elevation: 2.4; Bottom Elevation: 0.9; Global Top Elevation: 2.4; Global Bottom Elevation: 0.9; Has Own Geometry: 1; Children Have Geometry: 0; Global X: 16.75; Global Y: 13.81; Global Z: 0.9; Bounding Box Length: 1; Bounding Box Width: 0.0750000000000011; Bounding Box Height: 1.5; Layer: Außenwände
0td876Op155QAh5MHPRO05,Fenster-004,. IsExternal: 1; ThermalTransmittance: 1.4; Project: Projekt Buerogebaeude; Building: Buerogebaeude; Storey: Erdgeschoss; Top Elevation: 2.4; Bottom Elevation: 0.9; Global Top Elevation: 2.4; Global Bottom Elevation: 0.9; Has Own Geometry: 1; Children Have Geometry: 0; Global X: 0.350000000000001; Global Y: 13.81; Global Z: 0.9; Bounding Box Length: 1; Bounding Box Width: 0.0750000000000011; Bounding Box Height: 1.5; Layer: Außenwände
3g8MS5YmX0Zx4Mf2deNLEd,Fenster-005,. IsExternal: 1; ThermalTransmittance: 1.4; Project: Projekt Buerogebaeude; Building: Buerogebaeude; Storey: Erdgeschoss; Top Elevation: 2.4; Bottom Elevation: 0.9; Global Top Elevation: 2.4; Global Bottom Elevation: 0.9; Has Own Geometry: 1; Children Have Geometry: 0; Global X: 25.75; Global Y: 13.81; Global Z: 0.9; Bounding Box Length: 1; Bounding Box Width: 0.0750000000000011; Bounding Box Height: 1.5; Layer: Außenwände
2BKSigZcT9LPO64JjoTNF4,Fenster-005,. IsExternal: 1; ThermalTransmittance: 1.4; Project: Projekt Buerogebaeude; Building: Buerogebaeude; Storey: Erdgeschoss; Top Elevation: 2.4; Bottom Elevation: 0.9; Global Top Elevation: 2.4; Global Bottom Elevation: 0.9; Has Own Geometry: 1; Children Have Geometry: 0; Global X: 27.25; Global Y: 13.81; Global Z: 0.9; Bounding Box Length: 1; Bounding Box Width: 0.0750000000000011; Bounding Box Height: 1.5; Layer: Außenwände
2PhD4lAaLA3PMKnfhSTJ9q,Fenster-005,. IsExternal: 1; ThermalTransmittance: 1.4; Project: Projekt Buerogebaeude; Building: Buerogebaeude; Storey: Erdgeschoss; Top Elevation: 2.4; Bottom Elevation: 0.9; Global Top Elevation: 2.4; Global Bottom Elevation: 0.9; Has Own Geometry: 1; Children Have Geometry: 0; Global X: 28.75; Global Y: 13.81; Global Z: 0.9; Bounding Box Length: 1; Bounding Box Width: 0.0750000000000011; Bounding Box Height: 1.5; Layer: Außenwände
0$6TgsobP9PPnqNXqQeskc,Fenster-005,. IsExternal: 1; ThermalTransmittance: 1.4; Project: Projekt Buerogebaeude; Building: Buerogebaeude; Storey: Erdgeschoss; Top Elevation: 2.4; Bottom Elevation: 0.9; Global Top Elevation: 2.4; Global Bottom Elevation: 0.9; Has Own Geometry: 1; Children Have Geometry: 0; Global X: 30.25; Global Y: 13.81; Global Z: 0.9; Bounding Box Length: 1; Bounding Box Width: 0.0750000000000011; Bounding Box Height: 1.5; Layer: Außenwände
3HAt_XvHb13AE8gYn28I5g,Fenster-005,. IsExternal: 1; ThermalTransmittance: 1.4; Project: Projekt Buerogebaeude; Building: Buerogebaeude; Storey: Erdgeschoss; Top Elevation: 2.4; Bottom Elevation: 0.9; Global Top Elevation: 2.4; Global Bottom Elevation: 0.9; Has Own Geometry: 1; Children Have Geometry: 0; Global X: 31.75; Global Y: 13.81; Global Z: 0.9; Bounding Box Length: 1; Bounding Box Width: 0.0750000000000011; Bounding Box Height: 1.5; Layer: Außenwände
2hnpR8mzTAn9yDg7byDsCY,Fenster-005,. IsExternal: 1; ThermalTransmittance: 1.4; Project: Projekt Buerogebaeude; Building: Buerogebaeude; Storey: Erdgeschoss; Top Elevation: 2.4; Bottom Elevation: 0.9; Global Top Elevation: 2.4; Global Bottom Elevation: 0.9; Has Own Geometry: 1; Children Have Geometry: 0; Global X: 33.25; Global Y: 13.81; Global Z: 0.9; Bounding Box Length: 1; Bounding Box Width: 0.0750000000000011; Bounding Box Height: 1.5; Layer: Außenwände
0S8yN4GYfAcee_3jT9azuZ,Fenster-005,. IsExternal: 1; ThermalTransmittance: 1.4; Project: Projekt Buerogebaeude; Building: Buerogebaeude; Storey: Erdgeschoss; Top Elevation: 2.4; Bottom Elevation: 0.9; Global Top Elevation: 2.4; Global Bottom Elevation: 0.9; Has Own Geometry: 1; Children Have Geometry: 0; Global X: 34.75; Global Y: 13.81; Global Z: 0.9; Bounding Box Length: 1; Bounding Box Width: 0.0750000000000011; Bounding Box Height: 1.5; Layer: Außenwände
1s2ucU7sz6WPNdY1u8lvSQ,Fenster-005,. IsExternal: 1; ThermalTransmittance: 1.4; Project: Projekt Buerogebaeude; Building: Buerogebaeude; Storey: Erdgeschoss; Top Elevation: 2.4; Bottom Elevation: 0.9; Global Top Elevation: 2.4; Global Bottom Elevation: 0.9; Has Own Geometry: 1; Children Have Geometry: 0; Global X: 36.25; Global Y: 13.81; Global Z: 0.9; Bounding Box Length: 1; Bounding Box Width: 0.0750000000000011; Bounding Box Height: 1.5; Layer: Außenwände
2lwCvFBUz95BAyapPUrPcM,Fenster-005,. IsExternal: 1; ThermalTransmittance: 1.4; Project: Projekt Buerogebaeude; Building: Buerogebaeude; Storey: Erdgeschoss; Top Elevation: 2.4; Bottom Elevation: 0.9; Global Top Elevation: 2.4; Global Bottom Elevation: 0.9; Has Own Geometry: 1; Children Have Geometry: 0; Global X: 37.75; Global Y: 13.81; Global Z: 0.9; Bounding Box Length: 1; Bounding Box Width: 0.0750000000000011; Bounding Box Height: 1.5; Layer: Außenwände
3cBLzORtrFxwCaZldEUxGm,Fenster-005,. IsExternal: 1; ThermalTransmittance: 1.4; Project: Projekt Buerogebaeude; Building: Buerogebaeude; Storey: Erdgeschoss; Top Elevation: 2.4; Bottom Elevation: 0.9; Global Top Elevation: 2.4; Global Bottom Elevation: 0.9; Has Own Geometry: 1; Children Have Geometry: 0; Global X: 39.25; Global Y: 13.81; Global Z: 0.9; Bounding Box Length: 1; Bounding Box Width: 0.0750000000000011; Bounding Box Height: 1.5; Layer: Außenwände
1fN0dUKvfE4x8uHeMcb2A4,Fenster-005,. IsExternal: 1; ThermalTransmittance: 1.4; Project: Projekt Buerogebaeude; Building: Buerogebaeude; Storey: Erdgeschoss; Top Elevation: 2.4; Bottom Elevation: 0.9; Global Top Elevation: 2.4; Global Bottom Elevation: 0.9; Has Own Geometry: 1; Children Have Geometry: 0; Global X: 24.25; Global Y: 13.81; Global Z: 0.9; Bounding Box Length: 1; Bounding Box Width: 0.0750000000000011; Bounding Box Height: 1.5; Layer: Außenwände
2C1mTF6lD8mgYJqKrvvqbc,Fenster-005,. IsExternal: 1; ThermalTransmittance: 1.4; Project: Projekt Buerogebaeude; Building: Buerogebaeude; Storey: Erdgeschoss; Top Elevation: 2.4; Bottom Elevation: 0.9; Global Top Elevation: 2.4; Global Bottom Elevation: 0.9; Has Own Geometry: 1; Children Have Geometry: 0; Global X: 40.65; Global Y: 13.81; Global Z: 0.9; Bounding Box Length: 1; Bounding Box Width: 0.0750000000000011; Bounding Box Height: 1.5; Layer: Außenwände
08EvXe7d51ZhzVtSteieto,Fenster-003,. IsExternal: 1; ThermalTransmittance: 1.4; Project: Projekt Buerogebaeude; Building: Buerogebaeude; Storey: Erdgeschoss; Top Elevation: 2.4; Bottom Elevation: 0.9; Global Top Elevation: 2.4; Global Bottom Elevation: 0.9; Has Own Geometry: 1; Children Have Geometry: 0; Global X: 39.25; Global Y: 2.115; Global Z: 0.9; Bounding Box Length: 1; Bounding Box Width: 0.0750000000000002; Bounding Box Height: 1.5; Layer: Außenwände
1t4Zdb3Vv8mQLPoMeqevrn,Fenster-003,. IsExternal: 1; ThermalTransmittance: 1.4; Project: Projekt Buerogebaeude; Building: Buerogebaeude; Storey: Erdgeschoss; Top Elevation: 2.4; Bottom Elevation: 0.9; Global Top Elevation: 2.4; Global Bottom Elevation: 0.9; Has Own Geometry: 1; Children Have Geometry: 0; Global X: 37.75; Global Y: 2.115; Global Z: 0.9; Bounding Box Length: 1; Bounding Box Width: 0.0750000000000002; Bounding Box Height: 1.5; Layer: Außenwände
2agthUitrEmRxrqwwPaejP,Fenster-003,. IsExternal: 1; ThermalTransmittance: 1.4; Project: Projekt Buerogebaeude; Building: Buerogebaeude; Storey: Erdgeschoss; Top Elevation: 2.4; Bottom Elevation: 0.9; Global Top Elevation: 2.4; Global Bottom Elevation: 0.9; Has Own Geometry: 1; Children Have Geometry: 0; Global X: 36.25; Global Y: 2.115; Global Z: 0.9; Bounding Box Length: 1; Bounding Box Width: 0.0750000000000002; Bounding Box Height: 1.5; Layer: Außenwände
3o$pVJjC5EqBVH2ZRwJMcp,Fenster-003,. IsExternal: 1; ThermalTransmittance: 1.4; Project: Projekt Buerogebaeude; Building: Buerogebaeude; Storey: Erdgeschoss; Top Elevation: 2.4; Bottom Elevation: 0.9; Global Top Elevation: 2.4; Global Bottom Elevation: 0.9; Has Own Geometry: 1; Children Have Geometry: 0; Global X: 34.75; Global Y: 2.115; Global Z: 0.9; Bounding Box Length: 1; Bounding Box Width: 0.0750000000000002; Bounding Box Height: 1.5; Layer: Außenwände
3hUHz9q29098WsMJ20lZFe,Fenster-003,. IsExternal: 1; ThermalTransmittance: 1.4; Project: Projekt Buerogebaeude; Building: Buerogebaeude; Storey: Erdgeschoss; Top Elevation: 2.4; Bottom Elevation: 0.9; Global Top Elevation: 2.4; Global Bottom Elevation: 0.9; Has Own Geometry: 1; Children Have Geometry: 0; Global X: 33.25; Global Y: 2.115; Global Z: 0.9; Bounding Box Length: 1; Bounding Box Width: 0.0750000000000002; Bounding Box Height: 1.5; Layer: Außenwände
0uUUWyhx96pOZ1f$3c_du9,Fenster-003,. IsExternal: 1; ThermalTransmittance: 1.4; Project: Projekt Buerogebaeude; Building: Buerogebaeude; Storey: Erdgeschoss; Top Elevation: 2.4; Bottom Elevation: 0.9; Global Top Elevation: 2.4; Global Bottom Elevation: 0.9; Has Own Geometry: 1; Children Have Geometry: 0; Global X: 31.75; Global Y: 2.115; Global Z: 0.9; Bounding Box Length: 1; Bounding Box Width: 0.0750000000000002; Bounding Box Height: 1.5; Layer: Außenwände
3qlaFAAcPAeh1wBxQgEJ1O,Fenster-003,. IsExternal: 1; ThermalTransmittance: 1.4; Project: Projekt Buerogebaeude; Building: Buerogebaeude; Storey: Erdgeschoss; Top Elevation: 2.4; Bottom Elevation: 0.9; Global Top Elevation: 2.4; Global Bottom Elevation: 0.9; Has Own Geometry: 1; Children Have Geometry: 0; Global X: 30.25; Global Y: 2.115; Global Z: 0.9; Bounding Box Length: 1; Bounding Box Width: 0.0750000000000002; Bounding Box Height: 1.5; Layer: Außenwände
000vZ5hTfBgR1R0ytKrVZS,Fenster-003,. IsExternal: 1; ThermalTransmittance: 1.4; Project: Projekt Buerogebaeude; Building: Buerogebaeude; Storey: Erdgeschoss; Top Elevation: 2.4; Bottom Elevation: 0.9; Global Top Elevation: 2.4; Global Bottom Elevation: 0.9; Has Own Geometry: 1; Children Have Geometry: 0; Global X: 28.75; Global Y: 2.115; Global Z: 0.9; Bounding Box Length: 1; Bounding Box Width: 0.0750000000000002; Bounding Box Height: 1.5; Layer: Außenwände
1VhUd1CGD2g8UutVlYLkue,Fenster-003,. IsExternal: 1; ThermalTransmittance: 1.4; Project: Projekt Buerogebaeude; Building: Buerogebaeude; Storey: Erdgeschoss; Top Elevation: 2.4; Bottom Elevation: 0.9; Global Top Elevation: 2.4; Global Bottom Elevation: 0.9; Has Own Geometry: 1; Children Have Geometry: 0; Global X: 27.25; Global Y: 2.115; Global Z: 0.9; Bounding Box Length: 1; Bounding Box Width: 0.0750000000000002; Bounding Box Height: 1.5; Layer: Außenwände
1tD8H76Wj8rwVBPPIEaOBk,Fenster-003,. IsExternal: 1; ThermalTransmittance: 1.4; Project: Projekt Buerogebaeude; Building: Buerogebaeude; Storey: Erdgeschoss; Top Elevation: 2.4; Bottom Elevation: 0.9; Global Top Elevation: 2.4; Global Bottom Elevation: 0.9; Has Own Geometry: 1; Children Have Geometry: 0; Global X: 25.75; Global Y: 2.115; Global Z: 0.9; Bounding Box Length: 1; Bounding Box Width: 0.0750000000000002; Bounding Box Height: 1.5; Layer: Außenwände
28jtanJLnD68zXO6BYmgve,Fenster-003,. IsExternal: 1; ThermalTransmittance: 1.4; Project: Projekt Buerogebaeude; Building: Buerogebaeude; Storey: Erdgeschoss; Top Elevation: 2.4; Bottom Elevation: 0.9; Global Top Elevation: 2.4; Global Bottom Elevation: 0.9; Has Own Geometry: 1; Children Have Geometry: 0; Global X: 24.25; Global Y: 2.115; Global Z: 0.9; Bounding Box Length: 1; Bounding Box Width: 0.0750000000000002; Bounding Box Height: 1.5; Layer: Außenwände
2wH9GIWt94mgMKOirAU7CY,Fenster-003,. IsExternal: 1; ThermalTransmittance: 1.4; Project: Projekt Buerogebaeude; Building: Buerogebaeude; Storey: Erdgeschoss; Top Elevation: 2.4; Bottom Elevation: 0.9; Global Top Elevation: 2.4; Global Bottom Elevation: 0.9; Has Own Geometry: 1; Children Have Geometry: 0; Global X: 40.65; Global Y: 2.115; Global Z: 0.9; Bounding Box Length: 1; Bounding Box Width: 0.0750000000000002; Bounding Box Height: 1.5; Layer: Außenwände
12ErTRo_9EmBI9cF9PJCvF,Fenster-015,. IsExternal: 1; ThermalTransmittance: 1.4; Project: Projekt Buerogebaeude; Building: Buerogebaeude; Storey: Erdgeschoss; Top Elevation: 2.1; Bottom Elevation: 0.0999999999999996; Global Top Elevation: 2.1; Global Bottom Elevation: 0.0999999999999996; Has Own Geometry: 1; Children Have Geometry: 0; Global X: 18.115; Global Y: 0.55; Global Z: 0.0999999999999996; Bounding Box Length: 0.0749999999999993; Bounding Box Width: 0.9; Bounding Box Height: 2; Layer: Außenwände
2S05fJwurB0AsobKzEqBs1,Fenster-015,. IsExternal: 1; ThermalTransmittance: 1.4; Project: Projekt Buerogebaeude; Building: Buerogebaeude; Storey: Erdgeschoss; Top Elevation: 2.1; Bottom Elevation: 0.0999999999999996; Global Top Elevation: 2.1; Global Bottom Elevation: 0.0999999999999996; Has Own Geometry: 1; Children Have Geometry: 0; Global X: 23.81; Global Y: 0.55; Global Z: 0.0999999999999996; Bounding Box Length: 0.0749999999999993; Bounding Box Width: 0.9; Bounding Box Height: 2; Layer: Außenwände
18PQUIFELEARLM4c0brquf,Tür-019,. IsExternal: 1; ThermalTransmittance: 1.4; Project: Projekt Buerogebaeude; Building: Buerogebaeude; Storey: Erdgeschoss; Top Elevation: 2.1; Bottom Elevation: 0; Global Top Elevation: 2.1; Global Bottom Elevation: 0; Has Own Geometry: 1; Children Have Geometry: 0; Global X: 20; Global Y: -0.885; Global Z: 0; Bounding Box Length: 2; Bounding Box Width: 2.1; Bounding Box Height: 2.1; Layer: Außenwände
2d24khq3H2EhLI7osiekrD,Tür-002,. IsExternal: 0; ThermalTransmittance: 1.4; Project: Projekt Buerogebaeude; Building: Buerogebaeude; Storey: Erdgeschoss; Top Elevation: 2.1; Bottom Elevation: 0; Global Top Elevation: 2.1; Global Bottom Elevation: 0; Has Own Geometry: 1; Children Have Geometry: 0; Global X: 0.399999999999999; Global Y: 6.815; Global Z: 0; Bounding Box Length: 1; Bounding Box Width: 0.100000000000001; Bounding Box Height: 2.1; Layer: Innenwände
0nixpH$hD2$xLwip3vL96O,Tür-003,. IsExternal: 0; ThermalTransmittance: 1.4; Project: Projekt Buerogebaeude; Building: Buerogebaeude; Storey: Erdgeschoss; Top Elevation: 2.1; Bottom Elevation: 0; Global Top Elevation: 2.1; Global Bottom Elevation: 0; Has Own Geometry: 1; Children Have Geometry: 0; Global X: 3.2; Global Y: 6.815; Global Z: 0; Bounding Box Length: 1; Bounding Box Width: 0.100000000000001; Bounding Box Height: 2.1; Layer: Innenwände
2SfY7UTIz1E82rEMOUSWux,Tür-004,. IsExternal: 0; ThermalTransmittance: 1.4; Project: Projekt Buerogebaeude; Building: Buerogebaeude; Storey: Erdgeschoss; Top Elevation: 2.1; Bottom Elevation: 0; Global Top Elevation: 2.1; Global Bottom Elevation: 0; Has Own Geometry: 1; Children Have Geometry: 0; Global X: 9.2; Global Y: 6.815; Global Z: 0; Bounding Box Length: 1; Bounding Box Width: 0.100000000000001; Bounding Box Height: 2.1; Layer: Innenwände
2FYBB$DerEng8G$eISvGgZ,Tür-005,. IsExternal: 0; ThermalTransmittance: 1.4; Project: Projekt Buerogebaeude; Building: Buerogebaeude; Storey: Erdgeschoss; Top Elevation: 2.1; Bottom Elevation: 0; Global Top Elevation: 2.1; Global Bottom Elevation: 0; Has Own Geometry: 1; Children Have Geometry: 0; Global X: 15.2; Global Y: 6.815; Global Z: 0; Bounding Box Length: 1; Bounding Box Width: 0.100000000000001; Bounding Box Height: 2.1; Layer: Innenwände
1njbY3IMb4IedX5fLGTCRc,Tür-014,. IsExternal: 0; ThermalTransmittance: 1.4; Project: Projekt Buerogebaeude; Building: Buerogebaeude; Storey: Erdgeschoss; Top Elevation: 2.1; Bottom Elevation: 0; Global Top Elevation: 2.1; Global Bottom Elevation: 0; Has Own Geometry: 1; Children Have Geometry: 0; Global X: 15.2; Global Y: 9.085; Global Z: 0; Bounding Box Length: 1; Bounding Box Width: 0.0999999999999996; Bounding Box Height: 2.1; Layer: Innenwände
0YIVuBlyXF3PI_fXw2b_vJ,Tür-015,. IsExternal: 0; ThermalTransmittance: 1.4; Project: Projekt Buerogebaeude; Building: Buerogebaeude; Storey: Erdgeschoss; Top Elevation: 2.1; Bottom Elevation: 0; Global Top Elevation: 2.1; Global Bottom Elevation: 0; Has Own Geometry: 1; Children Have Geometry: 0; Global X: 13.8; Global Y: 9.085; Global Z: 0; Bounding Box Length: 1; Bounding Box Width: 0.0999999999999996; Bounding Box Height: 2.1; Layer: Innenwände
2pX0sc7rf06usjFMq1TsGs,Tür-016,. IsExternal: 0; ThermalTransmittance: 1.4; Project: Projekt Buerogebaeude; Building: Buerogebaeude; Storey: Erdgeschoss; Top Elevation: 2.1; Bottom Elevation: 0; Global Top Elevation: 2.1; Global Bottom Elevation: 0; Has Own Geometry: 1; Children Have Geometry: 0; Global X: 4.8; Global Y: 9.085; Global Z: 0; Bounding Box Length: 1; Bounding Box Width: 0.0999999999999996; Bounding Box Height: 2.1; Layer: Innenwände
0p1Mt3h7nDeQ1Q4N9eEl9H,Tür-008,. IsExternal: 0; ThermalTransmittance: 1.4; Project: Projekt Buerogebaeude; Building: Buerogebaeude; Storey: Erdgeschoss; Top Elevation: 2.1; Bottom Elevation: 0; Global Top Elevation: 2.1; Global Bottom Elevation: 0; Has Own Geometry: 1; Children Have Geometry: 0; Global X: 40.6; Global Y: 9.085; Global Z: 0; Bounding Box Length: 1; Bounding Box Width: 0.0999999999999996; Bounding Box Height: 2.1; Layer: Innenwände
3nS8Xe8c5BpfdWxU$cBkvz,Tür-009,. IsExternal: 0; ThermalTransmittance: 1.4; Project: Projekt Buerogebaeude; Building: Buerogebaeude; Storey: Erdgeschoss; Top Elevation: 2.1; Bottom Elevation: 0; Global Top Elevation: 2.1; Global Bottom Elevation: 0; Has Own Geometry: 1; Children Have Geometry: 0; Global X: 37.8; Global Y: 9.085; Global Z: 0; Bounding Box Length: 1; Bounding Box Width: 0.0999999999999996; Bounding Box Height: 2.1; Layer: Innenwände
3QI0Za4AD7g9EDuOxKtL4z,Tür-010,. IsExternal: 0; ThermalTransmittance: 1.4; Project: Projekt Buerogebaeude; Building: Buerogebaeude; Storey: Erdgeschoss; Top Elevation: 2.1; Bottom Elevation: 0; Global Top Elevation: 2.1; Global Bottom Elevation: 0; Has Own Geometry: 1; Children Have Geometry: 0; Global X: 34.8; Global Y: 9.085; Global Z: 0; Bounding Box Length: 1; Bounding Box Width: 0.0999999999999996; Bounding Box Height: 2.1; Layer: Innenwände
20nncC0vDDp9h64AX6XevC,Tür-011,. IsExternal: 0; ThermalTransmittance: 1.4; Project: Projekt Buerogebaeude; Building: Buerogebaeude; Storey: Erdgeschoss; Top Elevation: 2.1; Bottom Elevation: 0; Global Top Elevation: 2.1; Global Bottom Elevation: 0; Has Own Geometry: 1; Children Have Geometry: 0; Global X: 31.8; Global Y: 9.085; Global Z: 0; Bounding Box Length: 1; Bounding Box Width: 0.0999999999999996; Bounding Box Height: 2.1; Layer: Innenwände
3c7FFURCHAIuL_Uqfwogkh,Tür-012,. IsExternal: 0; ThermalTransmittance: 1.4; Project: Projekt Buerogebaeude; Building: Buerogebaeude; Storey: Erdgeschoss; Top Elevation: 2.1; Bottom Elevation: 0; Global Top Elevation: 2.1; Global Bottom Elevation: 0; Has Own Geometry: 1; Children Have Geometry: 0; Global X: 28.8; Global Y: 9.085; Global Z: 0; Bounding Box Length: 1; Bounding Box Width: 0.0999999999999996; Bounding Box Height: 2.1; Layer: Innenwände
2ZDRA4lYXAawe3WLk$RpXy,Tür-013,. IsExternal: 0; ThermalTransmittance: 1.4; Project: Projekt Buerogebaeude; Building: Buerogebaeude; Storey: Erdgeschoss; Top Elevation: 2.1; Bottom Elevation: 0; Global Top Elevation: 2.1; Global Bottom Elevation: 0; Has Own Geometry: 1; Children Have Geometry: 0; Global X: 25.8; Global Y: 9.085; Global Z: 0; Bounding Box Length: 1; Bounding Box Width: 0.0999999999999996; Bounding Box Height: 2.1; Layer: Innenwände
1FCKjvOWnEAv7x1dg2f7BI,Tür-006,. IsExternal: 0; ThermalTransmittance: 1.4; Project: Projekt Buerogebaeude; Building: Buerogebaeude; Storey: Erdgeschoss; Top Elevation: 2.1; Bottom Elevation: 0; Global Top Elevation: 2.1; Global Bottom Elevation: 0; Has Own Geometry: 1; Children Have Geometry: 0; Global X: 31.8; Global Y: 6.815; Global Z: 0; Bounding Box Length: 1; Bounding Box Width: 0.100000000000001; Bounding Box Height: 2.1; Layer: Innenwände
2k6vBG3yn9hRJUYx$GK5vo,Tür-007,. IsExternal: 0; ThermalTransmittance: 1.4; Project: Projekt Buerogebaeude; Building: Buerogebaeude; Storey: Erdgeschoss; Top Elevation: 2.1; Bottom Elevation: 0; Global Top Elevation: 2.1; Global Bottom Elevation: 0; Has Own Geometry: 1; Children Have Geometry: 0; Global X: 33.2; Global Y: 6.815; Global Z: 0; Bounding Box Length: 1; Bounding Box Width: 0.100000000000001; Bounding Box Height: 2.1; Layer: Innenwände
1_hrYGMATEmeNbEHgfoKxd,Tür-017,. IsExternal: 0; ThermalTransmittance: 1.4; Project: Projekt Buerogebaeude; Building: Buerogebaeude; Storey: Erdgeschoss; Top Elevation: 2.1; Bottom Elevation: 0; Global Top Elevation: 2.1; Global Bottom Elevation: 0; Has Own Geometry: 1; Children Have Geometry: 0; Global X: 18.115; Global Y: 7.0996001; Global Z: 0; Bounding Box Length: 0.100000000000005; Bounding Box Width: 1.8; Bounding Box Height: 2.1; Layer: Außenwände
31UFds84f5oAxxal4G6S8P,Tür-018,. IsExternal: 0; ThermalTransmittance: 1.4; Project: Projekt Buerogebaeude; Building: Buerogebaeude; Storey: Erdgeschoss; Top Elevation: 2.1; Bottom Elevation: 0; Global Top Elevation: 2.1; Global Bottom Elevation: 0; Has Own Geometry: 1; Children Have Geometry: 0; Global X: 23.785; Global Y: 7.1; Global Z: 0; Bounding Box Length: 0.100000000000005; Bounding Box Width: 1.8; Bounding Box Height: 2.1; Layer: Außenwände
1Kl5_Wzb98HOSGZ8eaBX2f,Treppe-EG,. FireExit: 1; HandicapAccessible: 0; IsExternal: 0; Project: Projekt Buerogebaeude; Building: Buerogebaeude; Storey: Erdgeschoss; Top Elevation: 3.8999; Bottom Elevation: -0.29435281; Global Top Elevation: 3.8999; Global Bottom Elevation: -0.29435281; Has Own Geometry: 1; Children Have Geometry: 0; Global X: 18.3; Global Y: 11.7; Global Z: -0.29435281; Bounding Box Length: 5.4; Bounding Box Width: 4; Bounding Box Height: 4.19425281; Layer: Treppen
2ZgDPH3ff44uNnfS_Brc5r,Gelaender-1-1,. Height: 0.8; IsExternal: 0; Project: Projekt Buerogebaeude; Building: Buerogebaeude; Storey: Erdgeschoss; Top Elevation: 0.899999999999999; Bottom Elevation: 0.0999999999999996; Global Top Elevation: 0.899999999999999; Global Bottom Elevation: 0.0999999999999996; Has Own Geometry: 1; Children Have Geometry: 0; Global X: 19.8425; Global Y: 11.675; Global Z: 0.0999999999999996; Bounding Box Length: 0.0150000000000006; Bounding Box Width: 2.45; Bounding Box Height: 0.8; Layer: Einrichtung
2arF9pkZL6Bv$cs4BWnNwD,Gelaender-1-2,. Height: 0.8; IsExternal: 0; Project: Projekt Buerogebaeude; Building: Buerogebaeude; Storey: Erdgeschoss; Top Elevation: 0.899999999999999; Bottom Elevation: 0.0999999999999996; Global Top Elevation: 0.899999999999999; Global Bottom Elevation: 0.0999999999999996; Has Own Geometry: 1; Children Have Geometry: 0; Global X: 22.1425; Global Y: 11.675; Global Z: 0.0999999999999996; Bounding Box Length: 0.0150000000000006; Bounding Box Width: 2.45; Bounding Box Height: 0.8; Layer: Einrichtung
1Nuu5OpifASuV5Obbpb0tT,Gelaender-1-3,. Height: 0.8; IsExternal: 0; Project: Projekt Buerogebaeude; Building: Buerogebaeude; Storey: Erdgeschoss; Top Elevation: 0.899999999999999; Bottom Elevation: 0.0999999999999996; Global Top Elevation: 0.899999999999999; Global Bottom Elevation: 0.0999999999999996; Has Own Geometry: 1; Children Have Geometry: 0; Global X: 19.8575; Global Y: 14.125; Global Z: 0.0999999999999996; Bounding Box Length: 2.285; Bounding Box Width: 0.0150000000000006; Bounding Box Height: 0.8; Layer: Einrichtung
1Q1gG8rYr9OgXFwTFYGxnT,Stütze-001,. Radius: 0.1; CrossSectionArea: 0.031676888; GrossVolume: 0.085527598; Length: 2.7; NetVolume: 0.085527598; OuterSurfaceArea: 1.710552; IsExternal: 1; LoadBearing: 1; Project: Projekt Buerogebaeude; Building: Buerogebaeude; Storey: Erdgeschoss; Top Elevation: 2.7; Bottom Elevation: 0; Global Top Elevation: 2.7; Global Bottom Elevation: 0; Has Own Geometry: 1; Children Have Geometry: 0; Global X: 18; Global Y: -1.5; Global Z: 0; Bounding Box Length: 0.200000000000003; Bounding Box Width: 0.199999999999999; Bounding Box Height: 2.7; Layer: Stützen
0APvzagRfDa8S2CxmCLJFH,Stütze-001,. Radius: 0.1; CrossSectionArea: 0.031676888; GrossVolume: 0.085527598; Length: 2.7; NetVolume: 0.085527598; OuterSurfaceArea: 1.710552; IsExternal: 1; LoadBearing: 1; Project: Projekt Buerogebaeude; Building: Buerogebaeude; Storey: Erdgeschoss; Top Elevation: 2.7; Bottom Elevation: 0; Global Top Elevation: 2.7; Global Bottom Elevation: 0; Has Own Geometry: 1; Children Have Geometry: 0; Global X: 23.8; Global Y: -1.5; Global Z: 0; Bounding Box Length: 0.200000000000003; Bounding Box Width: 0.199999999999999; Bounding Box Height: 2.7; Layer: Stützen
3QoJ6BxnbEJAsAxl5gQcR_,Decke-001,. GrossArea: 537; GrossVolume: 161.1; NetArea: 537; NetVolume: 161.1; Perimeter: 119; Width: 0.3; IsExternal: 1; LoadBearing: 1; ThermalTransmittance: 0.3; Project: Projekt Buerogebaeude; Building: Buerogebaeude; Storey: Erdgeschoss; Top Elevation: 0; Bottom Elevation: -0.3; Global Top Elevation: 0; Global Bottom Elevation: -0.3; Has Own Geometry: 1; Children Have Geometry: 1; Global X: 0; Global Y: -1.5; Global Z: -0.3; Bounding Box Length: 42; Bounding Box Width: 17.5; Bounding Box Height: 0.3; Layer: Decken
3KDh2UaI166fIhTz1qoH9t,,. Project: Projekt Buerogebaeude; Building: Buerogebaeude; Storey: Erdgeschoss; Top Elevation: 0; Bottom Elevation: -0.3; Global Top Elevation: 0; Global Bottom Elevation: -0.3; Has Own Geometry: 1; Children Have Geometry: 0; Global X: 18.3; Global Y: 11.7; Global Z: -0.3; Bounding Box Length: 5.4; Bounding Box Width: 4; Bounding Box Height: 0.3
1krhQVi31ATelkv9DlbH3v,,. Project: Projekt Buerogebaeude; Building: Buerogebaeude; Storey: Erdgeschoss; Top Elevation: 0; Bottom Elevation: 0; Global Top Elevation: 0; Global Bottom Elevation: 0; Has Own Geometry: 0; Children Have Geometry: 0; Global X: -4; Global Y: 0; Global Z: 0; Bounding Box Length: 50; Bounding Box Width: 0; Bounding Box Height: 0
2gs0LO8_vAgheiyf_zloW7,,. Project: Projekt Buerogebaeude; Building: Buerogebaeude; Storey: Erdgeschoss; Top Elevation: 0; Bottom Elevation: 0; Global Top Elevation: 0; Global Bottom Elevation: 0; Has Own Geometry: 0; Children Have Geometry: 0; Global X: -4; Global Y: 2; Global Z: 0; Bounding Box Length: 50; Bounding Box Width: 0; Bounding Box Height: 0
0W9LwxPLP6BByWd7FYIQgc,,. Project: Projekt Buerogebaeude; Building: Buerogebaeude; Storey: Erdgeschoss; Top Elevation: 0; Bottom Elevation: 0; Global Top Elevation: 0; Global Bottom Elevation: 0; Has Own Geometry: 0; Children Have Geometry: 0; Global X: -4; Global Y: 9; Global Z: 0; Bounding Box Length: 50; Bounding Box Width: 0; Bounding Box Height: 0
0_KyFJqPXEhOnKmqE15M1R,,. Project: Projekt Buerogebaeude; Building: Buerogebaeude; Storey: Erdgeschoss; Top Elevation: 0; Bottom Elevation: 0; Global Top Elevation: 0; Global Bottom Elevation: 0; Has Own Geometry: 0; Children Have Geometry: 0; Global X: -4; Global Y: 14; Global Z: 0; Bounding Box Length: 50; Bounding Box Width: 0; Bounding Box Height: 0
0bYGXB5KPEcB8XpUt6Uda0,,. Project: Projekt Buerogebaeude; Building: Buerogebaeude; Storey: Erdgeschoss; Top Elevation: 0; Bottom Elevation: 0; Global Top Elevation: 0; Global Bottom Elevation: 0; Has Own Geometry: 0; Children Have Geometry: 0; Global X: -4; Global Y: 16; Global Z: 0; Bounding Box Length: 50; Bounding Box Width: 0; Bounding Box Height: 0
2m$5N$tYr87gGTzDwSycyd,,. Project: Projekt Buerogebaeude; Building: Buerogebaeude; Storey: Erdgeschoss; Top Elevation: 0; Bottom Elevation: 0; Global Top Elevation: 0; Global Bottom Elevation: 0; Has Own Geometry: 0; Children Have Geometry: 0; Global X: 0; Global Y: -4; Global Z: 0; Bounding Box Length: 0; Bounding Box Width: 24; Bounding Box Height: 0
2pYTi2iYT6_hoZbGCKep_N,,. Project: Projekt Buerogebaeude; Building: Buerogebaeude; Storey: Erdgeschoss; Top Elevation: 0; Bottom Elevation: 0; Global Top Elevation: 0; Global Bottom Elevation: 0; Has Own Geometry: 0; Children Have Geometry: 0; Global X: 3; Global Y: -4; Global Z: 0; Bounding Box Length: 0; Bounding Box Width: 24; Bounding Box Height: 0
2GxR1Kur14xQLpDHX1wuWu,,. Project: Projekt Buerogebaeude; Building: Buerogebaeude; Storey: Erdgeschoss; Top Elevation: 0; Bottom Elevation: 0; Global Top Elevation: 0; Global Bottom Elevation: 0; Has Own Geometry: 0; Children Have Geometry: 0; Global X: 6; Global Y: -4; Global Z: 0; Bounding Box Length: 0; Bounding Box Width: 24; Bounding Box Height: 0
2kejvGcy53NOkDIDrFbo6s,,. Project: Projekt Buerogebaeude; Building: Buerogebaeude; Storey: Erdgeschoss; Top Elevation: 0; Bottom Elevation: 0; Global Top Elevation: 0; Global Bottom Elevation: 0; Has Own Geometry: 0; Children Have Geometry: 0; Global X: 9; Global Y: -4; Global Z: 0; Bounding Box Length: 0; Bounding Box Width: 24; Bounding Box Height: 0
3LbCLfVO14pucie97O8JgB,,. Project: Projekt Buerogebaeude; Building: Buerogebaeude; Storey: Erdgeschoss; Top Elevation: 0; Bottom Elevation: 0; Global Top Elevation: 0; Global Bottom Elevation: 0; Has Own Geometry: 0; Children Have Geometry: 0; Global X: 12; Global Y: -4; Global Z: 0; Bounding Box Length: 0; Bounding Box Width: 24; Bounding Box Height: 0
3SKgNSMR12PBzbHouOPRcE,,. Project: Projekt Buerogebaeude; Building: Buerogebaeude; Storey: Erdgeschoss; Top Elevation: 0; Bottom Elevation: 0; Global Top Elevation: 0; Global Bottom Elevation: 0; Has Own Geometry: 0; Children Have Geometry: 0; Global X: 15; Global Y: -4; Global Z: 0; Bounding Box Length: 0; Bounding Box Width: 24; Bounding Box Height: 0
17uN3YVGjCUuKy23UQh21X,,. Project: Projekt Buerogebaeude; Building: Buerogebaeude; Storey: Erdgeschoss; Top Elevation: 0; Bottom Elevation: 0; Global Top Elevation: 0; Global Bottom Elevation: 0; Has Own Geometry: 0; Children Have Geometry: 0; Global X: 18; Global Y: -4; Global Z: 0; Bounding Box Length: 0; Bounding Box Width: 24; Bounding Box Height: 0
2Z$9gGGjT1BwQk$gdP6cBu,,. Project: Projekt Buerogebaeude; Building: Buerogebaeude; Storey: Erdgeschoss; Top Elevation: 0; Bottom Elevation: 0; Global Top Elevation: 0; Global Bottom Elevation: 0; Has Own Geometry: 0; Children Have Geometry: 0; Global X: 21; Global Y: -4; Global Z: 0; Bounding Box Length: 0; Bounding Box Width: 24; Bounding Box Height: 0
1pU790AV97tv2cH6nGqdwk,,. Project: Projekt Buerogebaeude; Building: Buerogebaeude; Storey: Erdgeschoss; Top Elevation: 0; Bottom Elevation: 0; Global Top Elevation: 0; Global Bottom Elevation: 0; Has Own Geometry: 0; Children Have Geometry: 0; Global X: 24; Global Y: -4; Global Z: 0; Bounding Box Length: 0; Bounding Box Width: 24; Bounding Box Height: 0
1C3mKA7OjE0e5jwb0MstSJ,,. Project: Projekt Buerogebaeude; Building: Buerogebaeude; Storey: Erdgeschoss; Top Elevation: 0; Bottom Elevation: 0; Global Top Elevation: 0; Global Bottom Elevation: 0; Has Own Geometry: 0; Children Have Geometry: 0; Global X: 27; Global Y: -4; Global Z: 0; Bounding Box Length: 0; Bounding Box Width: 24; Bounding Box Height: 0
1YvqnQOnvA$Ocf990R0K$B,,. Project: Projekt Buerogebaeude; Building: Buerogebaeude; Storey: Erdgeschoss; Top Elevation: 0; Bottom Elevation: 0; Global Top Elevation: 0; Global Bottom Elevation: 0; Has Own Geometry: 0; Children Have Geometry: 0; Global X: 30; Global Y: -4; Global Z: 0; Bounding Box Length: 0; Bounding Box Width: 24; Bounding Box Height: 0
2HE$4S9$11fBtKPc818DId,,. Project: Projekt Buerogebaeude; Building: Buerogebaeude; Storey: Erdgeschoss; Top Elevation: 0; Bottom Elevation: 0; Global Top Elevation: 0; Global Bottom Elevation: 0; Has Own Geometry: 0; Children Have Geometry: 0; Global X: 33; Global Y: -4; Global Z: 0; Bounding Box Length: 0; Bounding Box Width: 24; Bounding Box Height: 0
00HyKZk7L3exP4BUjPQzR_,,. Project: Projekt Buerogebaeude; Building: Buerogebaeude; Storey: Erdgeschoss; Top Elevation: 0; Bottom Elevation: 0; Global Top Elevation: 0; Global Bottom Elevation: 0; Has Own Geometry: 0; Children Have Geometry: 0; Global X: 36; Global Y: -4; Global Z: 0; Bounding Box Length: 0; Bounding Box Width: 24; Bounding Box Height: 0
1Lp0aUlA5EQu21XhGcXqtE,,. Project: Projekt Buerogebaeude; Building: Buerogebaeude; Storey: Erdgeschoss; Top Elevation: 0; Bottom Elevation: 0; Global Top Elevation: 0; Global Bottom Elevation: 0; Has Own Geometry: 0; Children Have Geometry: 0; Global X: 39; Global Y: -4; Global Z: 0; Bounding Box Length: 0; Bounding Box Width: 24; Bounding Box Height: 0
0ha0fpxMf9svvR34T2GS0D,,. Project: Projekt Buerogebaeude; Building: Buerogebaeude; Storey: Erdgeschoss; Top Elevation: 0; Bottom Elevation: 0; Global Top Elevation: 0; Global Bottom Elevation: 0; Has Own Geometry: 0; Children Have Geometry: 0; Global X: 42; Global Y: -4; Global Z: 0; Bounding Box Length: 0; Bounding Box Width: 24; Bounding Box Height: 0
18qyLb4hT9MxSGpPIuZnii,,. Project: Projekt Buerogebaeude; Building: Buerogebaeude; Storey: Erdgeschoss; Top Elevation: 0; Bottom Elevation: 0; Global Top Elevation: 0; Global Bottom Elevation: 0; Has Own Geometry: 0; Children Have Geometry: 0; Global X: -4; Global Y: 7; Global Z: 0; Bounding Box Length: 50; Bounding Box Width: 0; Bounding Box Height: 0
3EN96kdYDB2OOGjNLp8e86,101,. GrossFloorArea: 11.44; GrossVolume: 30.888; GrossWallArea: 37.8; Height: 2.7; NetFloorArea: 11.44; NetVolume: 30.888; NetWallArea: 37.8; Perimeter: 14; Category: Office; HandicapAccessible: 1; PubliclyAccessible: 0; OccupancyType: Buero; AirConditioning: 0; NaturalVentilation: 1; SpaceTemperatureMax: 20; SpaceTemperatureMin: 20; SpaceTemperatureSummerMax: 20; SpaceTemperatureSummerMin: 20; SpaceTemperatureWinterMax: 20; SpaceTemperatureWinterMin: 20; Project: Projekt Buerogebaeude; Building: Buerogebaeude; Storey: Erdgeschoss; Top Elevation: 2.7; Bottom Elevation: 0; Global Top Elevation: 2.7; Global Bottom Elevation: 0; Has Own Geometry: 1; Children Have Geometry: 1; Global X: 0.300000000000001; Global Y: 2.3; Global Z: 0; Bounding Box Length: 2.6; Bounding Box Width: 4.4; Bounding Box Height: 2.7; Zone: Einzelzimmer; Zone: Gruppe I; Zone: Raumtemperatur-20-Grad; Layer: Räume
0rbusGsQ597PmiU$ae9AGd,Table,. Project: Projekt Buerogebaeude; Building: Buerogebaeude; Storey: Erdgeschoss; Top Elevation: 0.8; Bottom Elevation: 0; Global Top Elevation: 0.8; Global Bottom Elevation: 0; Has Own Geometry: 1; Children Have Geometry: 0; Global X: 2.1; Global Y: 4.2409581; Global Z: 0; Bounding Box Length: 0.800000000000001; Bounding Box Width: 1.6; Bounding Box Height: 0.8; Layer: Einrichtung
3ZjVAeEWfC9wzpoXZ_EwS6,Kubus-Einrichtung-2,. Project: Projekt Buerogebaeude; Building: Buerogebaeude; Storey: Erdgeschoss; Top Elevation: 0.5; Bottom Elevation: 0; Global Top Elevation: 0.5; Global Bottom Elevation: 0; Has Own Geometry: 1; Children Have Geometry: 0; Global X: 1.7145236; Global Y: 4.9936351; Global Z: 0; Bounding Box Length: 0.300000000000001; Bounding Box Width: 0.3; Bounding Box Height: 0.5; Layer: Einrichtung
1_Evy7T$DCiwLgTMLHCRoe,102,. GrossFloorArea: 25.52; GrossVolume: 68.904; GrossWallArea: 55.08; Height: 2.7; NetFloorArea: 25.52; NetVolume: 68.904; NetWallArea: 55.08; Perimeter: 20.4; Category: Labor; HandicapAccessible: 1; PubliclyAccessible: 0; AirConditioning: 0; NaturalVentilation: 1; SpaceTemperatureMax: 20; SpaceTemperatureMin: 20; SpaceTemperatureSummerMax: 20; SpaceTemperatureSummerMin: 20; SpaceTemperatureWinterMax: 20; SpaceTemperatureWinterMin: 20; Project: Projekt Buerogebaeude; Building: Buerogebaeude; Storey: Erdgeschoss; Top Elevation: 2.7; Bottom Elevation: 0; Global Top Elevation: 2.7; Global Bottom Elevation: 0; Has Own Geometry: 1; Children Have Geometry: 1; Global X: 3.1; Global Y: 2.3; Global Z: 0; Bounding Box Length: 5.8; Bounding Box Width: 4.4; Bounding Box Height: 2.7; Zone: Labor; Zone: Raumtemperatur-20-Grad; Layer: Räume
13zn5GpxPBTen9net4UvLI,Kubus-Einrichtung-2,. Project: Projekt Buerogebaeude; Building: Buerogebaeude; Storey: Erdgeschoss; Top Elevation: 0.5; Bottom Elevation: 0; Global Top Elevation: 0.5; Global Bottom Elevation: 0; Has Own Geometry: 1; Children Have Geometry: 0; Global X: 4.1420947; Global Y: 3.4847457; Global Z: 0; Bounding Box Length: 0.300000000000001; Bounding Box Width: 0.3; Bounding Box Height: 0.5; Layer: Einrichtung
3Uvxr2hnf5MBwBbkSxm2tz,Kubus-Einrichtung-2,. Project: Projekt Buerogebaeude; Building: Buerogebaeude; Storey: Erdgeschoss; Top Elevation: 0.5; Bottom Elevation: 0; Global Top Elevation: 0.5; Global Bottom Elevation: 0; Has Own Geometry: 1; Children Have Geometry: 0; Global X: 7.4576351; Global Y: 3.4391712; Global Z: 0; Bounding Box Length: 0.300000000000001; Bounding Box Width: 0.3; Bounding Box Height: 0.5; Layer: Einrichtung
2utQBN6QX8$Rqapk6FlejI,Kubus-Einrichtung-2,. Project: Projekt Buerogebaeude; Building: Buerogebaeude; Storey: Erdgeschoss; Top Elevation: 0.5; Bottom Elevation: 0; Global Top Elevation: 0.5; Global Bottom Elevation: 0; Has Own Geometry: 1; Children Have Geometry: 0; Global X: 7.7082945; Global Y: 5.1482127; Global Z: 0; Bounding Box Length: 0.300000000000001; Bounding Box Width: 0.3; Bounding Box Height: 0.5; Layer: Einrichtung
0e_l9mS6T7o9KGSwbjHHGh,Table,. Project: Projekt Buerogebaeude; Building: Buerogebaeude; Storey: Erdgeschoss; Top Elevation: 0.8; Bottom Elevation: 0; Global Top Elevation: 0.8; Global Bottom Elevation: 0; Has Own Geometry: 1; Children Have Geometry: 0; Global X: 3.1; Global Y: 2.3; Global Z: 0; Bounding Box Length: 0.800000000000001; Bounding Box Width: 1.6; Bounding Box Height: 0.8; Layer: Einrichtung
0GcUba3297CALsDAJ33hol,Table,. Project: Projekt Buerogebaeude; Building: Buerogebaeude; Storey: Erdgeschoss; Top Elevation: 0.8; Bottom Elevation: 0; Global Top Elevation: 0.8; Global Bottom Elevation: 0; Has Own Geometry: 1; Children Have Geometry: 0; Global X: 3.9; Global Y: 2.3; Global Z: 0; Bounding Box Length: 1.6; Bounding Box Width: 0.8; Bounding Box Height: 0.8; Layer: Einrichtung
0hNQaAT4D3YwXdr1hlqzEc,Labortisch,. MainColor: rot; Project: Projekt Buerogebaeude; Building: Buerogebaeude; Storey: Erdgeschoss; Top Elevation: 0.8; Bottom Elevation: 0; Global Top Elevation: 0.8; Global Bottom Elevation: 0; Has Own Geometry: 1; Children Have Geometry: 0; Global X: 5.5; Global Y: 2.3; Global Z: 0; Bounding Box Length: 1.6; Bounding Box Width: 0.8; Bounding Box Height: 0.8; Layer: Einrichtung
2hfmgjFfrEMggYJn0m8E5f,Table,. Project: Projekt Buerogebaeude; Building: Buerogebaeude; Storey: Erdgeschoss; Top Elevation: 0.8; Bottom Elevation: 0; Global Top Elevation: 0.8; Global Bottom Elevation: 0; Has Own Geometry: 1; Children Have Geometry: 0; Global X: 7.1; Global Y: 2.3; Global Z: 0; Bounding Box Length: 1.6; Bounding Box Width: 0.8; Bounding Box Height: 0.8; Layer: Einrichtung
1r5F044u5Ch9IwbSp3VAFh,Table,. Project: Projekt Buerogebaeude; Building: Buerogebaeude; Storey: Erdgeschoss; Top Elevation: 0.8; Bottom Elevation: 0; Global Top Elevation: 0.8; Global Bottom Elevation: 0; Has Own Geometry: 1; Children Have Geometry: 0; Global X: 8.1; Global Y: 3.1003872; Global Z: 0; Bounding Box Length: 0.800000000000001; Bounding Box Width: 1.6; Bounding Box Height: 0.8; Layer: Einrichtung
0b0LPBmHX6ARvPDJs3OtVG,Table,. Project: Projekt Buerogebaeude; Building: Buerogebaeude; Storey: Erdgeschoss; Top Elevation: 0.8; Bottom Elevation: 0; Global Top Elevation: 0.8; Global Bottom Elevation: 0; Has Own Geometry: 1; Children Have Geometry: 0; Global X: 8.1; Global Y: 4.7003872; Global Z: 0; Bounding Box Length: 0.800000000000001; Bounding Box Width: 1.6; Bounding Box Height: 0.8; Layer: Einrichtung
0F7G8tf7P9q8M9AFl$SocW,Labortisch,. MainColor: rot; Project: Projekt Buerogebaeude; Building: Buerogebaeude; Storey: Erdgeschoss; Top Elevation: 0.8; Bottom Elevation: 0; Global Top Elevation: 0.8; Global Bottom Elevation: 0; Has Own Geometry: 1; Children Have Geometry: 0; Global X: 3.1; Global Y: 3.9; Global Z: 0; Bounding Box Length: 0.800000000000001; Bounding Box Width: 1.6; Bounding Box Height: 0.8; Layer: Einrichtung
3eQ_MQ5er5UeRXq4xxAoKl,103,. GrossFloorArea: 25.52; GrossVolume: 68.904; GrossWallArea: 55.08; Height: 2.7; NetFloorArea: 25.52; NetVolume: 68.904; NetWallArea: 55.08; Perimeter: 20.4; Category: Labor; HandicapAccessible: 1; PubliclyAccessible: 0; AirConditioning: 0; NaturalVentilation: 1; SpaceTemperatureMax: 20; SpaceTemperatureMin: 20; SpaceTemperatureSummerMax: 20; SpaceTemperatureSummerMin: 20; SpaceTemperatureWinterMax: 20; SpaceTemperatureWinterMin: 20; Project: Projekt Buerogebaeude; Building: Buerogebaeude; Storey: Erdgeschoss; Top Elevation: 2.7; Bottom Elevation: 0; Global Top Elevation: 2.7; Global Bottom Elevation: 0; Has Own Geometry: 1; Children Have Geometry: 1; Global X: 9.1; Global Y: 2.3; Global Z: 0; Bounding Box Length: 5.8; Bounding Box Width: 4.4; Bounding Box Height: 2.7; Zone: Labor; Zone: Raumtemperatur-20-Grad; Layer: Räume
1_gfp1z4z9L8T0WrSsfGMo,Kubus-Einrichtung-2,. Project: Projekt Buerogebaeude; Building: Buerogebaeude; Storey: Erdgeschoss; Top Elevation: 0.5; Bottom Elevation: 0; Global Top Elevation: 0.5; Global Bottom Elevation: 0; Has Own Geometry: 1; Children Have Geometry: 0; Global X: 10.590878; Global Y: 3.2340863; Global Z: 0; Bounding Box Length: 0.300000000000001; Bounding Box Width: 0.3; Bounding Box Height: 0.5; Layer: Einrichtung
1SYrCsD5b06witWXPZMU56,Table,. Project: Projekt Buerogebaeude; Building: Buerogebaeude; Storey: Erdgeschoss; Top Elevation: 0.8; Bottom Elevation: 0; Global Top Elevation: 0.8; Global Bottom Elevation: 0; Has Own Geometry: 1; Children Have Geometry: 0; Global X: 14.1; Global Y: 2.3; Global Z: 0; Bounding Box Length: 0.799999999999999; Bounding Box Width: 1.6; Bounding Box Height: 0.8; Layer: Einrichtung
3KZEpyDbXCPw3E3rBdWKma,Kubus-Einrichtung-2,. Project: Projekt Buerogebaeude; Building: Buerogebaeude; Storey: Erdgeschoss; Top Elevation: 0.5; Bottom Elevation: 0; Global Top Elevation: 0.5; Global Bottom Elevation: 0; Has Own Geometry: 1; Children Have Geometry: 0; Global X: 13.106516; Global Y: 3.181173; Global Z: 0; Bounding Box Length: 0.300000000000001; Bounding Box Width: 0.3; Bounding Box Height: 0.5; Layer: Einrichtung
1gEdScl$T7E8EEVM27peQB,Table,. Project: Projekt Buerogebaeude; Building: Buerogebaeude; Storey: Erdgeschoss; Top Elevation: 0.8; Bottom Elevation: 0; Global Top Elevation: 0.8; Global Bottom Elevation: 0; Has Own Geometry: 1; Children Have Geometry: 0; Global X: 9.1; Global Y: 2.3; Global Z: 0; Bounding Box Length: 0.800000000000001; Bounding Box Width: 1.6; Bounding Box Height: 0.8; Layer: Einrichtung
3agC4hpd53tRnrNunBL7Od,Table,. Project: Projekt Buerogebaeude; Building: Buerogebaeude; Storey: Erdgeschoss; Top Elevation: 0.8; Bottom Elevation: 0; Global Top Elevation: 0.8; Global Bottom Elevation: 0; Has Own Geometry: 1; Children Have Geometry: 0; Global X: 9.9; Global Y: 2.3; Global Z: 0; Bounding Box Length: 1.6; Bounding Box Width: 0.8; Bounding Box Height: 0.8; Layer: Einrichtung
2YsRBHmZf7YwXGB4KcMPJy,Table,. Project: Projekt Buerogebaeude; Building: Buerogebaeude; Storey: Erdgeschoss; Top Elevation: 0.8; Bottom Elevation: 0; Global Top Elevation: 0.8; Global Bottom Elevation: 0; Has Own Geometry: 1; Children Have Geometry: 0; Global X: 11.5; Global Y: 2.3; Global Z: 0; Bounding Box Length: 0.800000000000001; Bounding Box Width: 1.6; Bounding Box Height: 0.8; Layer: Einrichtung
3vncPH76n1UeVgD4ElrkJF,Table,. Project: Projekt Buerogebaeude; Building: Buerogebaeude; Storey: Erdgeschoss; Top Elevation: 0.8; Bottom Elevation: 0; Global Top Elevation: 0.8; Global Bottom Elevation: 0; Has Own Geometry: 1; Children Have Geometry: 0; Global X: 11.5; Global Y: 3.8736955; Global Z: 0; Bounding Box Length: 0.800000000000001; Bounding Box Width: 1.6; Bounding Box Height: 0.8; Layer: Einrichtung
2uISt8kaPCfvv_omjCtpzC,Table,. Project: Projekt Buerogebaeude; Building: Buerogebaeude; Storey: Erdgeschoss; Top Elevation: 0.8; Bottom Elevation: 0; Global Top Elevation: 0.8; Global Bottom Elevation: 0; Has Own Geometry: 1; Children Have Geometry: 0; Global X: 12.3; Global Y: 2.3; Global Z: 0; Bounding Box Length: 1.6; Bounding Box Width: 0.8; Bounding Box Height: 0.8; Layer: Einrichtung
0gyrXe6SXDygYb42YyYA8$,Table,. Project: Projekt Buerogebaeude; Building: Buerogebaeude; Storey: Erdgeschoss; Top Elevation: 0.8; Bottom Elevation: 0; Global Top Elevation: 0.8; Global Bottom Elevation: 0; Has Own Geometry: 1; Children Have Geometry: 0; Global X: 13.9; Global Y: 2.3; Global Z: 0; Bounding Box Length: 0.800000000000001; Bounding Box Width: 1.6; Bounding Box Height: 0.8; Layer: Einrichtung
09wYceIaT6_feeZkzCYLGw,Table,. Project: Projekt Buerogebaeude; Building: Buerogebaeude; Storey: Erdgeschoss; Top Elevation: 0.8; Bottom Elevation: 0; Global Top Elevation: 0.8; Global Bottom Elevation: 0; Has Own Geometry: 1; Children Have Geometry: 0; Global X: 13.9; Global Y: 3.9; Global Z: 0; Bounding Box Length: 0.800000000000001; Bounding Box Width: 1.6; Bounding Box Height: 0.8; Layer: Einrichtung
0dSSxYXuzAJPpIozbSzgnc,Table,. Project: Projekt Buerogebaeude; Building: Buerogebaeude; Storey: Erdgeschoss; Top Elevation: 0.8; Bottom Elevation: 0; Global Top Elevation: 0.8; Global Bottom Elevation: 0; Has Own Geometry: 1; Children Have Geometry: 0; Global X: 9.1; Global Y: 3.9; Global Z: 0; Bounding Box Length: 0.800000000000001; Bounding Box Width: 1.6; Bounding Box Height: 0.8; Layer: Einrichtung
3KaloR8018sAKZVwuYVbSu,116,. GrossFloorArea: 35.4; GrossVolume: 95.58; GrossWallArea: 106.38; Height: 2.7; NetFloorArea: 35.4; NetVolume: 95.58; NetWallArea: 106.38; Perimeter: 39.4; Category: Flur; HandicapAccessible: 1; NaturalVentilation: 1; PubliclyAccessible: 1; AirConditioning: 0; NaturalVentilation: 1; SpaceTemperatureMax: 15; SpaceTemperatureMin: 15; SpaceTemperatureSummer: 20; SpaceTemperatureSummerMax: 15; SpaceTemperatureSummerMin: 15; SpaceTemperatureWinter: 20; SpaceTemperatureWinterMax: 15; SpaceTemperatureWinterMin: 15; Project: Projekt Buerogebaeude; Building: Buerogebaeude; Storey: Erdgeschoss; Top Elevation: 2.7; Bottom Elevation: 0; Global Top Elevation: 2.7; Global Bottom Elevation: 0; Has Own Geometry: 1; Children Have Geometry: 0; Global X: 0.300000000000001; Global Y: 7; Global Z: 0; Bounding Box Length: 17.7; Bounding Box Width: 2; Bounding Box Height: 2.7; Zone: Flur; Zone: Raumtemperatur-15-Grad; Layer: Räume
03hhkFXKT4RPFNu5rDrZPL,115,. GrossFloorArea: 24.64; GrossVolume: 66.528; GrossWallArea: 54; Height: 2.7; NetFloorArea: 24.64; NetVolume: 66.528; NetWallArea: 54; Perimeter: 20; Category: Office; HandicapAccessible: 1; PubliclyAccessible: 0; AirConditioning: 0; NaturalVentilation: 1; SpaceTemperatureMax: 20; SpaceTemperatureMin: 20; SpaceTemperatureSummerMax: 20; SpaceTemperatureSummerMin: 20; SpaceTemperatureWinterMax: 20; SpaceTemperatureWinterMin: 20; Project: Projekt Buerogebaeude; Building: Buerogebaeude; Storey: Erdgeschoss; Top Elevation: 2.7; Bottom Elevation: 0; Global Top Elevation: 2.7; Global Bottom Elevation: 0; Has Own Geometry: 1; Children Have Geometry: 1; Global X: 0.300000000000001; Global Y: 9.3; Global Z: 0; Bounding Box Length: 5.6; Bounding Box Width: 4.4; Bounding Box Height: 2.7; Zone: Gruppe I; Zone: Raumtemperatur-20-Grad; Layer: Räume
2BV8xGkm94E8NCuKck6qCF,Stuhl,. Project: Projekt Buerogebaeude; Building: Buerogebaeude; Storey: Erdgeschoss; Top Elevation: 0.5; Bottom Elevation: 0; Global Top Elevation: 0.5; Global Bottom Elevation: 0; Has Own Geometry: 1; Children Have Geometry: 0; Global X: 1.12193443672199; Global Y: 11.792077581342; Global Z: 0; Bounding Box Length: 0.423677663278013; Bounding Box Width: 0.42367766327801; Bounding Box Height: 0.5; Layer: Einrichtung
1yNitoSSf7mQHrIxramT2j,Table,. Project: Projekt Buerogebaeude; Building: Buerogebaeude; Storey: Erdgeschoss; Top Elevation: 0.8; Bottom Elevation: 0; Global Top Elevation: 0.8; Global Bottom Elevation: 0; Has Own Geometry: 1; Children Have Geometry: 0; Global X: 0.883588962026636; Global Y: 10.6379601148373; Global Z: 0; Bounding Box Length: 1.72444242106138; Bounding Box Width: 1.66497888516271; Bounding Box Height: 0.8; Layer: Einrichtung
1oKaKV7Wz8IOJ10cA1PGWP,113,. GrossFloorArea: 12.76; GrossVolume: 34.452; GrossWallArea: 39.42; Height: 2.7; NetFloorArea: 12.76; NetVolume: 34.452; NetWallArea: 39.42; Perimeter: 14.6; Category: WC; HandicapAccessible: 1; NaturalVentilation: 1; PubliclyAccessible: 1; AirConditioning: 0; NaturalVentilation: 1; SpaceTemperatureMax: 15; SpaceTemperatureMin: 15; SpaceTemperatureSummer: 20; SpaceTemperatureSummerMax: 15; SpaceTemperatureSummerMin: 15; SpaceTemperatureWinter: 20; SpaceTemperatureWinterMax: 15; SpaceTemperatureWinterMin: 15; Project: Projekt Buerogebaeude; Building: Buerogebaeude; Storey: Erdgeschoss; Top Elevation: 2.7; Bottom Elevation: 0; Global Top Elevation: 2.7; Global Bottom Elevation: 0; Has Own Geometry: 1; Children Have Geometry: 0; Global X: 15.1; Global Y: 9.3; Global Z: 0; Bounding Box Length: 2.9; Bounding Box Width: 4.4; Bounding Box Height: 2.7; Zone: WC; Zone: Raumtemperatur-15-Grad; Layer: Räume
3j5r$vfHT3JfqUfpdRoXnP,112,. GrossFloorArea: 12.76; GrossVolume: 34.452; GrossWallArea: 39.42; Height: 2.7; NetFloorArea: 12.76; NetVolume: 34.452; NetWallArea: 39.42; Perimeter: 14.6; Category: WC; HandicapAccessible: 1; NaturalVentilation: 1; PubliclyAccessible: 1; AirConditioning: 0; NaturalVentilation: 1; SpaceTemperatureMax: 15; SpaceTemperatureMin: 15; SpaceTemperatureSummer: 20; SpaceTemperatureSummerMax: 15; SpaceTemperatureSummerMin: 15; SpaceTemperatureWinter: 20; SpaceTemperatureWinterMax: 15; SpaceTemperatureWinterMin: 15; Project: Projekt Buerogebaeude; Building: Buerogebaeude; Storey: Erdgeschoss; Top Elevation: 2.7; Bottom Elevation: 0; Global Top Elevation: 2.7; Global Bottom Elevation: 0; Has Own Geometry: 1; Children Have Geometry: 0; Global X: 24; Global Y: 9.3; Global Z: 0; Bounding Box Length: 2.9; Bounding Box Width: 4.4; Bounding Box Height: 2.7; Zone: WC; Zone: Raumtemperatur-15-Grad; Layer: Räume
3t8qjHTuTAigDlC1x7D16b,111,. GrossFloorArea: 12.32; GrossVolume: 33.264; GrossWallArea: 38.88; Height: 2.7; NetFloorArea: 12.32; NetVolume: 33.264; NetWallArea: 38.88; Perimeter: 14.4; Category: Office; HandicapAccessible: 1; PubliclyAccessible: 0; AirConditioning: 0; NaturalVentilation: 1; SpaceTemperatureMax: 20; SpaceTemperatureMin: 20; SpaceTemperatureSummerMax: 20; SpaceTemperatureSummerMin: 20; SpaceTemperatureWinterMax: 20; SpaceTemperatureWinterMin: 20; Project: Projekt Buerogebaeude; Building: Buerogebaeude; Storey: Erdgeschoss; Top Elevation: 2.7; Bottom Elevation: 0; Global Top Elevation: 2.7; Global Bottom Elevation: 0; Has Own Geometry: 1; Children Have Geometry: 1; Global X: 27.1; Global Y: 9.3; Global Z: 0; Bounding Box Length: 2.8; Bounding Box Width: 4.4; Bounding Box Height: 2.7; Zone: Einzelzimmer; Zone: Gruppe I; Zone: Raumtemperatur-20-Grad; Layer: Räume
1U0C1y7wv1vwIyersUJ1OK,Table,. Project: Projekt Buerogebaeude; Building: Buerogebaeude; Storey: Erdgeschoss; Top Elevation: 0.8; Bottom Elevation: 0; Global Top Elevation: 0.8; Global Bottom Elevation: 0; Has Own Geometry: 1; Children Have Geometry: 0; Global X: 27.1; Global Y: 12.1; Global Z: 0; Bounding Box Length: 0.800000000000001; Bounding Box Width: 1.6; Bounding Box Height: 0.8; Layer: Einrichtung
07S4DtKg9Dsu1Pe9Miw$W5,Kubus-Einrichtung-2,. Project: Projekt Buerogebaeude; Building: Buerogebaeude; Storey: Erdgeschoss; Top Elevation: 0.5; Bottom Elevation: 0; Global Top Elevation: 0.5; Global Bottom Elevation: 0; Has Own Geometry: 1; Children Have Geometry: 0; Global X: 28.022161; Global Y: 12.699394; Global Z: 0; Bounding Box Length: 0.300000000000001; Bounding Box Width: 0.299999999999999; Bounding Box Height: 0.5; Layer: Einrichtung
1DxredyET5bf_85HZe8$FO,105,. GrossFloorArea: 39.16; GrossVolume: 105.732; GrossWallArea: 71.82; Height: 2.7; NetFloorArea: 39.16; NetVolume: 105.732; NetWallArea: 71.82; Perimeter: 26.6; Category: Office; HandicapAccessible: 1; PubliclyAccessible: 0; AirConditioning: 0; NaturalVentilation: 1; SpaceTemperatureMax: 20; SpaceTemperatureMin: 20; SpaceTemperatureSummerMax: 20; SpaceTemperatureSummerMin: 20; SpaceTemperatureWinterMax: 20; SpaceTemperatureWinterMin: 20; Project: Projekt Buerogebaeude; Building: Buerogebaeude; Storey: Erdgeschoss; Top Elevation: 2.7; Bottom Elevation: 0; Global Top Elevation: 2.7; Global Bottom Elevation: 0; Has Own Geometry: 1; Children Have Geometry: 1; Global X: 24; Global Y: 2.3; Global Z: 0; Bounding Box Length: 8.9; Bounding Box Width: 4.4; Bounding Box Height: 2.7; Zone: Studentenzimmer; Zone: Raumtemperatur-20-Grad; Layer: Räume
3$kYJBEBjCkRuGC4bJp2mQ,Table,. Project: Projekt Buerogebaeude; Building: Buerogebaeude; Storey: Erdgeschoss; Top Elevation: 0.8; Bottom Elevation: 0; Global Top Elevation: 0.8; Global Bottom Elevation: 0; Has Own Geometry: 1; Children Have Geometry: 0; Global X: 30.45; Global Y: 2.3; Global Z: 0; Bounding Box Length: 0.800000000000001; Bounding Box Width: 1.6; Bounding Box Height: 0.8; Layer: Einrichtung
3LbljY7D5Dleprs8wA8XAB,Table,. Project: Projekt Buerogebaeude; Building: Buerogebaeude; Storey: Erdgeschoss; Top Elevation: 0.8; Bottom Elevation: 0; Global Top Elevation: 0.8; Global Bottom Elevation: 0; Has Own Geometry: 1; Children Have Geometry: 0; Global X: 29.65; Global Y: 2.3; Global Z: 0; Bounding Box Length: 0.800000000000001; Bounding Box Width: 1.6; Bounding Box Height: 0.8; Layer: Einrichtung
3CSXD6Rbv958Qo9UQc_j7d,Table,. Project: Projekt Buerogebaeude; Building: Buerogebaeude; Storey: Erdgeschoss; Top Elevation: 0.8; Bottom Elevation: 0; Global Top Elevation: 0.8; Global Bottom Elevation: 0; Has Own Geometry: 1; Children Have Geometry: 0; Global X: 29.65; Global Y: 3.9; Global Z: 0; Bounding Box Length: 1.6; Bounding Box Width: 0.8; Bounding Box Height: 0.8; Layer: Einrichtung
0ZkRKInan2QuHsjV669aGn,Kubus-Einrichtung-2,. Project: Projekt Buerogebaeude; Building: Buerogebaeude; Storey: Erdgeschoss; Top Elevation: 0.5; Bottom Elevation: 0; Global Top Elevation: 0.5; Global Bottom Elevation: 0; Has Own Geometry: 1; Children Have Geometry: 0; Global X: 31.372161; Global Y: 2.8993942; Global Z: 0; Bounding Box Length: 0.300000000000001; Bounding Box Width: 0.3; Bounding Box Height: 0.5; Layer: Einrichtung
0M4vLi9CL8HBMODhwUEvP9,Kubus-Einrichtung-2,. Project: Projekt Buerogebaeude; Building: Buerogebaeude; Storey: Erdgeschoss; Top Elevation: 0.5; Bottom Elevation: 0; Global Top Elevation: 0.5; Global Bottom Elevation: 0; Has Own Geometry: 1; Children Have Geometry: 0; Global X: 30.3; Global Y: 4.7579471; Global Z: 0; Bounding Box Length: 0.300000000000001; Bounding Box Width: 0.3; Bounding Box Height: 0.5; Layer: Einrichtung
0$nFj884DCFPyXrOVQ1uBE,Kubus-Einrichtung-2,. Project: Projekt Buerogebaeude; Building: Buerogebaeude; Storey: Erdgeschoss; Top Elevation: 0.5; Bottom Elevation: 0; Global Top Elevation: 0.5; Global Bottom Elevation: 0; Has Own Geometry: 1; Children Have Geometry: 0; Global X: 29.264524; Global Y: 3.052677; Global Z: 0; Bounding Box Length: 0.300000000000001; Bounding Box Width: 0.3; Bounding Box Height: 0.5; Layer: Einrichtung
39sGTemlXCqwFRicEPZCbl,Table,. Project: Projekt Buerogebaeude; Building: Buerogebaeude; Storey: Erdgeschoss; Top Elevation: 0.8; Bottom Elevation: 0; Global Top Elevation: 0.8; Global Bottom Elevation: 0; Has Own Geometry: 1; Children Have Geometry: 0; Global X: 26.310818; Global Y: 2.3; Global Z: 0; Bounding Box Length: 0.800000000000001; Bounding Box Width: 1.6; Bounding Box Height: 0.8; Layer: Einrichtung
1s0I4MS9j8Iu9GUFHzJ9cI,Table,. Project: Projekt Buerogebaeude; Building: Buerogebaeude; Storey: Erdgeschoss; Top Elevation: 0.8; Bottom Elevation: 0; Global Top Elevation: 0.8; Global Bottom Elevation: 0; Has Own Geometry: 1; Children Have Geometry: 0; Global X: 25.510818; Global Y: 2.3; Global Z: 0; Bounding Box Length: 0.800000000000001; Bounding Box Width: 1.6; Bounding Box Height: 0.8; Layer: Einrichtung
3EsZp8TeX6TR3B5rI4HKlR,Kubus-Einrichtung-2,. Project: Projekt Buerogebaeude; Building: Buerogebaeude; Storey: Erdgeschoss; Top Elevation: 0.5; Bottom Elevation: 0; Global Top Elevation: 0.5; Global Bottom Elevation: 0; Has Own Geometry: 1; Children Have Geometry: 0; Global X: 27.232979; Global Y: 2.8993942; Global Z: 0; Bounding Box Length: 0.300000000000001; Bounding Box Width: 0.3; Bounding Box Height: 0.5; Layer: Einrichtung
1kux6efQT9SPgiZFaNhkv5,Kubus-Einrichtung-2,. Project: Projekt Buerogebaeude; Building: Buerogebaeude; Storey: Erdgeschoss; Top Elevation: 0.5; Bottom Elevation: 0; Global Top Elevation: 0.5; Global Bottom Elevation: 0; Has Own Geometry: 1; Children Have Geometry: 0; Global X: 26.160818; Global Y: 4.7579471; Global Z: 0; Bounding Box Length: 0.300000000000001; Bounding Box Width: 0.3; Bounding Box Height: 0.5; Layer: Einrichtung
3OTyytnFX6cgkJBrCQi6_I,Kubus-Einrichtung-2,. Project: Projekt Buerogebaeude; Building: Buerogebaeude; Storey: Erdgeschoss; Top Elevation: 0.5; Bottom Elevation: 0; Global Top Elevation: 0.5; Global Bottom Elevation: 0; Has Own Geometry: 1; Children Have Geometry: 0; Global X: 25.125342; Global Y: 3.052677; Global Z: 0; Bounding Box Length: 0.300000000000001; Bounding Box Width: 0.3; Bounding Box Height: 0.5; Layer: Einrichtung
3mi7E48qj1AwGWI_Z0L$OT,Table,. Project: Projekt Buerogebaeude; Building: Buerogebaeude; Storey: Erdgeschoss; Top Elevation: 0.8; Bottom Elevation: 0; Global Top Elevation: 0.8; Global Bottom Elevation: 0; Has Own Geometry: 1; Children Have Geometry: 0; Global X: 25.510818; Global Y: 3.9; Global Z: 0; Bounding Box Length: 1.6; Bounding Box Width: 0.8; Bounding Box Height: 0.8; Layer: Einrichtung
2ED0MLfrf17BXIsuJYCs7R,110,. GrossFloorArea: 12.32; GrossVolume: 33.264; GrossWallArea: 38.88; Height: 2.7; NetFloorArea: 12.32; NetVolume: 33.264; NetWallArea: 38.88; Perimeter: 14.4; Category: Office; HandicapAccessible: 1; PubliclyAccessible: 0; AirConditioning: 0; NaturalVentilation: 1; SpaceTemperatureMax: 20; SpaceTemperatureMin: 20; SpaceTemperatureSummerMax: 20; SpaceTemperatureSummerMin: 20; SpaceTemperatureWinterMax: 20; SpaceTemperatureWinterMin: 20; Project: Projekt Buerogebaeude; Building: Buerogebaeude; Storey: Erdgeschoss; Top Elevation: 2.7; Bottom Elevation: 0; Global Top Elevation: 2.7; Global Bottom Elevation: 0; Has Own Geometry: 1; Children Have Geometry: 1; Global X: 30.1; Global Y: 9.3; Global Z: 0; Bounding Box Length: 2.8; Bounding Box Width: 4.4; Bounding Box Height: 2.7; Zone: Einzelzimmer; Zone: Gruppe I; Zone: Raumtemperatur-20-Grad; Layer: Räume
03eINspibAMB7ulPPvjfHd,Kubus-Einrichtung-2,. Project: Projekt Buerogebaeude; Building: Buerogebaeude; Storey: Erdgeschoss; Top Elevation: 0.5; Bottom Elevation: 0; Global Top Elevation: 0.5; Global Bottom Elevation: 0; Has Own Geometry: 1; Children Have Geometry: 0; Global X: 31.022161; Global Y: 11.510656; Global Z: 0; Bounding Box Length: 0.300000000000001; Bounding Box Width: 0.300000000000001; Bounding Box Height: 0.5; Layer: Einrichtung
0g8fKmhXn4uAw7n6ZPtqv3,Schreibtisch,. Project: Projekt Buerogebaeude; Building: Buerogebaeude; Storey: Erdgeschoss; Top Elevation: 0.8; Bottom Elevation: 0; Global Top Elevation: 0.8; Global Bottom Elevation: 0; Has Own Geometry: 1; Children Have Geometry: 0; Global X: 30.1; Global Y: 10.911262; Global Z: 0; Bounding Box Length: 0.800000000000001; Bounding Box Width: 1.6; Bounding Box Height: 0.8; Layer: Einrichtung
1loQAAB191MA5YmsaMJHkI,109,. GrossFloorArea: 12.32; GrossVolume: 33.264; GrossWallArea: 38.88; Height: 2.7; NetFloorArea: 12.32; NetVolume: 33.264; NetWallArea: 38.88; Perimeter: 14.4; Category: Office; HandicapAccessible: 1; PubliclyAccessible: 0; AirConditioning: 0; NaturalVentilation: 1; SpaceTemperatureMax: 20; SpaceTemperatureMin: 20; SpaceTemperatureSummerMax: 20; SpaceTemperatureSummerMin: 20; SpaceTemperatureWinterMax: 20; SpaceTemperatureWinterMin: 20; Project: Projekt Buerogebaeude; Building: Buerogebaeude; Storey: Erdgeschoss; Top Elevation: 2.7; Bottom Elevation: 0; Global Top Elevation: 2.7; Global Bottom Elevation: 0; Has Own Geometry: 1; Children Have Geometry: 1; Global X: 33.1; Global Y: 9.3; Global Z: 0; Bounding Box Length: 2.8; Bounding Box Width: 4.4; Bounding Box Height: 2.7; Zone: Einzelzimmer; Zone: Gruppe I; Zone: Raumtemperatur-20-Grad; Layer: Räume
1FkOlh8oXEMBSG67XHRHzZ,Table,. Project: Projekt Buerogebaeude; Building: Buerogebaeude; Storey: Erdgeschoss; Top Elevation: 0.8; Bottom Elevation: 0; Global Top Elevation: 0.8; Global Bottom Elevation: 0; Has Own Geometry: 1; Children Have Geometry: 0; Global X: 33.1; Global Y: 10.542962; Global Z: 0; Bounding Box Length: 0.800000000000004; Bounding Box Width: 1.6; Bounding Box Height: 0.8; Layer: Einrichtung
0ZxDbbd5n3VwNQoJuNCWPa,Kubus-Einrichtung-2,. Project: Projekt Buerogebaeude; Building: Buerogebaeude; Storey: Erdgeschoss; Top Elevation: 0.5; Bottom Elevation: 0; Global Top Elevation: 0.5; Global Bottom Elevation: 0; Has Own Geometry: 1; Children Have Geometry: 0; Global X: 34.022161; Global Y: 11.142357; Global Z: 0; Bounding Box Length: 0.299999999999997; Bounding Box Width: 0.300000000000001; Bounding Box Height: 0.5; Layer: Einrichtung
3Xu6SpY4vC89stuKlMWE2n,108,. GrossFloorArea: 12.32; GrossVolume: 33.264; GrossWallArea: 38.88; Height: 2.7; NetFloorArea: 12.32; NetVolume: 33.264; NetWallArea: 38.88; Perimeter: 14.4; Category: Office; HandicapAccessible: 1; PubliclyAccessible: 0; AirConditioning: 0; NaturalVentilation: 1; SpaceTemperatureMax: 20; SpaceTemperatureMin: 20; SpaceTemperatureSummerMax: 20; SpaceTemperatureSummerMin: 20; SpaceTemperatureWinterMax: 20; SpaceTemperatureWinterMin: 20; Project: Projekt Buerogebaeude; Building: Buerogebaeude; Storey: Erdgeschoss; Top Elevation: 2.7; Bottom Elevation: 0; Global Top Elevation: 2.7; Global Bottom Elevation: 0; Has Own Geometry: 1; Children Have Geometry: 1; Global X: 36.1; Global Y: 9.3; Global Z: 0; Bounding Box Length: 2.8; Bounding Box Width: 4.4; Bounding Box Height: 2.7; Zone: Einzelzimmer; Zone: Gruppe I; Zone: Raumtemperatur-20-Grad; Layer: Räume
1DD7a7jY58OvAb5Q8BLeLd,Kubus-Einrichtung-2,. Project: Projekt Buerogebaeude; Building: Buerogebaeude; Storey: Erdgeschoss; Top Elevation: 0.5; Bottom Elevation: 0; Global Top Elevation: 0.5; Global Bottom Elevation: 0; Has Own Geometry: 1; Children Have Geometry: 0; Global X: 37.022161; Global Y: 11.073142; Global Z: 0; Bounding Box Length: 0.299999999999997; Bounding Box Width: 0.300000000000001; Bounding Box Height: 0.5; Layer: Einrichtung
04vGlrThrE5RHdeUGlTFPp,Schreibtisch,. Project: Projekt Buerogebaeude; Building: Buerogebaeude; Storey: Erdgeschoss; Top Elevation: 0.8; Bottom Elevation: 0; Global Top Elevation: 0.8; Global Bottom Elevation: 0; Has Own Geometry: 1; Children Have Geometry: 0; Global X: 36.1; Global Y: 10.473748; Global Z: 0; Bounding Box Length: 0.800000000000004; Bounding Box Width: 1.6; Bounding Box Height: 0.8; Layer: Einrichtung
3yAAZZ86j388XApaG$h1X6,107,. GrossFloorArea: 11.44; GrossVolume: 30.888; GrossWallArea: 37.8; Height: 2.7; NetFloorArea: 11.44; NetVolume: 30.888; NetWallArea: 37.8; Perimeter: 14; Category: Office; HandicapAccessible: 1; PubliclyAccessible: 0; AirConditioning: 0; NaturalVentilation: 1; SpaceTemperatureMax: 20; SpaceTemperatureMin: 20; SpaceTemperatureSummerMax: 20; SpaceTemperatureSummerMin: 20; SpaceTemperatureWinterMax: 20; SpaceTemperatureWinterMin: 20; Project: Projekt Buerogebaeude; Building: Buerogebaeude; Storey: Erdgeschoss; Top Elevation: 2.7; Bottom Elevation: 0; Global Top Elevation: 2.7; Global Bottom Elevation: 0; Has Own Geometry: 1; Children Have Geometry: 1; Global X: 39.1; Global Y: 9.3; Global Z: 0; Bounding Box Length: 2.60000000000001; Bounding Box Width: 4.4; Bounding Box Height: 2.7; Zone: Einzelzimmer; Zone: Gruppe I; Zone: Raumtemperatur-20-Grad; Layer: Räume
1E2pL$RPP0l9aelib_UXhX,Kubus-Einrichtung-2,. Project: Projekt Buerogebaeude; Building: Buerogebaeude; Storey: Erdgeschoss; Top Elevation: 0.5; Bottom Elevation: 0; Global Top Elevation: 0.5; Global Bottom Elevation: 0; Has Own Geometry: 1; Children Have Geometry: 0; Global X: 40.022161; Global Y: 11.931883; Global Z: 0; Bounding Box Length: 0.299999999999997; Bounding Box Width: 0.300000000000001; Bounding Box Height: 0.5; Layer: Einrichtung
1G74dAb9j0svW4u5KST1Xv,Schreibtisch,. Project: Projekt Buerogebaeude; Building: Buerogebaeude; Storey: Erdgeschoss; Top Elevation: 0.8; Bottom Elevation: 0; Global Top Elevation: 0.8; Global Bottom Elevation: 0; Has Own Geometry: 1; Children Have Geometry: 0; Global X: 39.1; Global Y: 11.332489; Global Z: 0; Bounding Box Length: 0.800000000000004; Bounding Box Width: 1.6; Bounding Box Height: 0.8; Layer: Einrichtung
3$FatfHY1Cg9apAMwbKPN8,106,. GrossFloorArea: 37.84; GrossVolume: 102.168; GrossWallArea: 70.2; Height: 2.7; NetFloorArea: 37.84; NetVolume: 102.168; NetWallArea: 70.2; Perimeter: 26; Category: Office; HandicapAccessible: 1; PubliclyAccessible: 0; AirConditioning: 0; NaturalVentilation: 1; SpaceTemperatureMax: 20; SpaceTemperatureMin: 20; SpaceTemperatureSummerMax: 20; SpaceTemperatureSummerMin: 20; SpaceTemperatureWinterMax: 20; SpaceTemperatureWinterMin: 20; Project: Projekt Buerogebaeude; Building: Buerogebaeude; Storey: Erdgeschoss; Top Elevation: 2.7; Bottom Elevation: 0; Global Top Elevation: 2.7; Global Bottom Elevation: 0; Has Own Geometry: 1; Children Have Geometry: 1; Global X: 33.1; Global Y: 2.3; Global Z: 0; Bounding Box Length: 8.6; Bounding Box Width: 4.4; Bounding Box Height: 2.7; Zone: Studentenzimmer; Zone: Raumtemperatur-20-Grad; Layer: Räume
10Km1Yd$XBawEELd4t7awF,Table,. Project: Projekt Buerogebaeude; Building: Buerogebaeude; Storey: Erdgeschoss; Top Elevation: 0.8; Bottom Elevation: 0; Global Top Elevation: 0.8; Global Bottom Elevation: 0; Has Own Geometry: 1; Children Have Geometry: 0; Global X: 35.255812; Global Y: 2.3; Global Z: 0; Bounding Box Length: 0.799999999999997; Bounding Box Width: 1.6; Bounding Box Height: 0.8; Layer: Einrichtung
1tKUxOe3b3mPp3I4yeL1Rz,Table,. Project: Projekt Buerogebaeude; Building: Buerogebaeude; Storey: Erdgeschoss; Top Elevation: 0.8; Bottom Elevation: 0; Global Top Elevation: 0.8; Global Bottom Elevation: 0; Has Own Geometry: 1; Children Have Geometry: 0; Global X: 34.455812; Global Y: 2.3; Global Z: 0; Bounding Box Length: 0.800000000000004; Bounding Box Width: 1.6; Bounding Box Height: 0.8; Layer: Einrichtung
2l4LFd9FnDpA2oSc00bxDu,Kubus-Einrichtung-2,. Project: Projekt Buerogebaeude; Building: Buerogebaeude; Storey: Erdgeschoss; Top Elevation: 0.5; Bottom Elevation: 0; Global Top Elevation: 0.5; Global Bottom Elevation: 0; Has Own Geometry: 1; Children Have Geometry: 0; Global X: 36.177972; Global Y: 2.8993942; Global Z: 0; Bounding Box Length: 0.299999999999997; Bounding Box Width: 0.3; Bounding Box Height: 0.5; Layer: Einrichtung
1GfjDdfNDDqgfciMAwYG5c,Kubus-Einrichtung-2,. Project: Projekt Buerogebaeude; Building: Buerogebaeude; Storey: Erdgeschoss; Top Elevation: 0.5; Bottom Elevation: 0; Global Top Elevation: 0.5; Global Bottom Elevation: 0; Has Own Geometry: 1; Children Have Geometry: 0; Global X: 35.105812; Global Y: 4.7579471; Global Z: 0; Bounding Box Length: 0.299999999999997; Bounding Box Width: 0.3; Bounding Box Height: 0.5; Layer: Einrichtung
2mUDgAvr1C1ukAYYO0gjTU,Kubus-Einrichtung-2,. Project: Projekt Buerogebaeude; Building: Buerogebaeude; Storey: Erdgeschoss; Top Elevation: 0.5; Bottom Elevation: 0; Global Top Elevation: 0.5; Global Bottom Elevation: 0; Has Own Geometry: 1; Children Have Geometry: 0; Global X: 34.070335; Global Y: 3.052677; Global Z: 0; Bounding Box Length: 0.299999999999997; Bounding Box Width: 0.3; Bounding Box Height: 0.5; Layer: Einrichtung
1ruBd5KBP6ZP9AhR6$WWX4,Table,. Project: Projekt Buerogebaeude; Building: Buerogebaeude; Storey: Erdgeschoss; Top Elevation: 0.8; Bottom Elevation: 0; Global Top Elevation: 0.8; Global Bottom Elevation: 0; Has Own Geometry: 1; Children Have Geometry: 0; Global X: 34.455812; Global Y: 3.9; Global Z: 0; Bounding Box Length: 1.6; Bounding Box Width: 0.8; Bounding Box Height: 0.8; Layer: Einrichtung
2ZuwhXd0901Adi2h1pa4Do,Table,. Project: Projekt Buerogebaeude; Building: Buerogebaeude; Storey: Erdgeschoss; Top Elevation: 0.8; Bottom Elevation: 0; Global Top Elevation: 0.8; Global Bottom Elevation: 0; Has Own Geometry: 1; Children Have Geometry: 0; Global X: 39.55; Global Y: 2.3; Global Z: 0; Bounding Box Length: 0.800000000000004; Bounding Box Width: 1.6; Bounding Box Height: 0.8; Layer: Einrichtung
2o6o7HeHT9vvXnKUKST8PE,Table,. Project: Projekt Buerogebaeude; Building: Buerogebaeude; Storey: Erdgeschoss; Top Elevation: 0.8; Bottom Elevation: 0; Global Top Elevation: 0.8; Global Bottom Elevation: 0; Has Own Geometry: 1; Children Have Geometry: 0; Global X: 38.75; Global Y: 2.3; Global Z: 0; Bounding Box Length: 0.799999999999997; Bounding Box Width: 1.6; Bounding Box Height: 0.8; Layer: Einrichtung
0nfZvgryT8XBahkto1k2p0,Kubus-Einrichtung-2,. Project: Projekt Buerogebaeude; Building: Buerogebaeude; Storey: Erdgeschoss; Top Elevation: 0.5; Bottom Elevation: 0; Global Top Elevation: 0.5; Global Bottom Elevation: 0; Has Own Geometry: 1; Children Have Geometry: 0; Global X: 40.472161; Global Y: 2.8993942; Global Z: 0; Bounding Box Length: 0.299999999999997; Bounding Box Width: 0.3; Bounding Box Height: 0.5; Layer: Einrichtung
2qDsMbogn9mOCQgNc0xzpP,Kubus-Einrichtung-2,. Project: Projekt Buerogebaeude; Building: Buerogebaeude; Storey: Erdgeschoss; Top Elevation: 0.5; Bottom Elevation: 0; Global Top Elevation: 0.5; Global Bottom Elevation: 0; Has Own Geometry: 1; Children Have Geometry: 0; Global X: 39.4; Global Y: 4.7579471; Global Z: 0; Bounding Box Length: 0.300000000000004; Bounding Box Width: 0.3; Bounding Box Height: 0.5; Layer: Einrichtung
2hhqHIBeP8nw9YAzD$9Pr5,Kubus-Einrichtung-2,. Project: Projekt Buerogebaeude; Building: Buerogebaeude; Storey: Erdgeschoss; Top Elevation: 0.5; Bottom Elevation: 0; Global Top Elevation: 0.5; Global Bottom Elevation: 0; Has Own Geometry: 1; Children Have Geometry: 0; Global X: 38.364524; Global Y: 3.052677; Global Z: 0; Bounding Box Length: 0.299999999999997; Bounding Box Width: 0.3; Bounding Box Height: 0.5; Layer: Einrichtung
3_B0AFj$92Lftw82L$xWsU,Table,. Project: Projekt Buerogebaeude; Building: Buerogebaeude; Storey: Erdgeschoss; Top Elevation: 0.8; Bottom Elevation: 0; Global Top Elevation: 0.8; Global Bottom Elevation: 0; Has Own Geometry: 1; Children Have Geometry: 0; Global X: 38.75; Global Y: 3.9; Global Z: 0; Bounding Box Length: 1.6; Bounding Box Width: 0.8; Bounding Box Height: 0.8; Layer: Einrichtung
0_TtqXcOrDbeTXyb5q0Uxb,118,. GrossFloorArea: 35.4; GrossVolume: 95.58; GrossWallArea: 106.38; Height: 2.7; NetFloorArea: 35.4; NetVolume: 95.58; NetWallArea: 106.38; Perimeter: 39.4; Category: Flur; HandicapAccessible: 1; NaturalVentilation: 1; PubliclyAccessible: 1; AirConditioning: 0; NaturalVentilation: 1; SpaceTemperatureMax: 15; SpaceTemperatureMin: 15; SpaceTemperatureSummer: 20; SpaceTemperatureSummerMax: 15; SpaceTemperatureSummerMin: 15; SpaceTemperatureWinter: 20; SpaceTemperatureWinterMax: 15; SpaceTemperatureWinterMin: 15; Project: Projekt Buerogebaeude; Building: Buerogebaeude; Storey: Erdgeschoss; Top Elevation: 2.7; Bottom Elevation: 0; Global Top Elevation: 2.7; Global Bottom Elevation: 0; Has Own Geometry: 1; Children Have Geometry: 0; Global X: 24; Global Y: 7; Global Z: 0; Bounding Box Length: 17.7; Bounding Box Width: 2; Bounding Box Height: 2.7; Zone: Flur; Zone: Raumtemperatur-15-Grad; Layer: Räume
25QUQJ9jHAFengkpc9N7GR,104,. GrossFloorArea: 12.76; GrossVolume: 34.452; GrossWallArea: 39.42; Height: 2.7; NetFloorArea: 12.76; NetVolume: 34.452; NetWallArea: 39.42; Perimeter: 14.6; Category: Office; HandicapAccessible: 1; PubliclyAccessible: 0; AirConditioning: 0; NaturalVentilation: 1; SpaceTemperatureMax: 20; SpaceTemperatureMin: 20; SpaceTemperatureSummerMax: 20; SpaceTemperatureSummerMin: 20; SpaceTemperatureWinterMax: 20; SpaceTemperatureWinterMin: 20; Project: Projekt Buerogebaeude; Building: Buerogebaeude; Storey: Erdgeschoss; Top Elevation: 2.7; Bottom Elevation: 0; Global Top Elevation: 2.7; Global Bottom Elevation: 0; Has Own Geometry: 1; Children Have Geometry: 1; Global X: 15.1; Global Y: 2.3; Global Z: 0; Bounding Box Length: 2.9; Bounding Box Width: 4.4; Bounding Box Height: 2.7; Zone: Einzelzimmer; Zone: Raumtemperatur-20-Grad; Layer: Räume
2OOpkSORHDYvBk8zsUWSWd,Table,. Project: Projekt Buerogebaeude; Building: Buerogebaeude; Storey: Erdgeschoss; Top Elevation: 0.8; Bottom Elevation: 0; Global Top Elevation: 0.8; Global Bottom Elevation: 0; Has Own Geometry: 1; Children Have Geometry: 0; Global X: 17.2; Global Y: 3.4471316; Global Z: 0; Bounding Box Length: 0.800000000000001; Bounding Box Width: 1.6; Bounding Box Height: 0.8; Layer: Einrichtung
2tFeyHM1v51PbS1kDg4mQi,Kubus-Einrichtung-2,. Project: Projekt Buerogebaeude; Building: Buerogebaeude; Storey: Erdgeschoss; Top Elevation: 0.5; Bottom Elevation: 0; Global Top Elevation: 0.5; Global Bottom Elevation: 0; Has Own Geometry: 1; Children Have Geometry: 0; Global X: 16.814524; Global Y: 4.1998085; Global Z: 0; Bounding Box Length: 0.300000000000001; Bounding Box Width: 0.3; Bounding Box Height: 0.5; Layer: Einrichtung
0jhU4VZ6XCxee3pjfx5VMh,114,. GrossFloorArea: 38.72; GrossVolume: 104.544; GrossWallArea: 71.28; Height: 2.7; NetFloorArea: 38.72; NetVolume: 104.544; NetWallArea: 71.28; Perimeter: 26.4; Category: Office; HandicapAccessible: 1; PubliclyAccessible: 0; AirConditioning: 0; NaturalVentilation: 1; SpaceTemperatureMax: 20; SpaceTemperatureMin: 20; SpaceTemperatureSummerMax: 20; SpaceTemperatureSummerMin: 20; SpaceTemperatureWinterMax: 20; SpaceTemperatureWinterMin: 20; Project: Projekt Buerogebaeude; Building: Buerogebaeude; Storey: Erdgeschoss; Top Elevation: 2.7; Bottom Elevation: 0; Global Top Elevation: 2.7; Global Bottom Elevation: 0; Has Own Geometry: 1; Children Have Geometry: 1; Global X: 6.1; Global Y: 9.3; Global Z: 0; Bounding Box Length: 8.8; Bounding Box Width: 4.4; Bounding Box Height: 2.7; Zone: Studentenzimmer; Zone: Raumtemperatur-20-Grad; Layer: Räume
3WgKK2GqL2thS5m4gLxriY,Kubus-Einrichtung-2,. Project: Projekt Buerogebaeude; Building: Buerogebaeude; Storey: Erdgeschoss; Top Elevation: 0.5; Bottom Elevation: 0; Global Top Elevation: 0.5; Global Bottom Elevation: 0; Has Own Geometry: 1; Children Have Geometry: 0; Global X: 8.5190251; Global Y: 11.990522; Global Z: 0; Bounding Box Length: 0.300000000000001; Bounding Box Width: 0.299999999999999; Bounding Box Height: 0.5; Layer: Einrichtung
1QWDYFVQXFiuwoubSkSG48,Table,. Project: Projekt Buerogebaeude; Building: Buerogebaeude; Storey: Erdgeschoss; Top Elevation: 0.8; Bottom Elevation: 0; Global Top Elevation: 0.8; Global Bottom Elevation: 0; Has Own Geometry: 1; Children Have Geometry: 0; Global X: 10.9; Global Y: 11.3; Global Z: 0; Bounding Box Length: 0.800000000000001; Bounding Box Width: 1.6; Bounding Box Height: 0.8; Layer: Einrichtung
0hvwmXBX99MB50mF38yTGl,Stuhl,. Project: Projekt Buerogebaeude; Building: Buerogebaeude; Storey: Erdgeschoss; Top Elevation: 0.5; Bottom Elevation: 0; Global Top Elevation: 0.5; Global Bottom Elevation: 0; Has Own Geometry: 1; Children Have Geometry: 0; Global X: 12.538364; Global Y: 12.038435; Global Z: 0; Bounding Box Length: 0.300000000000001; Bounding Box Width: 0.300000000000001; Bounding Box Height: 0.5; Layer: Einrichtung
1f$gTvlHX8GhKd604sQm2W,Kubus-Einrichtung-2,. Project: Projekt Buerogebaeude; Building: Buerogebaeude; Storey: Erdgeschoss; Top Elevation: 0.5; Bottom Elevation: 0; Global Top Elevation: 0.5; Global Bottom Elevation: 0; Has Own Geometry: 1; Children Have Geometry: 0; Global X: 10.564007; Global Y: 12.020199; Global Z: 0; Bounding Box Length: 0.300000000000001; Bounding Box Width: 0.299999999999999; Bounding Box Height: 0.5; Layer: Einrichtung
3Rt$$LAsTF7vMcZ8JzPVr4,Kubus-Einrichtung-2,. Project: Projekt Buerogebaeude; Building: Buerogebaeude; Storey: Erdgeschoss; Top Elevation: 0.5; Bottom Elevation: 0; Global Top Elevation: 0.5; Global Bottom Elevation: 0; Has Own Geometry: 1; Children Have Geometry: 0; Global X: 13.714524; Global Y: 12.068293; Global Z: 0; Bounding Box Length: 0.300000000000001; Bounding Box Width: 0.300000000000001; Bounding Box Height: 0.5; Layer: Einrichtung
3kjBbM7cvCYRZ9LLqGksoU,Table,. Project: Projekt Buerogebaeude; Building: Buerogebaeude; Storey: Erdgeschoss; Top Elevation: 0.8; Bottom Elevation: 0; Global Top Elevation: 0.8; Global Bottom Elevation: 0; Has Own Geometry: 1; Children Have Geometry: 0; Global X: 13.3; Global Y: 12.9; Global Z: 0; Bounding Box Length: 1.6; Bounding Box Width: 0.800000000000001; Bounding Box Height: 0.8; Layer: Einrichtung
0BwbUEtUXCveHWZ7HWUQrv,Table,. Project: Projekt Buerogebaeude; Building: Buerogebaeude; Storey: Erdgeschoss; Top Elevation: 0.8; Bottom Elevation: 0; Global Top Elevation: 0.8; Global Bottom Elevation: 0; Has Own Geometry: 1; Children Have Geometry: 0; Global X: 14.1; Global Y: 11.3; Global Z: 0; Bounding Box Length: 0.799999999999999; Bounding Box Width: 1.6; Bounding Box Height: 0.8; Layer: Einrichtung
3EyCDlgjv8R9_MyCxnwYxS,Table,. Project: Projekt Buerogebaeude; Building: Buerogebaeude; Storey: Erdgeschoss; Top Elevation: 0.8; Bottom Elevation: 0; Global Top Elevation: 0.8; Global Bottom Elevation: 0; Has Own Geometry: 1; Children Have Geometry: 0; Global X: 11.7; Global Y: 12.9; Global Z: 0; Bounding Box Length: 1.6; Bounding Box Width: 0.800000000000001; Bounding Box Height: 0.8; Layer: Einrichtung
3_bYofZKP9lAUHAD3P9WWN,Table,. Project: Projekt Buerogebaeude; Building: Buerogebaeude; Storey: Erdgeschoss; Top Elevation: 0.8; Bottom Elevation: 0; Global Top Elevation: 0.8; Global Bottom Elevation: 0; Has Own Geometry: 1; Children Have Geometry: 0; Global X: 10.1; Global Y: 12.9; Global Z: 0; Bounding Box Length: 1.6; Bounding Box Width: 0.800000000000001; Bounding Box Height: 0.8; Layer: Einrichtung
2c3SDDFBjDRevm_iMuG2$P,Table,. Project: Projekt Buerogebaeude; Building: Buerogebaeude; Storey: Erdgeschoss; Top Elevation: 0.8; Bottom Elevation: 0; Global Top Elevation: 0.8; Global Bottom Elevation: 0; Has Own Geometry: 1; Children Have Geometry: 0; Global X: 8.5; Global Y: 12.9; Global Z: 0; Bounding Box Length: 1.6; Bounding Box Width: 0.800000000000001; Bounding Box Height: 0.8; Layer: Einrichtung
1BgnCX27rAT9D_Cf$w4d3b,Table,. Project: Projekt Buerogebaeude; Building: Buerogebaeude; Storey: Erdgeschoss; Top Elevation: 0.8; Bottom Elevation: 0; Global Top Elevation: 0.8; Global Bottom Elevation: 0; Has Own Geometry: 1; Children Have Geometry: 0; Global X: 6.9; Global Y: 12.9; Global Z: 0; Bounding Box Length: 1.6; Bounding Box Width: 0.800000000000001; Bounding Box Height: 0.8; Layer: Einrichtung
3SNBWCgSrBZu7WfzpF18w1,Table,. Project: Projekt Buerogebaeude; Building: Buerogebaeude; Storey: Erdgeschoss; Top Elevation: 0.8; Bottom Elevation: 0; Global Top Elevation: 0.8; Global Bottom Elevation: 0; Has Own Geometry: 1; Children Have Geometry: 0; Global X: 6.9; Global Y: 11.3; Global Z: 0; Bounding Box Length: 0.800000000000001; Bounding Box Width: 1.6; Bounding Box Height: 0.8; Layer: Einrichtung
1SOfm38Sr3TuQ2VmMVHkIk,Table,. Project: Projekt Buerogebaeude; Building: Buerogebaeude; Storey: Erdgeschoss; Top Elevation: 0.8; Bottom Elevation: 0; Global Top Elevation: 0.8; Global Bottom Elevation: 0; Has Own Geometry: 1; Children Have Geometry: 0; Global X: 7.7; Global Y: 11.3; Global Z: 0; Bounding Box Length: 0.800000000000001; Bounding Box Width: 1.6; Bounding Box Height: 0.8; Layer: Einrichtung
1X8ISgOSf99vUFSjfvAmt3,Stuhl,. Project: Projekt Buerogebaeude; Building: Buerogebaeude; Storey: Erdgeschoss; Top Elevation: 0.5; Bottom Elevation: 0; Global Top Elevation: 0.5; Global Bottom Elevation: 0; Has Own Geometry: 1; Children Have Geometry: 0; Global X: 6.4310758; Global Y: 11.99968; Global Z: 0; Bounding Box Length: 0.300000000000001; Bounding Box Width: 0.299999999999999; Bounding Box Height: 0.5; Layer: Einrichtung
1axMfr5oLBgOS3LHyi46$t,Table,. Project: Projekt Buerogebaeude; Building: Buerogebaeude; Storey: Erdgeschoss; Top Elevation: 0.8; Bottom Elevation: 0; Global Top Elevation: 0.8; Global Bottom Elevation: 0; Has Own Geometry: 1; Children Have Geometry: 0; Global X: 11.7; Global Y: 11.3; Global Z: 0; Bounding Box Length: 0.800000000000001; Bounding Box Width: 1.6; Bounding Box Height: 0.8; Layer: Einrichtung
1RP4kkhTDFJuLugWfrM_1s,117,. GrossFloorArea: 83.16; GrossVolume: 224.532; GrossWallArea: 112.32; Height: 2.7; NetFloorArea: 83.16; NetVolume: 224.532; NetWallArea: 112.32; Perimeter: 41.6; Category: Flur; HandicapAccessible: 1; NaturalVentilation: 1; PubliclyAccessible: 1; AirConditioning: 0; NaturalVentilation: 1; SpaceTemperatureMax: 15; SpaceTemperatureMin: 15; SpaceTemperatureSummer: 20; SpaceTemperatureSummerMax: 15; SpaceTemperatureSummerMin: 15; SpaceTemperatureWinter: 20; SpaceTemperatureWinterMax: 15; SpaceTemperatureWinterMin: 15; Project: Projekt Buerogebaeude; Building: Buerogebaeude; Storey: Erdgeschoss; Top Elevation: 2.7; Bottom Elevation: 0; Global Top Elevation: 2.7; Global Bottom Elevation: 0; Has Own Geometry: 1; Children Have Geometry: 0; Global X: 18.3; Global Y: 0.299999999999999; Global Z: 0; Bounding Box Length: 5.4; Bounding Box Width: 15.4; Bounding Box Height: 2.7; Zone: Flur; Zone: Raumtemperatur-15-Grad; Layer: Räume
3edQNiDA9BMfnQgyxoNyj_,1. Obergeschoss,1. Level. Project: Projekt Buerogebaeude; Building: Buerogebaeude; Top Elevation: 6.8999; Bottom Elevation: 2.7; Global Top Elevation: 6.8999; Global Bottom Elevation: 2.7; Has Own Geometry: 0; Children Have Geometry: 1; Global X: -4; Global Y: -4; Global Z: 2.7; Bounding Box Length: 50; Bounding Box Width: 24; Bounding Box Height: 4.1999
3EYxooj415QgvrtcQsy2Kh,Wand-002,. GrossFootprintArea: 5.4; GrossSideArea: 48.6; GrossVolume: 14.58; Height: 2.7; Length: 18; NetSideArea: 30.6; NetVolume: 9.18; Width: 0.3; IsExternal: 1; LoadBearing: 1; ThermalTransmittance: 0.3; Project: Projekt Buerogebaeude; Building: Buerogebaeude; Storey: 1. Obergeschoss; Top Elevation: 5.7; Bottom Elevation: 3; Global Top Elevation: 5.7; Global Bottom Elevation: 3; Has Own Geometry: 1; Children Have Geometry: 1; Global X: 0; Global Y: 13.7; Global Z: 3; Bounding Box Length: 18.3; Bounding Box Width: 0.300000000000001; Bounding Box Height: 2.7; Layer: Außenwände
1MukS3NDjA68OLstvYbRQ3,,. XDim: 1; YDim: 1.5; Project: Projekt Buerogebaeude; Building: Buerogebaeude; Storey: 1. Obergeschoss; Top Elevation: 5.4; Bottom Elevation: 3.9; Global Top Elevation: 5.4; Global Bottom Elevation: 3.9; Has Own Geometry: 1; Children Have Geometry: 0; Global X: 1.75; Global Y: 13.7; Global Z: 3.9; Bounding Box Length: 1; Bounding Box Width: 0.300000000000001; Bounding Box Height: 1.5
1zEdlzGF1FRB04u1cfvkbv,,. XDim: 1; YDim: 1.5; Project: Projekt Buerogebaeude; Building: Buerogebaeude; Storey: 1. Obergeschoss; Top Elevation: 5.4; Bottom Elevation: 3.9; Global Top Elevation: 5.4; Global Bottom Elevation: 3.9; Has Own Geometry: 1; Children Have Geometry: 0; Global X: 3.25; Global Y: 13.7; Global Z: 3.9; Bounding Box Length: 1; Bounding Box Width: 0.300000000000001; Bounding Box Height: 1.5
2FPstbovz5CPZKzwBU_fb2,,. XDim: 1; YDim: 1.5; Project: Projekt Buerogebaeude; Building: Buerogebaeude; Storey: 1. Obergeschoss; Top Elevation: 5.4; Bottom Elevation: 3.9; Global Top Elevation: 5.4; Global Bottom Elevation: 3.9; Has Own Geometry: 1; Children Have Geometry: 0; Global X: 4.75; Global Y: 13.7; Global Z: 3.9; Bounding Box Length: 1; Bounding Box Width: 0.300000000000001; Bounding Box Height: 1.5
0ofGvAvV5DVA1C3haGTuhb,,. XDim: 1; YDim: 1.5; Project: Projekt Buerogebaeude; Building: Buerogebaeude; Storey: 1. Obergeschoss; Top Elevation: 5.4; Bottom Elevation: 3.9; Global Top Elevation: 5.4; Global Bottom Elevation: 3.9; Has Own Geometry: 1; Children Have Geometry: 0; Global X: 6.25; Global Y: 13.7; Global Z: 3.9; Bounding Box Length: 1; Bounding Box Width: 0.300000000000001; Bounding Box Height: 1.5
2XeIVBKKbEWPSEy0f_vHbv,,. XDim: 1; YDim: 1.5; Project: Projekt Buerogebaeude; Building: Buerogebaeude; Storey: 1. Obergeschoss; Top Elevation: 5.4; Bottom Elevation: 3.9; Global Top Elevation: 5.4; Global Bottom Elevation: 3.9; Has Own Geometry: 1; Children Have Geometry: 0; Global X: 7.75; Global Y: 13.7; Global Z: 3.9; Bounding Box Length: 1; Bounding Box Width: 0.300000000000001; Bounding Box Height: 1.5
2_yiGnspz8QP$yyHhQMGWU,,. XDim: 1; YDim: 1.5; Project: Projekt Buerogebaeude; Building: Buerogebaeude; Storey: 1. Obergeschoss; Top Elevation: 5.4; Bottom Elevation: 3.9; Global Top Elevation: 5.4; Global Bottom Elevation: 3.9; Has Own Geometry: 1; Children Have Geometry: 0; Global X: 9.25; Global Y: 13.7; Global Z: 3.9; Bounding Box Length: 1; Bounding Box Width: 0.300000000000001; Bounding Box Height: 1.5
2KZuDB8Fv0dvMXb7daoLoH,,. XDim: 1; YDim: 1.5; Project: Projekt Buerogebaeude; Building: Buerogebaeude; Storey: 1. Obergeschoss; Top Elevation: 5.4; Bottom Elevation: 3.9; Global Top Elevation: 5.4; Global Bottom Elevation: 3.9; Has Own Geometry: 1; Children Have Geometry: 0; Global X: 10.75; Global Y: 13.7; Global Z: 3.9; Bounding Box Length: 1; Bounding Box Width: 0.300000000000001; Bounding Box Height: 1.5
2XeJCJMB5B7h4elBQP1LhI,,. XDim: 1; YDim: 1.5; Project: Projekt Buerogebaeude; Building: Buerogebaeude; Storey: 1. Obergeschoss; Top Elevation: 5.4; Bottom Elevation: 3.9; Global Top Elevation: 5.4; Global Bottom Elevation: 3.9; Has Own Geometry: 1; Children Have Geometry: 0; Global X: 12.25; Global Y: 13.7; Global Z: 3.9; Bounding Box Length: 1; Bounding Box Width: 0.300000000000001; Bounding Box Height: 1.5
1sgBMQwNTC49WhpCW_8$Wm,,. XDim: 1; YDim: 1.5; Project: Projekt Buerogebaeude; Building: Buerogebaeude; Storey: 1. Obergeschoss; Top Elevation: 5.4; Bottom Elevation: 3.9; Global Top Elevation: 5.4; Global Bottom Elevation: 3.9; Has Own Geometry: 1; Children Have Geometry: 0; Global X: 13.75; Global Y: 13.7; Global Z: 3.9; Bounding Box Length: 1; Bounding Box Width: 0.300000000000001; Bounding Box Height: 1.5
21iDroBdH6LfOQZc4cn_1D,,. XDim: 1; YDim: 1.5; Project: Projekt Buerogebaeude; Building: Buerogebaeude; Storey: 1. Obergeschoss; Top Elevation: 5.4; Bottom Elevation: 3.9; Global Top Elevation: 5.4; Global Bottom Elevation: 3.9; Has Own Geometry: 1; Children Have Geometry: 0; Global X: 15.25; Global Y: 13.7; Global Z: 3.9; Bounding Box Length: 1; Bounding Box Width: 0.300000000000001; Bounding Box Height: 1.5
3GG2J7mAb4fhsqGaapJokF,,. XDim: 1; YDim: 1.5; Project: Projekt Buerogebaeude; Building: Buerogebaeude; Storey: 1. Obergeschoss; Top Elevation: 5.4; Bottom Elevation: 3.9; Global Top Elevation: 5.4; Global Bottom Elevation: 3.9; Has Own Geometry: 1; Children Have Geometry: 0; Global X: 16.75; Global Y: 13.7; Global Z: 3.9; Bounding Box Length: 1; Bounding Box Width: 0.300000000000001; Bounding Box Height: 1.5
3DxnDBf0bFewzmO6UkaMHs,,. XDim: 1; YDim: 1.5; Project: Projekt Buerogebaeude; Building: Buerogebaeude; Storey: 1. Obergeschoss; Top Elevation: 5.4; Bottom Elevation: 3.9; Global Top Elevation: 5.4; Global Bottom Elevation: 3.9; Has Own Geometry: 1; Children Have Geometry: 0; Global X: 0.350000000000001; Global Y: 13.7; Global Z: 3.9; Bounding Box Length: 1; Bounding Box Width: 0.300000000000001; Bounding Box Height: 1.5
1zxqAr$Mf44Qt0StYZlpmU,Wand-004,. GrossFootprintArea: 1.71; GrossSideArea: 16.2; GrossVolume: 4.617; Height: 2.7; Length: 6; NetSideArea: 16.2; NetVolume: 4.617; Width: 0.3; IsExternal: 1; LoadBearing: 1; ThermalTransmittance: 0.3; Project: Projekt Buerogebaeude; Building: Buerogebaeude; Storey: 1. Obergeschoss; Top Elevation: 5.7; Bottom Elevation: 3; Global Top Elevation: 5.7; Global Bottom Elevation: 3; Has Own Geometry: 1; Children Have Geometry: 0; Global X: 18; Global Y: 15.7; Global Z: 3; Bounding Box Length: 6; Bounding Box Width: 0.300000000000001; Bounding Box Height: 2.7; Layer: Außenwände
3BIJVubgnERQcs0rJzA8XO,Wand-006,. GrossFootprintArea: 5.4; GrossSideArea: 48.6; GrossVolume: 14.58; Height: 2.7; Length: 18; NetSideArea: 30.6; NetVolume: 9.18; Width: 0.3; IsExternal: 1; LoadBearing: 1; ThermalTransmittance: 0.3; Project: Projekt Buerogebaeude; Building: Buerogebaeude; Storey: 1. Obergeschoss; Top Elevation: 5.7; Bottom Elevation: 3; Global Top Elevation: 5.7; Global Bottom Elevation: 3; Has Own Geometry: 1; Children Have Geometry: 1; Global X: 23.7; Global Y: 13.7; Global Z: 3; Bounding Box Length: 18.3; Bounding Box Width: 0.300000000000001; Bounding Box Height: 2.7; Layer: Außenwände
3hJiBFMFn3LxNswV3A69PC,,. XDim: 1; YDim: 1.5; Project: Projekt Buerogebaeude; Building: Buerogebaeude; Storey: 1. Obergeschoss; Top Elevation: 5.4; Bottom Elevation: 3.9; Global Top Elevation: 5.4; Global Bottom Elevation: 3.9; Has Own Geometry: 1; Children Have Geometry: 0; Global X: 25.75; Global Y: 13.7; Global Z: 3.9; Bounding Box Length: 1; Bounding Box Width: 0.300000000000001; Bounding Box Height: 1.5
0SjSxyF5vApv3zE1A0X54H,,. XDim: 1; YDim: 1.5; Project: Projekt Buerogebaeude; Building: Buerogebaeude; Storey: 1. Obergeschoss; Top Elevation: 5.4; Bottom Elevation: 3.9; Global Top Elevation: 5.4; Global Bottom Elevation: 3.9; Has Own Geometry: 1; Children Have Geometry: 0; Global X: 27.25; Global Y: 13.7; Global Z: 3.9; Bounding Box Length: 1; Bounding Box Width: 0.300000000000001; Bounding Box Height: 1.5
2llp0L0Av66Qj7XXbJUwhe,,. XDim: 1; YDim: 1.5; Project: Projekt Buerogebaeude; Building: Buerogebaeude; Storey: 1. Obergeschoss; Top Elevation: 5.4; Bottom Elevation: 3.9; Global Top Elevation: 5.4; Global Bottom Elevation: 3.9; Has Own Geometry: 1; Children Have Geometry: 0; Global X: 28.75; Global Y: 13.7; Global Z: 3.9; Bounding Box Length: 1; Bounding Box Width: 0.300000000000001; Bounding Box Height: 1.5
1KCw8DsJzAERDMj2CaIb5i,,. XDim: 1; YDim: 1.5; Project: Projekt Buerogebaeude; Building: Buerogebaeude; Storey: 1. Obergeschoss; Top Elevation: 5.4; Bottom Elevation: 3.9; Global Top Elevation: 5.4; Global Bottom Elevation: 3.9; Has Own Geometry: 1; Children Have Geometry: 0; Global X: 30.25; Global Y: 13.7; Global Z: 3.9; Bounding Box Length: 1; Bounding Box Width: 0.300000000000001; Bounding Box Height: 1.5
2prSptPjr528XlLdEPiglj,,. XDim: 1; YDim: 1.5; Project: Projekt Buerogebaeude; Building: Buerogebaeude; Storey: 1. Obergeschoss; Top Elevation: 5.4; Bottom Elevation: 3.9; Global Top Elevation: 5.4; Global Bottom Elevation: 3.9; Has Own Geometry: 1; Children Have Geometry: 0; Global X: 31.75; Global Y: 13.7; Global Z: 3.9; Bounding Box Length: 1; Bounding Box Width: 0.300000000000001; Bounding Box Height: 1.5
0OulmWxS11O84WshJLCPt6,,. XDim: 1; YDim: 1.5; Project: Projekt Buerogebaeude; Building: Buerogebaeude; Storey: 1. Obergeschoss; Top Elevation: 5.4; Bottom Elevation: 3.9; Global Top Elevation: 5.4; Global Bottom Elevation: 3.9; Has Own Geometry: 1; Children Have Geometry: 0; Global X: 33.25; Global Y: 13.7; Global Z: 3.9; Bounding Box Length: 1; Bounding Box Width: 0.300000000000001; Bounding Box Height: 1.5
2Z8IZPagD4DfnH2rUVNORy,,. XDim: 1; YDim: 1.5; Project: Projekt Buerogebaeude; Building: Buerogebaeude; Storey: 1. Obergeschoss; Top Elevation: 5.4; Bottom Elevation: 3.9; Global Top Elevation: 5.4; Global Bottom Elevation: 3.9; Has Own Geometry: 1; Children Have Geometry: 0; Global X: 34.75; Global Y: 13.7; Global Z: 3.9; Bounding Box Length: 1; Bounding Box Width: 0.300000000000001; Bounding Box Height: 1.5
14nGGZr39AVRvxLzUhOM$C,,. XDim: 1; YDim: 1.5; Project: Projekt Buerogebaeude; Building: Buerogebaeude; Storey: 1. Obergeschoss; Top Elevation: 5.4; Bottom Elevation: 3.9; Global Top Elevation: 5.4; Global Bottom Elevation: 3.9; Has Own Geometry: 1; Children Have Geometry: 0; Global X: 36.25; Global Y: 13.7; Global Z: 3.9; Bounding Box Length: 1; Bounding Box Width: 0.300000000000001; Bounding Box Height: 1.5
2IzSbCYAT4oROF1peBZ$GG,,. XDim: 1; YDim: 1.5; Project: Projekt Buerogebaeude; Building: Buerogebaeude; Storey: 1. Obergeschoss; Top Elevation: 5.4; Bottom Elevation: 3.9; Global Top Elevation: 5.4; Global Bottom Elevation: 3.9; Has Own Geometry: 1; Children Have Geometry: 0; Global X: 37.75; Global Y: 13.7; Global Z: 3.9; Bounding Box Length: 1; Bounding Box Width: 0.300000000000001; Bounding Box Height: 1.5
0dWYZW4Rj6wQMS_NbTxCPZ,,. XDim: 1; YDim: 1.5; Project: Projekt Buerogebaeude; Building: Buerogebaeude; Storey: 1. Obergeschoss; Top Elevation: 5.4; Bottom Elevation: 3.9; Global Top Elevation: 5.4; Global Bottom Elevation: 3.9; Has Own Geometry: 1; Children Have Geometry: 0; Global X: 39.25; Global Y: 13.7; Global Z: 3.9; Bounding Box Length: 1; Bounding Box Width: 0.300000000000001; Bounding Box Height: 1.5
1ZYfVSJtrEew0tEJaKB7Nu,,. XDim: 1; YDim: 1.5; Project: Projekt Buerogebaeude; Building: Buerogebaeude; Storey: 1. Obergeschoss; Top Elevation: 5.4; Bottom Elevation: 3.9; Global Top Elevation: 5.4; Global Bottom Elevation: 3.9; Has Own Geometry: 1; Children Have Geometry: 0; Global X: 24.25; Global Y: 13.7; Global Z: 3.9; Bounding Box Length: 1; Bounding Box Width: 0.300000000000001; Bounding Box Height: 1.5
3nmFOy8xbAY9zenaVrnt$V,,. XDim: 1; YDim: 1.5; Project: Projekt Buerogebaeude; Building: Buerogebaeude; Storey: 1. Obergeschoss; Top Elevation: 5.4; Bottom Elevation: 3.9; Global Top Elevation: 5.4; Global Bottom Elevation: 3.9; Has Own Geometry: 1; Children Have Geometry: 0; Global X: 40.65; Global Y: 13.7; Global Z: 3.9; Bounding Box Length: 1; Bounding Box Width: 0.300000000000001; Bounding Box Height: 1.5
3qMdsXfXrAvuL60mUR_8Vj,Wand-007,. GrossFootprintArea: 3.51; GrossSideArea: 32.4; GrossVolume: 9.477; Height: 2.7; Length: 12; NetSideArea: 31.05; NetVolume: 9.072; Width: 0.3; IsExternal: 1; LoadBearing: 1; ThermalTransmittance: 0.3; Project: Projekt Buerogebaeude; Building: Buerogebaeude; Storey: 1. Obergeschoss; Top Elevation: 5.7; Bottom Elevation: 3; Global Top Elevation: 5.7; Global Bottom Elevation: 3; Has Own Geometry: 1; Children Have Geometry: 1; Global X: 41.7; Global Y: 2; Global Z: 3; Bounding Box Length: 0.299999999999997; Bounding Box Width: 12; Bounding Box Height: 2.7; Layer: Außenwände
14ZEdg3H9A3Pknm9UlF0GD,,. XDim: 0.9; YDim: 1.5; Project: Projekt Buerogebaeude; Building: Buerogebaeude; Storey: 1. Obergeschoss; Top Elevation: 5.4; Bottom Elevation: 3.9; Global Top Elevation: 5.4; Global Bottom Elevation: 3.9; Has Own Geometry: 1; Children Have Geometry: 0; Global X: 41.7; Global Y: 7.55; Global Z: 3.9; Bounding Box Length: 0.299999999999997; Bounding Box Width: 0.899999999999999; Bounding Box Height: 1.5
3QrI2pmPL8WPedMr4WdGPA,Wand-001,. GrossFootprintArea: 3.51; GrossSideArea: 32.4; GrossVolume: 9.477; Height: 2.7; Length: 12; NetSideArea: 31.05; NetVolume: 9.072; Width: 0.3; IsExternal: 1; LoadBearing: 1; ThermalTransmittance: 0.3; Project: Projekt Buerogebaeude; Building: Buerogebaeude; Storey: 1. Obergeschoss; Top Elevation: 5.7; Bottom Elevation: 3; Global Top Elevation: 5.7; Global Bottom Elevation: 3; Has Own Geometry: 1; Children Have Geometry: 1; Global X: 0; Global Y: 2; Global Z: 3; Bounding Box Length: 0.300000000000001; Bounding Box Width: 12; Bounding Box Height: 2.7; Layer: Außenwände
1Y6wglWcH1de6mOR4lL4fi,,. XDim: 0.9; YDim: 1.5; Project: Projekt Buerogebaeude; Building: Buerogebaeude; Storey: 1. Obergeschoss; Top Elevation: 5.4; Bottom Elevation: 3.9; Global Top Elevation: 5.4; Global Bottom Elevation: 3.9; Has Own Geometry: 1; Children Have Geometry: 0; Global X: 0; Global Y: 7.55; Global Z: 3.9; Bounding Box Length: 0.300000000000001; Bounding Box Width: 0.899999999999999; Bounding Box Height: 1.5
2udBPbKibCZ8zbfpJmtDTM,Wand-010,. GrossFootprintArea: 12.51; GrossSideArea: 113.4; GrossVolume: 33.777; Height: 2.7; Length: 42; NetSideArea: 71.4; NetVolume: 21.177; Width: 0.3; IsExternal: 1; LoadBearing: 1; ThermalTransmittance: 0.3; Project: Projekt Buerogebaeude; Building: Buerogebaeude; Storey: 1. Obergeschoss; Top Elevation: 5.7; Bottom Elevation: 3; Global Top Elevation: 5.7; Global Bottom Elevation: 3; Has Own Geometry: 1; Children Have Geometry: 1; Global X: 0; Global Y: 2; Global Z: 3; Bounding Box Length: 42; Bounding Box Width: 0.3; Bounding Box Height: 2.7; Layer: Außenwände
3gmSGJgGD2VOe$51ImNDUR,,. XDim: 1; YDim: 1.5; Project: Projekt Buerogebaeude; Building: Buerogebaeude; Storey: 1. Obergeschoss; Top Elevation: 5.4; Bottom Elevation: 3.9; Global Top Elevation: 5.4; Global Bottom Elevation: 3.9; Has Own Geometry: 1; Children Have Geometry: 0; Global X: 1.75; Global Y: 2; Global Z: 3.9; Bounding Box Length: 1; Bounding Box Width: 0.3; Bounding Box Height: 1.5
1nQjPTjK9E_Q7sPgIihnaW,,. XDim: 1; YDim: 1.5; Project: Projekt Buerogebaeude; Building: Buerogebaeude; Storey: 1. Obergeschoss; Top Elevation: 5.4; Bottom Elevation: 3.9; Global Top Elevation: 5.4; Global Bottom Elevation: 3.9; Has Own Geometry: 1; Children Have Geometry: 0; Global X: 3.25; Global Y: 2; Global Z: 3.9; Bounding Box Length: 1; Bounding Box Width: 0.3; Bounding Box Height: 1.5
0PgoPYnX1D1AJY0g9lnKVF,,. XDim: 1; YDim: 1.5; Project: Projekt Buerogebaeude; Building: Buerogebaeude; Storey: 1. Obergeschoss; Top Elevation: 5.4; Bottom Elevation: 3.9; Global Top Elevation: 5.4; Global Bottom Elevation: 3.9; Has Own Geometry: 1; Children Have Geometry: 0; Global X: 4.75; Global Y: 2; Global Z: 3.9; Bounding Box Length: 1; Bounding Box Width: 0.3; Bounding Box Height: 1.5
37_l9krLH0nPsCUBF7Kx7X,,. XDim: 1; YDim: 1.5; Project: Projekt Buerogebaeude; Building: Buerogebaeude; Storey: 1. Obergeschoss; Top Elevation: 5.4; Bottom Elevation: 3.9; Global Top Elevation: 5.4; Global Bottom Elevation: 3.9; Has Own Geometry: 1; Children Have Geometry: 0; Global X: 6.25; Global Y: 2; Global Z: 3.9; Bounding Box Length: 1; Bounding Box Width: 0.3; Bounding Box Height: 1.5
0xzrvwdrf2LOCqkU1MMNAV,,. XDim: 1; YDim: 1.5; Project: Projekt Buerogebaeude; Building: Buerogebaeude; Storey: 1. Obergeschoss; Top Elevation: 5.4; Bottom Elevation: 3.9; Global Top Elevation: 5.4; Global Bottom Elevation: 3.9; Has Own Geometry: 1; Children Have Geometry: 0; Global X: 7.75; Global Y: 2; Global Z: 3.9; Bounding Box Length: 1; Bounding Box Width: 0.3; Bounding Box Height: 1.5
3Bld_S8aT3TeVg6ILYitjg,,. XDim: 1; YDim: 1.5; Project: Projekt Buerogebaeude; Building: Buerogebaeude; Storey: 1. Obergeschoss; Top Elevation: 5.4; Bottom Elevation: 3.9; Global Top Elevation: 5.4; Global Bottom Elevation: 3.9; Has Own Geometry: 1; Children Have Geometry: 0; Global X: 9.25; Global Y: 2; Global Z: 3.9; Bounding Box Length: 1; Bounding Box Width: 0.3; Bounding Box Height: 1.5
3DfeTx1Zj2mg9BxjvXiFSl,,. XDim: 1; YDim: 1.5; Project: Projekt Buerogebaeude; Building: Buerogebaeude; Storey: 1. Obergeschoss; Top Elevation: 5.4; Bottom Elevation: 3.9; Global Top Elevation: 5.4; Global Bottom Elevation: 3.9; Has Own Geometry: 1; Children Have Geometry: 0; Global X: 10.75; Global Y: 2; Global Z: 3.9; Bounding Box Length: 1; Bounding Box Width: 0.3; Bounding Box Height: 1.5
0GRzQ4zZT8uOUXkQgGXlRn,,. XDim: 1; YDim: 1.5; Project: Projekt Buerogebaeude; Building: Buerogebaeude; Storey: 1. Obergeschoss; Top Elevation: 5.4; Bottom Elevation: 3.9; Global Top Elevation: 5.4; Global Bottom Elevation: 3.9; Has Own Geometry: 1; Children Have Geometry: 0; Global X: 12.25; Global Y: 2; Global Z: 3.9; Bounding Box Length: 1; Bounding Box Width: 0.3; Bounding Box Height: 1.5
08cDNFlvvF_fV033FjsmHr,,. XDim: 1; YDim: 1.5; Project: Projekt Buerogebaeude; Building: Buerogebaeude; Storey: 1. Obergeschoss; Top Elevation: 5.4; Bottom Elevation: 3.9; Global Top Elevation: 5.4; Global Bottom Elevation: 3.9; Has Own Geometry: 1; Children Have Geometry: 0; Global X: 13.75; Global Y: 2; Global Z: 3.9; Bounding Box Length: 1; Bounding Box Width: 0.3; Bounding Box Height: 1.5
3v4hK_b6zAT8k1tgO6GjTl,,. XDim: 1; YDim: 1.5; Project: Projekt Buerogebaeude; Building: Buerogebaeude; Storey: 1. Obergeschoss; Top Elevation: 5.4; Bottom Elevation: 3.9; Global Top Elevation: 5.4; Global Bottom Elevation: 3.9; Has Own Geometry: 1; Children Have Geometry: 0; Global X: 15.25; Global Y: 2; Global Z: 3.9; Bounding Box Length: 1; Bounding Box Width: 0.3; Bounding Box Height: 1.5
19cPYz87vDS9vliAWFdzao,,. XDim: 1; YDim: 1.5; Project: Projekt Buerogebaeude; Building: Buerogebaeude; Storey: 1. Obergeschoss; Top Elevation: 5.4; Bottom Elevation: 3.9; Global Top Elevation: 5.4; Global Bottom Elevation: 3.9; Has Own Geometry: 1; Children Have Geometry: 0; Global X: 16.75; Global Y: 2; Global Z: 3.9; Bounding Box Length: 1; Bounding Box Width: 0.3; Bounding Box Height: 1.5
3Zt1LyBMXD_RzgB7p_CGvq,,. XDim: 1; YDim: 1.5; Project: Projekt Buerogebaeude; Building: Buerogebaeude; Storey: 1. Obergeschoss; Top Elevation: 5.4; Bottom Elevation: 3.9; Global Top Elevation: 5.4; Global Bottom Elevation: 3.9; Has Own Geometry: 1; Children Have Geometry: 0; Global X: 18.25; Global Y: 2; Global Z: 3.9; Bounding Box Length: 1; Bounding Box Width: 0.3; Bounding Box Height: 1.5
2n1YgkT398vhVRRenDRJzM,,. XDim: 1; YDim: 1.5; Project: Projekt Buerogebaeude; Building: Buerogebaeude; Storey: 1. Obergeschoss; Top Elevation: 5.4; Bottom Elevation: 3.9; Global Top Elevation: 5.4; Global Bottom Elevation: 3.9; Has Own Geometry: 1; Children Have Geometry: 0; Global X: 19.75; Global Y: 2; Global Z: 3.9; Bounding Box Length: 1; Bounding Box Width: 0.3; Bounding Box Height: 1.5
0tCp99olH2gxSEDI8ZP_Ol,,. XDim: 1; YDim: 1.5; Project: Projekt Buerogebaeude; Building: Buerogebaeude; Storey: 1. Obergeschoss; Top Elevation: 5.4; Bottom Elevation: 3.9; Global Top Elevation: 5.4; Global Bottom Elevation: 3.9; Has Own Geometry: 1; Children Have Geometry: 0; Global X: 21.25; Global Y: 2; Global Z: 3.9; Bounding Box Length: 1; Bounding Box Width: 0.3; Bounding Box Height: 1.5
3ED3NgBzzADR7ffgNl9FhD,,. XDim: 1; YDim: 1.5; Project: Projekt Buerogebaeude; Building: Buerogebaeude; Storey: 1. Obergeschoss; Top Elevation: 5.4; Bottom Elevation: 3.9; Global Top Elevation: 5.4; Global Bottom Elevation: 3.9; Has Own Geometry: 1; Children Have Geometry: 0; Global X: 22.75; Global Y: 2; Global Z: 3.9; Bounding Box Length: 1; Bounding Box Width: 0.3; Bounding Box Height: 1.5
1Yu0JMINfCLxoIvQeZnQwY,,. XDim: 1; YDim: 1.5; Project: Projekt Buerogebaeude; Building: Buerogebaeude; Storey: 1. Obergeschoss; Top Elevation: 5.4; Bottom Elevation: 3.9; Global Top Elevation: 5.4; Global Bottom Elevation: 3.9; Has Own Geometry: 1; Children Have Geometry: 0; Global X: 24.25; Global Y: 2; Global Z: 3.9; Bounding Box Length: 1; Bounding Box Width: 0.3; Bounding Box Height: 1.5
3636pvjtbBRedOOuAVJ2CT,,. XDim: 1; YDim: 1.5; Project: Projekt Buerogebaeude; Building: Buerogebaeude; Storey: 1. Obergeschoss; Top Elevation: 5.4; Bottom Elevation: 3.9; Global Top Elevation: 5.4; Global Bottom Elevation: 3.9; Has Own Geometry: 1; Children Have Geometry: 0; Global X: 25.75; Global Y: 2; Global Z: 3.9; Bounding Box Length: 1; Bounding Box Width: 0.3; Bounding Box Height: 1.5
1wBBsJmIP2KegDJ$8uiPoj,,. XDim: 1; YDim: 1.5; Project: Projekt Buerogebaeude; Building: Buerogebaeude; Storey: 1. Obergeschoss; Top Elevation: 5.4; Bottom Elevation: 3.9; Global Top Elevation: 5.4; Global Bottom Elevation: 3.9; Has Own Geometry: 1; Children Have Geometry: 0; Global X: 27.25; Global Y: 2; Global Z: 3.9; Bounding Box Length: 1; Bounding Box Width: 0.3; Bounding Box Height: 1.5
3qhgrd8$L2$hvH8XBi22Fr,,. XDim: 1; YDim: 1.5; Project: Projekt Buerogebaeude; Building: Buerogebaeude; Storey: 1. Obergeschoss; Top Elevation: 5.4; Bottom Elevation: 3.9; Global Top Elevation: 5.4; Global Bottom Elevation: 3.9; Has Own Geometry: 1; Children Have Geometry: 0; Global X: 28.75; Global Y: 2; Global Z: 3.9; Bounding Box Length: 1; Bounding Box Width: 0.3; Bounding Box Height: 1.5
1ohvKXdGz1PBjgiIDikeIb,,. XDim: 1; YDim: 1.5; Project: Projekt Buerogebaeude; Building: Buerogebaeude; Storey: 1. Obergeschoss; Top Elevation: 5.4; Bottom Elevation: 3.9; Global Top Elevation: 5.4; Global Bottom Elevation: 3.9; Has Own Geometry: 1; Children Have Geometry: 0; Global X: 30.25; Global Y: 2; Global Z: 3.9; Bounding Box Length: 1; Bounding Box Width: 0.3; Bounding Box Height: 1.5
3EUtdP1Xj52P$N5yeB79bN,,. XDim: 1; YDim: 1.5; Project: Projekt Buerogebaeude; Building: Buerogebaeude; Storey: 1. Obergeschoss; Top Elevation: 5.4; Bottom Elevation: 3.9; Global Top Elevation: 5.4; Global Bottom Elevation: 3.9; Has Own Geometry: 1; Children Have Geometry: 0; Global X: 31.75; Global Y: 2; Global Z: 3.9; Bounding Box Length: 1; Bounding Box Width: 0.3; Bounding Box Height: 1.5
2Wife9C_LFYe9aVd0eVREy,,. XDim: 1; YDim: 1.5; Project: Projekt Buerogebaeude; Building: Buerogebaeude; Storey: 1. Obergeschoss; Top Elevation: 5.4; Bottom Elevation: 3.9; Global Top Elevation: 5.4; Global Bottom Elevation: 3.9; Has Own Geometry: 1; Children Have Geometry: 0; Global X: 33.25; Global Y: 2; Global Z: 3.9; Bounding Box Length: 1; Bounding Box Width: 0.3; Bounding Box Height: 1.5
0nAh1WJxTBGuQnVOc0K38U,,. XDim: 1; YDim: 1.5; Project: Projekt Buerogebaeude; Building: Buerogebaeude; Storey: 1. Obergeschoss; Top Elevation: 5.4; Bottom Elevation: 3.9; Global Top Elevation: 5.4; Global Bottom Elevation: 3.9; Has Own Geometry: 1; Children Have Geometry: 0; Global X: 34.75; Global Y: 2; Global Z: 3.9; Bounding Box Length: 1; Bounding Box Width: 0.3; Bounding Box Height: 1.5
3REuDP5nfAKuHlMRwKt1OE,,. XDim: 1; YDim: 1.5; Project: Projekt Buerogebaeude; Building: Buerogebaeude; Storey: 1. Obergeschoss; Top Elevation: 5.4; Bottom Elevation: 3.9; Global Top Elevation: 5.4; Global Bottom Elevation: 3.9; Has Own Geometry: 1; Children Have Geometry: 0; Global X: 36.25; Global Y: 2; Global Z: 3.9; Bounding Box Length: 1; Bounding Box Width: 0.3; Bounding Box Height: 1.5
1yWkB$Xl10iRG5Uyky3bYN,,. XDim: 1; YDim: 1.5; Project: Projekt Buerogebaeude; Building: Buerogebaeude; Storey: 1. Obergeschoss; Top Elevation: 5.4; Bottom Elevation: 3.9; Global Top Elevation: 5.4; Global Bottom Elevation: 3.9; Has Own Geometry: 1; Children Have Geometry: 0; Global X: 37.75; Global Y: 2; Global Z: 3.9; Bounding Box Length: 1; Bounding Box Width: 0.3; Bounding Box Height: 1.5
2txgL8fAL6uw6B8943B4iD,,. XDim: 1; YDim: 1.5; Project: Projekt Buerogebaeude; Building: Buerogebaeude; Storey: 1. Obergeschoss; Top Elevation: 5.4; Bottom Elevation: 3.9; Global Top Elevation: 5.4; Global Bottom Elevation: 3.9; Has Own Geometry: 1; Children Have Geometry: 0; Global X: 39.25; Global Y: 2; Global Z: 3.9; Bounding Box Length: 1; Bounding Box Width: 0.3; Bounding Box Height: 1.5
1sg9xHeJz4Tgs2q6mXOGMz,,. XDim: 1; YDim: 1.5; Project: Projekt Buerogebaeude; Building: Buerogebaeude; Storey: 1. Obergeschoss; Top Elevation: 5.4; Bottom Elevation: 3.9; Global Top Elevation: 5.4; Global Bottom Elevation: 3.9; Has Own Geometry: 1; Children Have Geometry: 0; Global X: 40.65; Global Y: 2; Global Z: 3.9; Bounding Box Length: 1; Bounding Box Width: 0.3; Bounding Box Height: 1.5
2FzuqBMvTFneMnF3wZIZBq,,. XDim: 1; YDim: 1.5; Project: Projekt Buerogebaeude; Building: Buerogebaeude; Storey: 1. Obergeschoss; Top Elevation: 5.4; Bottom Elevation: 3.9; Global Top Elevation: 5.4; Global Bottom Elevation: 3.9; Has Own Geometry: 1; Children Have Geometry: 0; Global X: 0.350000000000001; Global Y: 2; Global Z: 3.9; Bounding Box Length: 1; Bounding Box Width: 0.3; Bounding Box Height: 1.5
3e8jVE_ETEZugvuYOVjgPL,Wand-015,. GrossFootprintArea: 5.31; GrossSideArea: 48.6; GrossVolume: 14.337; Height: 2.7; Length: 18; NetSideArea: 36; NetVolume: 10.557; Width: 0.3; IsExternal: 0; LoadBearing: 1; ThermalTransmittance: 0.3; Project: Projekt Buerogebaeude; Building: Buerogebaeude; Storey: 1. Obergeschoss; Top Elevation: 5.7; Bottom Elevation: 3; Global Top Elevation: 5.7; Global Bottom Elevation: 3; Has Own Geometry: 1; Children Have Geometry: 1; Global X: 0.300000000000001; Global Y: 9; Global Z: 3; Bounding Box Length: 17.7; Bounding Box Width: 0.300000000000001; Bounding Box Height: 2.7; Layer: Innenwände
180MLSxjD1t958KJZPxxY6,,. XDim: 1; YDim: 2.1; Project: Projekt Buerogebaeude; Building: Buerogebaeude; Storey: 1. Obergeschoss; Top Elevation: 5.1; Bottom Elevation: 3; Global Top Elevation: 5.1; Global Bottom Elevation: 3; Has Own Geometry: 1; Children Have Geometry: 0; Global X: 15.2; Global Y: 9; Global Z: 3; Bounding Box Length: 1; Bounding Box Width: 0.300000000000001; Bounding Box Height: 2.1
0OT0bQmzb7ngEBJAX9ysqY,,. XDim: 1; YDim: 2.1; Project: Projekt Buerogebaeude; Building: Buerogebaeude; Storey: 1. Obergeschoss; Top Elevation: 5.1; Bottom Elevation: 3; Global Top Elevation: 5.1; Global Bottom Elevation: 3; Has Own Geometry: 1; Children Have Geometry: 0; Global X: 13.8; Global Y: 9; Global Z: 3; Bounding Box Length: 1; Bounding Box Width: 0.300000000000001; Bounding Box Height: 2.1
1vh_vJWwT1GvEJgHHhcKQR,,. XDim: 1; YDim: 2.1; Project: Projekt Buerogebaeude; Building: Buerogebaeude; Storey: 1. Obergeschoss; Top Elevation: 5.1; Bottom Elevation: 3; Global Top Elevation: 5.1; Global Bottom Elevation: 3; Has Own Geometry: 1; Children Have Geometry: 0; Global X: 4.8; Global Y: 9; Global Z: 3; Bounding Box Length: 1; Bounding Box Width: 0.300000000000001; Bounding Box Height: 2.1
2U1Gdb1NjD2fccLleKqHU_,,. XDim: 1; YDim: 2.1; Project: Projekt Buerogebaeude; Building: Buerogebaeude; Storey: 1. Obergeschoss; Top Elevation: 5.1; Bottom Elevation: 3; Global Top Elevation: 5.1; Global Bottom Elevation: 3; Has Own Geometry: 1; Children Have Geometry: 0; Global X: 7.8; Global Y: 9; Global Z: 3; Bounding Box Length: 1; Bounding Box Width: 0.300000000000001; Bounding Box Height: 2.1
2M68XYDD14nxVDOokn5XDN,,. XDim: 1; YDim: 2.1; Project: Projekt Buerogebaeude; Building: Buerogebaeude; Storey: 1. Obergeschoss; Top Elevation: 5.1; Bottom Elevation: 3; Global Top Elevation: 5.1; Global Bottom Elevation: 3; Has Own Geometry: 1; Children Have Geometry: 0; Global X: 10.8; Global Y: 9; Global Z: 3; Bounding Box Length: 1; Bounding Box Width: 0.300000000000001; Bounding Box Height: 2.1
3YfknAMjP8AwpOBdofbLb8,,. XDim: 1; YDim: 2.1; Project: Projekt Buerogebaeude; Building: Buerogebaeude; Storey: 1. Obergeschoss; Top Elevation: 5.1; Bottom Elevation: 3; Global Top Elevation: 5.1; Global Bottom Elevation: 3; Has Own Geometry: 1; Children Have Geometry: 0; Global X: 1.8; Global Y: 9; Global Z: 3; Bounding Box Length: 1; Bounding Box Width: 0.300000000000001; Bounding Box Height: 2.1
1XFei80jz5HuhRQ3nkwKNk,Wand-016,. GrossFootprintArea: 5.31; GrossSideArea: 48.6; GrossVolume: 14.337; Height: 2.7; Length: 18; NetSideArea: 36; NetVolume: 10.557; Width: 0.3; IsExternal: 0; LoadBearing: 1; ThermalTransmittance: 0.3; Project: Projekt Buerogebaeude; Building: Buerogebaeude; Storey: 1. Obergeschoss; Top Elevation: 5.7; Bottom Elevation: 3; Global Top Elevation: 5.7; Global Bottom Elevation: 3; Has Own Geometry: 1; Children Have Geometry: 1; Global X: 24; Global Y: 9; Global Z: 3; Bounding Box Length: 17.7; Bounding Box Width: 0.300000000000001; Bounding Box Height: 2.7; Layer: Innenwände
39LZDbNaD8DeXNBj33GjCG,,. XDim: 1; YDim: 2.1; Project: Projekt Buerogebaeude; Building: Buerogebaeude; Storey: 1. Obergeschoss; Top Elevation: 5.1; Bottom Elevation: 3; Global Top Elevation: 5.1; Global Bottom Elevation: 3; Has Own Geometry: 1; Children Have Geometry: 0; Global X: 40.6; Global Y: 9; Global Z: 3; Bounding Box Length: 1; Bounding Box Width: 0.300000000000001; Bounding Box Height: 2.1
15fu9ewPb9ywsVHj6fwM7g,,. XDim: 1; YDim: 2.1; Project: Projekt Buerogebaeude; Building: Buerogebaeude; Storey: 1. Obergeschoss; Top Elevation: 5.1; Bottom Elevation: 3; Global Top Elevation: 5.1; Global Bottom Elevation: 3; Has Own Geometry: 1; Children Have Geometry: 0; Global X: 37.8; Global Y: 9; Global Z: 3; Bounding Box Length: 1; Bounding Box Width: 0.300000000000001; Bounding Box Height: 2.1
2IUPC_lZnASgdstz4mZHd6,,. XDim: 1; YDim: 2.1; Project: Projekt Buerogebaeude; Building: Buerogebaeude; Storey: 1. Obergeschoss; Top Elevation: 5.1; Bottom Elevation: 3; Global Top Elevation: 5.1; Global Bottom Elevation: 3; Has Own Geometry: 1; Children Have Geometry: 0; Global X: 34.8; Global Y: 9; Global Z: 3; Bounding Box Length: 1; Bounding Box Width: 0.300000000000001; Bounding Box Height: 2.1
14MT6$dtz77wKy8M9eSBnM,,. XDim: 1; YDim: 2.1; Project: Projekt Buerogebaeude; Building: Buerogebaeude; Storey: 1. Obergeschoss; Top Elevation: 5.1; Bottom Elevation: 3; Global Top Elevation: 5.1; Global Bottom Elevation: 3; Has Own Geometry: 1; Children Have Geometry: 0; Global X: 31.8; Global Y: 9; Global Z: 3; Bounding Box Length: 1; Bounding Box Width: 0.300000000000001; Bounding Box Height: 2.1
3I6wAVK1vDUu5vVWKOJatX,,. XDim: 1; YDim: 2.1; Project: Projekt Buerogebaeude; Building: Buerogebaeude; Storey: 1. Obergeschoss; Top Elevation: 5.1; Bottom Elevation: 3; Global Top Elevation: 5.1; Global Bottom Elevation: 3; Has Own Geometry: 1; Children Have Geometry: 0; Global X: 28.8; Global Y: 9; Global Z: 3; Bounding Box Length: 1; Bounding Box Width: 0.300000000000001; Bounding Box Height: 2.1
3aWQk6AbD8Z8KvBTCzwMGl,,. XDim: 1; YDim: 2.1; Project: Projekt Buerogebaeude; Building: Buerogebaeude; Storey: 1. Obergeschoss; Top Elevation: 5.1; Bottom Elevation: 3; Global Top Elevation: 5.1; Global Bottom Elevation: 3; Has Own Geometry: 1; Children Have Geometry: 0; Global X: 25.8; Global Y: 9; Global Z: 3; Bounding Box Length: 1; Bounding Box Width: 0.300000000000001; Bounding Box Height: 2.1
3Tizqrq5LBwRkVzeahshML,Wand-014,. GrossFootprintArea: 12.42; GrossSideArea: 113.4; GrossVolume: 33.534; Height: 2.7; Length: 42; NetSideArea: 98.7; NetVolume: 29.124; Width: 0.3; IsExternal: 0; LoadBearing: 1; ThermalTransmittance: 0.3; Project: Projekt Buerogebaeude; Building: Buerogebaeude; Storey: 1. Obergeschoss; Top Elevation: 5.7; Bottom Elevation: 3; Global Top Elevation: 5.7; Global Bottom Elevation: 3; Has Own Geometry: 1; Children Have Geometry: 1; Global X: 0.300000000000001; Global Y: 6.7; Global Z: 3; Bounding Box Length: 41.4; Bounding Box Width: 0.3; Bounding Box Height: 2.7; Layer: Innenwände
1YJlAl2jD4iAtn5nTQuth3,,. XDim: 1; YDim: 2.1; Project: Projekt Buerogebaeude; Building: Buerogebaeude; Storey: 1. Obergeschoss; Top Elevation: 5.1; Bottom Elevation: 3; Global Top Elevation: 5.1; Global Bottom Elevation: 3; Has Own Geometry: 1; Children Have Geometry: 0; Global X: 0.399999999999999; Global Y: 6.7; Global Z: 3; Bounding Box Length: 1; Bounding Box Width: 0.3; Bounding Box Height: 2.1
07LBLdparA0ACAbpy8YvZO,,. XDim: 1; YDim: 2.1; Project: Projekt Buerogebaeude; Building: Buerogebaeude; Storey: 1. Obergeschoss; Top Elevation: 5.1; Bottom Elevation: 3; Global Top Elevation: 5.1; Global Bottom Elevation: 3; Has Own Geometry: 1; Children Have Geometry: 0; Global X: 6.2; Global Y: 6.7; Global Z: 3; Bounding Box Length: 1; Bounding Box Width: 0.3; Bounding Box Height: 2.1
2xs5SmxmD5cwdwK8L6m3qG,,. XDim: 1; YDim: 2.1; Project: Projekt Buerogebaeude; Building: Buerogebaeude; Storey: 1. Obergeschoss; Top Elevation: 5.1; Bottom Elevation: 3; Global Top Elevation: 5.1; Global Bottom Elevation: 3; Has Own Geometry: 1; Children Have Geometry: 0; Global X: 12.2; Global Y: 6.7; Global Z: 3; Bounding Box Length: 1; Bounding Box Width: 0.3; Bounding Box Height: 2.1
3lF_R7SaX9J8UWjx9DWmVM,,. XDim: 1; YDim: 2.1; Project: Projekt Buerogebaeude; Building: Buerogebaeude; Storey: 1. Obergeschoss; Top Elevation: 5.1; Bottom Elevation: 3; Global Top Elevation: 5.1; Global Bottom Elevation: 3; Has Own Geometry: 1; Children Have Geometry: 0; Global X: 21; Global Y: 6.7; Global Z: 3; Bounding Box Length: 1; Bounding Box Width: 0.3; Bounding Box Height: 2.1
17lp3DeD9DAOSbFTN1n7Pf,,. XDim: 1; YDim: 2.1; Project: Projekt Buerogebaeude; Building: Buerogebaeude; Storey: 1. Obergeschoss; Top Elevation: 5.1; Bottom Elevation: 3; Global Top Elevation: 5.1; Global Bottom Elevation: 3; Has Own Geometry: 1; Children Have Geometry: 0; Global X: 27.2; Global Y: 6.7; Global Z: 3; Bounding Box Length: 1; Bounding Box Width: 0.3; Bounding Box Height: 2.1
2NNbaDxJr0lffHfAuf0uFB,,. XDim: 1; YDim: 2.1; Project: Projekt Buerogebaeude; Building: Buerogebaeude; Storey: 1. Obergeschoss; Top Elevation: 5.1; Bottom Elevation: 3; Global Top Elevation: 5.1; Global Bottom Elevation: 3; Has Own Geometry: 1; Children Have Geometry: 0; Global X: 36.1; Global Y: 6.7; Global Z: 3; Bounding Box Length: 1; Bounding Box Width: 0.3; Bounding Box Height: 2.1
0pnZrZoo5B9epdfb9mTYKX,,. XDim: 1; YDim: 2.1; Project: Projekt Buerogebaeude; Building: Buerogebaeude; Storey: 1. Obergeschoss; Top Elevation: 5.1; Bottom Elevation: 3; Global Top Elevation: 5.1; Global Bottom Elevation: 3; Has Own Geometry: 1; Children Have Geometry: 0; Global X: 25.8; Global Y: 6.7; Global Z: 3; Bounding Box Length: 1; Bounding Box Width: 0.3; Bounding Box Height: 2.1
2PEohQWxr83Q$dJApWgZz7,Wand-021,. GrossFootprintArea: 0.88; GrossSideArea: 13.5; GrossVolume: 2.376; Height: 2.7; Length: 5; NetSideArea: 13.5; NetVolume: 2.376; Width: 0.2; IsExternal: 0; LoadBearing: 0; ThermalTransmittance: 0.5; Project: Projekt Buerogebaeude; Building: Buerogebaeude; Storey: 1. Obergeschoss; Top Elevation: 5.7; Bottom Elevation: 3; Global Top Elevation: 5.7; Global Bottom Elevation: 3; Has Own Geometry: 1; Children Have Geometry: 0; Global X: 14.9; Global Y: 9.3; Global Z: 3; Bounding Box Length: 0.199999999999999; Bounding Box Width: 4.4; Bounding Box Height: 2.7; Layer: Innenwände
0f4gVmdAr50OHIxcdU7ZHw,Wand-023,. GrossFootprintArea: 0.88; GrossSideArea: 13.5; GrossVolume: 2.376; Height: 2.7; Length: 5; NetSideArea: 13.5; NetVolume: 2.376; Width: 0.2; IsExternal: 0; LoadBearing: 0; ThermalTransmittance: 0.5; Project: Projekt Buerogebaeude; Building: Buerogebaeude; Storey: 1. Obergeschoss; Top Elevation: 5.7; Bottom Elevation: 3; Global Top Elevation: 5.7; Global Bottom Elevation: 3; Has Own Geometry: 1; Children Have Geometry: 0; Global X: 5.9; Global Y: 9.3; Global Z: 3; Bounding Box Length: 0.199999999999999; Bounding Box Width: 4.4; Bounding Box Height: 2.7; Layer: Innenwände
1uJooYa2n4hffNW04AKDA2,Wand-020,. GrossFootprintArea: 0.88; GrossSideArea: 13.5; GrossVolume: 2.376; Height: 2.7; Length: 5; NetSideArea: 13.5; NetVolume: 2.376; Width: 0.2; IsExternal: 0; LoadBearing: 0; ThermalTransmittance: 0.5; Project: Projekt Buerogebaeude; Building: Buerogebaeude; Storey: 1. Obergeschoss; Top Elevation: 5.7; Bottom Elevation: 3; Global Top Elevation: 5.7; Global Bottom Elevation: 3; Has Own Geometry: 1; Children Have Geometry: 0; Global X: 17.9; Global Y: 2.3; Global Z: 3; Bounding Box Length: 0.200000000000003; Bounding Box Width: 4.4; Bounding Box Height: 2.7; Layer: Innenwände
10upAxJXj11PJZmCgdwBQv,Wand-023,. GrossFootprintArea: 0.88; GrossSideArea: 13.5; GrossVolume: 2.376; Height: 2.7; Length: 5; NetSideArea: 13.5; NetVolume: 2.376; Width: 0.2; IsExternal: 0; LoadBearing: 0; ThermalTransmittance: 0.5; Project: Projekt Buerogebaeude; Building: Buerogebaeude; Storey: 1. Obergeschoss; Top Elevation: 5.7; Bottom Elevation: 3; Global Top Elevation: 5.7; Global Bottom Elevation: 3; Has Own Geometry: 1; Children Have Geometry: 0; Global X: 2.9; Global Y: 9.3; Global Z: 3; Bounding Box Length: 0.200000000000003; Bounding Box Width: 4.4; Bounding Box Height: 2.7; Layer: Innenwände
2Zd2aBx0TC58gDRfGak1gB,Wand-023,. GrossFootprintArea: 0.88; GrossSideArea: 13.5; GrossVolume: 2.376; Height: 2.7; Length: 5; NetSideArea: 13.5; NetVolume: 2.376; Width: 0.2; IsExternal: 0; LoadBearing: 0; ThermalTransmittance: 0.5; Project: Projekt Buerogebaeude; Building: Buerogebaeude; Storey: 1. Obergeschoss; Top Elevation: 5.7; Bottom Elevation: 3; Global Top Elevation: 5.7; Global Bottom Elevation: 3; Has Own Geometry: 1; Children Have Geometry: 0; Global X: 8.9; Global Y: 9.3; Global Z: 3; Bounding Box Length: 0.199999999999999; Bounding Box Width: 4.4; Bounding Box Height: 2.7; Layer: Innenwände
1ame9iIALAvw$79YOmjYpD,Wand-023,. GrossFootprintArea: 0.88; GrossSideArea: 13.5; GrossVolume: 2.376; Height: 2.7; Length: 5; NetSideArea: 13.5; NetVolume: 2.376; Width: 0.2; IsExternal: 0; LoadBearing: 0; ThermalTransmittance: 0.5; Project: Projekt Buerogebaeude; Building: Buerogebaeude; Storey: 1. Obergeschoss; Top Elevation: 5.7; Bottom Elevation: 3; Global Top Elevation: 5.7; Global Bottom Elevation: 3; Has Own Geometry: 1; Children Have Geometry: 0; Global X: 11.9; Global Y: 9.3; Global Z: 3; Bounding Box Length: 0.199999999999999; Bounding Box Width: 4.4; Bounding Box Height: 2.7; Layer: Innenwände
33jlsNXXLCaQ28opnwDi77,Wand-018,. GrossFootprintArea: 0.88; GrossSideArea: 13.5; GrossVolume: 2.376; Height: 2.7; Length: 5; NetSideArea: 13.5; NetVolume: 2.376; Width: 0.2; IsExternal: 0; LoadBearing: 0; ThermalTransmittance: 0.5; Project: Projekt Buerogebaeude; Building: Buerogebaeude; Storey: 1. Obergeschoss; Top Elevation: 5.7; Bottom Elevation: 3; Global Top Elevation: 5.7; Global Bottom Elevation: 3; Has Own Geometry: 1; Children Have Geometry: 0; Global X: 5.9; Global Y: 2.3; Global Z: 3; Bounding Box Length: 0.199999999999999; Bounding Box Width: 4.4; Bounding Box Height: 2.7; Layer: Innenwände
1y52BJ9iLBoAyZV5YvNxz0,Wand-019,. GrossFootprintArea: 0.88; GrossSideArea: 13.5; GrossVolume: 2.376; Height: 2.7; Length: 5; NetSideArea: 13.5; NetVolume: 2.376; Width: 0.2; IsExternal: 0; LoadBearing: 0; ThermalTransmittance: 0.5; Project: Projekt Buerogebaeude; Building: Buerogebaeude; Storey: 1. Obergeschoss; Top Elevation: 5.7; Bottom Elevation: 3; Global Top Elevation: 5.7; Global Bottom Elevation: 3; Has Own Geometry: 1; Children Have Geometry: 0; Global X: 11.9; Global Y: 2.3; Global Z: 3; Bounding Box Length: 0.199999999999999; Bounding Box Width: 4.4; Bounding Box Height: 2.7; Layer: Innenwände
36O0Kh7cH6TQcDT6_PZUT$,Wand-020,. GrossFootprintArea: 0.88; GrossSideArea: 13.5; GrossVolume: 2.376; Height: 2.7; Length: 5; NetSideArea: 13.5; NetVolume: 2.376; Width: 0.2; IsExternal: 0; LoadBearing: 0; ThermalTransmittance: 0.5; Project: Projekt Buerogebaeude; Building: Buerogebaeude; Storey: 1. Obergeschoss; Top Elevation: 5.7; Bottom Elevation: 3; Global Top Elevation: 5.7; Global Bottom Elevation: 3; Has Own Geometry: 1; Children Have Geometry: 0; Global X: 23.9; Global Y: 2.3; Global Z: 3; Bounding Box Length: 0.200000000000003; Bounding Box Width: 4.4; Bounding Box Height: 2.7; Layer: Innenwände
2PRVpojvP8fPtR7ZH8qagD,Wand-022,. GrossFootprintArea: 0.88; GrossSideArea: 13.5; GrossVolume: 2.376; Height: 2.7; Length: 5; NetSideArea: 13.5; NetVolume: 2.376; Width: 0.2; IsExternal: 0; LoadBearing: 0; ThermalTransmittance: 0.5; Project: Projekt Buerogebaeude; Building: Buerogebaeude; Storey: 1. Obergeschoss; Top Elevation: 5.7; Bottom Elevation: 3; Global Top Elevation: 5.7; Global Bottom Elevation: 3; Has Own Geometry: 1; Children Have Geometry: 0; Global X: 26.9; Global Y: 9.3; Global Z: 3; Bounding Box Length: 0.200000000000003; Bounding Box Width: 4.4; Bounding Box Height: 2.7; Layer: Innenwände
15DaMtku1EowtkGqYps1Sn,Wand-024,. GrossFootprintArea: 0.88; GrossSideArea: 13.5; GrossVolume: 2.376; Height: 2.7; Length: 5; NetSideArea: 13.5; NetVolume: 2.376; Width: 0.2; IsExternal: 0; LoadBearing: 0; ThermalTransmittance: 0.5; Project: Projekt Buerogebaeude; Building: Buerogebaeude; Storey: 1. Obergeschoss; Top Elevation: 5.7; Bottom Elevation: 3; Global Top Elevation: 5.7; Global Bottom Elevation: 3; Has Own Geometry: 1; Children Have Geometry: 0; Global X: 29.9; Global Y: 9.3; Global Z: 3; Bounding Box Length: 0.200000000000003; Bounding Box Width: 4.4; Bounding Box Height: 2.7; Layer: Innenwände
3ts3ZsbjXDlv2btICYqqvu,Wand-025,. GrossFootprintArea: 0.88; GrossSideArea: 13.5; GrossVolume: 2.376; Height: 2.7; Length: 5; NetSideArea: 13.5; NetVolume: 2.376; Width: 0.2; IsExternal: 0; LoadBearing: 0; ThermalTransmittance: 0.5; Project: Projekt Buerogebaeude; Building: Buerogebaeude; Storey: 1. Obergeschoss; Top Elevation: 5.7; Bottom Elevation: 3; Global Top Elevation: 5.7; Global Bottom Elevation: 3; Has Own Geometry: 1; Children Have Geometry: 0; Global X: 32.9; Global Y: 9.3; Global Z: 3; Bounding Box Length: 0.200000000000003; Bounding Box Width: 4.4; Bounding Box Height: 2.7; Layer: Innenwände
3VEwjtZZHA4P7U0POkvM8h,Wand-026,. GrossFootprintArea: 0.88; GrossSideArea: 13.5; GrossVolume: 2.376; Height: 2.7; Length: 5; NetSideArea: 13.5; NetVolume: 2.376; Width: 0.2; IsExternal: 0; LoadBearing: 0; ThermalTransmittance: 0.5; Project: Projekt Buerogebaeude; Building: Buerogebaeude; Storey: 1. Obergeschoss; Top Elevation: 5.7; Bottom Elevation: 3; Global Top Elevation: 5.7; Global Bottom Elevation: 3; Has Own Geometry: 1; Children Have Geometry: 0; Global X: 35.9; Global Y: 9.3; Global Z: 3; Bounding Box Length: 0.200000000000003; Bounding Box Width: 4.4; Bounding Box Height: 2.7; Layer: Innenwände
3wYiknQvv0EvKo$0bWGoQ0,Wand-027,. GrossFootprintArea: 0.88; GrossSideArea: 13.5; GrossVolume: 2.376; Height: 2.7; Length: 5; NetSideArea: 13.5; NetVolume: 2.376; Width: 0.2; IsExternal: 0; LoadBearing: 0; ThermalTransmittance: 0.5; Project: Projekt Buerogebaeude; Building: Buerogebaeude; Storey: 1. Obergeschoss; Top Elevation: 5.7; Bottom Elevation: 3; Global Top Elevation: 5.7; Global Bottom Elevation: 3; Has Own Geometry: 1; Children Have Geometry: 0; Global X: 38.9; Global Y: 9.3; Global Z: 3; Bounding Box Length: 0.200000000000003; Bounding Box Width: 4.4; Bounding Box Height: 2.7; Layer: Innenwände
3hlocwRv9E28ldFEZcrJKR,Wand-028,. GrossFootprintArea: 0.88; GrossSideArea: 13.5; GrossVolume: 2.376; Height: 2.7; Length: 5; NetSideArea: 11.4; NetVolume: 1.956; Width: 0.2; IsExternal: 0; LoadBearing: 0; ThermalTransmittance: 0.5; Project: Projekt Buerogebaeude; Building: Buerogebaeude; Storey: 1. Obergeschoss; Top Elevation: 5.7; Bottom Elevation: 3; Global Top Elevation: 5.7; Global Bottom Elevation: 3; Has Own Geometry: 1; Children Have Geometry: 1; Global X: 32.9; Global Y: 2.3; Global Z: 3; Bounding Box Length: 0.200000000000003; Bounding Box Width: 4.4; Bounding Box Height: 2.7; Layer: Innenwände
3veEx6gu1FYRrSonTO1e_Q,,. XDim: 1; YDim: 2.1; Project: Projekt Buerogebaeude; Building: Buerogebaeude; Storey: 1. Obergeschoss; Top Elevation: 5.1; Bottom Elevation: 3; Global Top Elevation: 5.1; Global Bottom Elevation: 3; Has Own Geometry: 1; Children Have Geometry: 0; Global X: 32.9; Global Y: 4.7; Global Z: 3; Bounding Box Length: 0.200000000000003; Bounding Box Width: 1; Bounding Box Height: 2.1
3s$opTy0vANQ_jzKgb0VhR,Wand-020,. GrossFootprintArea: 0.88; GrossSideArea: 13.5; GrossVolume: 2.376; Height: 2.7; Length: 5; NetSideArea: 13.5; NetVolume: 2.376; Width: 0.2; IsExternal: 0; LoadBearing: 0; ThermalTransmittance: 0.5; Project: Projekt Buerogebaeude; Building: Buerogebaeude; Storey: 1. Obergeschoss; Top Elevation: 5.7; Bottom Elevation: 3; Global Top Elevation: 5.7; Global Bottom Elevation: 3; Has Own Geometry: 1; Children Have Geometry: 0; Global X: 26.9; Global Y: 2.3; Global Z: 3; Bounding Box Length: 0.200000000000003; Bounding Box Width: 4.4; Bounding Box Height: 2.7; Layer: Innenwände
1mSLMfkcfCPRJKG_3bRRxE,Wand-003,. GrossFootprintArea: 2.01; GrossSideArea: 18.9; GrossVolume: 5.427; Height: 2.7; Length: 7; NetSideArea: 15.12; NetVolume: 4.293; Width: 0.3; IsExternal: 0; LoadBearing: 1; ThermalTransmittance: 0.3; Project: Projekt Buerogebaeude; Building: Buerogebaeude; Storey: 1. Obergeschoss; Top Elevation: 5.7; Bottom Elevation: 3; Global Top Elevation: 5.7; Global Bottom Elevation: 3; Has Own Geometry: 1; Children Have Geometry: 1; Global X: 18; Global Y: 7; Global Z: 3; Bounding Box Length: 0.300000000000001; Bounding Box Width: 6.7; Bounding Box Height: 2.7; Layer: Außenwände
37D9av9kfF4OrXkWg1om9U,,. XDim: 1.8; YDim: 2.1; Project: Projekt Buerogebaeude; Building: Buerogebaeude; Storey: 1. Obergeschoss; Top Elevation: 5.1; Bottom Elevation: 3; Global Top Elevation: 5.1; Global Bottom Elevation: 3; Has Own Geometry: 1; Children Have Geometry: 0; Global X: 18; Global Y: 7.09960014; Global Z: 3; Bounding Box Length: 0.300000000000001; Bounding Box Width: 1.8; Bounding Box Height: 2.1
2XOyYx4Of0QhwaNJbJRTS3,Wand-034,. GrossFootprintArea: 0.6; GrossSideArea: 5.4; GrossVolume: 1.62; Height: 2.7; Length: 2; NetSideArea: 5.4; NetVolume: 1.62; Width: 0.3; IsExternal: 1; LoadBearing: 1; ThermalTransmittance: 0.3; Project: Projekt Buerogebaeude; Building: Buerogebaeude; Storey: 1. Obergeschoss; Top Elevation: 5.7; Bottom Elevation: 3; Global Top Elevation: 5.7; Global Bottom Elevation: 3; Has Own Geometry: 1; Children Have Geometry: 0; Global X: 18; Global Y: 13.7; Global Z: 3; Bounding Box Length: 0.300000000000001; Bounding Box Width: 2.3; Bounding Box Height: 2.7; Layer: Außenwände
1YglXaVGz84vHhbAKNJ_5N,Wand-035,. GrossFootprintArea: 0.6; GrossSideArea: 5.4; GrossVolume: 1.62; Height: 2.7; Length: 2; NetSideArea: 5.4; NetVolume: 1.62; Width: 0.3; IsExternal: 1; LoadBearing: 1; ThermalTransmittance: 0.3; Project: Projekt Buerogebaeude; Building: Buerogebaeude; Storey: 1. Obergeschoss; Top Elevation: 5.7; Bottom Elevation: 3; Global Top Elevation: 5.7; Global Bottom Elevation: 3; Has Own Geometry: 1; Children Have Geometry: 0; Global X: 23.7; Global Y: 13.7; Global Z: 3; Bounding Box Length: 0.300000000000001; Bounding Box Width: 2.3; Bounding Box Height: 2.7; Layer: Außenwände
2bI$bwQXP6BhqrBObsVIg2,Wand-005,. GrossFootprintArea: 2.01; GrossSideArea: 18.9; GrossVolume: 5.427; Height: 2.7; Length: 7; NetSideArea: 15.12; NetVolume: 4.293; Width: 0.3; IsExternal: 0; LoadBearing: 1; ThermalTransmittance: 0.3; Project: Projekt Buerogebaeude; Building: Buerogebaeude; Storey: 1. Obergeschoss; Top Elevation: 5.7; Bottom Elevation: 3; Global Top Elevation: 5.7; Global Bottom Elevation: 3; Has Own Geometry: 1; Children Have Geometry: 1; Global X: 23.7; Global Y: 7; Global Z: 3; Bounding Box Length: 0.300000000000001; Bounding Box Width: 6.7; Bounding Box Height: 2.7; Layer: Außenwände
3CFZpgjAn7HubA9L_6s5j7,,. XDim: 1.8; YDim: 2.1; Project: Projekt Buerogebaeude; Building: Buerogebaeude; Storey: 1. Obergeschoss; Top Elevation: 5.1; Bottom Elevation: 3; Global Top Elevation: 5.1; Global Bottom Elevation: 3; Has Own Geometry: 1; Children Have Geometry: 0; Global X: 23.7; Global Y: 7.1; Global Z: 3; Bounding Box Length: 0.300000000000001; Bounding Box Width: 1.8; Bounding Box Height: 2.1
03SJ_6GzL72BUsuqP6BUv3,Fenster-004,. IsExternal: 1; ThermalTransmittance: 1.4; Project: Projekt Buerogebaeude; Building: Buerogebaeude; Storey: 1. Obergeschoss; Top Elevation: 5.4; Bottom Elevation: 3.9; Global Top Elevation: 5.4; Global Bottom Elevation: 3.9; Has Own Geometry: 1; Children Have Geometry: 0; Global X: 1.75; Global Y: 13.81; Global Z: 3.9; Bounding Box Length: 1; Bounding Box Width: 0.0750000000000011; Bounding Box Height: 1.5; Layer: Außenwände
2FhF5ftpfAoR5u9P0zRDN2,Fenster-004,. IsExternal: 1; ThermalTransmittance: 1.4; Project: Projekt Buerogebaeude; Building: Buerogebaeude; Storey: 1. Obergeschoss; Top Elevation: 5.4; Bottom Elevation: 3.9; Global Top Elevation: 5.4; Global Bottom Elevation: 3.9; Has Own Geometry: 1; Children Have Geometry: 0; Global X: 3.25; Global Y: 13.81; Global Z: 3.9; Bounding Box Length: 1; Bounding Box Width: 0.0750000000000011; Bounding Box Height: 1.5; Layer: Außenwände
3zXYrOG$5AIAmg3jOwc8e1,Fenster-004,. IsExternal: 1; ThermalTransmittance: 1.4; Project: Projekt Buerogebaeude; Building: Buerogebaeude; Storey: 1. Obergeschoss; Top Elevation: 5.4; Bottom Elevation: 3.9; Global Top Elevation: 5.4; Global Bottom Elevation: 3.9; Has Own Geometry: 1; Children Have Geometry: 0; Global X: 4.75; Global Y: 13.81; Global Z: 3.9; Bounding Box Length: 1; Bounding Box Width: 0.0750000000000011; Bounding Box Height: 1.5; Layer: Außenwände
1CC7dXY6v5nAdc$PmuzWuu,Fenster-004,. IsExternal: 1; ThermalTransmittance: 1.4; Project: Projekt Buerogebaeude; Building: Buerogebaeude; Storey: 1. Obergeschoss; Top Elevation: 5.4; Bottom Elevation: 3.9; Global Top Elevation: 5.4; Global Bottom Elevation: 3.9; Has Own Geometry: 1; Children Have Geometry: 0; Global X: 6.25; Global Y: 13.81; Global Z: 3.9; Bounding Box Length: 1; Bounding Box Width: 0.0750000000000011; Bounding Box Height: 1.5; Layer: Außenwände
1pPdANFrDBBhYWYhTHEEHn,Fenster-004,. IsExternal: 1; ThermalTransmittance: 1.4; Project: Projekt Buerogebaeude; Building: Buerogebaeude; Storey: 1. Obergeschoss; Top Elevation: 5.4; Bottom Elevation: 3.9; Global Top Elevation: 5.4; Global Bottom Elevation: 3.9; Has Own Geometry: 1; Children Have Geometry: 0; Global X: 7.75; Global Y: 13.81; Global Z: 3.9; Bounding Box Length: 1; Bounding Box Width: 0.0750000000000011; Bounding Box Height: 1.5; Layer: Außenwände
2636AictfCaBavk86H6D4D,Fenster-004,. IsExternal: 1; ThermalTransmittance: 1.4; Project: Projekt Buerogebaeude; Building: Buerogebaeude; Storey: 1. Obergeschoss; Top Elevation: 5.4; Bottom Elevation: 3.9; Global Top Elevation: 5.4; Global Bottom Elevation: 3.9; Has Own Geometry: 1; Children Have Geometry: 0; Global X: 9.25; Global Y: 13.81; Global Z: 3.9; Bounding Box Length: 1; Bounding Box Width: 0.0750000000000011; Bounding Box Height: 1.5; Layer: Außenwände
2vthESqkPCtexTHr1MwOxj,Fenster-004,. IsExternal: 1; ThermalTransmittance: 1.4; Project: Projekt Buerogebaeude; Building: Buerogebaeude; Storey: 1. Obergeschoss; Top Elevation: 5.4; Bottom Elevation: 3.9; Global Top Elevation: 5.4; Global Bottom Elevation: 3.9; Has Own Geometry: 1; Children Have Geometry: 0; Global X: 10.75; Global Y: 13.81; Global Z: 3.9; Bounding Box Length: 1; Bounding Box Width: 0.0750000000000011; Bounding Box Height: 1.5; Layer: Außenwände
3f8gKg5kT30h_8UXOmLt72,Fenster-004,. IsExternal: 1; ThermalTransmittance: 1.4; Project: Projekt Buerogebaeude; Building: Buerogebaeude; Storey: 1. Obergeschoss; Top Elevation: 5.4; Bottom Elevation: 3.9; Global Top Elevation: 5.4; Global Bottom Elevation: 3.9; Has Own Geometry: 1; Children Have Geometry: 0; Global X: 12.25; Global Y: 13.81; Global Z: 3.9; Bounding Box Length: 1; Bounding Box Width: 0.0750000000000011; Bounding Box Height: 1.5; Layer: Außenwände
22eq1cKyX4ORpHxEO$xo4v,Fenster-004,. IsExternal: 1; ThermalTransmittance: 1.4; Project: Projekt Buerogebaeude; Building: Buerogebaeude; Storey: 1. Obergeschoss; Top Elevation: 5.4; Bottom Elevation: 3.9; Global Top Elevation: 5.4; Global Bottom Elevation: 3.9; Has Own Geometry: 1; Children Have Geometry: 0; Global X: 13.75; Global Y: 13.81; Global Z: 3.9; Bounding Box Length: 1; Bounding Box Width: 0.0750000000000011; Bounding Box Height: 1.5; Layer: Außenwände
2CnQ7ixwv8A9Jwtk_6wiBp,Fenster-004,. IsExternal: 1; ThermalTransmittance: 1.4; Project: Projekt Buerogebaeude; Building: Buerogebaeude; Storey: 1. Obergeschoss; Top Elevation: 5.4; Bottom Elevation: 3.9; Global Top Elevation: 5.4; Global Bottom Elevation: 3.9; Has Own Geometry: 1; Children Have Geometry: 0; Global X: 15.25; Global Y: 13.81; Global Z: 3.9; Bounding Box Length: 1; Bounding Box Width: 0.0750000000000011; Bounding Box Height: 1.5; Layer: Außenwände
3yGeEHOp97MPf7P0QPdQGT,Fenster-004,. IsExternal: 1; ThermalTransmittance: 1.4; Project: Projekt Buerogebaeude; Building: Buerogebaeude; Storey: 1. Obergeschoss; Top Elevation: 5.4; Bottom Elevation: 3.9; Global Top Elevation: 5.4; Global Bottom Elevation: 3.9; Has Own Geometry: 1; Children Have Geometry: 0; Global X: 16.75; Global Y: 13.81; Global Z: 3.9; Bounding Box Length: 1; Bounding Box Width: 0.0750000000000011; Bounding Box Height: 1.5; Layer: Außenwände
34z_sfy5r7MxZO_XK2tdyk,Fenster-004,. IsExternal: 1; ThermalTransmittance: 1.4; Project: Projekt Buerogebaeude; Building: Buerogebaeude; Storey: 1. Obergeschoss; Top Elevation: 5.4; Bottom Elevation: 3.9; Global Top Elevation: 5.4; Global Bottom Elevation: 3.9; Has Own Geometry: 1; Children Have Geometry: 0; Global X: 0.350000000000001; Global Y: 13.81; Global Z: 3.9; Bounding Box Length: 1; Bounding Box Width: 0.0750000000000011; Bounding Box Height: 1.5; Layer: Außenwände
09nsmlIP1Av8Gqo7k1gGXA,Fenster-005,. IsExternal: 1; ThermalTransmittance: 1.4; Project: Projekt Buerogebaeude; Building: Buerogebaeude; Storey: 1. Obergeschoss; Top Elevation: 5.4; Bottom Elevation: 3.9; Global Top Elevation: 5.4; Global Bottom Elevation: 3.9; Has Own Geometry: 1; Children Have Geometry: 0; Global X: 25.75; Global Y: 13.81; Global Z: 3.9; Bounding Box Length: 1; Bounding Box Width: 0.0750000000000011; Bounding Box Height: 1.5; Layer: Außenwände
1woJxRP9rBzA0NGvvq6Jbs,Fenster-005,. IsExternal: 1; ThermalTransmittance: 1.4; Project: Projekt Buerogebaeude; Building: Buerogebaeude; Storey: 1. Obergeschoss; Top Elevation: 5.4; Bottom Elevation: 3.9; Global Top Elevation: 5.4; Global Bottom Elevation: 3.9; Has Own Geometry: 1; Children Have Geometry: 0; Global X: 27.25; Global Y: 13.81; Global Z: 3.9; Bounding Box Length: 1; Bounding Box Width: 0.0750000000000011; Bounding Box Height: 1.5; Layer: Außenwände
14lr70JTX5Zw5AEQUrJRI6,Fenster-005,. IsExternal: 1; ThermalTransmittance: 1.4; Project: Projekt Buerogebaeude; Building: Buerogebaeude; Storey: 1. Obergeschoss; Top Elevation: 5.4; Bottom Elevation: 3.9; Global Top Elevation: 5.4; Global Bottom Elevation: 3.9; Has Own Geometry: 1; Children Have Geometry: 0; Global X: 28.75; Global Y: 13.81; Global Z: 3.9; Bounding Box Length: 1; Bounding Box Width: 0.0750000000000011; Bounding Box Height: 1.5; Layer: Außenwände
3TaVJS_WrFjvF4FNvIpjkU,Fenster-005,. IsExternal: 1; ThermalTransmittance: 1.4; Project: Projekt Buerogebaeude; Building: Buerogebaeude; Storey: 1. Obergeschoss; Top Elevation: 5.4; Bottom Elevation: 3.9; Global Top Elevation: 5.4; Global Bottom Elevation: 3.9; Has Own Geometry: 1; Children Have Geometry: 0; Global X: 30.25; Global Y: 13.81; Global Z: 3.9; Bounding Box Length: 1; Bounding Box Width: 0.0750000000000011; Bounding Box Height: 1.5; Layer: Außenwände
2TM3hOfDLEKgLHIoi2G2eE,Fenster-005,. IsExternal: 1; ThermalTransmittance: 1.4; Project: Projekt Buerogebaeude; Building: Buerogebaeude; Storey: 1. Obergeschoss; Top Elevation: 5.4; Bottom Elevation: 3.9; Global Top Elevation: 5.4; Global Bottom Elevation: 3.9; Has Own Geometry: 1; Children Have Geometry: 0; Global X: 31.75; Global Y: 13.81; Global Z: 3.9; Bounding Box Length: 1; Bounding Box Width: 0.0750000000000011; Bounding Box Height: 1.5; Layer: Außenwände
31vL2xKtv6b8xITngnOCX4,Fenster-005,. IsExternal: 1; ThermalTransmittance: 1.4; Project: Projekt Buerogebaeude; Building: Buerogebaeude; Storey: 1. Obergeschoss; Top Elevation: 5.4; Bottom Elevation: 3.9; Global Top Elevation: 5.4; Global Bottom Elevation: 3.9; Has Own Geometry: 1; Children Have Geometry: 0; Global X: 33.25; Global Y: 13.81; Global Z: 3.9; Bounding Box Length: 1; Bounding Box Width: 0.0750000000000011; Bounding Box Height: 1.5; Layer: Außenwände
1_H_m5RiH9X8BR$Fz7YY7j,Fenster-005,. IsExternal: 1; ThermalTransmittance: 1.4; Project: Projekt Buerogebaeude; Building: Buerogebaeude; Storey: 1. Obergeschoss; Top Elevation: 5.4; Bottom Elevation: 3.9; Global Top Elevation: 5.4; Global Bottom Elevation: 3.9; Has Own Geometry: 1; Children Have Geometry: 0; Global X: 34.75; Global Y: 13.81; Global Z: 3.9; Bounding Box Length: 1; Bounding Box Width: 0.0750000000000011; Bounding Box Height: 1.5; Layer: Außenwände
30S9Awv3LEe8VCVTEwi68n,Fenster-005,. IsExternal: 1; ThermalTransmittance: 1.4; Project: Projekt Buerogebaeude; Building: Buerogebaeude; Storey: 1. Obergeschoss; Top Elevation: 5.4; Bottom Elevation: 3.9; Global Top Elevation: 5.4; Global Bottom Elevation: 3.9; Has Own Geometry: 1; Children Have Geometry: 0; Global X: 36.25; Global Y: 13.81; Global Z: 3.9; Bounding Box Length: 1; Bounding Box Width: 0.0750000000000011; Bounding Box Height: 1.5; Layer: Außenwände
2iLTU_LYz3NA91FzuoqriL,Fenster-005,. IsExternal: 1; ThermalTransmittance: 1.4; Project: Projekt Buerogebaeude; Building: Buerogebaeude; Storey: 1. Obergeschoss; Top Elevation: 5.4; Bottom Elevation: 3.9; Global Top Elevation: 5.4; Global Bottom Elevation: 3.9; Has Own Geometry: 1; Children Have Geometry: 0; Global X: 37.75; Global Y: 13.81; Global Z: 3.9; Bounding Box Length: 1; Bounding Box Width: 0.0750000000000011; Bounding Box Height: 1.5; Layer: Außenwände
2q$7ICGvL3zvLmzSLHMQRS,Fenster-005,. IsExternal: 1; ThermalTransmittance: 1.4; Project: Projekt Buerogebaeude; Building: Buerogebaeude; Storey: 1. Obergeschoss; Top Elevation: 5.4; Bottom Elevation: 3.9; Global Top Elevation: 5.4; Global Bottom Elevation: 3.9; Has Own Geometry: 1; Children Have Geometry: 0; Global X: 39.25; Global Y: 13.81; Global Z: 3.9; Bounding Box Length: 1; Bounding Box Width: 0.0750000000000011; Bounding Box Height: 1.5; Layer: Außenwände
3jPBVBqyH6RgTDfklWLj5B,Fenster-005,. IsExternal: 1; ThermalTransmittance: 1.4; Project: Projekt Buerogebaeude; Building: Buerogebaeude; Storey: 1. Obergeschoss; Top Elevation: 5.4; Bottom Elevation: 3.9; Global Top Elevation: 5.4; Global Bottom Elevation: 3.9; Has Own Geometry: 1; Children Have Geometry: 0; Global X: 24.25; Global Y: 13.81; Global Z: 3.9; Bounding Box Length: 1; Bounding Box Width: 0.0750000000000011; Bounding Box Height: 1.5; Layer: Außenwände
0vzBs_8_n40xRpBtuEXQlk,Fenster-005,. IsExternal: 1; ThermalTransmittance: 1.4; Project: Projekt Buerogebaeude; Building: Buerogebaeude; Storey: 1. Obergeschoss; Top Elevation: 5.4; Bottom Elevation: 3.9; Global Top Elevation: 5.4; Global Bottom Elevation: 3.9; Has Own Geometry: 1; Children Have Geometry: 0; Global X: 40.65; Global Y: 13.81; Global Z: 3.9; Bounding Box Length: 1; Bounding Box Width: 0.0750000000000011; Bounding Box Height: 1.5; Layer: Außenwände
2kyp5olOX6YxfL8$tctAgH,Fenster-007,. IsExternal: 1; ThermalTransmittance: 1.4; Project: Projekt Buerogebaeude; Building: Buerogebaeude; Storey: 1. Obergeschoss; Top Elevation: 5.4; Bottom Elevation: 3.9; Global Top Elevation: 5.4; Global Bottom Elevation: 3.9; Has Own Geometry: 1; Children Have Geometry: 0; Global X: 41.81; Global Y: 7.55; Global Z: 3.9; Bounding Box Length: 0.0750000000000028; Bounding Box Width: 0.899999999999999; Bounding Box Height: 1.5; Layer: Außenwände
1II2wI2iz2xugPBtxLqfRA,Fenster-006,. IsExternal: 1; ThermalTransmittance: 1.4; Project: Projekt Buerogebaeude; Building: Buerogebaeude; Storey: 1. Obergeschoss; Top Elevation: 5.4; Bottom Elevation: 3.9; Global Top Elevation: 5.4; Global Bottom Elevation: 3.9; Has Own Geometry: 1; Children Have Geometry: 0; Global X: 0.115000000000002; Global Y: 7.55; Global Z: 3.9; Bounding Box Length: 0.0749999999999993; Bounding Box Width: 0.9; Bounding Box Height: 1.5; Layer: Außenwände
2PyPcf7HvDGQxPopRGPDKI,Fenster-002,. IsExternal: 1; ThermalTransmittance: 1.4; Project: Projekt Buerogebaeude; Building: Buerogebaeude; Storey: 1. Obergeschoss; Top Elevation: 5.4; Bottom Elevation: 3.9; Global Top Elevation: 5.4; Global Bottom Elevation: 3.9; Has Own Geometry: 1; Children Have Geometry: 0; Global X: 1.75; Global Y: 2.115; Global Z: 3.9; Bounding Box Length: 1; Bounding Box Width: 0.0750000000000002; Bounding Box Height: 1.5; Layer: Außenwände
07j7ld5m1AKfwXwsD8BKk6,Fenster-002,. IsExternal: 1; ThermalTransmittance: 1.4; Project: Projekt Buerogebaeude; Building: Buerogebaeude; Storey: 1. Obergeschoss; Top Elevation: 5.4; Bottom Elevation: 3.9; Global Top Elevation: 5.4; Global Bottom Elevation: 3.9; Has Own Geometry: 1; Children Have Geometry: 0; Global X: 3.25; Global Y: 2.115; Global Z: 3.9; Bounding Box Length: 1; Bounding Box Width: 0.0750000000000002; Bounding Box Height: 1.5; Layer: Außenwände
2c8tkvv0f3bx0r2cE2KbR4,Fenster-002,. IsExternal: 1; ThermalTransmittance: 1.4; Project: Projekt Buerogebaeude; Building: Buerogebaeude; Storey: 1. Obergeschoss; Top Elevation: 5.4; Bottom Elevation: 3.9; Global Top Elevation: 5.4; Global Bottom Elevation: 3.9; Has Own Geometry: 1; Children Have Geometry: 0; Global X: 4.75; Global Y: 2.115; Global Z: 3.9; Bounding Box Length: 1; Bounding Box Width: 0.0750000000000002; Bounding Box Height: 1.5; Layer: Außenwände
14tRml$oP0Rhmg9zCpGzdf,Fenster-002,. IsExternal: 1; ThermalTransmittance: 1.4; Project: Projekt Buerogebaeude; Building: Buerogebaeude; Storey: 1. Obergeschoss; Top Elevation: 5.4; Bottom Elevation: 3.9; Global Top Elevation: 5.4; Global Bottom Elevation: 3.9; Has Own Geometry: 1; Children Have Geometry: 0; Global X: 6.25; Global Y: 2.115; Global Z: 3.9; Bounding Box Length: 1; Bounding Box Width: 0.0750000000000002; Bounding Box Height: 1.5; Layer: Außenwände
0AlQO9vJD8yQs$jjO$RhN4,Fenster-002,. IsExternal: 1; ThermalTransmittance: 1.4; Project: Projekt Buerogebaeude; Building: Buerogebaeude; Storey: 1. Obergeschoss; Top Elevation: 5.4; Bottom Elevation: 3.9; Global Top Elevation: 5.4; Global Bottom Elevation: 3.9; Has Own Geometry: 1; Children Have Geometry: 0; Global X: 7.75; Global Y: 2.115; Global Z: 3.9; Bounding Box Length: 1; Bounding Box Width: 0.0750000000000002; Bounding Box Height: 1.5; Layer: Außenwände
2muLeR9tf5FfEKGfOAn8sb,Fenster-002,. IsExternal: 1; ThermalTransmittance: 1.4; Project: Projekt Buerogebaeude; Building: Buerogebaeude; Storey: 1. Obergeschoss; Top Elevation: 5.4; Bottom Elevation: 3.9; Global Top Elevation: 5.4; Global Bottom Elevation: 3.9; Has Own Geometry: 1; Children Have Geometry: 0; Global X: 9.25; Global Y: 2.115; Global Z: 3.9; Bounding Box Length: 1; Bounding Box Width: 0.0750000000000002; Bounding Box Height: 1.5; Layer: Außenwände
0L1ke1dG93fxxhtLVwOTsT,Fenster-002,. IsExternal: 1; ThermalTransmittance: 1.4; Project: Projekt Buerogebaeude; Building: Buerogebaeude; Storey: 1. Obergeschoss; Top Elevation: 5.4; Bottom Elevation: 3.9; Global Top Elevation: 5.4; Global Bottom Elevation: 3.9; Has Own Geometry: 1; Children Have Geometry: 0; Global X: 10.75; Global Y: 2.115; Global Z: 3.9; Bounding Box Length: 1; Bounding Box Width: 0.0750000000000002; Bounding Box Height: 1.5; Layer: Außenwände
3LxPgFi8zB9O2dL$OVvll8,Fenster-002,. IsExternal: 1; ThermalTransmittance: 1.4; Project: Projekt Buerogebaeude; Building: Buerogebaeude; Storey: 1. Obergeschoss; Top Elevation: 5.4; Bottom Elevation: 3.9; Global Top Elevation: 5.4; Global Bottom Elevation: 3.9; Has Own Geometry: 1; Children Have Geometry: 0; Global X: 12.25; Global Y: 2.115; Global Z: 3.9; Bounding Box Length: 1; Bounding Box Width: 0.0750000000000002; Bounding Box Height: 1.5; Layer: Außenwände
3ZvIiAd7b8tvll14FCaSxA,Fenster-002,. IsExternal: 1; ThermalTransmittance: 1.4; Project: Projekt Buerogebaeude; Building: Buerogebaeude; Storey: 1. Obergeschoss; Top Elevation: 5.4; Bottom Elevation: 3.9; Global Top Elevation: 5.4; Global Bottom Elevation: 3.9; Has Own Geometry: 1; Children Have Geometry: 0; Global X: 13.75; Global Y: 2.115; Global Z: 3.9; Bounding Box Length: 1; Bounding Box Width: 0.0750000000000002; Bounding Box Height: 1.5; Layer: Außenwände
1pEJsF8kH4BQ$w9DVNUS8V,Fenster-002,. IsExternal: 1; ThermalTransmittance: 1.4; Project: Projekt Buerogebaeude; Building: Buerogebaeude; Storey: 1. Obergeschoss; Top Elevation: 5.4; Bottom Elevation: 3.9; Global Top Elevation: 5.4; Global Bottom Elevation: 3.9; Has Own Geometry: 1; Children Have Geometry: 0; Global X: 15.25; Global Y: 2.115; Global Z: 3.9; Bounding Box Length: 1; Bounding Box Width: 0.0750000000000002; Bounding Box Height: 1.5; Layer: Außenwände
1bxtpaVk912hlBqFs8DpVp,Fenster-002,. IsExternal: 1; ThermalTransmittance: 1.4; Project: Projekt Buerogebaeude; Building: Buerogebaeude; Storey: 1. Obergeschoss; Top Elevation: 5.4; Bottom Elevation: 3.9; Global Top Elevation: 5.4; Global Bottom Elevation: 3.9; Has Own Geometry: 1; Children Have Geometry: 0; Global X: 16.75; Global Y: 2.115; Global Z: 3.9; Bounding Box Length: 1; Bounding Box Width: 0.0750000000000002; Bounding Box Height: 1.5; Layer: Außenwände
2JMzFDlyLC_vpXgeQ4GDNH,Fenster-002,. IsExternal: 1; ThermalTransmittance: 1.4; Project: Projekt Buerogebaeude; Building: Buerogebaeude; Storey: 1. Obergeschoss; Top Elevation: 5.4; Bottom Elevation: 3.9; Global Top Elevation: 5.4; Global Bottom Elevation: 3.9; Has Own Geometry: 1; Children Have Geometry: 0; Global X: 18.25; Global Y: 2.115; Global Z: 3.9; Bounding Box Length: 1; Bounding Box Width: 0.0750000000000002; Bounding Box Height: 1.5; Layer: Außenwände
0NwAXV3355GR00was0Pjhg,Fenster-002,. IsExternal: 1; ThermalTransmittance: 1.4; Project: Projekt Buerogebaeude; Building: Buerogebaeude; Storey: 1. Obergeschoss; Top Elevation: 5.4; Bottom Elevation: 3.9; Global Top Elevation: 5.4; Global Bottom Elevation: 3.9; Has Own Geometry: 1; Children Have Geometry: 0; Global X: 19.75; Global Y: 2.115; Global Z: 3.9; Bounding Box Length: 1; Bounding Box Width: 0.0750000000000002; Bounding Box Height: 1.5; Layer: Außenwände
2LkcdSrN1BN9bjMXtrVXB5,Fenster-002,. IsExternal: 1; ThermalTransmittance: 1.4; Project: Projekt Buerogebaeude; Building: Buerogebaeude; Storey: 1. Obergeschoss; Top Elevation: 5.4; Bottom Elevation: 3.9; Global Top Elevation: 5.4; Global Bottom Elevation: 3.9; Has Own Geometry: 1; Children Have Geometry: 0; Global X: 21.25; Global Y: 2.115; Global Z: 3.9; Bounding Box Length: 1; Bounding Box Width: 0.0750000000000002; Bounding Box Height: 1.5; Layer: Außenwände
3panYjerbCSQl08K8o34mj,Fenster-002,. IsExternal: 1; ThermalTransmittance: 1.4; Project: Projekt Buerogebaeude; Building: Buerogebaeude; Storey: 1. Obergeschoss; Top Elevation: 5.4; Bottom Elevation: 3.9; Global Top Elevation: 5.4; Global Bottom Elevation: 3.9; Has Own Geometry: 1; Children Have Geometry: 0; Global X: 22.75; Global Y: 2.115; Global Z: 3.9; Bounding Box Length: 1; Bounding Box Width: 0.0750000000000002; Bounding Box Height: 1.5; Layer: Außenwände
3fUog30lP6pwOTrTR2sk8d,Fenster-002,. IsExternal: 1; ThermalTransmittance: 1.4; Project: Projekt Buerogebaeude; Building: Buerogebaeude; Storey: 1. Obergeschoss; Top Elevation: 5.4; Bottom Elevation: 3.9; Global Top Elevation: 5.4; Global Bottom Elevation: 3.9; Has Own Geometry: 1; Children Have Geometry: 0; Global X: 24.25; Global Y: 2.115; Global Z: 3.9; Bounding Box Length: 1; Bounding Box Width: 0.0750000000000002; Bounding Box Height: 1.5; Layer: Außenwände
1mxN55cZPF6hKlsvawmd2i,Fenster-002,. IsExternal: 1; ThermalTransmittance: 1.4; Project: Projekt Buerogebaeude; Building: Buerogebaeude; Storey: 1. Obergeschoss; Top Elevation: 5.4; Bottom Elevation: 3.9; Global Top Elevation: 5.4; Global Bottom Elevation: 3.9; Has Own Geometry: 1; Children Have Geometry: 0; Global X: 25.75; Global Y: 2.115; Global Z: 3.9; Bounding Box Length: 1; Bounding Box Width: 0.0750000000000002; Bounding Box Height: 1.5; Layer: Außenwände
3UZtqiBsz5uvWB4kZmuS1Q,Fenster-002,. IsExternal: 1; ThermalTransmittance: 1.4; Project: Projekt Buerogebaeude; Building: Buerogebaeude; Storey: 1. Obergeschoss; Top Elevation: 5.4; Bottom Elevation: 3.9; Global Top Elevation: 5.4; Global Bottom Elevation: 3.9; Has Own Geometry: 1; Children Have Geometry: 0; Global X: 27.25; Global Y: 2.115; Global Z: 3.9; Bounding Box Length: 1; Bounding Box Width: 0.0750000000000002; Bounding Box Height: 1.5; Layer: Außenwände
0JtLRXJlvE_wC5_4sLnvdj,Fenster-002,. IsExternal: 1; ThermalTransmittance: 1.4; Project: Projekt Buerogebaeude; Building: Buerogebaeude; Storey: 1. Obergeschoss; Top Elevation: 5.4; Bottom Elevation: 3.9; Global Top Elevation: 5.4; Global Bottom Elevation: 3.9; Has Own Geometry: 1; Children Have Geometry: 0; Global X: 28.75; Global Y: 2.115; Global Z: 3.9; Bounding Box Length: 1; Bounding Box Width: 0.0750000000000002; Bounding Box Height: 1.5; Layer: Außenwände
2S3C3uY4L3E8GfjjcpTjpF,Fenster-002,. IsExternal: 1; ThermalTransmittance: 1.4; Project: Projekt Buerogebaeude; Building: Buerogebaeude; Storey: 1. Obergeschoss; Top Elevation: 5.4; Bottom Elevation: 3.9; Global Top Elevation: 5.4; Global Bottom Elevation: 3.9; Has Own Geometry: 1; Children Have Geometry: 0; Global X: 30.25; Global Y: 2.115; Global Z: 3.9; Bounding Box Length: 1; Bounding Box Width: 0.0750000000000002; Bounding Box Height: 1.5; Layer: Außenwände
3jVh8jSJrDvA6MPkB86x3V,Fenster-002,. IsExternal: 1; ThermalTransmittance: 1.4; Project: Projekt Buerogebaeude; Building: Buerogebaeude; Storey: 1. Obergeschoss; Top Elevation: 5.4; Bottom Elevation: 3.9; Global Top Elevation: 5.4; Global Bottom Elevation: 3.9; Has Own Geometry: 1; Children Have Geometry: 0; Global X: 31.75; Global Y: 2.115; Global Z: 3.9; Bounding Box Length: 1; Bounding Box Width: 0.0750000000000002; Bounding Box Height: 1.5; Layer: Außenwände
39pRQ$7l15fOjHNjfl3enL,Fenster-002,. IsExternal: 1; ThermalTransmittance: 1.4; Project: Projekt Buerogebaeude; Building: Buerogebaeude; Storey: 1. Obergeschoss; Top Elevation: 5.4; Bottom Elevation: 3.9; Global Top Elevation: 5.4; Global Bottom Elevation: 3.9; Has Own Geometry: 1; Children Have Geometry: 0; Global X: 33.25; Global Y: 2.115; Global Z: 3.9; Bounding Box Length: 1; Bounding Box Width: 0.0750000000000002; Bounding Box Height: 1.5; Layer: Außenwände
1z0qMKUIT5IxhyyHbF4ocp,Fenster-002,. IsExternal: 1; ThermalTransmittance: 1.4; Project: Projekt Buerogebaeude; Building: Buerogebaeude; Storey: 1. Obergeschoss; Top Elevation: 5.4; Bottom Elevation: 3.9; Global Top Elevation: 5.4; Global Bottom Elevation: 3.9; Has Own Geometry: 1; Children Have Geometry: 0; Global X: 34.75; Global Y: 2.115; Global Z: 3.9; Bounding Box Length: 1; Bounding Box Width: 0.0750000000000002; Bounding Box Height: 1.5; Layer: Außenwände
1mUlkaN4jFkfHh1zNVHhGj,Fenster-002,. IsExternal: 1; ThermalTransmittance: 1.4; Project: Projekt Buerogebaeude; Building: Buerogebaeude; Storey: 1. Obergeschoss; Top Elevation: 5.4; Bottom Elevation: 3.9; Global Top Elevation: 5.4; Global Bottom Elevation: 3.9; Has Own Geometry: 1; Children Have Geometry: 0; Global X: 36.25; Global Y: 2.115; Global Z: 3.9; Bounding Box Length: 1; Bounding Box Width: 0.0750000000000002; Bounding Box Height: 1.5; Layer: Außenwände
1OLRx1anXAohtkhV733dGP,Fenster-002,. IsExternal: 1; ThermalTransmittance: 1.4; Project: Projekt Buerogebaeude; Building: Buerogebaeude; Storey: 1. Obergeschoss; Top Elevation: 5.4; Bottom Elevation: 3.9; Global Top Elevation: 5.4; Global Bottom Elevation: 3.9; Has Own Geometry: 1; Children Have Geometry: 0; Global X: 37.75; Global Y: 2.115; Global Z: 3.9; Bounding Box Length: 1; Bounding Box Width: 0.0750000000000002; Bounding Box Height: 1.5; Layer: Außenwände
3k8ejU_PjCWBuPFpm1k2lH,Fenster-002,. IsExternal: 1; ThermalTransmittance: 1.4; Project: Projekt Buerogebaeude; Building: Buerogebaeude; Storey: 1. Obergeschoss; Top Elevation: 5.4; Bottom Elevation: 3.9; Global Top Elevation: 5.4; Global Bottom Elevation: 3.9; Has Own Geometry: 1; Children Have Geometry: 0; Global X: 39.25; Global Y: 2.115; Global Z: 3.9; Bounding Box Length: 1; Bounding Box Width: 0.0750000000000002; Bounding Box Height: 1.5; Layer: Außenwände
2sPrxFKUnDQBesnyFyTX7C,Fenster-002,. IsExternal: 1; ThermalTransmittance: 1.4; Project: Projekt Buerogebaeude; Building: Buerogebaeude; Storey: 1. Obergeschoss; Top Elevation: 5.4; Bottom Elevation: 3.9; Global Top Elevation: 5.4; Global Bottom Elevation: 3.9; Has Own Geometry: 1; Children Have Geometry: 0; Global X: 40.65; Global Y: 2.115; Global Z: 3.9; Bounding Box Length: 1; Bounding Box Width: 0.0750000000000002; Bounding Box Height: 1.5; Layer: Außenwände
0m$kvDvUr77f4o9JMw6ppP,Fenster-002,. IsExternal: 1; ThermalTransmittance: 1.4; Project: Projekt Buerogebaeude; Building: Buerogebaeude; Storey: 1. Obergeschoss; Top Elevation: 5.4; Bottom Elevation: 3.9; Global Top Elevation: 5.4; Global Bottom Elevation: 3.9; Has Own Geometry: 1; Children Have Geometry: 0; Global X: 0.350000000000001; Global Y: 2.115; Global Z: 3.9; Bounding Box Length: 1; Bounding Box Width: 0.0750000000000002; Bounding Box Height: 1.5; Layer: Außenwände
17HzXMa29CgeqdGTriCwwh,Tür-014,. IsExternal: 0; ThermalTransmittance: 1.4; Project: Projekt Buerogebaeude; Building: Buerogebaeude; Storey: 1. Obergeschoss; Top Elevation: 5.1; Bottom Elevation: 3; Global Top Elevation: 5.1; Global Bottom Elevation: 3; Has Own Geometry: 1; Children Have Geometry: 0; Global X: 15.2; Global Y: 9.085; Global Z: 3; Bounding Box Length: 1; Bounding Box Width: 0.0999999999999996; Bounding Box Height: 2.1; Layer: Innenwände
37NUOXsmX3z9p4Kk0VJikq,Tür-015,. IsExternal: 0; ThermalTransmittance: 1.4; Project: Projekt Buerogebaeude; Building: Buerogebaeude; Storey: 1. Obergeschoss; Top Elevation: 5.1; Bottom Elevation: 3; Global Top Elevation: 5.1; Global Bottom Elevation: 3; Has Own Geometry: 1; Children Have Geometry: 0; Global X: 13.8; Global Y: 9.085; Global Z: 3; Bounding Box Length: 1; Bounding Box Width: 0.0999999999999996; Bounding Box Height: 2.1; Layer: Innenwände
2VGdy0IID6LxPfFQdDE_rz,Tür-016,. IsExternal: 0; ThermalTransmittance: 1.4; Project: Projekt Buerogebaeude; Building: Buerogebaeude; Storey: 1. Obergeschoss; Top Elevation: 5.1; Bottom Elevation: 3; Global Top Elevation: 5.1; Global Bottom Elevation: 3; Has Own Geometry: 1; Children Have Geometry: 0; Global X: 4.8; Global Y: 9.085; Global Z: 3; Bounding Box Length: 1; Bounding Box Width: 0.0999999999999996; Bounding Box Height: 2.1; Layer: Innenwände
36$lV978n70fzaOS1aGkQb,Tür-016,. IsExternal: 0; ThermalTransmittance: 1.4; Project: Projekt Buerogebaeude; Building: Buerogebaeude; Storey: 1. Obergeschoss; Top Elevation: 5.1; Bottom Elevation: 3; Global Top Elevation: 5.1; Global Bottom Elevation: 3; Has Own Geometry: 1; Children Have Geometry: 0; Global X: 7.8; Global Y: 9.085; Global Z: 3; Bounding Box Length: 1; Bounding Box Width: 0.0999999999999996; Bounding Box Height: 2.1; Layer: Innenwände
2ezLa6k3r22f7kZrwjKNLO,Tür-016,. IsExternal: 0; ThermalTransmittance: 1.4; Project: Projekt Buerogebaeude; Building: Buerogebaeude; Storey: 1. Obergeschoss; Top Elevation: 5.1; Bottom Elevation: 3; Global Top Elevation: 5.1; Global Bottom Elevation: 3; Has Own Geometry: 1; Children Have Geometry: 0; Global X: 10.8; Global Y: 9.085; Global Z: 3; Bounding Box Length: 1; Bounding Box Width: 0.0999999999999996; Bounding Box Height: 2.1; Layer: Innenwände
2dmNSROS54DQzD5NyEFXm$,Tür-016,. IsExternal: 0; ThermalTransmittance: 1.4; Project: Projekt Buerogebaeude; Building: Buerogebaeude; Storey: 1. Obergeschoss; Top Elevation: 5.1; Bottom Elevation: 3; Global Top Elevation: 5.1; Global Bottom Elevation: 3; Has Own Geometry: 1; Children Have Geometry: 0; Global X: 1.8; Global Y: 9.085; Global Z: 3; Bounding Box Length: 1; Bounding Box Width: 0.0999999999999996; Bounding Box Height: 2.1; Layer: Innenwände
2sSHD6n39BZQnSaHjLYpnc,Tür-008,. IsExternal: 0; ThermalTransmittance: 1.4; Project: Projekt Buerogebaeude; Building: Buerogebaeude; Storey: 1. Obergeschoss; Top Elevation: 5.1; Bottom Elevation: 3; Global Top Elevation: 5.1; Global Bottom Elevation: 3; Has Own Geometry: 1; Children Have Geometry: 0; Global X: 40.6; Global Y: 9.085; Global Z: 3; Bounding Box Length: 1; Bounding Box Width: 0.0999999999999996; Bounding Box Height: 2.1; Layer: Innenwände
3ZJxNn9Nz6HQakewV2F393,Tür-009,. IsExternal: 0; ThermalTransmittance: 1.4; Project: Projekt Buerogebaeude; Building: Buerogebaeude; Storey: 1. Obergeschoss; Top Elevation: 5.1; Bottom Elevation: 3; Global Top Elevation: 5.1; Global Bottom Elevation: 3; Has Own Geometry: 1; Children Have Geometry: 0; Global X: 37.8; Global Y: 9.085; Global Z: 3; Bounding Box Length: 1; Bounding Box Width: 0.0999999999999996; Bounding Box Height: 2.1; Layer: Innenwände
2tu8_KoLfDpho5M9F1jtqL,Tür-010,. IsExternal: 0; ThermalTransmittance: 1.4; Project: Projekt Buerogebaeude; Building: Buerogebaeude; Storey: 1. Obergeschoss; Top Elevation: 5.1; Bottom Elevation: 3; Global Top Elevation: 5.1; Global Bottom Elevation: 3; Has Own Geometry: 1; Children Have Geometry: 0; Global X: 34.8; Global Y: 9.085; Global Z: 3; Bounding Box Length: 1; Bounding Box Width: 0.0999999999999996; Bounding Box Height: 2.1; Layer: Innenwände
00RjztLorCQgcGEHv7fY3g,Tür-011,. IsExternal: 0; ThermalTransmittance: 1.4; Project: Projekt Buerogebaeude; Building: Buerogebaeude; Storey: 1. Obergeschoss; Top Elevation: 5.1; Bottom Elevation: 3; Global Top Elevation: 5.1; Global Bottom Elevation: 3; Has Own Geometry: 1; Children Have Geometry: 0; Global X: 31.8; Global Y: 9.085; Global Z: 3; Bounding Box Length: 1; Bounding Box Width: 0.0999999999999996; Bounding Box Height: 2.1; Layer: Innenwände
35jd8lu1fDJAuZoKl4ldDk,Tür-012,. IsExternal: 0; ThermalTransmittance: 1.4; Project: Projekt Buerogebaeude; Building: Buerogebaeude; Storey: 1. Obergeschoss; Top Elevation: 5.1; Bottom Elevation: 3; Global Top Elevation: 5.1; Global Bottom Elevation: 3; Has Own Geometry: 1; Children Have Geometry: 0; Global X: 28.8; Global Y: 9.085; Global Z: 3; Bounding Box Length: 1; Bounding Box Width: 0.0999999999999996; Bounding Box Height: 2.1; Layer: Innenwände
32UdM49pfAMxiX5WyXhCuy,Tür-013,. IsExternal: 0; ThermalTransmittance: 1.4; Project: Projekt Buerogebaeude; Building: Buerogebaeude; Storey: 1. Obergeschoss; Top Elevation: 5.1; Bottom Elevation: 3; Global Top Elevation: 5.1; Global Bottom Elevation: 3; Has Own Geometry: 1; Children Have Geometry: 0; Global X: 25.8; Global Y: 9.085; Global Z: 3; Bounding Box Length: 1; Bounding Box Width: 0.0999999999999996; Bounding Box Height: 2.1; Layer: Innenwände
0vTIWG60z84eKitb_eWAIR,Tür-002,. IsExternal: 0; ThermalTransmittance: 1.4; Project: Projekt Buerogebaeude; Building: Buerogebaeude; Storey: 1. Obergeschoss; Top Elevation: 5.1; Bottom Elevation: 3; Global Top Elevation: 5.1; Global Bottom Elevation: 3; Has Own Geometry: 1; Children Have Geometry: 0; Global X: 0.399999999999999; Global Y: 6.815; Global Z: 3; Bounding Box Length: 1; Bounding Box Width: 0.100000000000001; Bounding Box Height: 2.1; Layer: Innenwände
3qz8vRMKXCHubRHdl$maGl,Tür-004,. IsExternal: 0; ThermalTransmittance: 1.4; Project: Projekt Buerogebaeude; Building: Buerogebaeude; Storey: 1. Obergeschoss; Top Elevation: 5.1; Bottom Elevation: 3; Global Top Elevation: 5.1; Global Bottom Elevation: 3; Has Own Geometry: 1; Children Have Geometry: 0; Global X: 6.2; Global Y: 6.815; Global Z: 3; Bounding Box Length: 1; Bounding Box Width: 0.100000000000001; Bounding Box Height: 2.1; Layer: Innenwände
08uaDJHLH3FAZ6Hg9FwzkG,Tür-005,. IsExternal: 0; ThermalTransmittance: 1.4; Project: Projekt Buerogebaeude; Building: Buerogebaeude; Storey: 1. Obergeschoss; Top Elevation: 5.1; Bottom Elevation: 3; Global Top Elevation: 5.1; Global Bottom Elevation: 3; Has Own Geometry: 1; Children Have Geometry: 0; Global X: 12.2; Global Y: 6.815; Global Z: 3; Bounding Box Length: 1; Bounding Box Width: 0.100000000000001; Bounding Box Height: 2.1; Layer: Innenwände
0aFvTq1m96zgWbjq4TXV_5,Tür-005,. IsExternal: 0; ThermalTransmittance: 1.4; Project: Projekt Buerogebaeude; Building: Buerogebaeude; Storey: 1. Obergeschoss; Top Elevation: 5.1; Bottom Elevation: 3; Global Top Elevation: 5.1; Global Bottom Elevation: 3; Has Own Geometry: 1; Children Have Geometry: 0; Global X: 21; Global Y: 6.815; Global Z: 3; Bounding Box Length: 1; Bounding Box Width: 0.100000000000001; Bounding Box Height: 2.1; Layer: Innenwände
1d9QvK4Qv1Iem3fiUhniQB,Tür-005,. IsExternal: 0; ThermalTransmittance: 1.4; Project: Projekt Buerogebaeude; Building: Buerogebaeude; Storey: 1. Obergeschoss; Top Elevation: 5.1; Bottom Elevation: 3; Global Top Elevation: 5.1; Global Bottom Elevation: 3; Has Own Geometry: 1; Children Have Geometry: 0; Global X: 27.2; Global Y: 6.815; Global Z: 3; Bounding Box Length: 1; Bounding Box Width: 0.100000000000001; Bounding Box Height: 2.1; Layer: Innenwände
1BWbpTElb4dAcW2J6oyRrZ,Tür-005,. IsExternal: 0; ThermalTransmittance: 1.4; Project: Projekt Buerogebaeude; Building: Buerogebaeude; Storey: 1. Obergeschoss; Top Elevation: 5.1; Bottom Elevation: 3; Global Top Elevation: 5.1; Global Bottom Elevation: 3; Has Own Geometry: 1; Children Have Geometry: 0; Global X: 36.1; Global Y: 6.815; Global Z: 3; Bounding Box Length: 1; Bounding Box Width: 0.100000000000001; Bounding Box Height: 2.1; Layer: Innenwände
1gw9pvArXFYfZkbYdrwJwh,Tür-005,. IsExternal: 0; ThermalTransmittance: 1.4; Project: Projekt Buerogebaeude; Building: Buerogebaeude; Storey: 1. Obergeschoss; Top Elevation: 5.1; Bottom Elevation: 3; Global Top Elevation: 5.1; Global Bottom Elevation: 3; Has Own Geometry: 1; Children Have Geometry: 0; Global X: 25.8; Global Y: 6.815; Global Z: 3; Bounding Box Length: 1; Bounding Box Width: 0.100000000000001; Bounding Box Height: 2.1; Layer: Innenwände
0JdG5rMQr10RkgztM3HqwA,Tür-019,. IsExternal: 0; ThermalTransmittance: 1.4; Project: Projekt Buerogebaeude; Building: Buerogebaeude; Storey: 1. Obergeschoss; Top Elevation: 5.1; Bottom Elevation: 3; Global Top Elevation: 5.1; Global Bottom Elevation: 3; Has Own Geometry: 1; Children Have Geometry: 0; Global X: 32.885; Global Y: 4.7; Global Z: 3; Bounding Box Length: 0.100000000000001; Bounding Box Width: 1; Bounding Box Height: 2.1; Layer: Innenwände
1p4YfqvYLCyfRRiNruiahD,Tür-017,. IsExternal: 0; ThermalTransmittance: 1.4; Project: Projekt Buerogebaeude; Building: Buerogebaeude; Storey: 1. Obergeschoss; Top Elevation: 5.1; Bottom Elevation: 3; Global Top Elevation: 5.1; Global Bottom Elevation: 3; Has Own Geometry: 1; Children Have Geometry: 0; Global X: 18.115; Global Y: 7.09960014; Global Z: 3; Bounding Box Length: 0.100000000000005; Bounding Box Width: 1.8; Bounding Box Height: 2.1; Layer: Außenwände
1MlsdMSb17ygNfEs7N22qC,Tür-018,. IsExternal: 0; ThermalTransmittance: 1.4; Project: Projekt Buerogebaeude; Building: Buerogebaeude; Storey: 1. Obergeschoss; Top Elevation: 5.1; Bottom Elevation: 3; Global Top Elevation: 5.1; Global Bottom Elevation: 3; Has Own Geometry: 1; Children Have Geometry: 0; Global X: 23.785; Global Y: 7.1; Global Z: 3; Bounding Box Length: 0.100000000000005; Bounding Box Width: 1.8; Bounding Box Height: 2.1; Layer: Außenwände
3Zb0LaH4z9HPmaVjAzVngL,Treppe-1-OG,. FireExit: 1; HandicapAccessible: 0; IsExternal: 0; Project: Projekt Buerogebaeude; Building: Buerogebaeude; Storey: 1. Obergeschoss; Top Elevation: 6.8999; Bottom Elevation: 2.70564719; Global Top Elevation: 6.8999; Global Bottom Elevation: 2.70564719; Has Own Geometry: 1; Children Have Geometry: 0; Global X: 18.3; Global Y: 11.7; Global Z: 2.70564719; Bounding Box Length: 5.4; Bounding Box Width: 4; Bounding Box Height: 4.19425281; Layer: Treppen
2enhYSVeP8Ke64amBbDPeL,Gelaender-2-1,. Height: 0.8; IsExternal: 0; Project: Projekt Buerogebaeude; Building: Buerogebaeude; Storey: 1. Obergeschoss; Top Elevation: 3.9; Bottom Elevation: 3.1; Global Top Elevation: 3.9; Global Bottom Elevation: 3.1; Has Own Geometry: 1; Children Have Geometry: 0; Global X: 19.8425; Global Y: 11.675; Global Z: 3.1; Bounding Box Length: 0.0150000000000006; Bounding Box Width: 2.45; Bounding Box Height: 0.8; Layer: Einrichtung
01e2zHdgn5GRyyfNksJ$8a,Gelaender-2-2,. Height: 0.8; IsExternal: 0; Project: Projekt Buerogebaeude; Building: Buerogebaeude; Storey: 1. Obergeschoss; Top Elevation: 3.9; Bottom Elevation: 3.1; Global Top Elevation: 3.9; Global Bottom Elevation: 3.1; Has Own Geometry: 1; Children Have Geometry: 0; Global X: 22.1425; Global Y: 11.675; Global Z: 3.1; Bounding Box Length: 0.0150000000000006; Bounding Box Width: 2.45; Bounding Box Height: 0.8; Layer: Einrichtung
1DzsOFtvv7WQtyhwR4rtky,Gelaender-2-3,. Height: 0.8; IsExternal: 0; Project: Projekt Buerogebaeude; Building: Buerogebaeude; Storey: 1. Obergeschoss; Top Elevation: 3.9; Bottom Elevation: 3.1; Global Top Elevation: 3.9; Global Bottom Elevation: 3.1; Has Own Geometry: 1; Children Have Geometry: 0; Global X: 19.8575; Global Y: 14.125; Global Z: 3.1; Bounding Box Length: 2.285; Bounding Box Width: 0.0150000000000006; Bounding Box Height: 0.8; Layer: Einrichtung
2Og5$70yb1DxR1TY1w8bzN,Decke-001,. GrossArea: 544; GrossVolume: 163.2; NetArea: 544; NetVolume: 163.2; Perimeter: 120; Width: 0.3; IsExternal: 1; LoadBearing: 1; ThermalTransmittance: 0.3; Project: Projekt Buerogebaeude; Building: Buerogebaeude; Storey: 1. Obergeschoss; Top Elevation: 3; Bottom Elevation: 2.7; Global Top Elevation: 3; Global Bottom Elevation: 2.7; Has Own Geometry: 1; Children Have Geometry: 1; Global X: 0; Global Y: -2; Global Z: 2.7; Bounding Box Length: 42; Bounding Box Width: 18; Bounding Box Height: 0.3; Layer: Decken
0o1wUPBHr409vXZs2WYNa2,,. Project: Projekt Buerogebaeude; Building: Buerogebaeude; Storey: 1. Obergeschoss; Top Elevation: 3; Bottom Elevation: 2.7; Global Top Elevation: 3; Global Bottom Elevation: 2.7; Has Own Geometry: 1; Children Have Geometry: 0; Global X: 18.3; Global Y: 11.7; Global Z: 2.7; Bounding Box Length: 5.4; Bounding Box Width: 4; Bounding Box Height: 0.3
2jPM2TdfL2YwV9Xy7Hoahp,,. Project: Projekt Buerogebaeude; Building: Buerogebaeude; Storey: 1. Obergeschoss; Top Elevation: 3; Bottom Elevation: 3; Global Top Elevation: 3; Global Bottom Elevation: 3; Has Own Geometry: 0; Children Have Geometry: 0; Global X: -4; Global Y: 0; Global Z: 3; Bounding Box Length: 50; Bounding Box Width: 0; Bounding Box Height: 0
0Px3DDIfvCeQbzU$gZAhwD,,. Project: Projekt Buerogebaeude; Building: Buerogebaeude; Storey: 1. Obergeschoss; Top Elevation: 3; Bottom Elevation: 3; Global Top Elevation: 3; Global Bottom Elevation: 3; Has Own Geometry: 0; Children Have Geometry: 0; Global X: -4; Global Y: 2; Global Z: 3; Bounding Box Length: 50; Bounding Box Width: 0; Bounding Box Height: 0
1KtBjk7J56NgEComzra8je,,. Project: Projekt Buerogebaeude; Building: Buerogebaeude; Storey: 1. Obergeschoss; Top Elevation: 3; Bottom Elevation: 3; Global Top Elevation: 3; Global Bottom Elevation: 3; Has Own Geometry: 0; Children Have Geometry: 0; Global X: -4; Global Y: 7; Global Z: 3; Bounding Box Length: 50; Bounding Box Width: 0; Bounding Box Height: 0
1$sMuSW0jEGQvVNt6KBM$t,,. Project: Projekt Buerogebaeude; Building: Buerogebaeude; Storey: 1. Obergeschoss; Top Elevation: 3; Bottom Elevation: 3; Global Top Elevation: 3; Global Bottom Elevation: 3; Has Own Geometry: 0; Children Have Geometry: 0; Global X: -4; Global Y: 9; Global Z: 3; Bounding Box Length: 50; Bounding Box Width: 0; Bounding Box Height: 0
3pkvOZfVL2R8YV3bv8VUKv,,. Project: Projekt Buerogebaeude; Building: Buerogebaeude; Storey: 1. Obergeschoss; Top Elevation: 3; Bottom Elevation: 3; Global Top Elevation: 3; Global Bottom Elevation: 3; Has Own Geometry: 0; Children Have Geometry: 0; Global X: -4; Global Y: 14; Global Z: 3; Bounding Box Length: 50; Bounding Box Width: 0; Bounding Box Height: 0
0OPQzurVHETxURnRudgt6f,,. Project: Projekt Buerogebaeude; Building: Buerogebaeude; Storey: 1. Obergeschoss; Top Elevation: 3; Bottom Elevation: 3; Global Top Elevation: 3; Global Bottom Elevation: 3; Has Own Geometry: 0; Children Have Geometry: 0; Global X: -4; Global Y: 16; Global Z: 3; Bounding Box Length: 50; Bounding Box Width: 0; Bounding Box Height: 0
29rRFODL5A8feYHzsljGyP,,. Project: Projekt Buerogebaeude; Building: Buerogebaeude; Storey: 1. Obergeschoss; Top Elevation: 3; Bottom Elevation: 3; Global Top Elevation: 3; Global Bottom Elevation: 3; Has Own Geometry: 0; Children Have Geometry: 0; Global X: 0; Global Y: -4; Global Z: 3; Bounding Box Length: 0; Bounding Box Width: 24; Bounding Box Height: 0
17NHHFvV5By8zraoNp09xR,,. Project: Projekt Buerogebaeude; Building: Buerogebaeude; Storey: 1. Obergeschoss; Top Elevation: 3; Bottom Elevation: 3; Global Top Elevation: 3; Global Bottom Elevation: 3; Has Own Geometry: 0; Children Have Geometry: 0; Global X: 3; Global Y: -4; Global Z: 3; Bounding Box Length: 0; Bounding Box Width: 24; Bounding Box Height: 0
0YEwLBBVPCKBhQMsusHGnn,,. Project: Projekt Buerogebaeude; Building: Buerogebaeude; Storey: 1. Obergeschoss; Top Elevation: 3; Bottom Elevation: 3; Global Top Elevation: 3; Global Bottom Elevation: 3; Has Own Geometry: 0; Children Have Geometry: 0; Global X: 6; Global Y: -4; Global Z: 3; Bounding Box Length: 0; Bounding Box Width: 24; Bounding Box Height: 0
0seWDMHHHB3QwBT1TH4_uD,,. Project: Projekt Buerogebaeude; Building: Buerogebaeude; Storey: 1. Obergeschoss; Top Elevation: 3; Bottom Elevation: 3; Global Top Elevation: 3; Global Bottom Elevation: 3; Has Own Geometry: 0; Children Have Geometry: 0; Global X: 9; Global Y: -4; Global Z: 3; Bounding Box Length: 0; Bounding Box Width: 24; Bounding Box Height: 0
0ybmpvcLD00ufZTe4nG6aN,,. Project: Projekt Buerogebaeude; Building: Buerogebaeude; Storey: 1. Obergeschoss; Top Elevation: 3; Bottom Elevation: 3; Global Top Elevation: 3; Global Bottom Elevation: 3; Has Own Geometry: 0; Children Have Geometry: 0; Global X: 12; Global Y: -4; Global Z: 3; Bounding Box Length: 0; Bounding Box Width: 24; Bounding Box Height: 0
1Q_qIm0yn1UQxm4SjyRpZ$,,. Project: Projekt Buerogebaeude; Building: Buerogebaeude; Storey: 1. Obergeschoss; Top Elevation: 3; Bottom Elevation: 3; Global Top Elevation: 3; Global Bottom Elevation: 3; Has Own Geometry: 0; Children Have Geometry: 0; Global X: 15; Global Y: -4; Global Z: 3; Bounding Box Length: 0; Bounding Box Width: 24; Bounding Box Height: 0
38BWL1n0vF4QG_rt4iHE2U,,. Project: Projekt Buerogebaeude; Building: Buerogebaeude; Storey: 1. Obergeschoss; Top Elevation: 3; Bottom Elevation: 3; Global Top Elevation: 3; Global Bottom Elevation: 3; Has Own Geometry: 0; Children Have Geometry: 0; Global X: 18; Global Y: -4; Global Z: 3; Bounding Box Length: 0; Bounding Box Width: 24; Bounding Box Height: 0
04yOKYh_fAFAhjunXRbw8c,,. Project: Projekt Buerogebaeude; Building: Buerogebaeude; Storey: 1. Obergeschoss; Top Elevation: 3; Bottom Elevation: 3; Global Top Elevation: 3; Global Bottom Elevation: 3; Has Own Geometry: 0; Children Have Geometry: 0; Global X: 21; Global Y: -4; Global Z: 3; Bounding Box Length: 0; Bounding Box Width: 24; Bounding Box Height: 0
0nxeah6C54kgB2Dj56hxmD,,. Project: Projekt Buerogebaeude; Building: Buerogebaeude; Storey: 1. Obergeschoss; Top Elevation: 3; Bottom Elevation: 3; Global Top Elevation: 3; Global Bottom Elevation: 3; Has Own Geometry: 0; Children Have Geometry: 0; Global X: 24; Global Y: -4; Global Z: 3; Bounding Box Length: 0; Bounding Box Width: 24; Bounding Box Height: 0
2MwYuewKX8NfZE4o6SPg8b,,. Project: Projekt Buerogebaeude; Building: Buerogebaeude; Storey: 1. Obergeschoss; Top Elevation: 3; Bottom Elevation: 3; Global Top Elevation: 3; Global Bottom Elevation: 3; Has Own Geometry: 0; Children Have Geometry: 0; Global X: 27; Global Y: -4; Global Z: 3; Bounding Box Length: 0; Bounding Box Width: 24; Bounding Box Height: 0
0FvjIT$s94eBnR6IsWfDje,,. Project: Projekt Buerogebaeude; Building: Buerogebaeude; Storey: 1. Obergeschoss; Top Elevation: 3; Bottom Elevation: 3; Global Top Elevation: 3; Global Bottom Elevation: 3; Has Own Geometry: 0; Children Have Geometry: 0; Global X: 30; Global Y: -4; Global Z: 3; Bounding Box Length: 0; Bounding Box Width: 24; Bounding Box Height: 0
3pkaUP3CP4JwlMScv9eGIg,,. Project: Projekt Buerogebaeude; Building: Buerogebaeude; Storey: 1. Obergeschoss; Top Elevation: 3; Bottom Elevation: 3; Global Top Elevation: 3; Global Bottom Elevation: 3; Has Own Geometry: 0; Children Have Geometry: 0; Global X: 33; Global Y: -4; Global Z: 3; Bounding Box Length: 0; Bounding Box Width: 24; Bounding Box Height: 0
16$IU7$bH9svTF5v9$VRAK,,. Project: Projekt Buerogebaeude; Building: Buerogebaeude; Storey: 1. Obergeschoss; Top Elevation: 3; Bottom Elevation: 3; Global Top Elevation: 3; Global Bottom Elevation: 3; Has Own Geometry: 0; Children Have Geometry: 0; Global X: 36; Global Y: -4; Global Z: 3; Bounding Box Length: 0; Bounding Box Width: 24; Bounding Box Height: 0
1RtOuqxQL0VedCXAwywXJ7,,. Project: Projekt Buerogebaeude; Building: Buerogebaeude; Storey: 1. Obergeschoss; Top Elevation: 3; Bottom Elevation: 3; Global Top Elevation: 3; Global Bottom Elevation: 3; Has Own Geometry: 0; Children Have Geometry: 0; Global X: 39; Global Y: -4; Global Z: 3; Bounding Box Length: 0; Bounding Box Width: 24; Bounding Box Height: 0
3eR1AVcqj3aOfpo8o6NmSg,,. Project: Projekt Buerogebaeude; Building: Buerogebaeude; Storey: 1. Obergeschoss; Top Elevation: 3; Bottom Elevation: 3; Global Top Elevation: 3; Global Bottom Elevation: 3; Has Own Geometry: 0; Children Have Geometry: 0; Global X: 42; Global Y: -4; Global Z: 3; Bounding Box Length: 0; Bounding Box Width: 24; Bounding Box Height: 0
25CC32yK130ALlKsnej9JW,220,. GrossFloorArea: 35.4; GrossVolume: 95.58; GrossWallArea: 106.38; Height: 2.7; NetFloorArea: 35.4; NetVolume: 95.58; NetWallArea: 106.38; Perimeter: 39.4; Category: Flur; NaturalVentilation: 1; AirConditioning: 0; NaturalVentilation: 1; SpaceTemperatureMax: 15; SpaceTemperatureMin: 15; SpaceTemperatureSummer: 10; SpaceTemperatureSummerMax: 15; SpaceTemperatureSummerMin: 15; SpaceTemperatureWinter: 10; Project: Projekt Buerogebaeude; Building: Buerogebaeude; Storey: 1. Obergeschoss; Top Elevation: 5.7; Bottom Elevation: 3; Global Top Elevation: 5.7; Global Bottom Elevation: 3; Has Own Geometry: 1; Children Have Geometry: 0; Global X: 0.300000000000001; Global Y: 7; Global Z: 3; Bounding Box Length: 17.7; Bounding Box Width: 2; Bounding Box Height: 2.7; Zone: Flur; Zone: Raumtemperatur-15-Grad; Layer: Räume
37pP75EaP1axQNg3rWc_WT,214,. GrossFloorArea: 12.76; GrossVolume: 34.452; GrossWallArea: 39.42; Height: 2.7; NetFloorArea: 12.76; NetVolume: 34.452; NetWallArea: 39.42; Perimeter: 14.6; Category: WC; HandicapAccessible: 0; NaturalVentilation: 1; PubliclyAccessible: 1; AirConditioning: 0; NaturalVentilation: 1; SpaceTemperatureMax: 15; SpaceTemperatureMin: 15; SpaceTemperatureSummer: 15; SpaceTemperatureSummerMax: 15; SpaceTemperatureSummerMin: 15; SpaceTemperatureWinter: 15; Project: Projekt Buerogebaeude; Building: Buerogebaeude; Storey: 1. Obergeschoss; Top Elevation: 5.7; Bottom Elevation: 3; Global Top Elevation: 5.7; Global Bottom Elevation: 3; Has Own Geometry: 1; Children Have Geometry: 0; Global X: 15.1; Global Y: 9.3; Global Z: 3; Bounding Box Length: 2.9; Bounding Box Width: 4.4; Bounding Box Height: 2.7; Zone: WC; Zone: Raumtemperatur-15-Grad; Layer: Räume
0f6kjO4cnBngLgZgtaoBTE,213,. GrossFloorArea: 12.76; GrossVolume: 34.452; GrossWallArea: 39.42; Height: 2.7; NetFloorArea: 12.76; NetVolume: 34.452; NetWallArea: 39.42; Perimeter: 14.6; Category: WC; HandicapAccessible: 0; NaturalVentilation: 1; PubliclyAccessible: 1; AirConditioning: 0; NaturalVentilation: 1; SpaceTemperatureMax: 15; SpaceTemperatureMin: 15; SpaceTemperatureSummer: 15; SpaceTemperatureSummerMax: 15; SpaceTemperatureSummerMin: 15; SpaceTemperatureWinter: 15; SpaceTemperatureWinterMax: 15; SpaceTemperatureWinterMin: 15; Project: Projekt Buerogebaeude; Building: Buerogebaeude; Storey: 1. Obergeschoss; Top Elevation: 5.7; Bottom Elevation: 3; Global Top Elevation: 5.7; Global Bottom Elevation: 3; Has Own Geometry: 1; Children Have Geometry: 0; Global X: 24; Global Y: 9.3; Global Z: 3; Bounding Box Length: 2.9; Bounding Box Width: 4.4; Bounding Box Height: 2.7; Zone: WC; Zone: Raumtemperatur-15-Grad; Layer: Räume
3XJSZHVdLFTQTPYNfhA6a2,222,. GrossFloorArea: 35.4; GrossVolume: 95.58; GrossWallArea: 106.38; Height: 2.7; NetFloorArea: 35.4; NetVolume: 95.58; NetWallArea: 106.38; Perimeter: 39.4; Category: Flur; HandicapAccessible: 0; NaturalVentilation: 1; PubliclyAccessible: 1; AirConditioning: 0; SpaceTemperatureMax: 15; SpaceTemperatureMin: 15; SpaceTemperatureSummer: 10; SpaceTemperatureSummerMax: 15; SpaceTemperatureSummerMin: 15; SpaceTemperatureWinter: 10; Project: Projekt Buerogebaeude; Building: Buerogebaeude; Storey: 1. Obergeschoss; Top Elevation: 5.7; Bottom Elevation: 3; Global Top Elevation: 5.7; Global Bottom Elevation: 3; Has Own Geometry: 1; Children Have Geometry: 0; Global X: 24; Global Y: 7; Global Z: 3; Bounding Box Length: 17.7; Bounding Box Width: 2; Bounding Box Height: 2.7; Zone: Flur; Zone: Raumtemperatur-15-Grad; Layer: Räume
1AW8GAtUnEYB9XPWOUYKK5,211,. GrossFloorArea: 12.32; GrossVolume: 33.264; GrossWallArea: 38.88; Height: 2.7; NetFloorArea: 12.32; NetVolume: 33.264; NetWallArea: 38.88; Perimeter: 14.4; Category: Office; HandicapAccessible: 0; PubliclyAccessible: 0; AirConditioning: 0; NaturalVentilation: 1; SpaceTemperatureMax: 20; SpaceTemperatureMin: 20; SpaceTemperatureSummerMax: 20; SpaceTemperatureSummerMin: 20; Project: Projekt Buerogebaeude; Building: Buerogebaeude; Storey: 1. Obergeschoss; Top Elevation: 5.7; Bottom Elevation: 3; Global Top Elevation: 5.7; Global Bottom Elevation: 3; Has Own Geometry: 1; Children Have Geometry: 1; Global X: 30.1; Global Y: 9.3; Global Z: 3; Bounding Box Length: 2.8; Bounding Box Width: 4.4; Bounding Box Height: 2.7; Zone: Einzelzimmer; Zone: Gruppe II; Zone: Raumtemperatur-20-Grad; Layer: Räume
1T1LBp0uL5Nu7AUgOR0Fag,Stuhl,. Project: Projekt Buerogebaeude; Building: Buerogebaeude; Storey: 1. Obergeschoss; Top Elevation: 3.5; Bottom Elevation: 3; Global Top Elevation: 3.5; Global Bottom Elevation: 3; Has Own Geometry: 1; Children Have Geometry: 0; Global X: 31.697204; Global Y: 12.005768; Global Z: 3; Bounding Box Length: 0.300000000000001; Bounding Box Width: 0.300000000000001; Bounding Box Height: 0.5; Layer: Einrichtung
1zknH7zvP9hxs5fxl0m$NM,Schreibtisch,. Project: Projekt Buerogebaeude; Building: Buerogebaeude; Storey: 1. Obergeschoss; Top Elevation: 3.8; Bottom Elevation: 3; Global Top Elevation: 3.8; Global Bottom Elevation: 3; Has Own Geometry: 1; Children Have Geometry: 0; Global X: 32.1; Global Y: 11.43029; Global Z: 3; Bounding Box Length: 0.800000000000004; Bounding Box Width: 1.6; Bounding Box Height: 0.8; Layer: Einrichtung
0uPiF9LkPAqeB8f54Uy3_C,221,. GrossFloorArea: 46.98; GrossVolume: 126.846; GrossWallArea: 76.14; Height: 2.7; NetFloorArea: 46.98; NetVolume: 126.846; NetWallArea: 76.14; Perimeter: 28.2; Category: Flur; HandicapAccessible: 0; NaturalVentilation: 1; PubliclyAccessible: 1; AirConditioning: 0; NaturalVentilation: 0; SpaceTemperatureMax: 15; SpaceTemperatureMin: 15; SpaceTemperatureSummer: 10; SpaceTemperatureSummerMax: 15; SpaceTemperatureSummerMin: 15; SpaceTemperatureWinter: 10; Project: Projekt Buerogebaeude; Building: Buerogebaeude; Storey: 1. Obergeschoss; Top Elevation: 5.7; Bottom Elevation: 3; Global Top Elevation: 5.7; Global Bottom Elevation: 3; Has Own Geometry: 1; Children Have Geometry: 0; Global X: 18.3; Global Y: 7; Global Z: 3; Bounding Box Length: 5.4; Bounding Box Width: 8.7; Bounding Box Height: 2.7; Zone: Flur; Zone: Raumtemperatur-15-Grad; Layer: Räume
24vVAUYDH2SetutQQsZBMv,207,. GrossFloorArea: 37.84; GrossVolume: 102.168; GrossWallArea: 70.2; Height: 2.7; NetFloorArea: 37.84; NetVolume: 102.168; NetWallArea: 70.2; Perimeter: 26; Category: Office; HandicapAccessible: 0; PubliclyAccessible: 0; AirConditioning: 0; NaturalVentilation: 1; SpaceTemperatureMax: 20; SpaceTemperatureMin: 20; SpaceTemperatureSummerMax: 20; SpaceTemperatureSummerMin: 20; Project: Projekt Buerogebaeude; Building: Buerogebaeude; Storey: 1. Obergeschoss; Top Elevation: 5.7; Bottom Elevation: 3; Global Top Elevation: 5.7; Global Bottom Elevation: 3; Has Own Geometry: 1; Children Have Geometry: 1; Global X: 33.1; Global Y: 2.3; Global Z: 3; Bounding Box Length: 8.6; Bounding Box Width: 4.4; Bounding Box Height: 2.7; Zone: Raumtemperatur-20-Grad; Layer: Räume
2W4u8ksTjDWgY$_q7S_hDw,Stuhl,. Project: Projekt Buerogebaeude; Building: Buerogebaeude; Storey: 1. Obergeschoss; Top Elevation: 3.5; Bottom Elevation: 3; Global Top Elevation: 3.5; Global Bottom Elevation: 3; Has Own Geometry: 1; Children Have Geometry: 0; Global X: 34.589578; Global Y: 4.2018157; Global Z: 3; Bounding Box Length: 0.299999999999997; Bounding Box Width: 0.3; Bounding Box Height: 0.5; Layer: Einrichtung
2xQk5kDfXAPuhPwfXZ$rgr,Stuhl,. Project: Projekt Buerogebaeude; Building: Buerogebaeude; Storey: 1. Obergeschoss; Top Elevation: 3.5; Bottom Elevation: 3; Global Top Elevation: 3.5; Global Bottom Elevation: 3; Has Own Geometry: 1; Children Have Geometry: 0; Global X: 35.517321; Global Y: 4.1836247; Global Z: 3; Bounding Box Length: 0.300000000000004; Bounding Box Width: 0.3; Bounding Box Height: 0.5; Layer: Einrichtung
3eUvS6q0P14OC1IuUt0pvP,Stuhl,. Project: Projekt Buerogebaeude; Building: Buerogebaeude; Storey: 1. Obergeschoss; Top Elevation: 3.5; Bottom Elevation: 3; Global Top Elevation: 3.5; Global Bottom Elevation: 3; Has Own Geometry: 1; Children Have Geometry: 0; Global X: 34.607769; Global Y: 3.0012076; Global Z: 3; Bounding Box Length: 0.300000000000004; Bounding Box Width: 0.3; Bounding Box Height: 0.5; Layer: Einrichtung
0f4DwHFrj33es5$Uo7ry7l,Stuhl,. Project: Projekt Buerogebaeude; Building: Buerogebaeude; Storey: 1. Obergeschoss; Top Elevation: 3.5; Bottom Elevation: 3; Global Top Elevation: 3.5; Global Bottom Elevation: 3; Has Own Geometry: 1; Children Have Geometry: 0; Global X: 35.462748; Global Y: 3.0193986; Global Z: 3; Bounding Box Length: 0.300000000000004; Bounding Box Width: 0.3; Bounding Box Height: 0.5; Layer: Einrichtung
1NXpkcMSL7LwDALwcFkxMv,Stuhl,. Project: Projekt Buerogebaeude; Building: Buerogebaeude; Storey: 1. Obergeschoss; Top Elevation: 3.5; Bottom Elevation: 3; Global Top Elevation: 3.5; Global Bottom Elevation: 3; Has Own Geometry: 1; Children Have Geometry: 0; Global X: 39.082763; Global Y: 4.0017143; Global Z: 3; Bounding Box Length: 0.299999999999997; Bounding Box Width: 0.3; Bounding Box Height: 0.5; Layer: Einrichtung
2ESvsFh7v5BhidcSw$NlVS,Schreibtisch,. MainColor: weiss; Project: Projekt Buerogebaeude; Building: Buerogebaeude; Storey: 1. Obergeschoss; Top Elevation: 3.8; Bottom Elevation: 3; Global Top Elevation: 3.8; Global Bottom Elevation: 3; Has Own Geometry: 1; Children Have Geometry: 0; Global X: 38.2; Global Y: 3.3745819; Global Z: 3; Bounding Box Length: 0.799999999999997; Bounding Box Width: 1.6; Bounding Box Height: 0.8; Layer: Einrichtung
3TT6371QXFwBiALT2JVdDR,Schreibtisch,. MainColor: weiss; Project: Projekt Buerogebaeude; Building: Buerogebaeude; Storey: 1. Obergeschoss; Top Elevation: 3.8; Bottom Elevation: 3; Global Top Elevation: 3.8; Global Bottom Elevation: 3; Has Own Geometry: 1; Children Have Geometry: 0; Global X: 34.418554; Global Y: 3.3441502; Global Z: 3; Bounding Box Length: 1.6; Bounding Box Width: 0.8; Bounding Box Height: 0.8; Layer: Einrichtung
2goaA6RR92B9xducYbaQVU,206,. GrossFloorArea: 25.52; GrossVolume: 68.904; GrossWallArea: 55.08; Height: 2.7; NetFloorArea: 25.52; NetVolume: 68.904; NetWallArea: 55.08; Perimeter: 20.4; Category: Office; HandicapAccessible: 0; PubliclyAccessible: 0; AirConditioning: 0; NaturalVentilation: 1; SpaceTemperatureMax: 20; SpaceTemperatureMin: 20; SpaceTemperatureSummerMax: 20; SpaceTemperatureSummerMin: 20; Project: Projekt Buerogebaeude; Building: Buerogebaeude; Storey: 1. Obergeschoss; Top Elevation: 5.7; Bottom Elevation: 3; Global Top Elevation: 5.7; Global Bottom Elevation: 3; Has Own Geometry: 1; Children Have Geometry: 1; Global X: 27.1; Global Y: 2.3; Global Z: 3; Bounding Box Length: 5.8; Bounding Box Width: 4.4; Bounding Box Height: 2.7; Zone: Raumtemperatur-20-Grad; Layer: Räume
1t1oVJnh17iuvuQ5uyeLr_,Stuhl,. Project: Projekt Buerogebaeude; Building: Buerogebaeude; Storey: 1. Obergeschoss; Top Elevation: 3.5; Bottom Elevation: 3; Global Top Elevation: 3.5; Global Bottom Elevation: 3; Has Own Geometry: 1; Children Have Geometry: 0; Global X: 30.071465; Global Y: 4.0362436; Global Z: 3; Bounding Box Length: 0.300000000000001; Bounding Box Width: 0.3; Bounding Box Height: 0.5; Layer: Einrichtung
2kvkyANgn6yeU1mKrsLn55,Schreibtisch,. MainColor: braun; Project: Projekt Buerogebaeude; Building: Buerogebaeude; Storey: 1. Obergeschoss; Top Elevation: 3.8; Bottom Elevation: 3; Global Top Elevation: 3.8; Global Bottom Elevation: 3; Has Own Geometry: 1; Children Have Geometry: 0; Global X: 29.2; Global Y: 3.3745819; Global Z: 3; Bounding Box Length: 0.800000000000001; Bounding Box Width: 1.6; Bounding Box Height: 0.8; Layer: Einrichtung
0i4GPkF$j1$P1_N4yoKfHm,210,. GrossFloorArea: 12.32; GrossVolume: 33.264; GrossWallArea: 38.88; Height: 2.7; NetFloorArea: 12.32; NetVolume: 33.264; NetWallArea: 38.88; Perimeter: 14.4; Category: Office; HandicapAccessible: 0; PubliclyAccessible: 0; AirConditioning: 0; NaturalVentilation: 1; SpaceTemperatureMax: 20; SpaceTemperatureMin: 20; SpaceTemperatureSummerMax: 20; SpaceTemperatureSummerMin: 20; Project: Projekt Buerogebaeude; Building: Buerogebaeude; Storey: 1. Obergeschoss; Top Elevation: 5.7; Bottom Elevation: 3; Global Top Elevation: 5.7; Global Bottom Elevation: 3; Has Own Geometry: 1; Children Have Geometry: 1; Global X: 33.1; Global Y: 9.3; Global Z: 3; Bounding Box Length: 2.8; Bounding Box Width: 4.4; Bounding Box Height: 2.7; Zone: Einzelzimmer; Zone: Gruppe II; Zone: Raumtemperatur-20-Grad; Layer: Räume
0GqFi1HeT6feINbnmmHPMN,Stuhl,. Project: Projekt Buerogebaeude; Building: Buerogebaeude; Storey: 1. Obergeschoss; Top Elevation: 3.5; Bottom Elevation: 3; Global Top Elevation: 3.5; Global Bottom Elevation: 3; Has Own Geometry: 1; Children Have Geometry: 0; Global X: 34.677318; Global Y: 12.016522; Global Z: 3; Bounding Box Length: 0.299999999999997; Bounding Box Width: 0.299999999999999; Bounding Box Height: 0.5; Layer: Einrichtung
1Mr2sTBdr1xvpLwkrwJazC,Schreibtisch,. Project: Projekt Buerogebaeude; Building: Buerogebaeude; Storey: 1. Obergeschoss; Top Elevation: 3.8; Bottom Elevation: 3; Global Top Elevation: 3.8; Global Bottom Elevation: 3; Has Own Geometry: 1; Children Have Geometry: 0; Global X: 35.1; Global Y: 11.265076; Global Z: 3; Bounding Box Length: 0.800000000000004; Bounding Box Width: 1.6; Bounding Box Height: 0.8; Layer: Einrichtung
2Yd3UbuHLF0P7Q5pq$wqrF,219,. GrossFloorArea: 11.44; GrossVolume: 30.888; GrossWallArea: 37.8; Height: 2.7; NetFloorArea: 11.44; NetVolume: 30.888; NetWallArea: 37.8; Perimeter: 14; Category: Office; HandicapAccessible: 0; PubliclyAccessible: 0; AirConditioning: 0; NaturalVentilation: 1; SpaceTemperatureMax: 20; SpaceTemperatureMin: 20; SpaceTemperatureSummerMax: 20; SpaceTemperatureSummerMin: 20; Project: Projekt Buerogebaeude; Building: Buerogebaeude; Storey: 1. Obergeschoss; Top Elevation: 5.7; Bottom Elevation: 3; Global Top Elevation: 5.7; Global Bottom Elevation: 3; Has Own Geometry: 1; Children Have Geometry: 1; Global X: 0.300000000000001; Global Y: 9.3; Global Z: 3; Bounding Box Length: 2.6; Bounding Box Width: 4.4; Bounding Box Height: 2.7; Zone: Einzelzimmer; Zone: Gruppe III; Zone: Raumtemperatur-20-Grad; Layer: Räume
2uNgF909j7tPKKB$Pnk58y,Stuhl,. Project: Projekt Buerogebaeude; Building: Buerogebaeude; Storey: 1. Obergeschoss; Top Elevation: 3.5; Bottom Elevation: 3; Global Top Elevation: 3.5; Global Bottom Elevation: 3; Has Own Geometry: 1; Children Have Geometry: 0; Global X: 1.7406962; Global Y: 12.556205; Global Z: 3; Bounding Box Length: 0.300000000000001; Bounding Box Width: 0.299999999999999; Bounding Box Height: 0.5; Layer: Einrichtung
1W7MHVAMr68wA_RXr2l$FR,Schreibtisch,. MainColor: weiss; Project: Projekt Buerogebaeude; Building: Buerogebaeude; Storey: 1. Obergeschoss; Top Elevation: 3.8; Bottom Elevation: 3; Global Top Elevation: 3.8; Global Bottom Elevation: 3; Has Own Geometry: 1; Children Have Geometry: 0; Global X: 2.1; Global Y: 11.700175; Global Z: 3; Bounding Box Length: 0.800000000000001; Bounding Box Width: 1.6; Bounding Box Height: 0.8; Layer: Einrichtung
1GtYUXG753_h6i4vKAf46v,218,. GrossFloorArea: 12.32; GrossVolume: 33.264; GrossWallArea: 38.88; Height: 2.7; NetFloorArea: 12.32; NetVolume: 33.264; NetWallArea: 38.88; Perimeter: 14.4; Category: Office; HandicapAccessible: 0; PubliclyAccessible: 0; AirConditioning: 0; NaturalVentilation: 1; SpaceTemperatureMax: 20; SpaceTemperatureMin: 20; SpaceTemperatureSummerMax: 20; SpaceTemperatureSummerMin: 20; Project: Projekt Buerogebaeude; Building: Buerogebaeude; Storey: 1. Obergeschoss; Top Elevation: 5.7; Bottom Elevation: 3; Global Top Elevation: 5.7; Global Bottom Elevation: 3; Has Own Geometry: 1; Children Have Geometry: 1; Global X: 3.1; Global Y: 9.3; Global Z: 3; Bounding Box Length: 2.8; Bounding Box Width: 4.4; Bounding Box Height: 2.7; Zone: Einzelzimmer; Zone: Gruppe III; Zone: Raumtemperatur-20-Grad; Layer: Räume
2VbQuFbEn3h87DbM2PUuUY,Stuhl,. Project: Projekt Buerogebaeude; Building: Buerogebaeude; Storey: 1. Obergeschoss; Top Elevation: 3.5; Bottom Elevation: 3; Global Top Elevation: 3.5; Global Bottom Elevation: 3; Has Own Geometry: 1; Children Have Geometry: 0; Global X: 4.0016162; Global Y: 11.69399; Global Z: 3; Bounding Box Length: 0.300000000000001; Bounding Box Width: 0.300000000000001; Bounding Box Height: 0.5; Layer: Einrichtung
2Qnyjx3Hr9MANpUnArlvkh,Schreibtisch,. MainColor: weiss; Project: Projekt Buerogebaeude; Building: Buerogebaeude; Storey: 1. Obergeschoss; Top Elevation: 3.8; Bottom Elevation: 3; Global Top Elevation: 3.8; Global Bottom Elevation: 3; Has Own Geometry: 1; Children Have Geometry: 0; Global X: 3.1; Global Y: 10.933762; Global Z: 3; Bounding Box Length: 0.800000000000001; Bounding Box Width: 1.6; Bounding Box Height: 0.8; Layer: Einrichtung
0VWZeARNT8IAUcPL5OoYiA,217,. GrossFloorArea: 12.32; GrossVolume: 33.264; GrossWallArea: 38.88; Height: 2.7; NetFloorArea: 12.32; NetVolume: 33.264; NetWallArea: 38.88; Perimeter: 14.4; Category: Office; HandicapAccessible: 0; PubliclyAccessible: 0; AirConditioning: 0; NaturalVentilation: 1; SpaceTemperatureMax: 20; SpaceTemperatureMin: 20; SpaceTemperatureSummerMax: 20; SpaceTemperatureSummerMin: 20; Project: Projekt Buerogebaeude; Building: Buerogebaeude; Storey: 1. Obergeschoss; Top Elevation: 5.7; Bottom Elevation: 3; Global Top Elevation: 5.7; Global Bottom Elevation: 3; Has Own Geometry: 1; Children Have Geometry: 1; Global X: 6.1; Global Y: 9.3; Global Z: 3; Bounding Box Length: 2.8; Bounding Box Width: 4.4; Bounding Box Height: 2.7; Zone: Einzelzimmer; Zone: Gruppe III; Zone: Raumtemperatur-20-Grad; Layer: Räume
3$z_JpuOL3SPOR9jTaKp6h,Stuhl,. Project: Projekt Buerogebaeude; Building: Buerogebaeude; Storey: 1. Obergeschoss; Top Elevation: 3.5; Bottom Elevation: 3; Global Top Elevation: 3.5; Global Bottom Elevation: 3; Has Own Geometry: 1; Children Have Geometry: 0; Global X: 6.9874356; Global Y: 12.013329; Global Z: 3; Bounding Box Length: 0.300000000000001; Bounding Box Width: 0.299999999999999; Bounding Box Height: 0.5; Layer: Einrichtung
1tzQtGg6DBJOHJ8$0$tVUx,Schreibtisch,. MainColor: weiss; Project: Projekt Buerogebaeude; Building: Buerogebaeude; Storey: 1. Obergeschoss; Top Elevation: 3.8; Bottom Elevation: 3; Global Top Elevation: 3.8; Global Bottom Elevation: 3; Has Own Geometry: 1; Children Have Geometry: 0; Global X: 6.1; Global Y: 11.412882; Global Z: 3; Bounding Box Length: 0.800000000000001; Bounding Box Width: 1.6; Bounding Box Height: 0.8; Layer: Einrichtung
3kV3mGMIX3BvUw5dL_lJVg,215,. GrossFloorArea: 12.32; GrossVolume: 33.264; GrossWallArea: 38.88; Height: 2.7; NetFloorArea: 12.32; NetVolume: 33.264; NetWallArea: 38.88; Perimeter: 14.4; Category: Office; HandicapAccessible: 0; PubliclyAccessible: 0; AirConditioning: 0; NaturalVentilation: 1; SpaceTemperatureMax: 20; SpaceTemperatureMin: 20; SpaceTemperatureSummerMax: 20; SpaceTemperatureSummerMin: 20; Project: Projekt Buerogebaeude; Building: Buerogebaeude; Storey: 1. Obergeschoss; Top Elevation: 5.7; Bottom Elevation: 3; Global Top Elevation: 5.7; Global Bottom Elevation: 3; Has Own Geometry: 1; Children Have Geometry: 1; Global X: 12.1; Global Y: 9.3; Global Z: 3; Bounding Box Length: 2.8; Bounding Box Width: 4.4; Bounding Box Height: 2.7; Zone: Einzelzimmer; Zone: Gruppe III; Zone: Raumtemperatur-20-Grad; Layer: Räume
26SkGOcmP0WOaNvJq6qTX7,Stuhl,. Project: Projekt Buerogebaeude; Building: Buerogebaeude; Storey: 1. Obergeschoss; Top Elevation: 3.5; Bottom Elevation: 3; Global Top Elevation: 3.5; Global Bottom Elevation: 3; Has Own Geometry: 1; Children Have Geometry: 0; Global X: 12.945769; Global Y: 11.308122; Global Z: 3; Bounding Box Length: 0.299999999999999; Bounding Box Width: 0.299999999999999; Bounding Box Height: 0.5; Layer: Einrichtung
26eKyZ3PT1Shdb5Xv0LatX,Schreibtisch,. MainColor: weiss; Project: Projekt Buerogebaeude; Building: Buerogebaeude; Storey: 1. Obergeschoss; Top Elevation: 3.8; Bottom Elevation: 3; Global Top Elevation: 3.8; Global Bottom Elevation: 3; Has Own Geometry: 1; Children Have Geometry: 0; Global X: 12.1; Global Y: 10.819444; Global Z: 3; Bounding Box Length: 0.800000000000001; Bounding Box Width: 1.6; Bounding Box Height: 0.8; Layer: Einrichtung
1yZQvqj15Ab8eMXDuz85Dy,204,. GrossFloorArea: 25.52; GrossVolume: 68.904; GrossWallArea: 55.08; Height: 2.7; NetFloorArea: 25.52; NetVolume: 68.904; NetWallArea: 55.08; Perimeter: 20.4; Category: Office; HandicapAccessible: 0; PubliclyAccessible: 0; AirConditioning: 0; NaturalVentilation: 1; SpaceTemperatureMax: 20; SpaceTemperatureMin: 20; SpaceTemperatureSummerMax: 20; SpaceTemperatureSummerMin: 20; Project: Projekt Buerogebaeude; Building: Buerogebaeude; Storey: 1. Obergeschoss; Top Elevation: 5.7; Bottom Elevation: 3; Global Top Elevation: 5.7; Global Bottom Elevation: 3; Has Own Geometry: 1; Children Have Geometry: 1; Global X: 18.1; Global Y: 2.3; Global Z: 3; Bounding Box Length: 5.8; Bounding Box Width: 4.4; Bounding Box Height: 2.7; Zone: Gruppe II; Zone: Raumtemperatur-20-Grad; Layer: Räume
1RCVW73Oj2bu8iBqsndt0W,Stuhl,. Project: Projekt Buerogebaeude; Building: Buerogebaeude; Storey: 1. Obergeschoss; Top Elevation: 3.5; Bottom Elevation: 3; Global Top Elevation: 3.5; Global Bottom Elevation: 3; Has Own Geometry: 1; Children Have Geometry: 0; Global X: 19.821669; Global Y: 2.979229; Global Z: 3; Bounding Box Length: 0.300000000000001; Bounding Box Width: 0.3; Bounding Box Height: 0.5; Layer: Einrichtung
1GW5TEwET1CgdSDwJMg0Do,Schreibtisch,. MainColor: braun; Project: Projekt Buerogebaeude; Building: Buerogebaeude; Storey: 1. Obergeschoss; Top Elevation: 3.8; Bottom Elevation: 3; Global Top Elevation: 3.8; Global Bottom Elevation: 3; Has Own Geometry: 1; Children Have Geometry: 0; Global X: 20.2; Global Y: 2.3; Global Z: 3; Bounding Box Length: 0.800000000000001; Bounding Box Width: 1.6; Bounding Box Height: 0.8; Layer: Einrichtung
2SaahCH6j7CBDf8tBj2NwL,Schreibtisch,. MainColor: braun; Project: Projekt Buerogebaeude; Building: Buerogebaeude; Storey: 1. Obergeschoss; Top Elevation: 3.8; Bottom Elevation: 3; Global Top Elevation: 3.8; Global Bottom Elevation: 3; Has Own Geometry: 1; Children Have Geometry: 0; Global X: 20.2; Global Y: 3.9; Global Z: 3; Bounding Box Length: 1.6; Bounding Box Width: 0.8; Bounding Box Height: 0.8; Layer: Einrichtung
0uC7OD3$5F7v$zL3aaoEig,201,. GrossFloorArea: 24.64; GrossVolume: 66.528; GrossWallArea: 54; Height: 2.7; NetFloorArea: 24.64; NetVolume: 66.528; NetWallArea: 54; Perimeter: 20; Category: Office; HandicapAccessible: 0; PubliclyAccessible: 0; AirConditioning: 0; NaturalVentilation: 1; SpaceTemperatureMax: 20; SpaceTemperatureMin: 20; SpaceTemperatureSummerMax: 20; SpaceTemperatureSummerMin: 20; Project: Projekt Buerogebaeude; Building: Buerogebaeude; Storey: 1. Obergeschoss; Top Elevation: 5.7; Bottom Elevation: 3; Global Top Elevation: 5.7; Global Bottom Elevation: 3; Has Own Geometry: 1; Children Have Geometry: 1; Global X: 0.300000000000001; Global Y: 2.3; Global Z: 3; Bounding Box Length: 5.6; Bounding Box Width: 4.4; Bounding Box Height: 2.7; Zone: Gruppe III; Zone: Raumtemperatur-20-Grad; Layer: Räume
2coDnG5N19uA3pQ4oOPvmL,Stuhl,. Project: Projekt Buerogebaeude; Building: Buerogebaeude; Storey: 1. Obergeschoss; Top Elevation: 3.5; Bottom Elevation: 3; Global Top Elevation: 3.5; Global Bottom Elevation: 3; Has Own Geometry: 1; Children Have Geometry: 0; Global X: 1.8364979; Global Y: 3.5508458; Global Z: 3; Bounding Box Length: 0.300000000000001; Bounding Box Width: 0.3; Bounding Box Height: 0.5; Layer: Einrichtung
2qPW077NvDiutPe3Gn4S9E,Stuhl,. Project: Projekt Buerogebaeude; Building: Buerogebaeude; Storey: 1. Obergeschoss; Top Elevation: 3.5; Bottom Elevation: 3; Global Top Elevation: 3.5; Global Bottom Elevation: 3; Has Own Geometry: 1; Children Have Geometry: 0; Global X: 3.3864441; Global Y: 4.6342763; Global Z: 3; Bounding Box Length: 0.300000000000001; Bounding Box Width: 0.3; Bounding Box Height: 0.5; Layer: Einrichtung
3TN3HaTRD9tOSDpYD5ChE0,Stuhl,. Project: Projekt Buerogebaeude; Building: Buerogebaeude; Storey: 1. Obergeschoss; Top Elevation: 3.5; Bottom Elevation: 3; Global Top Elevation: 3.5; Global Bottom Elevation: 3; Has Own Geometry: 1; Children Have Geometry: 0; Global X: 3.9020166; Global Y: 3.1301476; Global Z: 3; Bounding Box Length: 0.300000000000001; Bounding Box Width: 0.3; Bounding Box Height: 0.5; Layer: Einrichtung
3AkI48O_PCCeuXSLwQg5Mp,Stuhl,. Project: Projekt Buerogebaeude; Building: Buerogebaeude; Storey: 1. Obergeschoss; Top Elevation: 3.5; Bottom Elevation: 3; Global Top Elevation: 3.5; Global Bottom Elevation: 3; Has Own Geometry: 1; Children Have Geometry: 0; Global X: 3.8883489; Global Y: 4.0458796; Global Z: 3; Bounding Box Length: 0.300000000000001; Bounding Box Width: 0.3; Bounding Box Height: 0.5; Layer: Einrichtung
11sAUYYe54ivK9a$vxLFoK,Schreibtisch,. MainColor: weiss; Project: Projekt Buerogebaeude; Building: Buerogebaeude; Storey: 1. Obergeschoss; Top Elevation: 3.8; Bottom Elevation: 3; Global Top Elevation: 3.8; Global Bottom Elevation: 3; Has Own Geometry: 1; Children Have Geometry: 0; Global X: 3; Global Y: 2.9535926; Global Z: 3; Bounding Box Length: 0.800000000000001; Bounding Box Width: 1.6; Bounding Box Height: 0.8; Layer: Einrichtung
3zBM1y5eP8WRpfQm18$R2O,Schreibtisch,. Project: Projekt Buerogebaeude; Building: Buerogebaeude; Storey: 1. Obergeschoss; Top Elevation: 3.8; Bottom Elevation: 3; Global Top Elevation: 3.8; Global Bottom Elevation: 3; Has Own Geometry: 1; Children Have Geometry: 0; Global X: 2.2; Global Y: 2.9535926; Global Z: 3; Bounding Box Length: 0.800000000000001; Bounding Box Width: 1.6; Bounding Box Height: 0.8; Layer: Einrichtung
2E2TaOnqD0chpbuH8tXCpW,208,. GrossFloorArea: 11.44; GrossVolume: 30.888; GrossWallArea: 37.8; Height: 2.7; NetFloorArea: 11.44; NetVolume: 30.888; NetWallArea: 37.8; Perimeter: 14; Category: Office; HandicapAccessible: 0; PubliclyAccessible: 0; AirConditioning: 0; NaturalVentilation: 1; SpaceTemperatureMax: 20; SpaceTemperatureMin: 20; SpaceTemperatureSummerMax: 20; SpaceTemperatureSummerMin: 20; Project: Projekt Buerogebaeude; Building: Buerogebaeude; Storey: 1. Obergeschoss; Top Elevation: 5.7; Bottom Elevation: 3; Global Top Elevation: 5.7; Global Bottom Elevation: 3; Has Own Geometry: 1; Children Have Geometry: 1; Global X: 39.1; Global Y: 9.3; Global Z: 3; Bounding Box Length: 2.60000000000001; Bounding Box Width: 4.4; Bounding Box Height: 2.7; Zone: Gruppe II; Zone: Raumtemperatur-20-Grad; Layer: Räume
3fa9JjQTn7bw8pUt5e9Is$,Stuhl,. Project: Projekt Buerogebaeude; Building: Buerogebaeude; Storey: 1. Obergeschoss; Top Elevation: 3.5; Bottom Elevation: 3; Global Top Elevation: 3.5; Global Bottom Elevation: 3; Has Own Geometry: 1; Children Have Geometry: 0; Global X: 39.933106; Global Y: 11.983258; Global Z: 3; Bounding Box Length: 0.300000000000004; Bounding Box Width: 0.300000000000001; Bounding Box Height: 0.5; Layer: Einrichtung
341k0qXuD0rvtNqbyQX8sC,Schreibtisch,. Project: Projekt Buerogebaeude; Building: Buerogebaeude; Storey: 1. Obergeschoss; Top Elevation: 3.8; Bottom Elevation: 3; Global Top Elevation: 3.8; Global Bottom Elevation: 3; Has Own Geometry: 1; Children Have Geometry: 0; Global X: 39.1; Global Y: 11.143106; Global Z: 3; Bounding Box Length: 0.800000000000004; Bounding Box Width: 1.6; Bounding Box Height: 0.8; Layer: Einrichtung
3shuyF_Yb7yu2P$QLB2s8G,202,. GrossFloorArea: 25.52; GrossVolume: 68.904; GrossWallArea: 55.08; Height: 2.7; NetFloorArea: 25.52; NetVolume: 68.904; NetWallArea: 55.08; Perimeter: 20.4; Category: Office; HandicapAccessible: 0; PubliclyAccessible: 0; AirConditioning: 0; NaturalVentilation: 1; SpaceTemperatureMax: 20; SpaceTemperatureMin: 20; SpaceTemperatureSummerMax: 20; SpaceTemperatureSummerMin: 20; Project: Projekt Buerogebaeude; Building: Buerogebaeude; Storey: 1. Obergeschoss; Top Elevation: 5.7; Bottom Elevation: 3; Global Top Elevation: 5.7; Global Bottom Elevation: 3; Has Own Geometry: 1; Children Have Geometry: 1; Global X: 6.1; Global Y: 2.3; Global Z: 3; Bounding Box Length: 5.8; Bounding Box Width: 4.4; Bounding Box Height: 2.7; Zone: Gruppe III; Zone: Raumtemperatur-20-Grad; Layer: Räume
2gewk2Hc99jOA$HRpp8OdW,Stuhl,. Project: Projekt Buerogebaeude; Building: Buerogebaeude; Storey: 1. Obergeschoss; Top Elevation: 3.5; Bottom Elevation: 3; Global Top Elevation: 3.5; Global Bottom Elevation: 3; Has Own Geometry: 1; Children Have Geometry: 0; Global X: 9.9221608; Global Y: 2.8993942; Global Z: 3; Bounding Box Length: 0.300000000000001; Bounding Box Width: 0.3; Bounding Box Height: 0.5; Layer: Einrichtung
3wlbgmJJTA7vni80paHaxx,Stuhl,. Project: Projekt Buerogebaeude; Building: Buerogebaeude; Storey: 1. Obergeschoss; Top Elevation: 3.5; Bottom Elevation: 3; Global Top Elevation: 3.5; Global Bottom Elevation: 3; Has Own Geometry: 1; Children Have Geometry: 0; Global X: 8.85; Global Y: 4.7579471; Global Z: 3; Bounding Box Length: 0.300000000000001; Bounding Box Width: 0.3; Bounding Box Height: 0.5; Layer: Einrichtung
1pwulCAzX8FuWzCuScT$77,Stuhl,. Project: Projekt Buerogebaeude; Building: Buerogebaeude; Storey: 1. Obergeschoss; Top Elevation: 3.5; Bottom Elevation: 3; Global Top Elevation: 3.5; Global Bottom Elevation: 3; Has Own Geometry: 1; Children Have Geometry: 0; Global X: 7.8145236; Global Y: 3.052677; Global Z: 3; Bounding Box Length: 0.300000000000001; Bounding Box Width: 0.3; Bounding Box Height: 0.5; Layer: Einrichtung
1LxqA4yVP4kB4jwzvOrfdp,Schreibtisch,. MainColor: braun; Project: Projekt Buerogebaeude; Building: Buerogebaeude; Storey: 1. Obergeschoss; Top Elevation: 3.8; Bottom Elevation: 3; Global Top Elevation: 3.8; Global Bottom Elevation: 3; Has Own Geometry: 1; Children Have Geometry: 0; Global X: 9; Global Y: 2.3; Global Z: 3; Bounding Box Length: 0.800000000000001; Bounding Box Width: 1.6; Bounding Box Height: 0.8; Layer: Einrichtung
1JeAYUvIPDgf0MExGbWX8m,Schreibtisch,. Project: Projekt Buerogebaeude; Building: Buerogebaeude; Storey: 1. Obergeschoss; Top Elevation: 3.8; Bottom Elevation: 3; Global Top Elevation: 3.8; Global Bottom Elevation: 3; Has Own Geometry: 1; Children Have Geometry: 0; Global X: 8.2; Global Y: 2.3; Global Z: 3; Bounding Box Length: 0.800000000000001; Bounding Box Width: 1.6; Bounding Box Height: 0.8; Layer: Einrichtung
0gNf7EDIL42Rl9K1zK6uZD,Schreibtisch,. MainColor: braun; Project: Projekt Buerogebaeude; Building: Buerogebaeude; Storey: 1. Obergeschoss; Top Elevation: 3.8; Bottom Elevation: 3; Global Top Elevation: 3.8; Global Bottom Elevation: 3; Has Own Geometry: 1; Children Have Geometry: 0; Global X: 8.2; Global Y: 3.9; Global Z: 3; Bounding Box Length: 1.6; Bounding Box Width: 0.8; Bounding Box Height: 0.8; Layer: Einrichtung
0UiHARbFzF1RT4g_GKem_B,203,. GrossFloorArea: 25.52; GrossVolume: 68.904; GrossWallArea: 55.08; Height: 2.7; NetFloorArea: 25.52; NetVolume: 68.904; NetWallArea: 55.08; Perimeter: 20.4; Category: Office; HandicapAccessible: 0; PubliclyAccessible: 0; AirConditioning: 0; NaturalVentilation: 1; SpaceTemperatureMax: 20; SpaceTemperatureMin: 20; SpaceTemperatureSummerMax: 20; SpaceTemperatureSummerMin: 20; Project: Projekt Buerogebaeude; Building: Buerogebaeude; Storey: 1. Obergeschoss; Top Elevation: 5.7; Bottom Elevation: 3; Global Top Elevation: 5.7; Global Bottom Elevation: 3; Has Own Geometry: 1; Children Have Geometry: 1; Global X: 12.1; Global Y: 2.3; Global Z: 3; Bounding Box Length: 5.8; Bounding Box Width: 4.4; Bounding Box Height: 2.7; Zone: Gruppe III; Zone: Raumtemperatur-20-Grad; Layer: Räume
32bs0HOZX0vvvwyZStidn0,Stuhl,. Project: Projekt Buerogebaeude; Building: Buerogebaeude; Storey: 1. Obergeschoss; Top Elevation: 3.5; Bottom Elevation: 3; Global Top Elevation: 3.5; Global Bottom Elevation: 3; Has Own Geometry: 1; Children Have Geometry: 0; Global X: 15.900186; Global Y: 3.5316854; Global Z: 3; Bounding Box Length: 0.299999999999999; Bounding Box Width: 0.3; Bounding Box Height: 0.5; Layer: Einrichtung
1On7utzJX5t9QaOztb5SZH,Stuhl,. Project: Projekt Buerogebaeude; Building: Buerogebaeude; Storey: 1. Obergeschoss; Top Elevation: 3.5; Bottom Elevation: 3; Global Top Elevation: 3.5; Global Bottom Elevation: 3; Has Own Geometry: 1; Children Have Geometry: 0; Global X: 13.83087; Global Y: 3.4358837; Global Z: 3; Bounding Box Length: 0.300000000000001; Bounding Box Width: 0.3; Bounding Box Height: 0.5; Layer: Einrichtung
20JhNkjN59TAeGj1FCwzAo,Schreibtisch,. MainColor: weiss; Project: Projekt Buerogebaeude; Building: Buerogebaeude; Storey: 1. Obergeschoss; Top Elevation: 3.8; Bottom Elevation: 3; Global Top Elevation: 3.8; Global Bottom Elevation: 3; Has Own Geometry: 1; Children Have Geometry: 0; Global X: 14.2; Global Y: 2.8864196; Global Z: 3; Bounding Box Length: 0.800000000000001; Bounding Box Width: 1.6; Bounding Box Height: 0.8; Layer: Einrichtung
3crVVuymz5l8Xi7YdWo4yG,Schreibtisch,. MainColor: weiss; Project: Projekt Buerogebaeude; Building: Buerogebaeude; Storey: 1. Obergeschoss; Top Elevation: 3.8; Bottom Elevation: 3; Global Top Elevation: 3.8; Global Bottom Elevation: 3; Has Own Geometry: 1; Children Have Geometry: 0; Global X: 15; Global Y: 2.8864196; Global Z: 3; Bounding Box Length: 0.800000000000001; Bounding Box Width: 1.6; Bounding Box Height: 0.8; Layer: Einrichtung
1LVv$xQpj6k8KE6pcNlDDU,209,. GrossFloorArea: 12.32; GrossVolume: 33.264; GrossWallArea: 38.88; Height: 2.7; NetFloorArea: 12.32; NetVolume: 33.264; NetWallArea: 38.88; Perimeter: 14.4; Category: Office; HandicapAccessible: 0; PubliclyAccessible: 0; AirConditioning: 0; NaturalVentilation: 1; SpaceTemperatureMax: 20; SpaceTemperatureMin: 20; SpaceTemperatureSummerMax: 20; SpaceTemperatureSummerMin: 20; Project: Projekt Buerogebaeude; Building: Buerogebaeude; Storey: 1. Obergeschoss; Top Elevation: 5.7; Bottom Elevation: 3; Global Top Elevation: 5.7; Global Bottom Elevation: 3; Has Own Geometry: 1; Children Have Geometry: 1; Global X: 36.1; Global Y: 9.3; Global Z: 3; Bounding Box Length: 2.8; Bounding Box Width: 4.4; Bounding Box Height: 2.7; Zone: Einzelzimmer; Zone: Gruppe II; Zone: Raumtemperatur-20-Grad; Layer: Räume
2TRdI2M4H8YPVIWBCwGuSk,Stuhl,. Project: Projekt Buerogebaeude; Building: Buerogebaeude; Storey: 1. Obergeschoss; Top Elevation: 3.5; Bottom Elevation: 3; Global Top Elevation: 3.5; Global Bottom Elevation: 3; Has Own Geometry: 1; Children Have Geometry: 0; Global X: 37.748738; Global Y: 11.938905; Global Z: 3; Bounding Box Length: 0.299999999999997; Bounding Box Width: 0.299999999999999; Bounding Box Height: 0.5; Layer: Einrichtung
1feGWn8gHCpO93K4dz4gbc,Schreibtisch,. Project: Projekt Buerogebaeude; Building: Buerogebaeude; Storey: 1. Obergeschoss; Top Elevation: 3.8; Bottom Elevation: 3; Global Top Elevation: 3.8; Global Bottom Elevation: 3; Has Own Geometry: 1; Children Have Geometry: 0; Global X: 38.1; Global Y: 11.265076; Global Z: 3; Bounding Box Length: 0.800000000000004; Bounding Box Width: 1.6; Bounding Box Height: 0.8; Layer: Einrichtung
1a3ixYyUn0QO4HWUYKN$4p,212,. GrossFloorArea: 12.32; GrossVolume: 33.264; GrossWallArea: 38.88; Height: 2.7; NetFloorArea: 12.32; NetVolume: 33.264; NetWallArea: 38.88; Perimeter: 14.4; Category: Office; HandicapAccessible: 0; PubliclyAccessible: 0; AirConditioning: 0; NaturalVentilation: 1; SpaceTemperatureMax: 20; SpaceTemperatureMin: 20; SpaceTemperatureSummerMax: 20; SpaceTemperatureSummerMin: 20; Project: Projekt Buerogebaeude; Building: Buerogebaeude; Storey: 1. Obergeschoss; Top Elevation: 5.7; Bottom Elevation: 3; Global Top Elevation: 5.7; Global Bottom Elevation: 3; Has Own Geometry: 1; Children Have Geometry: 1; Global X: 27.1; Global Y: 9.3; Global Z: 3; Bounding Box Length: 2.8; Bounding Box Width: 4.4; Bounding Box Height: 2.7; Zone: Einzelzimmer; Zone: Gruppe II; Zone: Raumtemperatur-20-Grad; Layer: Räume
3dzEsQ1lDAcwKwcjHQGYL5,Stuhl,. Project: Projekt Buerogebaeude; Building: Buerogebaeude; Storey: 1. Obergeschoss; Top Elevation: 3.5; Bottom Elevation: 3; Global Top Elevation: 3.5; Global Bottom Elevation: 3; Has Own Geometry: 1; Children Have Geometry: 0; Global X: 27.968043; Global Y: 11.696521; Global Z: 3; Bounding Box Length: 0.300000000000001; Bounding Box Width: 0.300000000000001; Bounding Box Height: 0.5; Layer: Einrichtung
0YCk3WI6TD6QdRsRe9JSgf,Schreibtisch,. MainColor: braun; Project: Projekt Buerogebaeude; Building: Buerogebaeude; Storey: 1. Obergeschoss; Top Elevation: 3.8; Bottom Elevation: 3; Global Top Elevation: 3.8; Global Bottom Elevation: 3; Has Own Geometry: 1; Children Have Geometry: 0; Global X: 27.1; Global Y: 10.800599; Global Z: 3; Bounding Box Length: 0.800000000000001; Bounding Box Width: 1.6; Bounding Box Height: 0.8; Layer: Einrichtung
3iSzpa9d93jhTDB7hG0QBW,205,. GrossFloorArea: 12.32; GrossVolume: 33.264; GrossWallArea: 38.88; Height: 2.7; NetFloorArea: 12.32; NetVolume: 33.264; NetWallArea: 38.88; Perimeter: 14.4; Category: Office; HandicapAccessible: 0; PubliclyAccessible: 0; AirConditioning: 0; NaturalVentilation: 1; SpaceTemperatureMax: 20; SpaceTemperatureMin: 20; SpaceTemperatureSummerMax: 20; SpaceTemperatureSummerMin: 20; Project: Projekt Buerogebaeude; Building: Buerogebaeude; Storey: 1. Obergeschoss; Top Elevation: 5.7; Bottom Elevation: 3; Global Top Elevation: 5.7; Global Bottom Elevation: 3; Has Own Geometry: 1; Children Have Geometry: 1; Global X: 24.1; Global Y: 2.3; Global Z: 3; Bounding Box Length: 2.8; Bounding Box Width: 4.4; Bounding Box Height: 2.7; Zone: Gruppe II; Zone: Raumtemperatur-20-Grad; Layer: Räume
1iMOcFqIjEcv5ELCYYrEBA,Stuhl,. Project: Projekt Buerogebaeude; Building: Buerogebaeude; Storey: 1. Obergeschoss; Top Elevation: 3.5; Bottom Elevation: 3; Global Top Elevation: 3.5; Global Bottom Elevation: 3; Has Own Geometry: 1; Children Have Geometry: 0; Global X: 24.94471; Global Y: 4.4152235; Global Z: 3; Bounding Box Length: 0.300000000000001; Bounding Box Width: 0.3; Bounding Box Height: 0.5; Layer: Einrichtung
2R7WL4wm9BL9_1dYAUIspF,Schreibtisch,. MainColor: weiss; Project: Projekt Buerogebaeude; Building: Buerogebaeude; Storey: 1. Obergeschoss; Top Elevation: 3.8; Bottom Elevation: 3; Global Top Elevation: 3.8; Global Bottom Elevation: 3; Has Own Geometry: 1; Children Have Geometry: 0; Global X: 24.1; Global Y: 3.6369533; Global Z: 3; Bounding Box Length: 0.800000000000001; Bounding Box Width: 1.6; Bounding Box Height: 0.8; Layer: Einrichtung
0K6ICBa1zCjvUnsy8qMIRC,216,. GrossFloorArea: 12.32; GrossVolume: 33.264; GrossWallArea: 38.88; Height: 2.7; NetFloorArea: 12.32; NetVolume: 33.264; NetWallArea: 38.88; Perimeter: 14.4; Category: Office; HandicapAccessible: 0; PubliclyAccessible: 0; AirConditioning: 0; NaturalVentilation: 1; SpaceTemperatureMax: 20; SpaceTemperatureMin: 20; SpaceTemperatureSummerMax: 20; SpaceTemperatureSummerMin: 20; Project: Projekt Buerogebaeude; Building: Buerogebaeude; Storey: 1. Obergeschoss; Top Elevation: 5.7; Bottom Elevation: 3; Global Top Elevation: 5.7; Global Bottom Elevation: 3; Has Own Geometry: 1; Children Have Geometry: 1; Global X: 9.1; Global Y: 9.3; Global Z: 3; Bounding Box Length: 2.8; Bounding Box Width: 4.4; Bounding Box Height: 2.7; Zone: Einzelzimmer; Zone: Gruppe III; Zone: Raumtemperatur-20-Grad; Layer: Räume
1aCt7Z_VfBc8zwGoxehfhE,Stuhl,. Project: Projekt Buerogebaeude; Building: Buerogebaeude; Storey: 1. Obergeschoss; Top Elevation: 3.5; Bottom Elevation: 3; Global Top Elevation: 3.5; Global Bottom Elevation: 3; Has Own Geometry: 1; Children Have Geometry: 0; Global X: 9.9652716; Global Y: 12.532254; Global Z: 3; Bounding Box Length: 0.300000000000001; Bounding Box Width: 0.299999999999999; Bounding Box Height: 0.5; Layer: Einrichtung
1RzK_sJZL8FAgD5$F6uQkd,Schreibtisch,. MainColor: weiss; Project: Projekt Buerogebaeude; Building: Buerogebaeude; Storey: 1. Obergeschoss; Top Elevation: 3.8; Bottom Elevation: 3; Global Top Elevation: 3.8; Global Bottom Elevation: 3; Has Own Geometry: 1; Children Have Geometry: 0; Global X: 9.1; Global Y: 11.840685; Global Z: 3; Bounding Box Length: 0.800000000000001; Bounding Box Width: 1.6; Bounding Box Height: 0.8; Layer: Einrichtung
3RfMuFpfrChO9ET4Q4w87M,2. Obergeschoss,2. Level. Project: Projekt Buerogebaeude; Building: Buerogebaeude; Top Elevation: 9.8999; Bottom Elevation: 5.7; Global Top Elevation: 9.8999; Global Bottom Elevation: 5.7; Has Own Geometry: 0; Children Have Geometry: 1; Global X: -4; Global Y: -4; Global Z: 5.7; Bounding Box Length: 50; Bounding Box Width: 24; Bounding Box Height: 4.1999
0aqwE82KP5aAe5kL$$RBxu,Wand-002,. GrossFootprintArea: 5.4; GrossSideArea: 48.6; GrossVolume: 14.58; Height: 2.7; Length: 18; NetSideArea: 30.6; NetVolume: 9.18; Width: 0.3; IsExternal: 1; LoadBearing: 1; ThermalTransmittance: 0.3; Project: Projekt Buerogebaeude; Building: Buerogebaeude; Storey: 2. Obergeschoss; Top Elevation: 8.7; Bottom Elevation: 6; Global Top Elevation: 8.7; Global Bottom Elevation: 6; Has Own Geometry: 1; Children Have Geometry: 1; Global X: 0; Global Y: 13.7; Global Z: 6; Bounding Box Length: 18.3; Bounding Box Width: 0.300000000000001; Bounding Box Height: 2.7; Layer: Außenwände
2om3dQw9b9ufXQmHftFgL_,,. XDim: 1; YDim: 1.5; Project: Projekt Buerogebaeude; Building: Buerogebaeude; Storey: 2. Obergeschoss; Top Elevation: 8.4; Bottom Elevation: 6.9; Global Top Elevation: 8.4; Global Bottom Elevation: 6.9; Has Own Geometry: 1; Children Have Geometry: 0; Global X: 1.75; Global Y: 13.7; Global Z: 6.9; Bounding Box Length: 1; Bounding Box Width: 0.300000000000001; Bounding Box Height: 1.5
3ISWx_3ATE_vOTqIhcTcxn,,. XDim: 1; YDim: 1.5; Project: Projekt Buerogebaeude; Building: Buerogebaeude; Storey: 2. Obergeschoss; Top Elevation: 8.4; Bottom Elevation: 6.9; Global Top Elevation: 8.4; Global Bottom Elevation: 6.9; Has Own Geometry: 1; Children Have Geometry: 0; Global X: 3.25; Global Y: 13.7; Global Z: 6.9; Bounding Box Length: 1; Bounding Box Width: 0.300000000000001; Bounding Box Height: 1.5
0IoXi2qWv589PlWmFXjVhr,,. XDim: 1; YDim: 1.5; Project: Projekt Buerogebaeude; Building: Buerogebaeude; Storey: 2. Obergeschoss; Top Elevation: 8.4; Bottom Elevation: 6.9; Global Top Elevation: 8.4; Global Bottom Elevation: 6.9; Has Own Geometry: 1; Children Have Geometry: 0; Global X: 4.75; Global Y: 13.7; Global Z: 6.9; Bounding Box Length: 1; Bounding Box Width: 0.300000000000001; Bounding Box Height: 1.5
17prJiP79F1OFd5LpD1cCW,,. XDim: 1; YDim: 1.5; Project: Projekt Buerogebaeude; Building: Buerogebaeude; Storey: 2. Obergeschoss; Top Elevation: 8.4; Bottom Elevation: 6.9; Global Top Elevation: 8.4; Global Bottom Elevation: 6.9; Has Own Geometry: 1; Children Have Geometry: 0; Global X: 6.25; Global Y: 13.7; Global Z: 6.9; Bounding Box Length: 1; Bounding Box Width: 0.300000000000001; Bounding Box Height: 1.5
0r9Ojqk8j89x2MS5eI$4gO,,. XDim: 1; YDim: 1.5; Project: Projekt Buerogebaeude; Building: Buerogebaeude; Storey: 2. Obergeschoss; Top Elevation: 8.4; Bottom Elevation: 6.9; Global Top Elevation: 8.4; Global Bottom Elevation: 6.9; Has Own Geometry: 1; Children Have Geometry: 0; Global X: 7.75; Global Y: 13.7; Global Z: 6.9; Bounding Box Length: 1; Bounding Box Width: 0.300000000000001; Bounding Box Height: 1.5
0Qqe3KQ1TAyx2zNk_LGVzF,,. XDim: 1; YDim: 1.5; Project: Projekt Buerogebaeude; Building: Buerogebaeude; Storey: 2. Obergeschoss; Top Elevation: 8.4; Bottom Elevation: 6.9; Global Top Elevation: 8.4; Global Bottom Elevation: 6.9; Has Own Geometry: 1; Children Have Geometry: 0; Global X: 9.25; Global Y: 13.7; Global Z: 6.9; Bounding Box Length: 1; Bounding Box Width: 0.300000000000001; Bounding Box Height: 1.5
1iWZbfOhX3EPw7lPYyTfTY,,. XDim: 1; YDim: 1.5; Project: Projekt Buerogebaeude; Building: Buerogebaeude; Storey: 2. Obergeschoss; Top Elevation: 8.4; Bottom Elevation: 6.9; Global Top Elevation: 8.4; Global Bottom Elevation: 6.9; Has Own Geometry: 1; Children Have Geometry: 0; Global X: 10.75; Global Y: 13.7; Global Z: 6.9; Bounding Box Length: 1; Bounding Box Width: 0.300000000000001; Bounding Box Height: 1.5
2NADqC0Mv4OgXpwBSQ0HT8,,. XDim: 1; YDim: 1.5; Project: Projekt Buerogebaeude; Building: Buerogebaeude; Storey: 2. Obergeschoss; Top Elevation: 8.4; Bottom Elevation: 6.9; Global Top Elevation: 8.4; Global Bottom Elevation: 6.9; Has Own Geometry: 1; Children Have Geometry: 0; Global X: 12.25; Global Y: 13.7; Global Z: 6.9; Bounding Box Length: 1; Bounding Box Width: 0.300000000000001; Bounding Box Height: 1.5
385zOyGjrAlv0VlYFaCPu5,,. XDim: 1; YDim: 1.5; Project: Projekt Buerogebaeude; Building: Buerogebaeude; Storey: 2. Obergeschoss; Top Elevation: 8.4; Bottom Elevation: 6.9; Global Top Elevation: 8.4; Global Bottom Elevation: 6.9; Has Own Geometry: 1; Children Have Geometry: 0; Global X: 13.75; Global Y: 13.7; Global Z: 6.9; Bounding Box Length: 1; Bounding Box Width: 0.300000000000001; Bounding Box Height: 1.5
3N3wZyYsP2_O4WeGWQ1pCC,,. XDim: 1; YDim: 1.5; Project: Projekt Buerogebaeude; Building: Buerogebaeude; Storey: 2. Obergeschoss; Top Elevation: 8.4; Bottom Elevation: 6.9; Global Top Elevation: 8.4; Global Bottom Elevation: 6.9; Has Own Geometry: 1; Children Have Geometry: 0; Global X: 15.25; Global Y: 13.7; Global Z: 6.9; Bounding Box Length: 1; Bounding Box Width: 0.300000000000001; Bounding Box Height: 1.5
0_EeQJADH0BQbl2sU2stwA,,. XDim: 1; YDim: 1.5; Project: Projekt Buerogebaeude; Building: Buerogebaeude; Storey: 2. Obergeschoss; Top Elevation: 8.4; Bottom Elevation: 6.9; Global Top Elevation: 8.4; Global Bottom Elevation: 6.9; Has Own Geometry: 1; Children Have Geometry: 0; Global X: 16.75; Global Y: 13.7; Global Z: 6.9; Bounding Box Length: 1; Bounding Box Width: 0.300000000000001; Bounding Box Height: 1.5
1lknB9P651zeGH0YfzPwty,,. XDim: 1; YDim: 1.5; Project: Projekt Buerogebaeude; Building: Buerogebaeude; Storey: 2. Obergeschoss; Top Elevation: 8.4; Bottom Elevation: 6.9; Global Top Elevation: 8.4; Global Bottom Elevation: 6.9; Has Own Geometry: 1; Children Have Geometry: 0; Global X: 0.350000000000001; Global Y: 13.7; Global Z: 6.9; Bounding Box Length: 1; Bounding Box Width: 0.300000000000001; Bounding Box Height: 1.5
2MLUym1055WAf4WdQSNnJQ,Wand-004,. GrossFootprintArea: 1.71; GrossSideArea: 16.2; GrossVolume: 4.617; Height: 2.7; Length: 6; NetSideArea: 16.2; NetVolume: 4.617; Width: 0.3; IsExternal: 1; LoadBearing: 1; ThermalTransmittance: 0.3; Project: Projekt Buerogebaeude; Building: Buerogebaeude; Storey: 2. Obergeschoss; Top Elevation: 8.7; Bottom Elevation: 6; Global Top Elevation: 8.7; Global Bottom Elevation: 6; Has Own Geometry: 1; Children Have Geometry: 0; Global X: 18; Global Y: 15.7; Global Z: 6; Bounding Box Length: 6; Bounding Box Width: 0.300000000000001; Bounding Box Height: 2.7; Layer: Außenwände
1gOmYslDr1suTYoJuY1bx$,Wand-006,. GrossFootprintArea: 5.4; GrossSideArea: 48.6; GrossVolume: 14.58; Height: 2.7; Length: 18; NetSideArea: 30.6; NetVolume: 9.18; Width: 0.3; IsExternal: 1; LoadBearing: 1; ThermalTransmittance: 0.3; Project: Projekt Buerogebaeude; Building: Buerogebaeude; Storey: 2. Obergeschoss; Top Elevation: 8.7; Bottom Elevation: 6; Global Top Elevation: 8.7; Global Bottom Elevation: 6; Has Own Geometry: 1; Children Have Geometry: 1; Global X: 23.7; Global Y: 13.7; Global Z: 6; Bounding Box Length: 18.3; Bounding Box Width: 0.300000000000001; Bounding Box Height: 2.7; Layer: Außenwände
3OZi8LE$j36gLVHA7M8lIN,,. XDim: 1; YDim: 1.5; Project: Projekt Buerogebaeude; Building: Buerogebaeude; Storey: 2. Obergeschoss; Top Elevation: 8.4; Bottom Elevation: 6.9; Global Top Elevation: 8.4; Global Bottom Elevation: 6.9; Has Own Geometry: 1; Children Have Geometry: 0; Global X: 25.75; Global Y: 13.7; Global Z: 6.9; Bounding Box Length: 1; Bounding Box Width: 0.300000000000001; Bounding Box Height: 1.5
1MHDUTctT0r8GZDjiDHGdm,,. XDim: 1; YDim: 1.5; Project: Projekt Buerogebaeude; Building: Buerogebaeude; Storey: 2. Obergeschoss; Top Elevation: 8.4; Bottom Elevation: 6.9; Global Top Elevation: 8.4; Global Bottom Elevation: 6.9; Has Own Geometry: 1; Children Have Geometry: 0; Global X: 27.25; Global Y: 13.7; Global Z: 6.9; Bounding Box Length: 1; Bounding Box Width: 0.300000000000001; Bounding Box Height: 1.5
0YTV6y2tL8LuH7xQSUo$XZ,,. XDim: 1; YDim: 1.5; Project: Projekt Buerogebaeude; Building: Buerogebaeude; Storey: 2. Obergeschoss; Top Elevation: 8.4; Bottom Elevation: 6.9; Global Top Elevation: 8.4; Global Bottom Elevation: 6.9; Has Own Geometry: 1; Children Have Geometry: 0; Global X: 28.75; Global Y: 13.7; Global Z: 6.9; Bounding Box Length: 1; Bounding Box Width: 0.300000000000001; Bounding Box Height: 1.5
0yZ7$$dQ91_A7GgOySRm8N,,. XDim: 1; YDim: 1.5; Project: Projekt Buerogebaeude; Building: Buerogebaeude; Storey: 2. Obergeschoss; Top Elevation: 8.4; Bottom Elevation: 6.9; Global Top Elevation: 8.4; Global Bottom Elevation: 6.9; Has Own Geometry: 1; Children Have Geometry: 0; Global X: 30.25; Global Y: 13.7; Global Z: 6.9; Bounding Box Length: 1; Bounding Box Width: 0.300000000000001; Bounding Box Height: 1.5
1J17l5TWH3WBedtLkV0qr7,,. XDim: 1; YDim: 1.5; Project: Projekt Buerogebaeude; Building: Buerogebaeude; Storey: 2. Obergeschoss; Top Elevation: 8.4; Bottom Elevation: 6.9; Global Top Elevation: 8.4; Global Bottom Elevation: 6.9; Has Own Geometry: 1; Children Have Geometry: 0; Global X: 31.75; Global Y: 13.7; Global Z: 6.9; Bounding Box Length: 1; Bounding Box Width: 0.300000000000001; Bounding Box Height: 1.5
2IN3BHu9D0ExNDy8j7qVqW,,. XDim: 1; YDim: 1.5; Project: Projekt Buerogebaeude; Building: Buerogebaeude; Storey: 2. Obergeschoss; Top Elevation: 8.4; Bottom Elevation: 6.9; Global Top Elevation: 8.4; Global Bottom Elevation: 6.9; Has Own Geometry: 1; Children Have Geometry: 0; Global X: 33.25; Global Y: 13.7; Global Z: 6.9; Bounding Box Length: 1; Bounding Box Width: 0.300000000000001; Bounding Box Height: 1.5
0Hq2_2r214KvfuwMiOAtoX,,. XDim: 1; YDim: 1.5; Project: Projekt Buerogebaeude; Building: Buerogebaeude; Storey: 2. Obergeschoss; Top Elevation: 8.4; Bottom Elevation: 6.9; Global Top Elevation: 8.4; Global Bottom Elevation: 6.9; Has Own Geometry: 1; Children Have Geometry: 0; Global X: 34.75; Global Y: 13.7; Global Z: 6.9; Bounding Box Length: 1; Bounding Box Width: 0.300000000000001; Bounding Box Height: 1.5
2dSv3pvb1ABuqmTBt5EZJE,,. XDim: 1; YDim: 1.5; Project: Projekt Buerogebaeude; Building: Buerogebaeude; Storey: 2. Obergeschoss; Top Elevation: 8.4; Bottom Elevation: 6.9; Global Top Elevation: 8.4; Global Bottom Elevation: 6.9; Has Own Geometry: 1; Children Have Geometry: 0; Global X: 36.25; Global Y: 13.7; Global Z: 6.9; Bounding Box Length: 1; Bounding Box Width: 0.300000000000001; Bounding Box Height: 1.5
2UQBBKwgj8uvRND0xEdQbH,,. XDim: 1; YDim: 1.5; Project: Projekt Buerogebaeude; Building: Buerogebaeude; Storey: 2. Obergeschoss; Top Elevation: 8.4; Bottom Elevation: 6.9; Global Top Elevation: 8.4; Global Bottom Elevation: 6.9; Has Own Geometry: 1; Children Have Geometry: 0; Global X: 37.75; Global Y: 13.7; Global Z: 6.9; Bounding Box Length: 1; Bounding Box Width: 0.300000000000001; Bounding Box Height: 1.5
1cFrpZhWvFrvGEb8OtGlpw,,. XDim: 1; YDim: 1.5; Project: Projekt Buerogebaeude; Building: Buerogebaeude; Storey: 2. Obergeschoss; Top Elevation: 8.4; Bottom Elevation: 6.9; Global Top Elevation: 8.4; Global Bottom Elevation: 6.9; Has Own Geometry: 1; Children Have Geometry: 0; Global X: 39.25; Global Y: 13.7; Global Z: 6.9; Bounding Box Length: 1; Bounding Box Width: 0.300000000000001; Bounding Box Height: 1.5
3kUrlJoMr2DhvBAK2Kes6F,,. XDim: 1; YDim: 1.5; Project: Projekt Buerogebaeude; Building: Buerogebaeude; Storey: 2. Obergeschoss; Top Elevation: 8.4; Bottom Elevation: 6.9; Global Top Elevation: 8.4; Global Bottom Elevation: 6.9; Has Own Geometry: 1; Children Have Geometry: 0; Global X: 24.25; Global Y: 13.7; Global Z: 6.9; Bounding Box Length: 1; Bounding Box Width: 0.300000000000001; Bounding Box Height: 1.5
08bMQQf69298bV4WH7v_TF,,. XDim: 1; YDim: 1.5; Project: Projekt Buerogebaeude; Building: Buerogebaeude; Storey: 2. Obergeschoss; Top Elevation: 8.4; Bottom Elevation: 6.9; Global Top Elevation: 8.4; Global Bottom Elevation: 6.9; Has Own Geometry: 1; Children Have Geometry: 0; Global X: 40.65; Global Y: 13.7; Global Z: 6.9; Bounding Box Length: 1; Bounding Box Width: 0.300000000000001; Bounding Box Height: 1.5
0FQY4AQwf2dup5RArZ6ZOG,Wand-007,. GrossFootprintArea: 3.51; GrossSideArea: 32.4; GrossVolume: 9.477; Height: 2.7; Length: 12; NetSideArea: 31.05; NetVolume: 9.072; Width: 0.3; IsExternal: 1; LoadBearing: 1; ThermalTransmittance: 0.3; Project: Projekt Buerogebaeude; Building: Buerogebaeude; Storey: 2. Obergeschoss; Top Elevation: 8.7; Bottom Elevation: 6; Global Top Elevation: 8.7; Global Bottom Elevation: 6; Has Own Geometry: 1; Children Have Geometry: 1; Global X: 41.7; Global Y: 2; Global Z: 6; Bounding Box Length: 0.299999999999997; Bounding Box Width: 12; Bounding Box Height: 2.7; Layer: Außenwände
2_jpcVXIb6seLFLjcao_3Q,,. XDim: 0.9; YDim: 1.5; Project: Projekt Buerogebaeude; Building: Buerogebaeude; Storey: 2. Obergeschoss; Top Elevation: 8.4; Bottom Elevation: 6.9; Global Top Elevation: 8.4; Global Bottom Elevation: 6.9; Has Own Geometry: 1; Children Have Geometry: 0; Global X: 41.7; Global Y: 7.55; Global Z: 6.9; Bounding Box Length: 0.299999999999997; Bounding Box Width: 0.899999999999999; Bounding Box Height: 1.5
0YVYnJBGbDKQ0RN26IQ7HI,Wand-001,. GrossFootprintArea: 3.51; GrossSideArea: 32.4; GrossVolume: 9.477; Height: 2.7; Length: 12; NetSideArea: 31.05; NetVolume: 9.072; Width: 0.3; IsExternal: 1; LoadBearing: 1; ThermalTransmittance: 0.3; Project: Projekt Buerogebaeude; Building: Buerogebaeude; Storey: 2. Obergeschoss; Top Elevation: 8.7; Bottom Elevation: 6; Global Top Elevation: 8.7; Global Bottom Elevation: 6; Has Own Geometry: 1; Children Have Geometry: 1; Global X: 0; Global Y: 2; Global Z: 6; Bounding Box Length: 0.300000000000001; Bounding Box Width: 12; Bounding Box Height: 2.7; Layer: Außenwände
3yVPGxnNL1OhjZy9GTZ$Ha,,. XDim: 0.9; YDim: 1.5; Project: Projekt Buerogebaeude; Building: Buerogebaeude; Storey: 2. Obergeschoss; Top Elevation: 8.4; Bottom Elevation: 6.9; Global Top Elevation: 8.4; Global Bottom Elevation: 6.9; Has Own Geometry: 1; Children Have Geometry: 0; Global X: 0; Global Y: 7.55; Global Z: 6.9; Bounding Box Length: 0.300000000000001; Bounding Box Width: 0.899999999999999; Bounding Box Height: 1.5
2V1MCFZRf1GA2ZyRufjYwX,Wand-010,. GrossFootprintArea: 12.51; GrossSideArea: 113.4; GrossVolume: 33.777; Height: 2.7; Length: 42; NetSideArea: 71.4; NetVolume: 21.177; Width: 0.3; IsExternal: 1; LoadBearing: 1; ThermalTransmittance: 0.3; Project: Projekt Buerogebaeude; Building: Buerogebaeude; Storey: 2. Obergeschoss; Top Elevation: 8.7; Bottom Elevation: 6; Global Top Elevation: 8.7; Global Bottom Elevation: 6; Has Own Geometry: 1; Children Have Geometry: 1; Global X: 0; Global Y: 2; Global Z: 6; Bounding Box Length: 42; Bounding Box Width: 0.3; Bounding Box Height: 2.7; Layer: Außenwände
2OwGwh49H2pQSqAw$0qYau,,. XDim: 1; YDim: 1.5; Project: Projekt Buerogebaeude; Building: Buerogebaeude; Storey: 2. Obergeschoss; Top Elevation: 8.4; Bottom Elevation: 6.9; Global Top Elevation: 8.4; Global Bottom Elevation: 6.9; Has Own Geometry: 1; Children Have Geometry: 0; Global X: 1.75; Global Y: 2; Global Z: 6.9; Bounding Box Length: 1; Bounding Box Width: 0.3; Bounding Box Height: 1.5
0EykRdfVb6EPJRKIOQDdNN,,. XDim: 1; YDim: 1.5; Project: Projekt Buerogebaeude; Building: Buerogebaeude; Storey: 2. Obergeschoss; Top Elevation: 8.4; Bottom Elevation: 6.9; Global Top Elevation: 8.4; Global Bottom Elevation: 6.9; Has Own Geometry: 1; Children Have Geometry: 0; Global X: 3.25; Global Y: 2; Global Z: 6.9; Bounding Box Length: 1; Bounding Box Width: 0.3; Bounding Box Height: 1.5
0dKYCODpbAcgHeDro91JGq,,. XDim: 1; YDim: 1.5; Project: Projekt Buerogebaeude; Building: Buerogebaeude; Storey: 2. Obergeschoss; Top Elevation: 8.4; Bottom Elevation: 6.9; Global Top Elevation: 8.4; Global Bottom Elevation: 6.9; Has Own Geometry: 1; Children Have Geometry: 0; Global X: 4.75; Global Y: 2; Global Z: 6.9; Bounding Box Length: 1; Bounding Box Width: 0.3; Bounding Box Height: 1.5
28cgT_8xjAyP9FL3LWxj7C,,. XDim: 1; YDim: 1.5; Project: Projekt Buerogebaeude; Building: Buerogebaeude; Storey: 2. Obergeschoss; Top Elevation: 8.4; Bottom Elevation: 6.9; Global Top Elevation: 8.4; Global Bottom Elevation: 6.9; Has Own Geometry: 1; Children Have Geometry: 0; Global X: 6.25; Global Y: 2; Global Z: 6.9; Bounding Box Length: 1; Bounding Box Width: 0.3; Bounding Box Height: 1.5
1kgv0bPKD5vgMTqxlaVPDh,,. XDim: 1; YDim: 1.5; Project: Projekt Buerogebaeude; Building: Buerogebaeude; Storey: 2. Obergeschoss; Top Elevation: 8.4; Bottom Elevation: 6.9; Global Top Elevation: 8.4; Global Bottom Elevation: 6.9; Has Own Geometry: 1; Children Have Geometry: 0; Global X: 7.75; Global Y: 2; Global Z: 6.9; Bounding Box Length: 1; Bounding Box Width: 0.3; Bounding Box Height: 1.5
1WNs5HZPr1pu9mvCanHpH8,,. XDim: 1; YDim: 1.5; Project: Projekt Buerogebaeude; Building: Buerogebaeude; Storey: 2. Obergeschoss; Top Elevation: 8.4; Bottom Elevation: 6.9; Global Top Elevation: 8.4; Global Bottom Elevation: 6.9; Has Own Geometry: 1; Children Have Geometry: 0; Global X: 9.25; Global Y: 2; Global Z: 6.9; Bounding Box Length: 1; Bounding Box Width: 0.3; Bounding Box Height: 1.5
2_BWzOFYr9HgDjIMXofodu,,. XDim: 1; YDim: 1.5; Project: Projekt Buerogebaeude; Building: Buerogebaeude; Storey: 2. Obergeschoss; Top Elevation: 8.4; Bottom Elevation: 6.9; Global Top Elevation: 8.4; Global Bottom Elevation: 6.9; Has Own Geometry: 1; Children Have Geometry: 0; Global X: 10.75; Global Y: 2; Global Z: 6.9; Bounding Box Length: 1; Bounding Box Width: 0.3; Bounding Box Height: 1.5
2E4NG5ZwP63eThdoUwhRjR,,. XDim: 1; YDim: 1.5; Project: Projekt Buerogebaeude; Building: Buerogebaeude; Storey: 2. Obergeschoss; Top Elevation: 8.4; Bottom Elevation: 6.9; Global Top Elevation: 8.4; Global Bottom Elevation: 6.9; Has Own Geometry: 1; Children Have Geometry: 0; Global X: 12.25; Global Y: 2; Global Z: 6.9; Bounding Box Length: 1; Bounding Box Width: 0.3; Bounding Box Height: 1.5
1IkIXjcNn408meUUdWxBbd,,. XDim: 1; YDim: 1.5; Project: Projekt Buerogebaeude; Building: Buerogebaeude; Storey: 2. Obergeschoss; Top Elevation: 8.4; Bottom Elevation: 6.9; Global Top Elevation: 8.4; Global Bottom Elevation: 6.9; Has Own Geometry: 1; Children Have Geometry: 0; Global X: 13.75; Global Y: 2; Global Z: 6.9; Bounding Box Length: 1; Bounding Box Width: 0.3; Bounding Box Height: 1.5
1OHHhqsgHCkANCbFwopB$h,,. XDim: 1; YDim: 1.5; Project: Projekt Buerogebaeude; Building: Buerogebaeude; Storey: 2. Obergeschoss; Top Elevation: 8.4; Bottom Elevation: 6.9; Global Top Elevation: 8.4; Global Bottom Elevation: 6.9; Has Own Geometry: 1; Children Have Geometry: 0; Global X: 15.25; Global Y: 2; Global Z: 6.9; Bounding Box Length: 1; Bounding Box Width: 0.3; Bounding Box Height: 1.5
0lhtrwOJ19ieXHI3VWEzUc,,. XDim: 1; YDim: 1.5; Project: Projekt Buerogebaeude; Building: Buerogebaeude; Storey: 2. Obergeschoss; Top Elevation: 8.4; Bottom Elevation: 6.9; Global Top Elevation: 8.4; Global Bottom Elevation: 6.9; Has Own Geometry: 1; Children Have Geometry: 0; Global X: 16.75; Global Y: 2; Global Z: 6.9; Bounding Box Length: 1; Bounding Box Width: 0.3; Bounding Box Height: 1.5
3PEDBP7ij1GhSv1uC$mMM0,,. XDim: 1; YDim: 1.5; Project: Projekt Buerogebaeude; Building: Buerogebaeude; Storey: 2. Obergeschoss; Top Elevation: 8.4; Bottom Elevation: 6.9; Global Top Elevation: 8.4; Global Bottom Elevation: 6.9; Has Own Geometry: 1; Children Have Geometry: 0; Global X: 18.25; Global Y: 2; Global Z: 6.9; Bounding Box Length: 1; Bounding Box Width: 0.3; Bounding Box Height: 1.5
0O7$cLAff3JxwPbKbCo2WS,,. XDim: 1; YDim: 1.5; Project: Projekt Buerogebaeude; Building: Buerogebaeude; Storey: 2. Obergeschoss; Top Elevation: 8.4; Bottom Elevation: 6.9; Global Top Elevation: 8.4; Global Bottom Elevation: 6.9; Has Own Geometry: 1; Children Have Geometry: 0; Global X: 19.75; Global Y: 2; Global Z: 6.9; Bounding Box Length: 1; Bounding Box Width: 0.3; Bounding Box Height: 1.5
3igY4xyBL3$fGPSkkFHvL0,,. XDim: 1; YDim: 1.5; Project: Projekt Buerogebaeude; Building: Buerogebaeude; Storey: 2. Obergeschoss; Top Elevation: 8.4; Bottom Elevation: 6.9; Global Top Elevation: 8.4; Global Bottom Elevation: 6.9; Has Own Geometry: 1; Children Have Geometry: 0; Global X: 21.25; Global Y: 2; Global Z: 6.9; Bounding Box Length: 1; Bounding Box Width: 0.3; Bounding Box Height: 1.5
0PMIRaeJ91oA2kU0xauxFC,,. XDim: 1; YDim: 1.5; Project: Projekt Buerogebaeude; Building: Buerogebaeude; Storey: 2. Obergeschoss; Top Elevation: 8.4; Bottom Elevation: 6.9; Global Top Elevation: 8.4; Global Bottom Elevation: 6.9; Has Own Geometry: 1; Children Have Geometry: 0; Global X: 22.75; Global Y: 2; Global Z: 6.9; Bounding Box Length: 1; Bounding Box Width: 0.3; Bounding Box Height: 1.5
3B6EL6pWPAlOeAqG1ek$cM,,. XDim: 1; YDim: 1.5; Project: Projekt Buerogebaeude; Building: Buerogebaeude; Storey: 2. Obergeschoss; Top Elevation: 8.4; Bottom Elevation: 6.9; Global Top Elevation: 8.4; Global Bottom Elevation: 6.9; Has Own Geometry: 1; Children Have Geometry: 0; Global X: 24.25; Global Y: 2; Global Z: 6.9; Bounding Box Length: 1; Bounding Box Width: 0.3; Bounding Box Height: 1.5
1GwLHEYeb2fw3i9UKKlQzo,,. XDim: 1; YDim: 1.5; Project: Projekt Buerogebaeude; Building: Buerogebaeude; Storey: 2. Obergeschoss; Top Elevation: 8.4; Bottom Elevation: 6.9; Global Top Elevation: 8.4; Global Bottom Elevation: 6.9; Has Own Geometry: 1; Children Have Geometry: 0; Global X: 25.75; Global Y: 2; Global Z: 6.9; Bounding Box Length: 1; Bounding Box Width: 0.3; Bounding Box Height: 1.5
3qa7bPMi9B_finZEnnO$eT,,. XDim: 1; YDim: 1.5; Project: Projekt Buerogebaeude; Building: Buerogebaeude; Storey: 2. Obergeschoss; Top Elevation: 8.4; Bottom Elevation: 6.9; Global Top Elevation: 8.4; Global Bottom Elevation: 6.9; Has Own Geometry: 1; Children Have Geometry: 0; Global X: 27.25; Global Y: 2; Global Z: 6.9; Bounding Box Length: 1; Bounding Box Width: 0.3; Bounding Box Height: 1.5
3OYdPiMYz9yPR8wz8QAyGB,,. XDim: 1; YDim: 1.5; Project: Projekt Buerogebaeude; Building: Buerogebaeude; Storey: 2. Obergeschoss; Top Elevation: 8.4; Bottom Elevation: 6.9; Global Top Elevation: 8.4; Global Bottom Elevation: 6.9; Has Own Geometry: 1; Children Have Geometry: 0; Global X: 28.75; Global Y: 2; Global Z: 6.9; Bounding Box Length: 1; Bounding Box Width: 0.3; Bounding Box Height: 1.5
3B5qijadjB39SnC0rGHX$O,,. XDim: 1; YDim: 1.5; Project: Projekt Buerogebaeude; Building: Buerogebaeude; Storey: 2. Obergeschoss; Top Elevation: 8.4; Bottom Elevation: 6.9; Global Top Elevation: 8.4; Global Bottom Elevation: 6.9; Has Own Geometry: 1; Children Have Geometry: 0; Global X: 30.25; Global Y: 2; Global Z: 6.9; Bounding Box Length: 1; Bounding Box Width: 0.3; Bounding Box Height: 1.5
0bg5LmRezBNh$rwPGIhohu,,. XDim: 1; YDim: 1.5; Project: Projekt Buerogebaeude; Building: Buerogebaeude; Storey: 2. Obergeschoss; Top Elevation: 8.4; Bottom Elevation: 6.9; Global Top Elevation: 8.4; Global Bottom Elevation: 6.9; Has Own Geometry: 1; Children Have Geometry: 0; Global X: 31.75; Global Y: 2; Global Z: 6.9; Bounding Box Length: 1; Bounding Box Width: 0.3; Bounding Box Height: 1.5
1Pc0dnF7b2oAw8pC6WrtOK,,. XDim: 1; YDim: 1.5; Project: Projekt Buerogebaeude; Building: Buerogebaeude; Storey: 2. Obergeschoss; Top Elevation: 8.4; Bottom Elevation: 6.9; Global Top Elevation: 8.4; Global Bottom Elevation: 6.9; Has Own Geometry: 1; Children Have Geometry: 0; Global X: 33.25; Global Y: 2; Global Z: 6.9; Bounding Box Length: 1; Bounding Box Width: 0.3; Bounding Box Height: 1.5
1KGccxICLCLB5UAKR8h1ia,,. XDim: 1; YDim: 1.5; Project: Projekt Buerogebaeude; Building: Buerogebaeude; Storey: 2. Obergeschoss; Top Elevation: 8.4; Bottom Elevation: 6.9; Global Top Elevation: 8.4; Global Bottom Elevation: 6.9; Has Own Geometry: 1; Children Have Geometry: 0; Global X: 34.75; Global Y: 2; Global Z: 6.9; Bounding Box Length: 1; Bounding Box Width: 0.3; Bounding Box Height: 1.5
35HPkV0Ev29x6WNnmcB3Ac,,. XDim: 1; YDim: 1.5; Project: Projekt Buerogebaeude; Building: Buerogebaeude; Storey: 2. Obergeschoss; Top Elevation: 8.4; Bottom Elevation: 6.9; Global Top Elevation: 8.4; Global Bottom Elevation: 6.9; Has Own Geometry: 1; Children Have Geometry: 0; Global X: 36.25; Global Y: 2; Global Z: 6.9; Bounding Box Length: 1; Bounding Box Width: 0.3; Bounding Box Height: 1.5
0AgzbbPpf2CAWsQpyVLnjA,,. XDim: 1; YDim: 1.5; Project: Projekt Buerogebaeude; Building: Buerogebaeude; Storey: 2. Obergeschoss; Top Elevation: 8.4; Bottom Elevation: 6.9; Global Top Elevation: 8.4; Global Bottom Elevation: 6.9; Has Own Geometry: 1; Children Have Geometry: 0; Global X: 37.75; Global Y: 2; Global Z: 6.9; Bounding Box Length: 1; Bounding Box Width: 0.3; Bounding Box Height: 1.5
316Ie8MLv7FvHUwK0G4pPW,,. XDim: 1; YDim: 1.5; Project: Projekt Buerogebaeude; Building: Buerogebaeude; Storey: 2. Obergeschoss; Top Elevation: 8.4; Bottom Elevation: 6.9; Global Top Elevation: 8.4; Global Bottom Elevation: 6.9; Has Own Geometry: 1; Children Have Geometry: 0; Global X: 39.25; Global Y: 2; Global Z: 6.9; Bounding Box Length: 1; Bounding Box Width: 0.3; Bounding Box Height: 1.5
0$Wt9kMUD5AOxElhs3PQDk,,. XDim: 1; YDim: 1.5; Project: Projekt Buerogebaeude; Building: Buerogebaeude; Storey: 2. Obergeschoss; Top Elevation: 8.4; Bottom Elevation: 6.9; Global Top Elevation: 8.4; Global Bottom Elevation: 6.9; Has Own Geometry: 1; Children Have Geometry: 0; Global X: 0.350000000000001; Global Y: 2; Global Z: 6.9; Bounding Box Length: 1; Bounding Box Width: 0.3; Bounding Box Height: 1.5
3hb532T1586ud1hHOjXYJF,,. XDim: 1; YDim: 1.5; Project: Projekt Buerogebaeude; Building: Buerogebaeude; Storey: 2. Obergeschoss; Top Elevation: 8.4; Bottom Elevation: 6.9; Global Top Elevation: 8.4; Global Bottom Elevation: 6.9; Has Own Geometry: 1; Children Have Geometry: 0; Global X: 40.65; Global Y: 2; Global Z: 6.9; Bounding Box Length: 1; Bounding Box Width: 0.3; Bounding Box Height: 1.5
3hUfAFTuTCueiBwdehoXNP,Wand-015,. GrossFootprintArea: 5.31; GrossSideArea: 48.6; GrossVolume: 14.337; Height: 2.7; Length: 18; NetSideArea: 36; NetVolume: 10.557; Width: 0.3; IsExternal: 0; LoadBearing: 1; ThermalTransmittance: 0.3; Project: Projekt Buerogebaeude; Building: Buerogebaeude; Storey: 2. Obergeschoss; Top Elevation: 8.7; Bottom Elevation: 6; Global Top Elevation: 8.7; Global Bottom Elevation: 6; Has Own Geometry: 1; Children Have Geometry: 1; Global X: 0.300000000000001; Global Y: 9; Global Z: 6; Bounding Box Length: 17.7; Bounding Box Width: 0.300000000000001; Bounding Box Height: 2.7; Layer: Innenwände
0fae_WmTXBnPz_FkmKOkDh,,. XDim: 1; YDim: 2.1; Project: Projekt Buerogebaeude; Building: Buerogebaeude; Storey: 2. Obergeschoss; Top Elevation: 8.1; Bottom Elevation: 6; Global Top Elevation: 8.1; Global Bottom Elevation: 6; Has Own Geometry: 1; Children Have Geometry: 0; Global X: 15.2; Global Y: 9; Global Z: 6; Bounding Box Length: 1; Bounding Box Width: 0.300000000000001; Bounding Box Height: 2.1
2rXvKFhyD1Kh9Vf_h5$u3V,,. XDim: 1; YDim: 2.1; Project: Projekt Buerogebaeude; Building: Buerogebaeude; Storey: 2. Obergeschoss; Top Elevation: 8.1; Bottom Elevation: 6; Global Top Elevation: 8.1; Global Bottom Elevation: 6; Has Own Geometry: 1; Children Have Geometry: 0; Global X: 13.8; Global Y: 9; Global Z: 6; Bounding Box Length: 1; Bounding Box Width: 0.300000000000001; Bounding Box Height: 2.1
2AOmWVXbX22woYBr1aEFPs,,. XDim: 1; YDim: 2.1; Project: Projekt Buerogebaeude; Building: Buerogebaeude; Storey: 2. Obergeschoss; Top Elevation: 8.1; Bottom Elevation: 6; Global Top Elevation: 8.1; Global Bottom Elevation: 6; Has Own Geometry: 1; Children Have Geometry: 0; Global X: 4.8; Global Y: 9; Global Z: 6; Bounding Box Length: 1; Bounding Box Width: 0.300000000000001; Bounding Box Height: 2.1
0uiPrfJan4XOGkwK7xlfY4,,. XDim: 1; YDim: 2.1; Project: Projekt Buerogebaeude; Building: Buerogebaeude; Storey: 2. Obergeschoss; Top Elevation: 8.1; Bottom Elevation: 6; Global Top Elevation: 8.1; Global Bottom Elevation: 6; Has Own Geometry: 1; Children Have Geometry: 0; Global X: 7.8; Global Y: 9; Global Z: 6; Bounding Box Length: 1; Bounding Box Width: 0.300000000000001; Bounding Box Height: 2.1
2oHuZh$jn3ZOn02MWXDDpi,,. XDim: 1; YDim: 2.1; Project: Projekt Buerogebaeude; Building: Buerogebaeude; Storey: 2. Obergeschoss; Top Elevation: 8.1; Bottom Elevation: 6; Global Top Elevation: 8.1; Global Bottom Elevation: 6; Has Own Geometry: 1; Children Have Geometry: 0; Global X: 10.8; Global Y: 9; Global Z: 6; Bounding Box Length: 1; Bounding Box Width: 0.300000000000001; Bounding Box Height: 2.1
277gjrOzP0AgDOkqaG6qse,,. XDim: 1; YDim: 2.1; Project: Projekt Buerogebaeude; Building: Buerogebaeude; Storey: 2. Obergeschoss; Top Elevation: 8.1; Bottom Elevation: 6; Global Top Elevation: 8.1; Global Bottom Elevation: 6; Has Own Geometry: 1; Children Have Geometry: 0; Global X: 1.8; Global Y: 9; Global Z: 6; Bounding Box Length: 1; Bounding Box Width: 0.300000000000001; Bounding Box Height: 2.1
3OOVMSU1552vco0YZaaaa0,Wand-016,. GrossFootprintArea: 5.31; GrossSideArea: 48.6; GrossVolume: 14.337; Height: 2.7; Length: 18; NetSideArea: 36; NetVolume: 10.557; Width: 0.3; IsExternal: 0; LoadBearing: 1; ThermalTransmittance: 0.3; Project: Projekt Buerogebaeude; Building: Buerogebaeude; Storey: 2. Obergeschoss; Top Elevation: 8.7; Bottom Elevation: 6; Global Top Elevation: 8.7; Global Bottom Elevation: 6; Has Own Geometry: 1; Children Have Geometry: 1; Global X: 24; Global Y: 9; Global Z: 6; Bounding Box Length: 17.7; Bounding Box Width: 0.300000000000001; Bounding Box Height: 2.7; Layer: Innenwände
0Gi3szmq155eY0hFARMWBB,,. XDim: 1; YDim: 2.1; Project: Projekt Buerogebaeude; Building: Buerogebaeude; Storey: 2. Obergeschoss; Top Elevation: 8.1; Bottom Elevation: 6; Global Top Elevation: 8.1; Global Bottom Elevation: 6; Has Own Geometry: 1; Children Have Geometry: 0; Global X: 40.6; Global Y: 9; Global Z: 6; Bounding Box Length: 1; Bounding Box Width: 0.300000000000001; Bounding Box Height: 2.1
3Ll6EEY7XFIxk3rfzm712t,,. XDim: 1; YDim: 2.1; Project: Projekt Buerogebaeude; Building: Buerogebaeude; Storey: 2. Obergeschoss; Top Elevation: 8.1; Bottom Elevation: 6; Global Top Elevation: 8.1; Global Bottom Elevation: 6; Has Own Geometry: 1; Children Have Geometry: 0; Global X: 37.8; Global Y: 9; Global Z: 6; Bounding Box Length: 1; Bounding Box Width: 0.300000000000001; Bounding Box Height: 2.1
1CbYKp5zf7IQjPWTUTb01p,,. XDim: 1; YDim: 2.1; Project: Projekt Buerogebaeude; Building: Buerogebaeude; Storey: 2. Obergeschoss; Top Elevation: 8.1; Bottom Elevation: 6; Global Top Elevation: 8.1; Global Bottom Elevation: 6; Has Own Geometry: 1; Children Have Geometry: 0; Global X: 34.8; Global Y: 9; Global Z: 6; Bounding Box Length: 1; Bounding Box Width: 0.300000000000001; Bounding Box Height: 2.1
2S_4mS0NT5CwlzSJAwqsg6,,. XDim: 1; YDim: 2.1; Project: Projekt Buerogebaeude; Building: Buerogebaeude; Storey: 2. Obergeschoss; Top Elevation: 8.1; Bottom Elevation: 6; Global Top Elevation: 8.1; Global Bottom Elevation: 6; Has Own Geometry: 1; Children Have Geometry: 0; Global X: 31.8; Global Y: 9; Global Z: 6; Bounding Box Length: 1; Bounding Box Width: 0.300000000000001; Bounding Box Height: 2.1
1jfhEwFRHEDgZFpoOqpXbZ,,. XDim: 1; YDim: 2.1; Project: Projekt Buerogebaeude; Building: Buerogebaeude; Storey: 2. Obergeschoss; Top Elevation: 8.1; Bottom Elevation: 6; Global Top Elevation: 8.1; Global Bottom Elevation: 6; Has Own Geometry: 1; Children Have Geometry: 0; Global X: 28.8; Global Y: 9; Global Z: 6; Bounding Box Length: 1; Bounding Box Width: 0.300000000000001; Bounding Box Height: 2.1
26mjan88H8tQtl20$Bt4FV,,. XDim: 1; YDim: 2.1; Project: Projekt Buerogebaeude; Building: Buerogebaeude; Storey: 2. Obergeschoss; Top Elevation: 8.1; Bottom Elevation: 6; Global Top Elevation: 8.1; Global Bottom Elevation: 6; Has Own Geometry: 1; Children Have Geometry: 0; Global X: 25.8; Global Y: 9; Global Z: 6; Bounding Box Length: 1; Bounding Box Width: 0.300000000000001; Bounding Box Height: 2.1
1coZzBH1f7pxg7wn$hDQxr,Wand-014,. GrossFootprintArea: 12.42; GrossSideArea: 113.4; GrossVolume: 33.534; Height: 2.7; Length: 42; NetSideArea: 98.7; NetVolume: 29.124; Width: 0.3; IsExternal: 0; LoadBearing: 1; ThermalTransmittance: 0.3; Project: Projekt Buerogebaeude; Building: Buerogebaeude; Storey: 2. Obergeschoss; Top Elevation: 8.7; Bottom Elevation: 6; Global Top Elevation: 8.7; Global Bottom Elevation: 6; Has Own Geometry: 1; Children Have Geometry: 1; Global X: 0.300000000000001; Global Y: 6.7; Global Z: 6; Bounding Box Length: 41.4; Bounding Box Width: 0.3; Bounding Box Height: 2.7; Layer: Innenwände
2_ZTLSZgfDDRaW5G0qrGzE,,. XDim: 1; YDim: 2.1; Project: Projekt Buerogebaeude; Building: Buerogebaeude; Storey: 2. Obergeschoss; Top Elevation: 8.1; Bottom Elevation: 6; Global Top Elevation: 8.1; Global Bottom Elevation: 6; Has Own Geometry: 1; Children Have Geometry: 0; Global X: 0.399999999999999; Global Y: 6.7; Global Z: 6; Bounding Box Length: 1; Bounding Box Width: 0.3; Bounding Box Height: 2.1
3vYBQ6GQ53DwpljQqgRd3R,,. XDim: 1; YDim: 2.1; Project: Projekt Buerogebaeude; Building: Buerogebaeude; Storey: 2. Obergeschoss; Top Elevation: 8.1; Bottom Elevation: 6; Global Top Elevation: 8.1; Global Bottom Elevation: 6; Has Own Geometry: 1; Children Have Geometry: 0; Global X: 6.2; Global Y: 6.7; Global Z: 6; Bounding Box Length: 1; Bounding Box Width: 0.3; Bounding Box Height: 2.1
3j4G5$pBz58hScNqepXvJ0,,. XDim: 1; YDim: 2.1; Project: Projekt Buerogebaeude; Building: Buerogebaeude; Storey: 2. Obergeschoss; Top Elevation: 8.1; Bottom Elevation: 6; Global Top Elevation: 8.1; Global Bottom Elevation: 6; Has Own Geometry: 1; Children Have Geometry: 0; Global X: 12.2; Global Y: 6.7; Global Z: 6; Bounding Box Length: 1; Bounding Box Width: 0.3; Bounding Box Height: 2.1
2plk08Xy96lwdbn$EBsea9,,. XDim: 1; YDim: 2.1; Project: Projekt Buerogebaeude; Building: Buerogebaeude; Storey: 2. Obergeschoss; Top Elevation: 8.1; Bottom Elevation: 6; Global Top Elevation: 8.1; Global Bottom Elevation: 6; Has Own Geometry: 1; Children Have Geometry: 0; Global X: 21; Global Y: 6.7; Global Z: 6; Bounding Box Length: 1; Bounding Box Width: 0.3; Bounding Box Height: 2.1
1PZSv3LGT1bBP8zPnqQ1H6,,. XDim: 1; YDim: 2.1; Project: Projekt Buerogebaeude; Building: Buerogebaeude; Storey: 2. Obergeschoss; Top Elevation: 8.1; Bottom Elevation: 6; Global Top Elevation: 8.1; Global Bottom Elevation: 6; Has Own Geometry: 1; Children Have Geometry: 0; Global X: 36.2; Global Y: 6.7; Global Z: 6; Bounding Box Length: 1; Bounding Box Width: 0.3; Bounding Box Height: 2.1
2YfZXhcSH0p84UJkcgE5Ly,,. XDim: 1; YDim: 2.1; Project: Projekt Buerogebaeude; Building: Buerogebaeude; Storey: 2. Obergeschoss; Top Elevation: 8.1; Bottom Elevation: 6; Global Top Elevation: 8.1; Global Bottom Elevation: 6; Has Own Geometry: 1; Children Have Geometry: 0; Global X: 30.2; Global Y: 6.7; Global Z: 6; Bounding Box Length: 1; Bounding Box Width: 0.3; Bounding Box Height: 2.1
39uVQL6o1BmxvfOMefjCEM,,. XDim: 1; YDim: 2.1; Project: Projekt Buerogebaeude; Building: Buerogebaeude; Storey: 2. Obergeschoss; Top Elevation: 8.1; Bottom Elevation: 6; Global Top Elevation: 8.1; Global Bottom Elevation: 6; Has Own Geometry: 1; Children Have Geometry: 0; Global X: 25.8; Global Y: 6.7; Global Z: 6; Bounding Box Length: 1; Bounding Box Width: 0.3; Bounding Box Height: 2.1
13eMrYb7r9R8JYEJCM4rQ0,Wand-022,. GrossFootprintArea: 0.88; GrossSideArea: 13.5; GrossVolume: 2.376; Height: 2.7; Length: 5; NetSideArea: 13.5; NetVolume: 2.376; Width: 0.2; IsExternal: 0; LoadBearing: 0; ThermalTransmittance: 0.5; Project: Projekt Buerogebaeude; Building: Buerogebaeude; Storey: 2. Obergeschoss; Top Elevation: 8.7; Bottom Elevation: 6; Global Top Elevation: 8.7; Global Bottom Elevation: 6; Has Own Geometry: 1; Children Have Geometry: 0; Global X: 26.9; Global Y: 9.3; Global Z: 6; Bounding Box Length: 0.200000000000003; Bounding Box Width: 4.4; Bounding Box Height: 2.7; Layer: Innenwände
0cVuwP1qX3PP0j6C20oeL5,Wand-024,. GrossFootprintArea: 0.88; GrossSideArea: 13.5; GrossVolume: 2.376; Height: 2.7; Length: 5; NetSideArea: 13.5; NetVolume: 2.376; Width: 0.2; IsExternal: 0; LoadBearing: 0; ThermalTransmittance: 0.5; Project: Projekt Buerogebaeude; Building: Buerogebaeude; Storey: 2. Obergeschoss; Top Elevation: 8.7; Bottom Elevation: 6; Global Top Elevation: 8.7; Global Bottom Elevation: 6; Has Own Geometry: 1; Children Have Geometry: 0; Global X: 29.9; Global Y: 9.3; Global Z: 6; Bounding Box Length: 0.200000000000003; Bounding Box Width: 4.4; Bounding Box Height: 2.7; Layer: Innenwände
3aE3QOlsXEGPZvgRhCYpOH,Wand-025,. GrossFootprintArea: 0.88; GrossSideArea: 13.5; GrossVolume: 2.376; Height: 2.7; Length: 5; NetSideArea: 13.5; NetVolume: 2.376; Width: 0.2; IsExternal: 0; LoadBearing: 0; ThermalTransmittance: 0.5; Project: Projekt Buerogebaeude; Building: Buerogebaeude; Storey: 2. Obergeschoss; Top Elevation: 8.7; Bottom Elevation: 6; Global Top Elevation: 8.7; Global Bottom Elevation: 6; Has Own Geometry: 1; Children Have Geometry: 0; Global X: 32.9; Global Y: 9.3; Global Z: 6; Bounding Box Length: 0.200000000000003; Bounding Box Width: 4.4; Bounding Box Height: 2.7; Layer: Innenwände
1HjBOhu_1CKQqWZRKqFAKM,Wand-026,. GrossFootprintArea: 0.88; GrossSideArea: 13.5; GrossVolume: 2.376; Height: 2.7; Length: 5; NetSideArea: 13.5; NetVolume: 2.376; Width: 0.2; IsExternal: 0; LoadBearing: 0; ThermalTransmittance: 0.5; Project: Projekt Buerogebaeude; Building: Buerogebaeude; Storey: 2. Obergeschoss; Top Elevation: 8.7; Bottom Elevation: 6; Global Top Elevation: 8.7; Global Bottom Elevation: 6; Has Own Geometry: 1; Children Have Geometry: 0; Global X: 35.9; Global Y: 9.3; Global Z: 6; Bounding Box Length: 0.200000000000003; Bounding Box Width: 4.4; Bounding Box Height: 2.7; Layer: Innenwände
0ITxfFtMb2WvSCvmhlelOf,Wand-027,. GrossFootprintArea: 0.88; GrossSideArea: 13.5; GrossVolume: 2.376; Height: 2.7; Length: 5; NetSideArea: 13.5; NetVolume: 2.376; Width: 0.2; IsExternal: 0; LoadBearing: 0; ThermalTransmittance: 0.5; Project: Projekt Buerogebaeude; Building: Buerogebaeude; Storey: 2. Obergeschoss; Top Elevation: 8.7; Bottom Elevation: 6; Global Top Elevation: 8.7; Global Bottom Elevation: 6; Has Own Geometry: 1; Children Have Geometry: 0; Global X: 38.9; Global Y: 9.3; Global Z: 6; Bounding Box Length: 0.200000000000003; Bounding Box Width: 4.4; Bounding Box Height: 2.7; Layer: Innenwände
3BS07ph7TB6xbEqPnopfjE,Wand-020,. GrossFootprintArea: 0.88; GrossSideArea: 13.5; GrossVolume: 2.376; Height: 2.7; Length: 5; NetSideArea: 13.5; NetVolume: 2.376; Width: 0.2; IsExternal: 0; LoadBearing: 0; ThermalTransmittance: 0.5; Project: Projekt Buerogebaeude; Building: Buerogebaeude; Storey: 2. Obergeschoss; Top Elevation: 8.7; Bottom Elevation: 6; Global Top Elevation: 8.7; Global Bottom Elevation: 6; Has Own Geometry: 1; Children Have Geometry: 0; Global X: 23.9; Global Y: 2.3; Global Z: 6; Bounding Box Length: 0.200000000000003; Bounding Box Width: 4.4; Bounding Box Height: 2.7; Layer: Innenwände
3TJw0vQUj3IBtvQc_JXfwV,Wand-020,. GrossFootprintArea: 0.88; GrossSideArea: 13.5; GrossVolume: 2.376; Height: 2.7; Length: 5; NetSideArea: 13.5; NetVolume: 2.376; Width: 0.2; IsExternal: 0; LoadBearing: 0; ThermalTransmittance: 0.5; Project: Projekt Buerogebaeude; Building: Buerogebaeude; Storey: 2. Obergeschoss; Top Elevation: 8.7; Bottom Elevation: 6; Global Top Elevation: 8.7; Global Bottom Elevation: 6; Has Own Geometry: 1; Children Have Geometry: 0; Global X: 29.9; Global Y: 2.3; Global Z: 6; Bounding Box Length: 0.200000000000003; Bounding Box Width: 4.4; Bounding Box Height: 2.7; Layer: Innenwände
3Ce34IKWX0CgyqgQMLzqfn,Wand-028,. GrossFootprintArea: 0.88; GrossSideArea: 13.5; GrossVolume: 2.376; Height: 2.7; Length: 5; NetSideArea: 13.5; NetVolume: 2.376; Width: 0.2; IsExternal: 0; LoadBearing: 0; ThermalTransmittance: 0.5; Project: Projekt Buerogebaeude; Building: Buerogebaeude; Storey: 2. Obergeschoss; Top Elevation: 8.7; Bottom Elevation: 6; Global Top Elevation: 8.7; Global Bottom Elevation: 6; Has Own Geometry: 1; Children Have Geometry: 0; Global X: 35.9; Global Y: 2.3; Global Z: 6; Bounding Box Length: 0.200000000000003; Bounding Box Width: 4.4; Bounding Box Height: 2.7; Layer: Innenwände
3lO$9T1S1EYvzBiKnlJUlv,Wand-021,. GrossFootprintArea: 0.88; GrossSideArea: 13.5; GrossVolume: 2.376; Height: 2.7; Length: 5; NetSideArea: 13.5; NetVolume: 2.376; Width: 0.2; IsExternal: 0; LoadBearing: 0; ThermalTransmittance: 0.5; Project: Projekt Buerogebaeude; Building: Buerogebaeude; Storey: 2. Obergeschoss; Top Elevation: 8.7; Bottom Elevation: 6; Global Top Elevation: 8.7; Global Bottom Elevation: 6; Has Own Geometry: 1; Children Have Geometry: 0; Global X: 14.9; Global Y: 9.3; Global Z: 6; Bounding Box Length: 0.199999999999999; Bounding Box Width: 4.4; Bounding Box Height: 2.7; Layer: Innenwände
0KLaJwQuP0euIp_0e1Xccz,Wand-023,. GrossFootprintArea: 0.88; GrossSideArea: 13.5; GrossVolume: 2.376; Height: 2.7; Length: 5; NetSideArea: 13.5; NetVolume: 2.376; Width: 0.2; IsExternal: 0; LoadBearing: 0; ThermalTransmittance: 0.5; Project: Projekt Buerogebaeude; Building: Buerogebaeude; Storey: 2. Obergeschoss; Top Elevation: 8.7; Bottom Elevation: 6; Global Top Elevation: 8.7; Global Bottom Elevation: 6; Has Own Geometry: 1; Children Have Geometry: 0; Global X: 5.9; Global Y: 9.3; Global Z: 6; Bounding Box Length: 0.199999999999999; Bounding Box Width: 4.4; Bounding Box Height: 2.7; Layer: Innenwände
1qabSjaY9ExfS9$TGOdAJp,Wand-020,. GrossFootprintArea: 0.88; GrossSideArea: 13.5; GrossVolume: 2.376; Height: 2.7; Length: 5; NetSideArea: 13.5; NetVolume: 2.376; Width: 0.2; IsExternal: 0; LoadBearing: 0; ThermalTransmittance: 0.5; Project: Projekt Buerogebaeude; Building: Buerogebaeude; Storey: 2. Obergeschoss; Top Elevation: 8.7; Bottom Elevation: 6; Global Top Elevation: 8.7; Global Bottom Elevation: 6; Has Own Geometry: 1; Children Have Geometry: 0; Global X: 17.9; Global Y: 2.3; Global Z: 6; Bounding Box Length: 0.200000000000003; Bounding Box Width: 4.4; Bounding Box Height: 2.7; Layer: Innenwände
3nhdjeVj59Fg23cVlxSI2E,Wand-023,. GrossFootprintArea: 0.88; GrossSideArea: 13.5; GrossVolume: 2.376; Height: 2.7; Length: 5; NetSideArea: 13.5; NetVolume: 2.376; Width: 0.2; IsExternal: 0; LoadBearing: 0; ThermalTransmittance: 0.5; Project: Projekt Buerogebaeude; Building: Buerogebaeude; Storey: 2. Obergeschoss; Top Elevation: 8.7; Bottom Elevation: 6; Global Top Elevation: 8.7; Global Bottom Elevation: 6; Has Own Geometry: 1; Children Have Geometry: 0; Global X: 2.9; Global Y: 9.3; Global Z: 6; Bounding Box Length: 0.200000000000003; Bounding Box Width: 4.4; Bounding Box Height: 2.7; Layer: Innenwände
2AXKOsn1P81ALezwsDldNa,Wand-023,. GrossFootprintArea: 0.88; GrossSideArea: 13.5; GrossVolume: 2.376; Height: 2.7; Length: 5; NetSideArea: 13.5; NetVolume: 2.376; Width: 0.2; IsExternal: 0; LoadBearing: 0; ThermalTransmittance: 0.5; Project: Projekt Buerogebaeude; Building: Buerogebaeude; Storey: 2. Obergeschoss; Top Elevation: 8.7; Bottom Elevation: 6; Global Top Elevation: 8.7; Global Bottom Elevation: 6; Has Own Geometry: 1; Children Have Geometry: 0; Global X: 8.9; Global Y: 9.3; Global Z: 6; Bounding Box Length: 0.199999999999999; Bounding Box Width: 4.4; Bounding Box Height: 2.7; Layer: Innenwände
28SmbiP0L7jguMtcYb5tR1,Wand-023,. GrossFootprintArea: 0.88; GrossSideArea: 13.5; GrossVolume: 2.376; Height: 2.7; Length: 5; NetSideArea: 13.5; NetVolume: 2.376; Width: 0.2; IsExternal: 0; LoadBearing: 0; ThermalTransmittance: 0.5; Project: Projekt Buerogebaeude; Building: Buerogebaeude; Storey: 2. Obergeschoss; Top Elevation: 8.7; Bottom Elevation: 6; Global Top Elevation: 8.7; Global Bottom Elevation: 6; Has Own Geometry: 1; Children Have Geometry: 0; Global X: 11.9; Global Y: 9.3; Global Z: 6; Bounding Box Length: 0.199999999999999; Bounding Box Width: 4.4; Bounding Box Height: 2.7; Layer: Innenwände
0me8A0uin0PfNjrbQz004W,Wand-018,. GrossFootprintArea: 0.88; GrossSideArea: 13.5; GrossVolume: 2.376; Height: 2.7; Length: 5; NetSideArea: 13.5; NetVolume: 2.376; Width: 0.2; IsExternal: 0; LoadBearing: 0; ThermalTransmittance: 0.5; Project: Projekt Buerogebaeude; Building: Buerogebaeude; Storey: 2. Obergeschoss; Top Elevation: 8.7; Bottom Elevation: 6; Global Top Elevation: 8.7; Global Bottom Elevation: 6; Has Own Geometry: 1; Children Have Geometry: 0; Global X: 5.9; Global Y: 2.3; Global Z: 6; Bounding Box Length: 0.199999999999999; Bounding Box Width: 4.4; Bounding Box Height: 2.7; Layer: Innenwände
0Ed4kADQn1aAszmSUYcdMy,Wand-019,. GrossFootprintArea: 0.88; GrossSideArea: 13.5; GrossVolume: 2.376; Height: 2.7; Length: 5; NetSideArea: 13.5; NetVolume: 2.376; Width: 0.2; IsExternal: 0; LoadBearing: 0; ThermalTransmittance: 0.5; Project: Projekt Buerogebaeude; Building: Buerogebaeude; Storey: 2. Obergeschoss; Top Elevation: 8.7; Bottom Elevation: 6; Global Top Elevation: 8.7; Global Bottom Elevation: 6; Has Own Geometry: 1; Children Have Geometry: 0; Global X: 11.9; Global Y: 2.3; Global Z: 6; Bounding Box Length: 0.199999999999999; Bounding Box Width: 4.4; Bounding Box Height: 2.7; Layer: Innenwände
3lGf1hbrD1_BXZse2Q3o2H,Wand-003,. GrossFootprintArea: 2.01; GrossSideArea: 18.9; GrossVolume: 5.427; Height: 2.7; Length: 7; NetSideArea: 15.12; NetVolume: 4.293; Width: 0.3; IsExternal: 0; LoadBearing: 1; ThermalTransmittance: 0.3; Project: Projekt Buerogebaeude; Building: Buerogebaeude; Storey: 2. Obergeschoss; Top Elevation: 8.7; Bottom Elevation: 6; Global Top Elevation: 8.7; Global Bottom Elevation: 6; Has Own Geometry: 1; Children Have Geometry: 1; Global X: 18; Global Y: 7; Global Z: 6; Bounding Box Length: 0.300000000000001; Bounding Box Width: 6.7; Bounding Box Height: 2.7; Layer: Außenwände
0cbk8Lewn6oRf8uVYN9RVH,,. XDim: 1.8; YDim: 2.1; Project: Projekt Buerogebaeude; Building: Buerogebaeude; Storey: 2. Obergeschoss; Top Elevation: 8.1; Bottom Elevation: 6; Global Top Elevation: 8.1; Global Bottom Elevation: 6; Has Own Geometry: 1; Children Have Geometry: 0; Global X: 18; Global Y: 7.09960014; Global Z: 6; Bounding Box Length: 0.300000000000001; Bounding Box Width: 1.8; Bounding Box Height: 2.1
3FVy1CHMLCJQF_C$0WmrLQ,Wand-036,. GrossFootprintArea: 0.6; GrossSideArea: 5.4; GrossVolume: 1.62; Height: 2.7; Length: 2; NetSideArea: 5.4; NetVolume: 1.62; Width: 0.3; IsExternal: 1; LoadBearing: 1; ThermalTransmittance: 0.3; Project: Projekt Buerogebaeude; Building: Buerogebaeude; Storey: 2. Obergeschoss; Top Elevation: 8.7; Bottom Elevation: 6; Global Top Elevation: 8.7; Global Bottom Elevation: 6; Has Own Geometry: 1; Children Have Geometry: 0; Global X: 18; Global Y: 13.7; Global Z: 6; Bounding Box Length: 0.300000000000001; Bounding Box Width: 2.3; Bounding Box Height: 2.7; Layer: Außenwände
0Tam14iFj2YAFol6iPl1z$,Wand-037,. GrossFootprintArea: 0.6; GrossSideArea: 5.4; GrossVolume: 1.62; Height: 2.7; Length: 2; NetSideArea: 5.4; NetVolume: 1.62; Width: 0.3; IsExternal: 1; LoadBearing: 1; ThermalTransmittance: 0.3; Project: Projekt Buerogebaeude; Building: Buerogebaeude; Storey: 2. Obergeschoss; Top Elevation: 8.7; Bottom Elevation: 6; Global Top Elevation: 8.7; Global Bottom Elevation: 6; Has Own Geometry: 1; Children Have Geometry: 0; Global X: 23.7; Global Y: 13.7; Global Z: 6; Bounding Box Length: 0.300000000000001; Bounding Box Width: 2.3; Bounding Box Height: 2.7; Layer: Außenwände
3OyEtJg2n8hRE1aQ34Qa1Q,Wand-005,. GrossFootprintArea: 2.01; GrossSideArea: 18.9; GrossVolume: 5.427; Height: 2.7; Length: 7; NetSideArea: 15.12; NetVolume: 4.293; Width: 0.3; IsExternal: 0; LoadBearing: 1; ThermalTransmittance: 0.3; Project: Projekt Buerogebaeude; Building: Buerogebaeude; Storey: 2. Obergeschoss; Top Elevation: 8.7; Bottom Elevation: 6; Global Top Elevation: 8.7; Global Bottom Elevation: 6; Has Own Geometry: 1; Children Have Geometry: 1; Global X: 23.7; Global Y: 7; Global Z: 6; Bounding Box Length: 0.300000000000001; Bounding Box Width: 6.7; Bounding Box Height: 2.7; Layer: Außenwände
3g2LX9lGXAO9kcffUv37Qm,,. XDim: 1.8; YDim: 2.1; Project: Projekt Buerogebaeude; Building: Buerogebaeude; Storey: 2. Obergeschoss; Top Elevation: 8.1; Bottom Elevation: 6; Global Top Elevation: 8.1; Global Bottom Elevation: 6; Has Own Geometry: 1; Children Have Geometry: 0; Global X: 23.7; Global Y: 7.1; Global Z: 6; Bounding Box Length: 0.300000000000001; Bounding Box Width: 1.8; Bounding Box Height: 2.1
1K9shFYpvAiODk_sr0FdfC,Fenster-004,. IsExternal: 1; ThermalTransmittance: 1.4; Project: Projekt Buerogebaeude; Building: Buerogebaeude; Storey: 2. Obergeschoss; Top Elevation: 8.4; Bottom Elevation: 6.9; Global Top Elevation: 8.4; Global Bottom Elevation: 6.9; Has Own Geometry: 1; Children Have Geometry: 0; Global X: 1.75; Global Y: 13.81; Global Z: 6.9; Bounding Box Length: 1; Bounding Box Width: 0.0750000000000011; Bounding Box Height: 1.5; Layer: Außenwände
1xD7nIclXAbe0AcpTv8C3w,Fenster-004,. IsExternal: 1; ThermalTransmittance: 1.4; Project: Projekt Buerogebaeude; Building: Buerogebaeude; Storey: 2. Obergeschoss; Top Elevation: 8.4; Bottom Elevation: 6.9; Global Top Elevation: 8.4; Global Bottom Elevation: 6.9; Has Own Geometry: 1; Children Have Geometry: 0; Global X: 3.25; Global Y: 13.81; Global Z: 6.9; Bounding Box Length: 1; Bounding Box Width: 0.0750000000000011; Bounding Box Height: 1.5; Layer: Außenwände
2gtoeoCt9CBhiwfjH_Yl8E,Fenster-004,. IsExternal: 1; ThermalTransmittance: 1.4; Project: Projekt Buerogebaeude; Building: Buerogebaeude; Storey: 2. Obergeschoss; Top Elevation: 8.4; Bottom Elevation: 6.9; Global Top Elevation: 8.4; Global Bottom Elevation: 6.9; Has Own Geometry: 1; Children Have Geometry: 0; Global X: 4.75; Global Y: 13.81; Global Z: 6.9; Bounding Box Length: 1; Bounding Box Width: 0.0750000000000011; Bounding Box Height: 1.5; Layer: Außenwände
0LmvL42xf8o8gvekhf5kDW,Fenster-004,. IsExternal: 1; ThermalTransmittance: 1.4; Project: Projekt Buerogebaeude; Building: Buerogebaeude; Storey: 2. Obergeschoss; Top Elevation: 8.4; Bottom Elevation: 6.9; Global Top Elevation: 8.4; Global Bottom Elevation: 6.9; Has Own Geometry: 1; Children Have Geometry: 0; Global X: 6.25; Global Y: 13.81; Global Z: 6.9; Bounding Box Length: 1; Bounding Box Width: 0.0750000000000011; Bounding Box Height: 1.5; Layer: Außenwände
33rbr8lHzC9wyGLDUf1$oL,Fenster-004,. IsExternal: 1; ThermalTransmittance: 1.4; Project: Projekt Buerogebaeude; Building: Buerogebaeude; Storey: 2. Obergeschoss; Top Elevation: 8.4; Bottom Elevation: 6.9; Global Top Elevation: 8.4; Global Bottom Elevation: 6.9; Has Own Geometry: 1; Children Have Geometry: 0; Global X: 7.75; Global Y: 13.81; Global Z: 6.9; Bounding Box Length: 1; Bounding Box Width: 0.0750000000000011; Bounding Box Height: 1.5; Layer: Außenwände
3yl6250Yj7yBi59RVKlXKu,Fenster-004,. IsExternal: 1; ThermalTransmittance: 1.4; Project: Projekt Buerogebaeude; Building: Buerogebaeude; Storey: 2. Obergeschoss; Top Elevation: 8.4; Bottom Elevation: 6.9; Global Top Elevation: 8.4; Global Bottom Elevation: 6.9; Has Own Geometry: 1; Children Have Geometry: 0; Global X: 9.25; Global Y: 13.81; Global Z: 6.9; Bounding Box Length: 1; Bounding Box Width: 0.0750000000000011; Bounding Box Height: 1.5; Layer: Außenwände
0dAxB0XKHC$QriSRAuBxf6,Fenster-004,. IsExternal: 1; ThermalTransmittance: 1.4; Project: Projekt Buerogebaeude; Building: Buerogebaeude; Storey: 2. Obergeschoss; Top Elevation: 8.4; Bottom Elevation: 6.9; Global Top Elevation: 8.4; Global Bottom Elevation: 6.9; Has Own Geometry: 1; Children Have Geometry: 0; Global X: 10.75; Global Y: 13.81; Global Z: 6.9; Bounding Box Length: 1; Bounding Box Width: 0.0750000000000011; Bounding Box Height: 1.5; Layer: Außenwände
0PyP8DIl91dB01H5Na4r6n,Fenster-004,. IsExternal: 1; ThermalTransmittance: 1.4; Project: Projekt Buerogebaeude; Building: Buerogebaeude; Storey: 2. Obergeschoss; Top Elevation: 8.4; Bottom Elevation: 6.9; Global Top Elevation: 8.4; Global Bottom Elevation: 6.9; Has Own Geometry: 1; Children Have Geometry: 0; Global X: 12.25; Global Y: 13.81; Global Z: 6.9; Bounding Box Length: 1; Bounding Box Width: 0.0750000000000011; Bounding Box Height: 1.5; Layer: Außenwände
2LrttlMCD93gsPHs8eydhh,Fenster-004,. IsExternal: 1; ThermalTransmittance: 1.4; Project: Projekt Buerogebaeude; Building: Buerogebaeude; Storey: 2. Obergeschoss; Top Elevation: 8.4; Bottom Elevation: 6.9; Global Top Elevation: 8.4; Global Bottom Elevation: 6.9; Has Own Geometry: 1; Children Have Geometry: 0; Global X: 13.75; Global Y: 13.81; Global Z: 6.9; Bounding Box Length: 1; Bounding Box Width: 0.0750000000000011; Bounding Box Height: 1.5; Layer: Außenwände
3RZiJ6qDzALv1rgqlu1sqF,Fenster-004,. IsExternal: 1; ThermalTransmittance: 1.4; Project: Projekt Buerogebaeude; Building: Buerogebaeude; Storey: 2. Obergeschoss; Top Elevation: 8.4; Bottom Elevation: 6.9; Global Top Elevation: 8.4; Global Bottom Elevation: 6.9; Has Own Geometry: 1; Children Have Geometry: 0; Global X: 15.25; Global Y: 13.81; Global Z: 6.9; Bounding Box Length: 1; Bounding Box Width: 0.0750000000000011; Bounding Box Height: 1.5; Layer: Außenwände
2_X97mjPr6SfXHvLlAWVeK,Fenster-004,. IsExternal: 1; ThermalTransmittance: 1.4; Project: Projekt Buerogebaeude; Building: Buerogebaeude; Storey: 2. Obergeschoss; Top Elevation: 8.4; Bottom Elevation: 6.9; Global Top Elevation: 8.4; Global Bottom Elevation: 6.9; Has Own Geometry: 1; Children Have Geometry: 0; Global X: 16.75; Global Y: 13.81; Global Z: 6.9; Bounding Box Length: 1; Bounding Box Width: 0.0750000000000011; Bounding Box Height: 1.5; Layer: Außenwände
18w4XWKEz1fPVH$dCZCDq2,Fenster-004,. IsExternal: 1; ThermalTransmittance: 1.4; Project: Projekt Buerogebaeude; Building: Buerogebaeude; Storey: 2. Obergeschoss; Top Elevation: 8.4; Bottom Elevation: 6.9; Global Top Elevation: 8.4; Global Bottom Elevation: 6.9; Has Own Geometry: 1; Children Have Geometry: 0; Global X: 0.350000000000001; Global Y: 13.81; Global Z: 6.9; Bounding Box Length: 1; Bounding Box Width: 0.0750000000000011; Bounding Box Height: 1.5; Layer: Außenwände
2ne1IcZdrDPRb$8OCHUml1,Fenster-005,. IsExternal: 1; ThermalTransmittance: 1.4; Project: Projekt Buerogebaeude; Building: Buerogebaeude; Storey: 2. Obergeschoss; Top Elevation: 8.4; Bottom Elevation: 6.9; Global Top Elevation: 8.4; Global Bottom Elevation: 6.9; Has Own Geometry: 1; Children Have Geometry: 0; Global X: 25.75; Global Y: 13.81; Global Z: 6.9; Bounding Box Length: 1; Bounding Box Width: 0.0750000000000011; Bounding Box Height: 1.5; Layer: Außenwände
2JLDJqS39FHgmOzoWdVdP_,Fenster-005,. IsExternal: 1; ThermalTransmittance: 1.4; Project: Projekt Buerogebaeude; Building: Buerogebaeude; Storey: 2. Obergeschoss; Top Elevation: 8.4; Bottom Elevation: 6.9; Global Top Elevation: 8.4; Global Bottom Elevation: 6.9; Has Own Geometry: 1; Children Have Geometry: 0; Global X: 27.25; Global Y: 13.81; Global Z: 6.9; Bounding Box Length: 1; Bounding Box Width: 0.0750000000000011; Bounding Box Height: 1.5; Layer: Außenwände
06IfVSEn91UgGayOp3O7IE,Fenster-005,. IsExternal: 1; ThermalTransmittance: 1.4; Project: Projekt Buerogebaeude; Building: Buerogebaeude; Storey: 2. Obergeschoss; Top Elevation: 8.4; Bottom Elevation: 6.9; Global Top Elevation: 8.4; Global Bottom Elevation: 6.9; Has Own Geometry: 1; Children Have Geometry: 0; Global X: 28.75; Global Y: 13.81; Global Z: 6.9; Bounding Box Length: 1; Bounding Box Width: 0.0750000000000011; Bounding Box Height: 1.5; Layer: Außenwände
31Q_5FuqX07QgicqF9UALl,Fenster-005,. IsExternal: 1; ThermalTransmittance: 1.4; Project: Projekt Buerogebaeude; Building: Buerogebaeude; Storey: 2. Obergeschoss; Top Elevation: 8.4; Bottom Elevation: 6.9; Global Top Elevation: 8.4; Global Bottom Elevation: 6.9; Has Own Geometry: 1; Children Have Geometry: 0; Global X: 30.25; Global Y: 13.81; Global Z: 6.9; Bounding Box Length: 1; Bounding Box Width: 0.0750000000000011; Bounding Box Height: 1.5; Layer: Außenwände
2C5lQ3NhPCegfTg9Z1ac7G,Fenster-005,. IsExternal: 1; ThermalTransmittance: 1.4; Project: Projekt Buerogebaeude; Building: Buerogebaeude; Storey: 2. Obergeschoss; Top Elevation: 8.4; Bottom Elevation: 6.9; Global Top Elevation: 8.4; Global Bottom Elevation: 6.9; Has Own Geometry: 1; Children Have Geometry: 0; Global X: 31.75; Global Y: 13.81; Global Z: 6.9; Bounding Box Length: 1; Bounding Box Width: 0.0750000000000011; Bounding Box Height: 1.5; Layer: Außenwände
1oYD_Z9ybB_h3cLF0sBrlO,Fenster-005,. IsExternal: 1; ThermalTransmittance: 1.4; Project: Projekt Buerogebaeude; Building: Buerogebaeude; Storey: 2. Obergeschoss; Top Elevation: 8.4; Bottom Elevation: 6.9; Global Top Elevation: 8.4; Global Bottom Elevation: 6.9; Has Own Geometry: 1; Children Have Geometry: 0; Global X: 33.25; Global Y: 13.81; Global Z: 6.9; Bounding Box Length: 1; Bounding Box Width: 0.0750000000000011; Bounding Box Height: 1.5; Layer: Außenwände
3wtmcFknrEIBf$$ZaZkjsa,Fenster-005,. IsExternal: 1; ThermalTransmittance: 1.4; Project: Projekt Buerogebaeude; Building: Buerogebaeude; Storey: 2. Obergeschoss; Top Elevation: 8.4; Bottom Elevation: 6.9; Global Top Elevation: 8.4; Global Bottom Elevation: 6.9; Has Own Geometry: 1; Children Have Geometry: 0; Global X: 34.75; Global Y: 13.81; Global Z: 6.9; Bounding Box Length: 1; Bounding Box Width: 0.0750000000000011; Bounding Box Height: 1.5; Layer: Außenwände
1lUbm8UC9BRhi6_rj8flXo,Fenster-005,. IsExternal: 1; ThermalTransmittance: 1.4; Project: Projekt Buerogebaeude; Building: Buerogebaeude; Storey: 2. Obergeschoss; Top Elevation: 8.4; Bottom Elevation: 6.9; Global Top Elevation: 8.4; Global Bottom Elevation: 6.9; Has Own Geometry: 1; Children Have Geometry: 0; Global X: 36.25; Global Y: 13.81; Global Z: 6.9; Bounding Box Length: 1; Bounding Box Width: 0.0750000000000011; Bounding Box Height: 1.5; Layer: Außenwände
3u9W_RePLF$fFnvEZnhAA3,Fenster-005,. IsExternal: 1; ThermalTransmittance: 1.4; Project: Projekt Buerogebaeude; Building: Buerogebaeude; Storey: 2. Obergeschoss; Top Elevation: 8.4; Bottom Elevation: 6.9; Global Top Elevation: 8.4; Global Bottom Elevation: 6.9; Has Own Geometry: 1; Children Have Geometry: 0; Global X: 37.75; Global Y: 13.81; Global Z: 6.9; Bounding Box Length: 1; Bounding Box Width: 0.0750000000000011; Bounding Box Height: 1.5; Layer: Außenwände
1UJnRoYuXDo8ukuFR0M0uj,Fenster-005,. IsExternal: 1; ThermalTransmittance: 1.4; Project: Projekt Buerogebaeude; Building: Buerogebaeude; Storey: 2. Obergeschoss; Top Elevation: 8.4; Bottom Elevation: 6.9; Global Top Elevation: 8.4; Global Bottom Elevation: 6.9; Has Own Geometry: 1; Children Have Geometry: 0; Global X: 39.25; Global Y: 13.81; Global Z: 6.9; Bounding Box Length: 1; Bounding Box Width: 0.0750000000000011; Bounding Box Height: 1.5; Layer: Außenwände
2zTK8GIWP5CPRPLmzfTLA_,Fenster-005,. IsExternal: 1; ThermalTransmittance: 1.4; Project: Projekt Buerogebaeude; Building: Buerogebaeude; Storey: 2. Obergeschoss; Top Elevation: 8.4; Bottom Elevation: 6.9; Global Top Elevation: 8.4; Global Bottom Elevation: 6.9; Has Own Geometry: 1; Children Have Geometry: 0; Global X: 24.25; Global Y: 13.81; Global Z: 6.9; Bounding Box Length: 1; Bounding Box Width: 0.0750000000000011; Bounding Box Height: 1.5; Layer: Außenwände
0BEDAo9y13gQ0v5BiWlobp,Fenster-005,. IsExternal: 1; ThermalTransmittance: 1.4; Project: Projekt Buerogebaeude; Building: Buerogebaeude; Storey: 2. Obergeschoss; Top Elevation: 8.4; Bottom Elevation: 6.9; Global Top Elevation: 8.4; Global Bottom Elevation: 6.9; Has Own Geometry: 1; Children Have Geometry: 0; Global X: 40.65; Global Y: 13.81; Global Z: 6.9; Bounding Box Length: 1; Bounding Box Width: 0.0750000000000011; Bounding Box Height: 1.5; Layer: Außenwände
2Q31NM555AyhJre_5CK6sQ,Fenster-007,. IsExternal: 1; ThermalTransmittance: 1.4; Project: Projekt Buerogebaeude; Building: Buerogebaeude; Storey: 2. Obergeschoss; Top Elevation: 8.4; Bottom Elevation: 6.9; Global Top Elevation: 8.4; Global Bottom Elevation: 6.9; Has Own Geometry: 1; Children Have Geometry: 0; Global X: 41.81; Global Y: 7.55; Global Z: 6.9; Bounding Box Length: 0.0750000000000028; Bounding Box Width: 0.899999999999999; Bounding Box Height: 1.5; Layer: Außenwände
2hwuUNMpz9AAsYWleNcUZN,Fenster-006,. IsExternal: 1; ThermalTransmittance: 1.4; Project: Projekt Buerogebaeude; Building: Buerogebaeude; Storey: 2. Obergeschoss; Top Elevation: 8.4; Bottom Elevation: 6.9; Global Top Elevation: 8.4; Global Bottom Elevation: 6.9; Has Own Geometry: 1; Children Have Geometry: 0; Global X: 0.115000000000002; Global Y: 7.55; Global Z: 6.9; Bounding Box Length: 0.0749999999999993; Bounding Box Width: 0.9; Bounding Box Height: 1.5; Layer: Außenwände
1gxRBxWbf8oRRUychif_cc,Fenster-002,. IsExternal: 1; ThermalTransmittance: 1.4; Project: Projekt Buerogebaeude; Building: Buerogebaeude; Storey: 2. Obergeschoss; Top Elevation: 8.4; Bottom Elevation: 6.9; Global Top Elevation: 8.4; Global Bottom Elevation: 6.9; Has Own Geometry: 1; Children Have Geometry: 0; Global X: 1.75; Global Y: 2.115; Global Z: 6.9; Bounding Box Length: 1; Bounding Box Width: 0.0750000000000002; Bounding Box Height: 1.5; Layer: Außenwände
00UNrXETv7oftJb4TQUHq4,Fenster-002,. IsExternal: 1; ThermalTransmittance: 1.4; Project: Projekt Buerogebaeude; Building: Buerogebaeude; Storey: 2. Obergeschoss; Top Elevation: 8.4; Bottom Elevation: 6.9; Global Top Elevation: 8.4; Global Bottom Elevation: 6.9; Has Own Geometry: 1; Children Have Geometry: 0; Global X: 3.25; Global Y: 2.115; Global Z: 6.9; Bounding Box Length: 1; Bounding Box Width: 0.0750000000000002; Bounding Box Height: 1.5; Layer: Außenwände
14E0a5PTb3iemHibLOvZOK,Fenster-002,. IsExternal: 1; ThermalTransmittance: 1.4; Project: Projekt Buerogebaeude; Building: Buerogebaeude; Storey: 2. Obergeschoss; Top Elevation: 8.4; Bottom Elevation: 6.9; Global Top Elevation: 8.4; Global Bottom Elevation: 6.9; Has Own Geometry: 1; Children Have Geometry: 0; Global X: 4.75; Global Y: 2.115; Global Z: 6.9; Bounding Box Length: 1; Bounding Box Width: 0.0750000000000002; Bounding Box Height: 1.5; Layer: Außenwände
28pY$eTgz34vpE27jGTytk,Fenster-002,. IsExternal: 1; ThermalTransmittance: 1.4; Project: Projekt Buerogebaeude; Building: Buerogebaeude; Storey: 2. Obergeschoss; Top Elevation: 8.4; Bottom Elevation: 6.9; Global Top Elevation: 8.4; Global Bottom Elevation: 6.9; Has Own Geometry: 1; Children Have Geometry: 0; Global X: 6.25; Global Y: 2.115; Global Z: 6.9; Bounding Box Length: 1; Bounding Box Width: 0.0750000000000002; Bounding Box Height: 1.5; Layer: Außenwände
2dUUX5v1j6ofLpFT0PekPV,Fenster-002,. IsExternal: 1; ThermalTransmittance: 1.4; Project: Projekt Buerogebaeude; Building: Buerogebaeude; Storey: 2. Obergeschoss; Top Elevation: 8.4; Bottom Elevation: 6.9; Global Top Elevation: 8.4; Global Bottom Elevation: 6.9; Has Own Geometry: 1; Children Have Geometry: 0; Global X: 7.75; Global Y: 2.115; Global Z: 6.9; Bounding Box Length: 1; Bounding Box Width: 0.0750000000000002; Bounding Box Height: 1.5; Layer: Außenwände
2wzUmDh8LD9BcIe4cEFuli,Fenster-002,. IsExternal: 1; ThermalTransmittance: 1.4; Project: Projekt Buerogebaeude; Building: Buerogebaeude; Storey: 2. Obergeschoss; Top Elevation: 8.4; Bottom Elevation: 6.9; Global Top Elevation: 8.4; Global Bottom Elevation: 6.9; Has Own Geometry: 1; Children Have Geometry: 0; Global X: 9.25; Global Y: 2.115; Global Z: 6.9; Bounding Box Length: 1; Bounding Box Width: 0.0750000000000002; Bounding Box Height: 1.5; Layer: Außenwände
3XWJoOAe95r84KuBtu9JdR,Fenster-002,. IsExternal: 1; ThermalTransmittance: 1.4; Project: Projekt Buerogebaeude; Building: Buerogebaeude; Storey: 2. Obergeschoss; Top Elevation: 8.4; Bottom Elevation: 6.9; Global Top Elevation: 8.4; Global Bottom Elevation: 6.9; Has Own Geometry: 1; Children Have Geometry: 0; Global X: 10.75; Global Y: 2.115; Global Z: 6.9; Bounding Box Length: 1; Bounding Box Width: 0.0750000000000002; Bounding Box Height: 1.5; Layer: Außenwände
16PPPa8vv5HuPkSmln13OV,Fenster-002,. IsExternal: 1; ThermalTransmittance: 1.4; Project: Projekt Buerogebaeude; Building: Buerogebaeude; Storey: 2. Obergeschoss; Top Elevation: 8.4; Bottom Elevation: 6.9; Global Top Elevation: 8.4; Global Bottom Elevation: 6.9; Has Own Geometry: 1; Children Have Geometry: 0; Global X: 12.25; Global Y: 2.115; Global Z: 6.9; Bounding Box Length: 1; Bounding Box Width: 0.0750000000000002; Bounding Box Height: 1.5; Layer: Außenwände
1xlLX8Zrj9wAZCni6ROM5N,Fenster-002,. IsExternal: 1; ThermalTransmittance: 1.4; Project: Projekt Buerogebaeude; Building: Buerogebaeude; Storey: 2. Obergeschoss; Top Elevation: 8.4; Bottom Elevation: 6.9; Global Top Elevation: 8.4; Global Bottom Elevation: 6.9; Has Own Geometry: 1; Children Have Geometry: 0; Global X: 13.75; Global Y: 2.115; Global Z: 6.9; Bounding Box Length: 1; Bounding Box Width: 0.0750000000000002; Bounding Box Height: 1.5; Layer: Außenwände
0J1SwSeib5NelMocEXw8uQ,Fenster-002,. IsExternal: 1; ThermalTransmittance: 1.4; Project: Projekt Buerogebaeude; Building: Buerogebaeude; Storey: 2. Obergeschoss; Top Elevation: 8.4; Bottom Elevation: 6.9; Global Top Elevation: 8.4; Global Bottom Elevation: 6.9; Has Own Geometry: 1; Children Have Geometry: 0; Global X: 15.25; Global Y: 2.115; Global Z: 6.9; Bounding Box Length: 1; Bounding Box Width: 0.0750000000000002; Bounding Box Height: 1.5; Layer: Außenwände
1lclf89IDDS8I01Hi8Sb8Z,Fenster-002,. IsExternal: 1; ThermalTransmittance: 1.4; Project: Projekt Buerogebaeude; Building: Buerogebaeude; Storey: 2. Obergeschoss; Top Elevation: 8.4; Bottom Elevation: 6.9; Global Top Elevation: 8.4; Global Bottom Elevation: 6.9; Has Own Geometry: 1; Children Have Geometry: 0; Global X: 16.75; Global Y: 2.115; Global Z: 6.9; Bounding Box Length: 1; Bounding Box Width: 0.0750000000000002; Bounding Box Height: 1.5; Layer: Außenwände
0QgcTUhxfBlRUTxmdrocfw,Fenster-002,. IsExternal: 1; ThermalTransmittance: 1.4; Project: Projekt Buerogebaeude; Building: Buerogebaeude; Storey: 2. Obergeschoss; Top Elevation: 8.4; Bottom Elevation: 6.9; Global Top Elevation: 8.4; Global Bottom Elevation: 6.9; Has Own Geometry: 1; Children Have Geometry: 0; Global X: 18.25; Global Y: 2.115; Global Z: 6.9; Bounding Box Length: 1; Bounding Box Width: 0.0750000000000002; Bounding Box Height: 1.5; Layer: Außenwände
0r2Ds1$6P2DwQ4MwKwJura,Fenster-002,. IsExternal: 1; ThermalTransmittance: 1.4; Project: Projekt Buerogebaeude; Building: Buerogebaeude; Storey: 2. Obergeschoss; Top Elevation: 8.4; Bottom Elevation: 6.9; Global Top Elevation: 8.4; Global Bottom Elevation: 6.9; Has Own Geometry: 1; Children Have Geometry: 0; Global X: 19.75; Global Y: 2.115; Global Z: 6.9; Bounding Box Length: 1; Bounding Box Width: 0.0750000000000002; Bounding Box Height: 1.5; Layer: Außenwände
3f7Fz2Ssb9qBEvcT1P5nR5,Fenster-002,. IsExternal: 1; ThermalTransmittance: 1.4; Project: Projekt Buerogebaeude; Building: Buerogebaeude; Storey: 2. Obergeschoss; Top Elevation: 8.4; Bottom Elevation: 6.9; Global Top Elevation: 8.4; Global Bottom Elevation: 6.9; Has Own Geometry: 1; Children Have Geometry: 0; Global X: 21.25; Global Y: 2.115; Global Z: 6.9; Bounding Box Length: 1; Bounding Box Width: 0.0750000000000002; Bounding Box Height: 1.5; Layer: Außenwände
13abvHCs97gOGS1VyTZ36D,Fenster-002,. IsExternal: 1; ThermalTransmittance: 1.4; Project: Projekt Buerogebaeude; Building: Buerogebaeude; Storey: 2. Obergeschoss; Top Elevation: 8.4; Bottom Elevation: 6.9; Global Top Elevation: 8.4; Global Bottom Elevation: 6.9; Has Own Geometry: 1; Children Have Geometry: 0; Global X: 22.75; Global Y: 2.115; Global Z: 6.9; Bounding Box Length: 1; Bounding Box Width: 0.0750000000000002; Bounding Box Height: 1.5; Layer: Außenwände
3FhKOKIeb8QOyMFfTkmffU,Fenster-002,. IsExternal: 1; ThermalTransmittance: 1.4; Project: Projekt Buerogebaeude; Building: Buerogebaeude; Storey: 2. Obergeschoss; Top Elevation: 8.4; Bottom Elevation: 6.9; Global Top Elevation: 8.4; Global Bottom Elevation: 6.9; Has Own Geometry: 1; Children Have Geometry: 0; Global X: 24.25; Global Y: 2.115; Global Z: 6.9; Bounding Box Length: 1; Bounding Box Width: 0.0750000000000002; Bounding Box Height: 1.5; Layer: Außenwände
22mYo$ZgTCP90ywROIM98L,Fenster-002,. IsExternal: 1; ThermalTransmittance: 1.4; Project: Projekt Buerogebaeude; Building: Buerogebaeude; Storey: 2. Obergeschoss; Top Elevation: 8.4; Bottom Elevation: 6.9; Global Top Elevation: 8.4; Global Bottom Elevation: 6.9; Has Own Geometry: 1; Children Have Geometry: 0; Global X: 25.75; Global Y: 2.115; Global Z: 6.9; Bounding Box Length: 1; Bounding Box Width: 0.0750000000000002; Bounding Box Height: 1.5; Layer: Außenwände
0yxjkv3wvEtQPAWliouV$u,Fenster-002,. IsExternal: 1; ThermalTransmittance: 1.4; Project: Projekt Buerogebaeude; Building: Buerogebaeude; Storey: 2. Obergeschoss; Top Elevation: 8.4; Bottom Elevation: 6.9; Global Top Elevation: 8.4; Global Bottom Elevation: 6.9; Has Own Geometry: 1; Children Have Geometry: 0; Global X: 27.25; Global Y: 2.115; Global Z: 6.9; Bounding Box Length: 1; Bounding Box Width: 0.0750000000000002; Bounding Box Height: 1.5; Layer: Außenwände
0lSCVI_pz9aRsLneS8b7BY,Fenster-002,. IsExternal: 1; ThermalTransmittance: 1.4; Project: Projekt Buerogebaeude; Building: Buerogebaeude; Storey: 2. Obergeschoss; Top Elevation: 8.4; Bottom Elevation: 6.9; Global Top Elevation: 8.4; Global Bottom Elevation: 6.9; Has Own Geometry: 1; Children Have Geometry: 0; Global X: 28.75; Global Y: 2.115; Global Z: 6.9; Bounding Box Length: 1; Bounding Box Width: 0.0750000000000002; Bounding Box Height: 1.5; Layer: Außenwände
2MQJI38fb4kxSZGQpeIRXv,Fenster-002,. IsExternal: 1; ThermalTransmittance: 1.4; Project: Projekt Buerogebaeude; Building: Buerogebaeude; Storey: 2. Obergeschoss; Top Elevation: 8.4; Bottom Elevation: 6.9; Global Top Elevation: 8.4; Global Bottom Elevation: 6.9; Has Own Geometry: 1; Children Have Geometry: 0; Global X: 30.25; Global Y: 2.115; Global Z: 6.9; Bounding Box Length: 1; Bounding Box Width: 0.0750000000000002; Bounding Box Height: 1.5; Layer: Außenwände
1$pDx4kq9D$Qv87vSmRHF1,Fenster-002,. IsExternal: 1; ThermalTransmittance: 1.4; Project: Projekt Buerogebaeude; Building: Buerogebaeude; Storey: 2. Obergeschoss; Top Elevation: 8.4; Bottom Elevation: 6.9; Global Top Elevation: 8.4; Global Bottom Elevation: 6.9; Has Own Geometry: 1; Children Have Geometry: 0; Global X: 31.75; Global Y: 2.115; Global Z: 6.9; Bounding Box Length: 1; Bounding Box Width: 0.0750000000000002; Bounding Box Height: 1.5; Layer: Außenwände
2eQ15rBnD9bQnYtYvsSlv$,Fenster-002,. IsExternal: 1; ThermalTransmittance: 1.4; Project: Projekt Buerogebaeude; Building: Buerogebaeude; Storey: 2. Obergeschoss; Top Elevation: 8.4; Bottom Elevation: 6.9; Global Top Elevation: 8.4; Global Bottom Elevation: 6.9; Has Own Geometry: 1; Children Have Geometry: 0; Global X: 33.25; Global Y: 2.115; Global Z: 6.9; Bounding Box Length: 1; Bounding Box Width: 0.0750000000000002; Bounding Box Height: 1.5; Layer: Außenwände
0i6DZZR0v0YxdGB37YLlHt,Fenster-002,. IsExternal: 1; ThermalTransmittance: 1.4; Project: Projekt Buerogebaeude; Building: Buerogebaeude; Storey: 2. Obergeschoss; Top Elevation: 8.4; Bottom Elevation: 6.9; Global Top Elevation: 8.4; Global Bottom Elevation: 6.9; Has Own Geometry: 1; Children Have Geometry: 0; Global X: 34.75; Global Y: 2.115; Global Z: 6.9; Bounding Box Length: 1; Bounding Box Width: 0.0750000000000002; Bounding Box Height: 1.5; Layer: Außenwände
1U75ejClv3dQdMZ31HFglJ,Fenster-002,. IsExternal: 1; ThermalTransmittance: 1.4; Project: Projekt Buerogebaeude; Building: Buerogebaeude; Storey: 2. Obergeschoss; Top Elevation: 8.4; Bottom Elevation: 6.9; Global Top Elevation: 8.4; Global Bottom Elevation: 6.9; Has Own Geometry: 1; Children Have Geometry: 0; Global X: 36.25; Global Y: 2.115; Global Z: 6.9; Bounding Box Length: 1; Bounding Box Width: 0.0750000000000002; Bounding Box Height: 1.5; Layer: Außenwände
0qcoNAafTDehoCiz4cM6tx,Fenster-002,. IsExternal: 1; ThermalTransmittance: 1.4; Project: Projekt Buerogebaeude; Building: Buerogebaeude; Storey: 2. Obergeschoss; Top Elevation: 8.4; Bottom Elevation: 6.9; Global Top Elevation: 8.4; Global Bottom Elevation: 6.9; Has Own Geometry: 1; Children Have Geometry: 0; Global X: 37.75; Global Y: 2.115; Global Z: 6.9; Bounding Box Length: 1; Bounding Box Width: 0.0750000000000002; Bounding Box Height: 1.5; Layer: Außenwände
3cTqMaSBr3wfxDe7CbRYyh,Fenster-002,. IsExternal: 1; ThermalTransmittance: 1.4; Project: Projekt Buerogebaeude; Building: Buerogebaeude; Storey: 2. Obergeschoss; Top Elevation: 8.4; Bottom Elevation: 6.9; Global Top Elevation: 8.4; Global Bottom Elevation: 6.9; Has Own Geometry: 1; Children Have Geometry: 0; Global X: 39.25; Global Y: 2.115; Global Z: 6.9; Bounding Box Length: 1; Bounding Box Width: 0.0750000000000002; Bounding Box Height: 1.5; Layer: Außenwände
2FZD1g3DX6Lf1xKxpeANT$,Fenster-002,. IsExternal: 1; ThermalTransmittance: 1.4; Project: Projekt Buerogebaeude; Building: Buerogebaeude; Storey: 2. Obergeschoss; Top Elevation: 8.4; Bottom Elevation: 6.9; Global Top Elevation: 8.4; Global Bottom Elevation: 6.9; Has Own Geometry: 1; Children Have Geometry: 0; Global X: 0.350000000000001; Global Y: 2.115; Global Z: 6.9; Bounding Box Length: 1; Bounding Box Width: 0.0750000000000002; Bounding Box Height: 1.5; Layer: Außenwände
1OQ6lS92bEv8IU1oObylOf,Fenster-002,. IsExternal: 1; ThermalTransmittance: 1.4; Project: Projekt Buerogebaeude; Building: Buerogebaeude; Storey: 2. Obergeschoss; Top Elevation: 8.4; Bottom Elevation: 6.9; Global Top Elevation: 8.4; Global Bottom Elevation: 6.9; Has Own Geometry: 1; Children Have Geometry: 0; Global X: 40.65; Global Y: 2.115; Global Z: 6.9; Bounding Box Length: 1; Bounding Box Width: 0.0750000000000002; Bounding Box Height: 1.5; Layer: Außenwände
2GIKSl4yvD7wO8pi7zg$sQ,Tür-014,. IsExternal: 0; ThermalTransmittance: 1.4; Project: Projekt Buerogebaeude; Building: Buerogebaeude; Storey: 2. Obergeschoss; Top Elevation: 8.1; Bottom Elevation: 6; Global Top Elevation: 8.1; Global Bottom Elevation: 6; Has Own Geometry: 1; Children Have Geometry: 0; Global X: 15.2; Global Y: 9.085; Global Z: 6; Bounding Box Length: 1; Bounding Box Width: 0.0999999999999996; Bounding Box Height: 2.1; Layer: Innenwände
3UcRuggsrAXPWkQpXc3dLn,Tür-015,. IsExternal: 0; ThermalTransmittance: 1.4; Project: Projekt Buerogebaeude; Building: Buerogebaeude; Storey: 2. Obergeschoss; Top Elevation: 8.1; Bottom Elevation: 6; Global Top Elevation: 8.1; Global Bottom Elevation: 6; Has Own Geometry: 1; Children Have Geometry: 0; Global X: 13.8; Global Y: 9.085; Global Z: 6; Bounding Box Length: 1; Bounding Box Width: 0.0999999999999996; Bounding Box Height: 2.1; Layer: Innenwände
3KiAVCT1D1t8Xn0nRB8nld,Tuer-016,. IsExternal: 0; ThermalTransmittance: 1.4; Project: Projekt Buerogebaeude; Building: Buerogebaeude; Storey: 2. Obergeschoss; Top Elevation: 8.1; Bottom Elevation: 6; Global Top Elevation: 8.1; Global Bottom Elevation: 6; Has Own Geometry: 1; Children Have Geometry: 0; Global X: 4.8; Global Y: 9.085; Global Z: 6; Bounding Box Length: 1; Bounding Box Width: 0.0999999999999996; Bounding Box Height: 2.1; Layer: Innenwände
2ijDjejvTCZvZnfGVKFht6,Tür-016,. IsExternal: 0; ThermalTransmittance: 1.4; Project: Projekt Buerogebaeude; Building: Buerogebaeude; Storey: 2. Obergeschoss; Top Elevation: 8.1; Bottom Elevation: 6; Global Top Elevation: 8.1; Global Bottom Elevation: 6; Has Own Geometry: 1; Children Have Geometry: 0; Global X: 7.8; Global Y: 9.085; Global Z: 6; Bounding Box Length: 1; Bounding Box Width: 0.0999999999999996; Bounding Box Height: 2.1; Layer: Innenwände
0WVkDf7jjAGhdceJ18iI2g,Tür-016,. IsExternal: 0; ThermalTransmittance: 1.4; Project: Projekt Buerogebaeude; Building: Buerogebaeude; Storey: 2. Obergeschoss; Top Elevation: 8.1; Bottom Elevation: 6; Global Top Elevation: 8.1; Global Bottom Elevation: 6; Has Own Geometry: 1; Children Have Geometry: 0; Global X: 10.8; Global Y: 9.085; Global Z: 6; Bounding Box Length: 1; Bounding Box Width: 0.0999999999999996; Bounding Box Height: 2.1; Layer: Innenwände
2VJpmvlMLEvOKD0Mb9hAiw,Tuer-016,. IsExternal: 0; ThermalTransmittance: 1.4; Project: Projekt Buerogebaeude; Building: Buerogebaeude; Storey: 2. Obergeschoss; Top Elevation: 8.1; Bottom Elevation: 6; Global Top Elevation: 8.1; Global Bottom Elevation: 6; Has Own Geometry: 1; Children Have Geometry: 0; Global X: 1.8; Global Y: 9.085; Global Z: 6; Bounding Box Length: 1; Bounding Box Width: 0.0999999999999996; Bounding Box Height: 2.1; Layer: Innenwände
1ufhCZbhH2Ifud2RWdYCPS,Tür-008,. IsExternal: 0; ThermalTransmittance: 1.4; Project: Projekt Buerogebaeude; Building: Buerogebaeude; Storey: 2. Obergeschoss; Top Elevation: 8.1; Bottom Elevation: 6; Global Top Elevation: 8.1; Global Bottom Elevation: 6; Has Own Geometry: 1; Children Have Geometry: 0; Global X: 40.6; Global Y: 9.085; Global Z: 6; Bounding Box Length: 1; Bounding Box Width: 0.0999999999999996; Bounding Box Height: 2.1; Layer: Innenwände
3mQi89EHb4rOWufyKZfZhB,Tür-009,. IsExternal: 0; ThermalTransmittance: 1.4; Project: Projekt Buerogebaeude; Building: Buerogebaeude; Storey: 2. Obergeschoss; Top Elevation: 8.1; Bottom Elevation: 6; Global Top Elevation: 8.1; Global Bottom Elevation: 6; Has Own Geometry: 1; Children Have Geometry: 0; Global X: 37.8; Global Y: 9.085; Global Z: 6; Bounding Box Length: 1; Bounding Box Width: 0.0999999999999996; Bounding Box Height: 2.1; Layer: Innenwände
24UZuOfCf3JhP_9U8SWMuK,Tür-010,. IsExternal: 0; ThermalTransmittance: 1.4; Project: Projekt Buerogebaeude; Building: Buerogebaeude; Storey: 2. Obergeschoss; Top Elevation: 8.1; Bottom Elevation: 6; Global Top Elevation: 8.1; Global Bottom Elevation: 6; Has Own Geometry: 1; Children Have Geometry: 0; Global X: 34.8; Global Y: 9.085; Global Z: 6; Bounding Box Length: 1; Bounding Box Width: 0.0999999999999996; Bounding Box Height: 2.1; Layer: Innenwände
3uYK2H0E52Qhz8bK3APcca,Tür-011,. IsExternal: 0; ThermalTransmittance: 1.4; Project: Projekt Buerogebaeude; Building: Buerogebaeude; Storey: 2. Obergeschoss; Top Elevation: 8.1; Bottom Elevation: 6; Global Top Elevation: 8.1; Global Bottom Elevation: 6; Has Own Geometry: 1; Children Have Geometry: 0; Global X: 31.8; Global Y: 9.085; Global Z: 6; Bounding Box Length: 1; Bounding Box Width: 0.0999999999999996; Bounding Box Height: 2.1; Layer: Innenwände
0CFMpIkEzADxWz$xDSGgek,Tür-012,. IsExternal: 0; ThermalTransmittance: 1.4; Project: Projekt Buerogebaeude; Building: Buerogebaeude; Storey: 2. Obergeschoss; Top Elevation: 8.1; Bottom Elevation: 6; Global Top Elevation: 8.1; Global Bottom Elevation: 6; Has Own Geometry: 1; Children Have Geometry: 0; Global X: 28.8; Global Y: 9.085; Global Z: 6; Bounding Box Length: 1; Bounding Box Width: 0.0999999999999996; Bounding Box Height: 2.1; Layer: Innenwände
2wCVZFSRnBZ8YJ5Ri$bwG7,Tür-013,. IsExternal: 0; ThermalTransmittance: 1.4; Project: Projekt Buerogebaeude; Building: Buerogebaeude; Storey: 2. Obergeschoss; Top Elevation: 8.1; Bottom Elevation: 6; Global Top Elevation: 8.1; Global Bottom Elevation: 6; Has Own Geometry: 1; Children Have Geometry: 0; Global X: 25.8; Global Y: 9.085; Global Z: 6; Bounding Box Length: 1; Bounding Box Width: 0.0999999999999996; Bounding Box Height: 2.1; Layer: Innenwände
1EjnchXi9Esx$bY6vHG2RD,Tür-002,. IsExternal: 0; ThermalTransmittance: 1.4; Project: Projekt Buerogebaeude; Building: Buerogebaeude; Storey: 2. Obergeschoss; Top Elevation: 8.1; Bottom Elevation: 6; Global Top Elevation: 8.1; Global Bottom Elevation: 6; Has Own Geometry: 1; Children Have Geometry: 0; Global X: 0.399999999999999; Global Y: 6.815; Global Z: 6; Bounding Box Length: 1; Bounding Box Width: 0.100000000000001; Bounding Box Height: 2.1; Layer: Innenwände
0o6iTaAHzAQ9cd4xHGAaOG,Tür-004,. IsExternal: 0; ThermalTransmittance: 1.4; Project: Projekt Buerogebaeude; Building: Buerogebaeude; Storey: 2. Obergeschoss; Top Elevation: 8.1; Bottom Elevation: 6; Global Top Elevation: 8.1; Global Bottom Elevation: 6; Has Own Geometry: 1; Children Have Geometry: 0; Global X: 6.2; Global Y: 6.815; Global Z: 6; Bounding Box Length: 1; Bounding Box Width: 0.100000000000001; Bounding Box Height: 2.1; Layer: Innenwände
1uDQb3wH95JQTlYH_Y617r,Tür-005,. IsExternal: 0; ThermalTransmittance: 1.4; Project: Projekt Buerogebaeude; Building: Buerogebaeude; Storey: 2. Obergeschoss; Top Elevation: 8.1; Bottom Elevation: 6; Global Top Elevation: 8.1; Global Bottom Elevation: 6; Has Own Geometry: 1; Children Have Geometry: 0; Global X: 12.2; Global Y: 6.815; Global Z: 6; Bounding Box Length: 1; Bounding Box Width: 0.100000000000001; Bounding Box Height: 2.1; Layer: Innenwände
2rfNFYnCT2WAXMkqZ5PiDc,Tür-005,. IsExternal: 0; ThermalTransmittance: 1.4; Project: Projekt Buerogebaeude; Building: Buerogebaeude; Storey: 2. Obergeschoss; Top Elevation: 8.1; Bottom Elevation: 6; Global Top Elevation: 8.1; Global Bottom Elevation: 6; Has Own Geometry: 1; Children Have Geometry: 0; Global X: 21; Global Y: 6.815; Global Z: 6; Bounding Box Length: 1; Bounding Box Width: 0.100000000000001; Bounding Box Height: 2.1; Layer: Innenwände
2$R4rUG1nFkBAylN9aGNhb,Tür-005,. IsExternal: 0; ThermalTransmittance: 1.4; Project: Projekt Buerogebaeude; Building: Buerogebaeude; Storey: 2. Obergeschoss; Top Elevation: 8.1; Bottom Elevation: 6; Global Top Elevation: 8.1; Global Bottom Elevation: 6; Has Own Geometry: 1; Children Have Geometry: 0; Global X: 36.2; Global Y: 6.815; Global Z: 6; Bounding Box Length: 1; Bounding Box Width: 0.100000000000001; Bounding Box Height: 2.1; Layer: Innenwände
2h5A513TXAAhxsa3$Armxt,Tür-005,. IsExternal: 0; ThermalTransmittance: 1.4; Project: Projekt Buerogebaeude; Building: Buerogebaeude; Storey: 2. Obergeschoss; Top Elevation: 8.1; Bottom Elevation: 6; Global Top Elevation: 8.1; Global Bottom Elevation: 6; Has Own Geometry: 1; Children Have Geometry: 0; Global X: 30.2; Global Y: 6.815; Global Z: 6; Bounding Box Length: 1; Bounding Box Width: 0.100000000000001; Bounding Box Height: 2.1; Layer: Innenwände
0HthpQNkzAiuSXm9HWsQaw,Tür-005,. IsExternal: 0; ThermalTransmittance: 1.4; Project: Projekt Buerogebaeude; Building: Buerogebaeude; Storey: 2. Obergeschoss; Top Elevation: 8.1; Bottom Elevation: 6; Global Top Elevation: 8.1; Global Bottom Elevation: 6; Has Own Geometry: 1; Children Have Geometry: 0; Global X: 25.8; Global Y: 6.815; Global Z: 6; Bounding Box Length: 1; Bounding Box Width: 0.100000000000001; Bounding Box Height: 2.1; Layer: Innenwände
3XIgDIN6vBjxvjdvI7ngjF,Tür-017,. IsExternal: 0; ThermalTransmittance: 1.4; Project: Projekt Buerogebaeude; Building: Buerogebaeude; Storey: 2. Obergeschoss; Top Elevation: 8.1; Bottom Elevation: 6; Global Top Elevation: 8.1; Global Bottom Elevation: 6; Has Own Geometry: 1; Children Have Geometry: 0; Global X: 18.115; Global Y: 7.09960014; Global Z: 6; Bounding Box Length: 0.100000000000005; Bounding Box Width: 1.8; Bounding Box Height: 2.1; Layer: Außenwände
2N6esOMjP29AvhRLQ1Jz3$,Tür-018,. IsExternal: 0; ThermalTransmittance: 1.4; Project: Projekt Buerogebaeude; Building: Buerogebaeude; Storey: 2. Obergeschoss; Top Elevation: 8.1; Bottom Elevation: 6; Global Top Elevation: 8.1; Global Bottom Elevation: 6; Has Own Geometry: 1; Children Have Geometry: 0; Global X: 23.785; Global Y: 7.1; Global Z: 6; Bounding Box Length: 0.100000000000005; Bounding Box Width: 1.8; Bounding Box Height: 2.1; Layer: Außenwände
0xQhptVzf44Qzhs9jMEILa,Treppe-2-OG,. FireExit: 1; HandicapAccessible: 0; IsExternal: 0; Project: Projekt Buerogebaeude; Building: Buerogebaeude; Storey: 2. Obergeschoss; Top Elevation: 9.8999; Bottom Elevation: 5.70564719; Global Top Elevation: 9.8999; Global Bottom Elevation: 5.70564719; Has Own Geometry: 1; Children Have Geometry: 0; Global X: 18.3; Global Y: 11.7; Global Z: 5.70564719; Bounding Box Length: 5.4; Bounding Box Width: 4; Bounding Box Height: 4.19425281; Layer: Treppen
1WGpVnFtzE7xNQ0hhegKo8,Gelaender-3-1,. Height: 0.8; IsExternal: 0; Project: Projekt Buerogebaeude; Building: Buerogebaeude; Storey: 2. Obergeschoss; Top Elevation: 6.9; Bottom Elevation: 6.1; Global Top Elevation: 6.9; Global Bottom Elevation: 6.1; Has Own Geometry: 1; Children Have Geometry: 0; Global X: 19.8425; Global Y: 11.675; Global Z: 6.1; Bounding Box Length: 0.0150000000000006; Bounding Box Width: 2.45; Bounding Box Height: 0.8; Layer: Einrichtung
1e37$aOvHAn8RjUTHO3fVt,Gelaender-3-3,. Height: 0.8; IsExternal: 0; Project: Projekt Buerogebaeude; Building: Buerogebaeude; Storey: 2. Obergeschoss; Top Elevation: 6.9; Bottom Elevation: 6.1; Global Top Elevation: 6.9; Global Bottom Elevation: 6.1; Has Own Geometry: 1; Children Have Geometry: 0; Global X: 19.8575; Global Y: 14.125; Global Z: 6.1; Bounding Box Length: 2.285; Bounding Box Width: 0.0150000000000006; Bounding Box Height: 0.8; Layer: Einrichtung
26U0nxarH8_x8tgH561X5B,Gelaender-3-2,. Height: 0.8; IsExternal: 0; Project: Projekt Buerogebaeude; Building: Buerogebaeude; Storey: 2. Obergeschoss; Top Elevation: 6.9; Bottom Elevation: 6.1; Global Top Elevation: 6.9; Global Bottom Elevation: 6.1; Has Own Geometry: 1; Children Have Geometry: 0; Global X: 22.1425; Global Y: 11.675; Global Z: 6.1; Bounding Box Length: 0.0150000000000006; Bounding Box Width: 2.45; Bounding Box Height: 0.8; Layer: Einrichtung
3EtzNx_Z1BD9$bnmCd_7Ak,Decke-002,. GrossArea: 516; GrossVolume: 154.8; NetArea: 516; NetVolume: 154.8; Perimeter: 112; Width: 0.3; IsExternal: 1; LoadBearing: 1; ThermalTransmittance: 0.3; Project: Projekt Buerogebaeude; Building: Buerogebaeude; Storey: 2. Obergeschoss; Top Elevation: 6; Bottom Elevation: 5.7; Global Top Elevation: 6; Global Bottom Elevation: 5.7; Has Own Geometry: 1; Children Have Geometry: 1; Global X: 0; Global Y: 2; Global Z: 5.7; Bounding Box Length: 42; Bounding Box Width: 14; Bounding Box Height: 0.3; Layer: Decken
1ArDVaFwL3FOPmCFv6cY$0,,. Project: Projekt Buerogebaeude; Building: Buerogebaeude; Storey: 2. Obergeschoss; Top Elevation: 6; Bottom Elevation: 5.7; Global Top Elevation: 6; Global Bottom Elevation: 5.7; Has Own Geometry: 1; Children Have Geometry: 0; Global X: 18.3; Global Y: 11.7; Global Z: 5.7; Bounding Box Length: 5.4; Bounding Box Width: 4; Bounding Box Height: 0.3
2qmM1Vd758JfO1xRn7exwv,,. Project: Projekt Buerogebaeude; Building: Buerogebaeude; Storey: 2. Obergeschoss; Top Elevation: 6; Bottom Elevation: 6; Global Top Elevation: 6; Global Bottom Elevation: 6; Has Own Geometry: 0; Children Have Geometry: 0; Global X: -4; Global Y: 0; Global Z: 6; Bounding Box Length: 50; Bounding Box Width: 0; Bounding Box Height: 0
3YXAzH1If5ouIkxe7d4KGk,,. Project: Projekt Buerogebaeude; Building: Buerogebaeude; Storey: 2. Obergeschoss; Top Elevation: 6; Bottom Elevation: 6; Global Top Elevation: 6; Global Bottom Elevation: 6; Has Own Geometry: 0; Children Have Geometry: 0; Global X: -4; Global Y: 2; Global Z: 6; Bounding Box Length: 50; Bounding Box Width: 0; Bounding Box Height: 0
2Byp2QAjb2hPwmTckFiSAO,,. Project: Projekt Buerogebaeude; Building: Buerogebaeude; Storey: 2. Obergeschoss; Top Elevation: 6; Bottom Elevation: 6; Global Top Elevation: 6; Global Bottom Elevation: 6; Has Own Geometry: 0; Children Have Geometry: 0; Global X: -4; Global Y: 7; Global Z: 6; Bounding Box Length: 50; Bounding Box Width: 0; Bounding Box Height: 0
3n6bB5$yj8c9oEJNOy4WHS,,. Project: Projekt Buerogebaeude; Building: Buerogebaeude; Storey: 2. Obergeschoss; Top Elevation: 6; Bottom Elevation: 6; Global Top Elevation: 6; Global Bottom Elevation: 6; Has Own Geometry: 0; Children Have Geometry: 0; Global X: -4; Global Y: 9; Global Z: 6; Bounding Box Length: 50; Bounding Box Width: 0; Bounding Box Height: 0
0bLExiFyf7vOBWZzsdHwIw,,. Project: Projekt Buerogebaeude; Building: Buerogebaeude; Storey: 2. Obergeschoss; Top Elevation: 6; Bottom Elevation: 6; Global Top Elevation: 6; Global Bottom Elevation: 6; Has Own Geometry: 0; Children Have Geometry: 0; Global X: -4; Global Y: 14; Global Z: 6; Bounding Box Length: 50; Bounding Box Width: 0; Bounding Box Height: 0
2rq4EZhS9Dt9vs_UfYDRQM,,. Project: Projekt Buerogebaeude; Building: Buerogebaeude; Storey: 2. Obergeschoss; Top Elevation: 6; Bottom Elevation: 6; Global Top Elevation: 6; Global Bottom Elevation: 6; Has Own Geometry: 0; Children Have Geometry: 0; Global X: -4; Global Y: 16; Global Z: 6; Bounding Box Length: 50; Bounding Box Width: 0; Bounding Box Height: 0
0I3bmRSrf5Suv39gSo_P1a,,. Project: Projekt Buerogebaeude; Building: Buerogebaeude; Storey: 2. Obergeschoss; Top Elevation: 6; Bottom Elevation: 6; Global Top Elevation: 6; Global Bottom Elevation: 6; Has Own Geometry: 0; Children Have Geometry: 0; Global X: 0; Global Y: -4; Global Z: 6; Bounding Box Length: 0; Bounding Box Width: 24; Bounding Box Height: 0
04xIcL6q5ElOs$okKA88C5,,. Project: Projekt Buerogebaeude; Building: Buerogebaeude; Storey: 2. Obergeschoss; Top Elevation: 6; Bottom Elevation: 6; Global Top Elevation: 6; Global Bottom Elevation: 6; Has Own Geometry: 0; Children Have Geometry: 0; Global X: 3; Global Y: -4; Global Z: 6; Bounding Box Length: 0; Bounding Box Width: 24; Bounding Box Height: 0
1PrAMVS8XC986B112Ggdno,,. Project: Projekt Buerogebaeude; Building: Buerogebaeude; Storey: 2. Obergeschoss; Top Elevation: 6; Bottom Elevation: 6; Global Top Elevation: 6; Global Bottom Elevation: 6; Has Own Geometry: 0; Children Have Geometry: 0; Global X: 6; Global Y: -4; Global Z: 6; Bounding Box Length: 0; Bounding Box Width: 24; Bounding Box Height: 0
0SUkN3ndzAgukC_wfnkpkp,,. Project: Projekt Buerogebaeude; Building: Buerogebaeude; Storey: 2. Obergeschoss; Top Elevation: 6; Bottom Elevation: 6; Global Top Elevation: 6; Global Bottom Elevation: 6; Has Own Geometry: 0; Children Have Geometry: 0; Global X: 9; Global Y: -4; Global Z: 6; Bounding Box Length: 0; Bounding Box Width: 24; Bounding Box Height: 0
37T4WIye1E59zb_NKfhL3n,,. Project: Projekt Buerogebaeude; Building: Buerogebaeude; Storey: 2. Obergeschoss; Top Elevation: 6; Bottom Elevation: 6; Global Top Elevation: 6; Global Bottom Elevation: 6; Has Own Geometry: 0; Children Have Geometry: 0; Global X: 12; Global Y: -4; Global Z: 6; Bounding Box Length: 0; Bounding Box Width: 24; Bounding Box Height: 0
23o0neP2L8tBIg01Vayg_5,,. Project: Projekt Buerogebaeude; Building: Buerogebaeude; Storey: 2. Obergeschoss; Top Elevation: 6; Bottom Elevation: 6; Global Top Elevation: 6; Global Bottom Elevation: 6; Has Own Geometry: 0; Children Have Geometry: 0; Global X: 15; Global Y: -4; Global Z: 6; Bounding Box Length: 0; Bounding Box Width: 24; Bounding Box Height: 0
2XTSays_z7O9fZXQSWuj52,,. Project: Projekt Buerogebaeude; Building: Buerogebaeude; Storey: 2. Obergeschoss; Top Elevation: 6; Bottom Elevation: 6; Global Top Elevation: 6; Global Bottom Elevation: 6; Has Own Geometry: 0; Children Have Geometry: 0; Global X: 18; Global Y: -4; Global Z: 6; Bounding Box Length: 0; Bounding Box Width: 24; Bounding Box Height: 0
30AGQRaiz19B78jX6aMbtW,,. Project: Projekt Buerogebaeude; Building: Buerogebaeude; Storey: 2. Obergeschoss; Top Elevation: 6; Bottom Elevation: 6; Global Top Elevation: 6; Global Bottom Elevation: 6; Has Own Geometry: 0; Children Have Geometry: 0; Global X: 21; Global Y: -4; Global Z: 6; Bounding Box Length: 0; Bounding Box Width: 24; Bounding Box Height: 0
2yOVvplPz80usjuV9h$Jfr,,. Project: Projekt Buerogebaeude; Building: Buerogebaeude; Storey: 2. Obergeschoss; Top Elevation: 6; Bottom Elevation: 6; Global Top Elevation: 6; Global Bottom Elevation: 6; Has Own Geometry: 0; Children Have Geometry: 0; Global X: 24; Global Y: -4; Global Z: 6; Bounding Box Length: 0; Bounding Box Width: 24; Bounding Box Height: 0
291zQ8ghX1ogKL5LBMHBTE,,. Project: Projekt Buerogebaeude; Building: Buerogebaeude; Storey: 2. Obergeschoss; Top Elevation: 6; Bottom Elevation: 6; Global Top Elevation: 6; Global Bottom Elevation: 6; Has Own Geometry: 0; Children Have Geometry: 0; Global X: 27; Global Y: -4; Global Z: 6; Bounding Box Length: 0; Bounding Box Width: 24; Bounding Box Height: 0
0hvBl3gFP91QSWfVtsbfyD,,. Project: Projekt Buerogebaeude; Building: Buerogebaeude; Storey: 2. Obergeschoss; Top Elevation: 6; Bottom Elevation: 6; Global Top Elevation: 6; Global Bottom Elevation: 6; Has Own Geometry: 0; Children Have Geometry: 0; Global X: 30; Global Y: -4; Global Z: 6; Bounding Box Length: 0; Bounding Box Width: 24; Bounding Box Height: 0
13HrPYYSDCIASygJC2vJ5f,,. Project: Projekt Buerogebaeude; Building: Buerogebaeude; Storey: 2. Obergeschoss; Top Elevation: 6; Bottom Elevation: 6; Global Top Elevation: 6; Global Bottom Elevation: 6; Has Own Geometry: 0; Children Have Geometry: 0; Global X: 33; Global Y: -4; Global Z: 6; Bounding Box Length: 0; Bounding Box Width: 24; Bounding Box Height: 0
3RgKZTpuLCmxYWCiWtkftw,,. Project: Projekt Buerogebaeude; Building: Buerogebaeude; Storey: 2. Obergeschoss; Top Elevation: 6; Bottom Elevation: 6; Global Top Elevation: 6; Global Bottom Elevation: 6; Has Own Geometry: 0; Children Have Geometry: 0; Global X: 36; Global Y: -4; Global Z: 6; Bounding Box Length: 0; Bounding Box Width: 24; Bounding Box Height: 0
3CYBPyrzj7SRw3XB3Qd9yi,,. Project: Projekt Buerogebaeude; Building: Buerogebaeude; Storey: 2. Obergeschoss; Top Elevation: 6; Bottom Elevation: 6; Global Top Elevation: 6; Global Bottom Elevation: 6; Has Own Geometry: 0; Children Have Geometry: 0; Global X: 39; Global Y: -4; Global Z: 6; Bounding Box Length: 0; Bounding Box Width: 24; Bounding Box Height: 0
1isJjAnn9CiPlbfLXZzLqg,,. Project: Projekt Buerogebaeude; Building: Buerogebaeude; Storey: 2. Obergeschoss; Top Elevation: 6; Bottom Elevation: 6; Global Top Elevation: 6; Global Bottom Elevation: 6; Has Own Geometry: 0; Children Have Geometry: 0; Global X: 42; Global Y: -4; Global Z: 6; Bounding Box Length: 0; Bounding Box Width: 24; Bounding Box Height: 0
3M3dydUxH2hR7Uvg9QNhS$,313,. GrossFloorArea: 12.76; GrossVolume: 34.452; GrossWallArea: 39.42; Height: 2.7; NetFloorArea: 12.76; NetVolume: 34.452; NetWallArea: 39.42; Perimeter: 14.6; Category: WC; HandicapAccessible: 1; PubliclyAccessible: 0; AirConditioning: 0; NaturalVentilation: 1; SpaceTemperatureMax: 15; SpaceTemperatureMin: 15; SpaceTemperatureSummerMax: 15; SpaceTemperatureSummerMin: 15; Project: Projekt Buerogebaeude; Building: Buerogebaeude; Storey: 2. Obergeschoss; Top Elevation: 8.7; Bottom Elevation: 6; Global Top Elevation: 8.7; Global Bottom Elevation: 6; Has Own Geometry: 1; Children Have Geometry: 0; Global X: 24; Global Y: 9.3; Global Z: 6; Bounding Box Length: 2.9; Bounding Box Width: 4.4; Bounding Box Height: 2.7; Zone: WC; Zone: Raumtemperatur-15-Grad; Layer: Räume
2lebmw3XD9w9PIIn4HKbwh,302,. GrossFloorArea: 25.52; GrossVolume: 68.904; GrossWallArea: 55.08; Height: 2.7; NetFloorArea: 25.52; NetVolume: 68.904; NetWallArea: 55.08; Perimeter: 20.4; Category: Office; HandicapAccessible: 1; PubliclyAccessible: 0; AirConditioning: 0; NaturalVentilation: 1; SpaceTemperatureMax: 20; SpaceTemperatureMin: 20; SpaceTemperatureSummerMax: 20; SpaceTemperatureSummerMin: 20; Project: Projekt Buerogebaeude; Building: Buerogebaeude; Storey: 2. Obergeschoss; Top Elevation: 8.7; Bottom Elevation: 6; Global Top Elevation: 8.7; Global Bottom Elevation: 6; Has Own Geometry: 1; Children Have Geometry: 1; Global X: 6.1; Global Y: 2.3; Global Z: 6; Bounding Box Length: 5.8; Bounding Box Width: 4.4; Bounding Box Height: 2.7; Zone: Doppelzimmer; Zone: Raumtemperatur-20-Grad; Layer: Räume
1$mThV5ZH5x8FMcVAgBdXr,Schreibtisch,. MainColor: weiss; Project: Projekt Buerogebaeude; Building: Buerogebaeude; Storey: 2. Obergeschoss; Top Elevation: 6.8; Bottom Elevation: 6; Global Top Elevation: 6.8; Global Bottom Elevation: 6; Has Own Geometry: 1; Children Have Geometry: 0; Global X: 8.2; Global Y: 2.3; Global Z: 6; Bounding Box Length: 0.800000000000001; Bounding Box Width: 1.6; Bounding Box Height: 0.8; Layer: Einrichtung
3mdCjAdrPENxEJc7JsHQHA,Stuhl,. Project: Projekt Buerogebaeude; Building: Buerogebaeude; Storey: 2. Obergeschoss; Top Elevation: 6.5; Bottom Elevation: 6; Global Top Elevation: 6.5; Global Bottom Elevation: 6; Has Own Geometry: 1; Children Have Geometry: 0; Global X: 9.8704995; Global Y: 2.9128548; Global Z: 6; Bounding Box Length: 0.300000000000001; Bounding Box Width: 0.3; Bounding Box Height: 0.5; Layer: Einrichtung
3Fas3llhbBh9X004hBAIlC,Stuhl,. Project: Projekt Buerogebaeude; Building: Buerogebaeude; Storey: 2. Obergeschoss; Top Elevation: 6.5; Bottom Elevation: 6; Global Top Elevation: 6.5; Global Bottom Elevation: 6; Has Own Geometry: 1; Children Have Geometry: 0; Global X: 7.8282193; Global Y: 2.9865454; Global Z: 6; Bounding Box Length: 0.300000000000001; Bounding Box Width: 0.3; Bounding Box Height: 0.5; Layer: Einrichtung
3_y8v12Lz4KR1UK3TN6qRe,Schreibtisch,. MainColor: weiss; Project: Projekt Buerogebaeude; Building: Buerogebaeude; Storey: 2. Obergeschoss; Top Elevation: 6.8; Bottom Elevation: 6; Global Top Elevation: 6.8; Global Bottom Elevation: 6; Has Own Geometry: 1; Children Have Geometry: 0; Global X: 9; Global Y: 2.3; Global Z: 6; Bounding Box Length: 0.800000000000001; Bounding Box Width: 1.6; Bounding Box Height: 0.8; Layer: Einrichtung
09m2tgyfr9UfikvrKFMkeD,303,. GrossFloorArea: 25.52; GrossVolume: 68.904; GrossWallArea: 55.08; Height: 2.7; NetFloorArea: 25.52; NetVolume: 68.904; NetWallArea: 55.08; Perimeter: 20.4; Category: Office; HandicapAccessible: 1; PubliclyAccessible: 0; AirConditioning: 0; NaturalVentilation: 1; SpaceTemperatureMax: 20; SpaceTemperatureMin: 20; SpaceTemperatureSummerMax: 20; SpaceTemperatureSummerMin: 20; Project: Projekt Buerogebaeude; Building: Buerogebaeude; Storey: 2. Obergeschoss; Top Elevation: 8.7; Bottom Elevation: 6; Global Top Elevation: 8.7; Global Bottom Elevation: 6; Has Own Geometry: 1; Children Have Geometry: 1; Global X: 12.1; Global Y: 2.3; Global Z: 6; Bounding Box Length: 5.8; Bounding Box Width: 4.4; Bounding Box Height: 2.7; Zone: Doppelzimmer; Zone: Raumtemperatur-20-Grad; Layer: Räume
1dMEjnMYb30fvDOMo6UnWr,Schreibtisch,. MainColor: weiss; Project: Projekt Buerogebaeude; Building: Buerogebaeude; Storey: 2. Obergeschoss; Top Elevation: 6.8; Bottom Elevation: 6; Global Top Elevation: 6.8; Global Bottom Elevation: 6; Has Own Geometry: 1; Children Have Geometry: 0; Global X: 14.2; Global Y: 2.3; Global Z: 6; Bounding Box Length: 0.800000000000001; Bounding Box Width: 1.6; Bounding Box Height: 0.8; Layer: Einrichtung
1FE8CtiW100xXfCcvMbGZY,Stuhl,. Project: Projekt Buerogebaeude; Building: Buerogebaeude; Storey: 2. Obergeschoss; Top Elevation: 6.5; Bottom Elevation: 6; Global Top Elevation: 6.5; Global Bottom Elevation: 6; Has Own Geometry: 1; Children Have Geometry: 0; Global X: 15.860486; Global Y: 2.9549637; Global Z: 6; Bounding Box Length: 0.299999999999999; Bounding Box Width: 0.3; Bounding Box Height: 0.5; Layer: Einrichtung
23PhpBVjn93AtYg$TgQDLi,Stuhl,. Project: Projekt Buerogebaeude; Building: Buerogebaeude; Storey: 2. Obergeschoss; Top Elevation: 6.5; Bottom Elevation: 6; Global Top Elevation: 6.5; Global Bottom Elevation: 6; Has Own Geometry: 1; Children Have Geometry: 0; Global X: 13.818206; Global Y: 2.9654909; Global Z: 6; Bounding Box Length: 0.300000000000001; Bounding Box Width: 0.3; Bounding Box Height: 0.5; Layer: Einrichtung
0iabNzJqPCA9ptg2HynprV,Schreibtisch,. MainColor: weiss; Project: Projekt Buerogebaeude; Building: Buerogebaeude; Storey: 2. Obergeschoss; Top Elevation: 6.8; Bottom Elevation: 6; Global Top Elevation: 6.8; Global Bottom Elevation: 6; Has Own Geometry: 1; Children Have Geometry: 0; Global X: 15; Global Y: 2.3; Global Z: 6; Bounding Box Length: 0.800000000000001; Bounding Box Width: 1.6; Bounding Box Height: 0.8; Layer: Einrichtung
0dc6ovxJLDww6sjSpu_cfN,304,. GrossFloorArea: 25.52; GrossVolume: 68.904; GrossWallArea: 55.08; Height: 2.7; NetFloorArea: 25.52; NetVolume: 68.904; NetWallArea: 55.08; Perimeter: 20.4; Category: Office; HandicapAccessible: 1; PubliclyAccessible: 0; AirConditioning: 0; NaturalVentilation: 1; SpaceTemperatureMax: 20; SpaceTemperatureMin: 20; SpaceTemperatureSummerMax: 20; SpaceTemperatureSummerMin: 20; Project: Projekt Buerogebaeude; Building: Buerogebaeude; Storey: 2. Obergeschoss; Top Elevation: 8.7; Bottom Elevation: 6; Global Top Elevation: 8.7; Global Bottom Elevation: 6; Has Own Geometry: 1; Children Have Geometry: 1; Global X: 18.1; Global Y: 2.3; Global Z: 6; Bounding Box Length: 5.8; Bounding Box Width: 4.4; Bounding Box Height: 2.7; Zone: Doppelzimmer; Zone: Raumtemperatur-20-Grad; Layer: Räume
1Q1MFJN9j2pv1BLE6RiOuK,Schreibtisch,. MainColor: weiss; Project: Projekt Buerogebaeude; Building: Buerogebaeude; Storey: 2. Obergeschoss; Top Elevation: 6.8; Bottom Elevation: 6; Global Top Elevation: 6.8; Global Bottom Elevation: 6; Has Own Geometry: 1; Children Have Geometry: 0; Global X: 21; Global Y: 2.3; Global Z: 6; Bounding Box Length: 0.800000000000001; Bounding Box Width: 1.6; Bounding Box Height: 0.8; Layer: Einrichtung
36GqY9dAL1U8z7GaExMms3,Schreibtisch,. MainColor: weiss; Project: Projekt Buerogebaeude; Building: Buerogebaeude; Storey: 2. Obergeschoss; Top Elevation: 6.8; Bottom Elevation: 6; Global Top Elevation: 6.8; Global Bottom Elevation: 6; Has Own Geometry: 1; Children Have Geometry: 0; Global X: 20.2; Global Y: 2.3; Global Z: 6; Bounding Box Length: 0.800000000000001; Bounding Box Width: 1.6; Bounding Box Height: 0.8; Layer: Einrichtung
35gnZQeI53KeKv$o8xXWCY,Stuhl,. Project: Projekt Buerogebaeude; Building: Buerogebaeude; Storey: 2. Obergeschoss; Top Elevation: 6.5; Bottom Elevation: 6; Global Top Elevation: 6.5; Global Bottom Elevation: 6; Has Own Geometry: 1; Children Have Geometry: 0; Global X: 21.855737; Global Y: 2.9672455; Global Z: 6; Bounding Box Length: 0.300000000000001; Bounding Box Width: 0.3; Bounding Box Height: 0.5; Layer: Einrichtung
3FbQRBjA12hA$$V1TpgMZN,Stuhl,. Project: Projekt Buerogebaeude; Building: Buerogebaeude; Storey: 2. Obergeschoss; Top Elevation: 6.5; Bottom Elevation: 6; Global Top Elevation: 6.5; Global Bottom Elevation: 6; Has Own Geometry: 1; Children Have Geometry: 0; Global X: 19.83802; Global Y: 2.9847908; Global Z: 6; Bounding Box Length: 0.300000000000001; Bounding Box Width: 0.3; Bounding Box Height: 0.5; Layer: Einrichtung
0U5AcnRYX7aw$OIZXqMUaR,305,. GrossFloorArea: 25.52; GrossVolume: 68.904; GrossWallArea: 55.08; Height: 2.7; NetFloorArea: 25.52; NetVolume: 68.904; NetWallArea: 55.08; Perimeter: 20.4; Category: Office; HandicapAccessible: 1; PubliclyAccessible: 0; AirConditioning: 0; NaturalVentilation: 1; SpaceTemperatureMax: 20; SpaceTemperatureMin: 20; SpaceTemperatureSummerMax: 20; SpaceTemperatureSummerMin: 20; Project: Projekt Buerogebaeude; Building: Buerogebaeude; Storey: 2. Obergeschoss; Top Elevation: 8.7; Bottom Elevation: 6; Global Top Elevation: 8.7; Global Bottom Elevation: 6; Has Own Geometry: 1; Children Have Geometry: 1; Global X: 24.1; Global Y: 2.3; Global Z: 6; Bounding Box Length: 5.8; Bounding Box Width: 4.4; Bounding Box Height: 2.7; Zone: Doppelzimmer; Zone: Raumtemperatur-20-Grad; Layer: Räume
0tY7LaMUT29xmFtCjT7$Tc,Stuhl,. Project: Projekt Buerogebaeude; Building: Buerogebaeude; Storey: 2. Obergeschoss; Top Elevation: 6.5; Bottom Elevation: 6; Global Top Elevation: 6.5; Global Bottom Elevation: 6; Has Own Geometry: 1; Children Have Geometry: 0; Global X: 24.976292; Global Y: 2.9203586; Global Z: 6; Bounding Box Length: 0.300000000000001; Bounding Box Width: 0.3; Bounding Box Height: 0.5; Layer: Einrichtung
3IYA4nCCH8M80noAVj1s7N,Stuhl,. Project: Projekt Buerogebaeude; Building: Buerogebaeude; Storey: 2. Obergeschoss; Top Elevation: 6.5; Bottom Elevation: 6; Global Top Elevation: 6.5; Global Bottom Elevation: 6; Has Own Geometry: 1; Children Have Geometry: 0; Global X: 28.734508; Global Y: 3.0256307; Global Z: 6; Bounding Box Length: 0.300000000000001; Bounding Box Width: 0.3; Bounding Box Height: 0.5; Layer: Einrichtung
0NlvTwoNb2b9zVnJSo5F73,Schreibtisch,. MainColor: blau; Project: Projekt Buerogebaeude; Building: Buerogebaeude; Storey: 2. Obergeschoss; Top Elevation: 6.8; Bottom Elevation: 6; Global Top Elevation: 6.8; Global Bottom Elevation: 6; Has Own Geometry: 1; Children Have Geometry: 0; Global X: 24.1; Global Y: 2.3; Global Z: 6; Bounding Box Length: 0.800000000000001; Bounding Box Width: 1.6; Bounding Box Height: 0.8; Layer: Einrichtung
330dYeUbrElh0YlMzoTR7O,Schreibtisch,. MainColor: blau; Project: Projekt Buerogebaeude; Building: Buerogebaeude; Storey: 2. Obergeschoss; Top Elevation: 6.8; Bottom Elevation: 6; Global Top Elevation: 6.8; Global Bottom Elevation: 6; Has Own Geometry: 1; Children Have Geometry: 0; Global X: 29.1; Global Y: 2.3; Global Z: 6; Bounding Box Length: 0.800000000000001; Bounding Box Width: 1.6; Bounding Box Height: 0.8; Layer: Einrichtung
1jJ7opRcX6uevup8Hnq0$2,318,. GrossFloorArea: 12.32; GrossVolume: 33.264; GrossWallArea: 38.88; Height: 2.7; NetFloorArea: 12.32; NetVolume: 33.264; NetWallArea: 38.88; Perimeter: 14.4; Category: Office; HandicapAccessible: 1; PubliclyAccessible: 0; AirConditioning: 0; NaturalVentilation: 1; SpaceTemperatureMax: 20; SpaceTemperatureMin: 20; SpaceTemperatureSummerMax: 20; SpaceTemperatureSummerMin: 20; Project: Projekt Buerogebaeude; Building: Buerogebaeude; Storey: 2. Obergeschoss; Top Elevation: 8.7; Bottom Elevation: 6; Global Top Elevation: 8.7; Global Bottom Elevation: 6; Has Own Geometry: 1; Children Have Geometry: 1; Global X: 3.1; Global Y: 9.3; Global Z: 6; Bounding Box Length: 2.8; Bounding Box Width: 4.4; Bounding Box Height: 2.7; Zone: Einzelzimmer; Zone: Raumtemperatur-20-Grad; Layer: Räume
1Wf59vCvr60f0gYAhSG32Y,Schreibtisch,. MainColor: beige; Project: Projekt Buerogebaeude; Building: Buerogebaeude; Storey: 2. Obergeschoss; Top Elevation: 6.8; Bottom Elevation: 6; Global Top Elevation: 6.8; Global Bottom Elevation: 6; Has Own Geometry: 1; Children Have Geometry: 0; Global X: 5.1; Global Y: 11.5; Global Z: 6; Bounding Box Length: 0.800000000000001; Bounding Box Width: 1.6; Bounding Box Height: 0.8; Layer: Einrichtung
2R5wDhDefB6Ob2SgSotdBS,Stuhl,. Project: Projekt Buerogebaeude; Building: Buerogebaeude; Storey: 2. Obergeschoss; Top Elevation: 6.5; Bottom Elevation: 6; Global Top Elevation: 6.5; Global Bottom Elevation: 6; Has Own Geometry: 1; Children Have Geometry: 0; Global X: 4.764799; Global Y: 12.145225; Global Z: 6; Bounding Box Length: 0.300000000000001; Bounding Box Width: 0.300000000000001; Bounding Box Height: 0.5; Layer: Einrichtung
30oDtenHrAwuYDgWTayiN$,317,. GrossFloorArea: 12.32; GrossVolume: 33.264; GrossWallArea: 38.88; Height: 2.7; NetFloorArea: 12.32; NetVolume: 33.264; NetWallArea: 38.88; Perimeter: 14.4; Category: Office; HandicapAccessible: 1; PubliclyAccessible: 0; AirConditioning: 0; NaturalVentilation: 1; SpaceTemperatureMax: 20; SpaceTemperatureMin: 20; SpaceTemperatureSummerMax: 20; SpaceTemperatureSummerMin: 20; Project: Projekt Buerogebaeude; Building: Buerogebaeude; Storey: 2. Obergeschoss; Top Elevation: 8.7; Bottom Elevation: 6; Global Top Elevation: 8.7; Global Bottom Elevation: 6; Has Own Geometry: 1; Children Have Geometry: 1; Global X: 6.1; Global Y: 9.3; Global Z: 6; Bounding Box Length: 2.8; Bounding Box Width: 4.4; Bounding Box Height: 2.7; Zone: Einzelzimmer; Zone: Raumtemperatur-20-Grad; Layer: Räume
2a0MZ65LPAovJFCqtf_zKL,Schreibtisch,. MainColor: beige; Project: Projekt Buerogebaeude; Building: Buerogebaeude; Storey: 2. Obergeschoss; Top Elevation: 6.8; Bottom Elevation: 6; Global Top Elevation: 6.8; Global Bottom Elevation: 6; Has Own Geometry: 1; Children Have Geometry: 0; Global X: 6.75; Global Y: 12.9; Global Z: 6; Bounding Box Length: 1.6; Bounding Box Width: 0.800000000000001; Bounding Box Height: 0.8; Layer: Einrichtung
3$Or0IscP2QwYDfcHtTvP$,Stuhl,. Project: Projekt Buerogebaeude; Building: Buerogebaeude; Storey: 2. Obergeschoss; Top Elevation: 6.5; Bottom Elevation: 6; Global Top Elevation: 6.5; Global Bottom Elevation: 6; Has Own Geometry: 1; Children Have Geometry: 0; Global X: 7.4913484; Global Y: 12.597895; Global Z: 6; Bounding Box Length: 0.300000000000001; Bounding Box Width: 0.299999999999999; Bounding Box Height: 0.5; Layer: Einrichtung
3$PC9MkEH1Ex24UD3VHyzP,316,. GrossFloorArea: 12.32; GrossVolume: 33.264; GrossWallArea: 38.88; Height: 2.7; NetFloorArea: 12.32; NetVolume: 33.264; NetWallArea: 38.88; Perimeter: 14.4; Category: Office; HandicapAccessible: 1; PubliclyAccessible: 0; AirConditioning: 0; NaturalVentilation: 1; SpaceTemperatureMax: 20; SpaceTemperatureMin: 20; SpaceTemperatureSummerMax: 20; SpaceTemperatureSummerMin: 20; Project: Projekt Buerogebaeude; Building: Buerogebaeude; Storey: 2. Obergeschoss; Top Elevation: 8.7; Bottom Elevation: 6; Global Top Elevation: 8.7; Global Bottom Elevation: 6; Has Own Geometry: 1; Children Have Geometry: 1; Global X: 9.1; Global Y: 9.3; Global Z: 6; Bounding Box Length: 2.8; Bounding Box Width: 4.4; Bounding Box Height: 2.7; Zone: Einzelzimmer; Zone: Raumtemperatur-20-Grad; Layer: Räume
3L1mIBs6z9ogCIZXMzLon3,Schreibtisch,. MainColor: beige; Project: Projekt Buerogebaeude; Building: Buerogebaeude; Storey: 2. Obergeschoss; Top Elevation: 6.8; Bottom Elevation: 6; Global Top Elevation: 6.8; Global Bottom Elevation: 6; Has Own Geometry: 1; Children Have Geometry: 0; Global X: 11.1; Global Y: 11.016526; Global Z: 6; Bounding Box Length: 0.800000000000001; Bounding Box Width: 1.6; Bounding Box Height: 0.8; Layer: Einrichtung
0Zh1XcHrb67ww2PT6GHvWU,Stuhl,. Project: Projekt Buerogebaeude; Building: Buerogebaeude; Storey: 2. Obergeschoss; Top Elevation: 6.5; Bottom Elevation: 6; Global Top Elevation: 6.5; Global Bottom Elevation: 6; Has Own Geometry: 1; Children Have Geometry: 0; Global X: 10.754786; Global Y: 11.797826; Global Z: 6; Bounding Box Length: 0.300000000000001; Bounding Box Width: 0.300000000000001; Bounding Box Height: 0.5; Layer: Einrichtung
0Veunyhgf7QxfJXezc1Ydu,315,. GrossFloorArea: 12.32; GrossVolume: 33.264; GrossWallArea: 38.88; Height: 2.7; NetFloorArea: 12.32; NetVolume: 33.264; NetWallArea: 38.88; Perimeter: 14.4; Category: Office; HandicapAccessible: 1; PubliclyAccessible: 0; AirConditioning: 0; NaturalVentilation: 1; SpaceTemperatureMax: 20; SpaceTemperatureMin: 20; SpaceTemperatureSummerMax: 20; SpaceTemperatureSummerMin: 20; Project: Projekt Buerogebaeude; Building: Buerogebaeude; Storey: 2. Obergeschoss; Top Elevation: 8.7; Bottom Elevation: 6; Global Top Elevation: 8.7; Global Bottom Elevation: 6; Has Own Geometry: 1; Children Have Geometry: 1; Global X: 12.1; Global Y: 9.3; Global Z: 6; Bounding Box Length: 2.8; Bounding Box Width: 4.4; Bounding Box Height: 2.7; Zone: Einzelzimmer; Zone: Raumtemperatur-20-Grad; Layer: Räume
3asragEFTC7ANo8AbuT5f0,Schreibtisch,. MainColor: beige; Project: Projekt Buerogebaeude; Building: Buerogebaeude; Storey: 2. Obergeschoss; Top Elevation: 6.8; Bottom Elevation: 6; Global Top Elevation: 6.8; Global Bottom Elevation: 6; Has Own Geometry: 1; Children Have Geometry: 0; Global X: 12.1; Global Y: 12.1; Global Z: 6; Bounding Box Length: 0.800000000000001; Bounding Box Width: 1.6; Bounding Box Height: 0.8; Layer: Einrichtung
0PHxAz4Mz6deTAW0Bg48qa,Stuhl,. Project: Projekt Buerogebaeude; Building: Buerogebaeude; Storey: 2. Obergeschoss; Top Elevation: 6.5; Bottom Elevation: 6; Global Top Elevation: 6.5; Global Bottom Elevation: 6; Has Own Geometry: 1; Children Have Geometry: 0; Global X: 12.965502; Global Y: 12.713694; Global Z: 6; Bounding Box Length: 0.300000000000001; Bounding Box Width: 0.300000000000001; Bounding Box Height: 0.5; Layer: Einrichtung
1vWhxAiTL1RR3r4R3eC2Vv,306,. GrossFloorArea: 25.52; GrossVolume: 68.904; GrossWallArea: 55.08; Height: 2.7; NetFloorArea: 25.52; NetVolume: 68.904; NetWallArea: 55.08; Perimeter: 20.4; Category: Office; HandicapAccessible: 1; PubliclyAccessible: 0; AirConditioning: 0; NaturalVentilation: 1; SpaceTemperatureMax: 20; SpaceTemperatureMin: 20; SpaceTemperatureSummerMax: 20; SpaceTemperatureSummerMin: 20; Project: Projekt Buerogebaeude; Building: Buerogebaeude; Storey: 2. Obergeschoss; Top Elevation: 8.7; Bottom Elevation: 6; Global Top Elevation: 8.7; Global Bottom Elevation: 6; Has Own Geometry: 1; Children Have Geometry: 1; Global X: 30.1; Global Y: 2.3; Global Z: 6; Bounding Box Length: 5.8; Bounding Box Width: 4.4; Bounding Box Height: 2.7; Zone: Doppelzimmer; Zone: Raumtemperatur-20-Grad; Layer: Räume
0hMAE7lDbCl8oEWalE9nKQ,Stuhl,. Project: Projekt Buerogebaeude; Building: Buerogebaeude; Storey: 2. Obergeschoss; Top Elevation: 6.5; Bottom Elevation: 6; Global Top Elevation: 6.5; Global Bottom Elevation: 6; Has Own Geometry: 1; Children Have Geometry: 0; Global X: 31.751777; Global Y: 3.6015116; Global Z: 6; Bounding Box Length: 0.300000000000001; Bounding Box Width: 0.3; Bounding Box Height: 0.5; Layer: Einrichtung
2qUri1qbLFngpPcA8UGe8D,Stuhl,. Project: Projekt Buerogebaeude; Building: Buerogebaeude; Storey: 2. Obergeschoss; Top Elevation: 6.5; Bottom Elevation: 6; Global Top Elevation: 6.5; Global Bottom Elevation: 6; Has Own Geometry: 1; Children Have Geometry: 0; Global X: 33.91651; Global Y: 3.6742758; Global Z: 6; Bounding Box Length: 0.299999999999997; Bounding Box Width: 0.3; Bounding Box Height: 0.5; Layer: Einrichtung
2_$5lBnKnFou2_bANCFK3B,Schreibtisch,. MainColor: Blau; Project: Projekt Buerogebaeude; Building: Buerogebaeude; Storey: 2. Obergeschoss; Top Elevation: 6.8; Bottom Elevation: 6; Global Top Elevation: 6.8; Global Bottom Elevation: 6; Has Own Geometry: 1; Children Have Geometry: 0; Global X: 32.2; Global Y: 3.1; Global Z: 6; Bounding Box Length: 0.799999999999997; Bounding Box Width: 1.6; Bounding Box Height: 0.8; Layer: Einrichtung
001lu2mo55kwdGauS8LRxn,Schreibtisch,. Project: Projekt Buerogebaeude; Building: Buerogebaeude; Storey: 2. Obergeschoss; Top Elevation: 6.8; Bottom Elevation: 6; Global Top Elevation: 6.8; Global Bottom Elevation: 6; Has Own Geometry: 1; Children Have Geometry: 0; Global X: 32.2; Global Y: 2.3; Global Z: 6; Bounding Box Length: 1.6; Bounding Box Width: 0.8; Bounding Box Height: 0.8; Layer: Einrichtung
2J6cZ8ikD0LQU8mWRIxn7Z,Schreibtisch,. MainColor: beige; Project: Projekt Buerogebaeude; Building: Buerogebaeude; Storey: 2. Obergeschoss; Top Elevation: 6.8; Bottom Elevation: 6; Global Top Elevation: 6.8; Global Bottom Elevation: 6; Has Own Geometry: 1; Children Have Geometry: 0; Global X: 33; Global Y: 3.1; Global Z: 6; Bounding Box Length: 0.799999999999997; Bounding Box Width: 1.6; Bounding Box Height: 0.8; Layer: Einrichtung
3uvYP4OyH5ufyPIMbZD86h,307,. GrossFloorArea: 24.64; GrossVolume: 66.528; GrossWallArea: 54; Height: 2.7; NetFloorArea: 24.64; NetVolume: 66.528; NetWallArea: 54; Perimeter: 20; Category: Office; HandicapAccessible: 1; PubliclyAccessible: 0; AirConditioning: 0; NaturalVentilation: 1; SpaceTemperatureMax: 20; SpaceTemperatureMin: 20; SpaceTemperatureSummerMax: 20; SpaceTemperatureSummerMin: 20; Project: Projekt Buerogebaeude; Building: Buerogebaeude; Storey: 2. Obergeschoss; Top Elevation: 8.7; Bottom Elevation: 6; Global Top Elevation: 8.7; Global Bottom Elevation: 6; Has Own Geometry: 1; Children Have Geometry: 1; Global X: 36.1; Global Y: 2.3; Global Z: 6; Bounding Box Length: 5.6; Bounding Box Width: 4.4; Bounding Box Height: 2.7; Zone: Doppelzimmer; Zone: Raumtemperatur-20-Grad; Layer: Räume
0wOs8cwRn3Cgmq_aLC_Oc2,Stuhl,. Project: Projekt Buerogebaeude; Building: Buerogebaeude; Storey: 2. Obergeschoss; Top Elevation: 6.5; Bottom Elevation: 6; Global Top Elevation: 6.5; Global Bottom Elevation: 6; Has Own Geometry: 1; Children Have Geometry: 0; Global X: 36.608783; Global Y: 3.1467358; Global Z: 6; Bounding Box Length: 0.299999999999997; Bounding Box Width: 0.3; Bounding Box Height: 0.5; Layer: Einrichtung
3knwp7Zd90qPHbstf1VRar,Stuhl,. Project: Projekt Buerogebaeude; Building: Buerogebaeude; Storey: 2. Obergeschoss; Top Elevation: 6.5; Bottom Elevation: 6; Global Top Elevation: 6.5; Global Bottom Elevation: 6; Has Own Geometry: 1; Children Have Geometry: 0; Global X: 40.553583; Global Y: 4.316753; Global Z: 6; Bounding Box Length: 0.299999999999997; Bounding Box Width: 0.3; Bounding Box Height: 0.5; Layer: Einrichtung
0yQDJsqyH8SxODovysDAPx,Stuhl,. Project: Projekt Buerogebaeude; Building: Buerogebaeude; Storey: 2. Obergeschoss; Top Elevation: 6.5; Bottom Elevation: 6; Global Top Elevation: 6.5; Global Bottom Elevation: 6; Has Own Geometry: 1; Children Have Geometry: 0; Global X: 39.646685; Global Y: 3.1103538; Global Z: 6; Bounding Box Length: 0.300000000000004; Bounding Box Width: 0.3; Bounding Box Height: 0.5; Layer: Einrichtung
1K_d1XY_H0eR6YQt18Z3A$,Schreibtisch,. MainColor: beige; Project: Projekt Buerogebaeude; Building: Buerogebaeude; Storey: 2. Obergeschoss; Top Elevation: 6.8; Bottom Elevation: 6; Global Top Elevation: 6.8; Global Bottom Elevation: 6; Has Own Geometry: 1; Children Have Geometry: 0; Global X: 36.1; Global Y: 2.3; Global Z: 6; Bounding Box Length: 1.6; Bounding Box Width: 0.8; Bounding Box Height: 0.8; Layer: Einrichtung
1bBYVH$oL5ORExvNxEoec1,Schreibtisch,. MainColor: beige; Project: Projekt Buerogebaeude; Building: Buerogebaeude; Storey: 2. Obergeschoss; Top Elevation: 6.8; Bottom Elevation: 6; Global Top Elevation: 6.8; Global Bottom Elevation: 6; Has Own Geometry: 1; Children Have Geometry: 0; Global X: 39; Global Y: 2.3; Global Z: 6; Bounding Box Length: 1.6; Bounding Box Width: 0.8; Bounding Box Height: 0.8; Layer: Einrichtung
3yNXKcVj99lAvPT2UEyZ2b,Schreibtisch,. MainColor: beige; Project: Projekt Buerogebaeude; Building: Buerogebaeude; Storey: 2. Obergeschoss; Top Elevation: 6.8; Bottom Elevation: 6; Global Top Elevation: 6.8; Global Bottom Elevation: 6; Has Own Geometry: 1; Children Have Geometry: 0; Global X: 40.9; Global Y: 3.5; Global Z: 6; Bounding Box Length: 0.799999999999997; Bounding Box Width: 1.6; Bounding Box Height: 0.8; Layer: Einrichtung
0oB0YIgnPE49CsBpGIdxOR,312,. GrossFloorArea: 12.32; GrossVolume: 33.264; GrossWallArea: 38.88; Height: 2.7; NetFloorArea: 12.32; NetVolume: 33.264; NetWallArea: 38.88; Perimeter: 14.4; Category: Office; HandicapAccessible: 1; PubliclyAccessible: 0; AirConditioning: 0; NaturalVentilation: 1; SpaceTemperatureMax: 20; SpaceTemperatureMin: 20; SpaceTemperatureSummerMax: 20; SpaceTemperatureSummerMin: 20; Project: Projekt Buerogebaeude; Building: Buerogebaeude; Storey: 2. Obergeschoss; Top Elevation: 8.7; Bottom Elevation: 6; Global Top Elevation: 8.7; Global Bottom Elevation: 6; Has Own Geometry: 1; Children Have Geometry: 1; Global X: 27.1; Global Y: 9.3; Global Z: 6; Bounding Box Length: 2.8; Bounding Box Width: 4.4; Bounding Box Height: 2.7; Zone: Einzelzimmer; Zone: Raumtemperatur-20-Grad; Layer: Räume
08Pzy1FAf8zh5TqA5mdXl$,Schreibtisch,. MainColor: braun; Project: Projekt Buerogebaeude; Building: Buerogebaeude; Storey: 2. Obergeschoss; Top Elevation: 6.8; Bottom Elevation: 6; Global Top Elevation: 6.8; Global Bottom Elevation: 6; Has Own Geometry: 1; Children Have Geometry: 0; Global X: 27.1; Global Y: 11.108147; Global Z: 6; Bounding Box Length: 0.800000000000001; Bounding Box Width: 1.6; Bounding Box Height: 0.8; Layer: Einrichtung
24JOkmJxf0GOisNyZ3FF$C,Stuhl,. Project: Projekt Buerogebaeude; Building: Buerogebaeude; Storey: 2. Obergeschoss; Top Elevation: 6.5; Bottom Elevation: 6; Global Top Elevation: 6.5; Global Bottom Elevation: 6; Has Own Geometry: 1; Children Have Geometry: 0; Global X: 27.983243; Global Y: 11.907394; Global Z: 6; Bounding Box Length: 0.300000000000001; Bounding Box Width: 0.300000000000001; Bounding Box Height: 0.5; Layer: Einrichtung
3jurQKaejCqgtlRMQvYO$h,311,. GrossFloorArea: 12.32; GrossVolume: 33.264; GrossWallArea: 38.88; Height: 2.7; NetFloorArea: 12.32; NetVolume: 33.264; NetWallArea: 38.88; Perimeter: 14.4; Category: Office; HandicapAccessible: 1; PubliclyAccessible: 0; AirConditioning: 0; NaturalVentilation: 1; SpaceTemperatureMax: 20; SpaceTemperatureMin: 20; SpaceTemperatureSummerMax: 20; SpaceTemperatureSummerMin: 20; Project: Projekt Buerogebaeude; Building: Buerogebaeude; Storey: 2. Obergeschoss; Top Elevation: 8.7; Bottom Elevation: 6; Global Top Elevation: 8.7; Global Bottom Elevation: 6; Has Own Geometry: 1; Children Have Geometry: 1; Global X: 30.1; Global Y: 9.3; Global Z: 6; Bounding Box Length: 2.8; Bounding Box Width: 4.4; Bounding Box Height: 2.7; Zone: Einzelzimmer; Zone: Raumtemperatur-20-Grad; Layer: Räume
0qmJgxjdH3IBqV20iXIpL6,Schreibtisch,. MainColor: braun; Project: Projekt Buerogebaeude; Building: Buerogebaeude; Storey: 2. Obergeschoss; Top Elevation: 6.8; Bottom Elevation: 6; Global Top Elevation: 6.8; Global Bottom Elevation: 6; Has Own Geometry: 1; Children Have Geometry: 0; Global X: 32.1; Global Y: 11.270998; Global Z: 6; Bounding Box Length: 0.800000000000004; Bounding Box Width: 1.6; Bounding Box Height: 0.8; Layer: Einrichtung
14Xie0oVj4ZglTrZ1ZM6H_,Stuhl,. Project: Projekt Buerogebaeude; Building: Buerogebaeude; Storey: 2. Obergeschoss; Top Elevation: 6.5; Bottom Elevation: 6; Global Top Elevation: 6.5; Global Bottom Elevation: 6; Has Own Geometry: 1; Children Have Geometry: 0; Global X: 31.711483; Global Y: 11.846684; Global Z: 6; Bounding Box Length: 0.299999999999997; Bounding Box Width: 0.300000000000001; Bounding Box Height: 0.5; Layer: Einrichtung
1I4mvNGj58VPS4IqdvGDOQ,310,. GrossFloorArea: 12.32; GrossVolume: 33.264; GrossWallArea: 38.88; Height: 2.7; NetFloorArea: 12.32; NetVolume: 33.264; NetWallArea: 38.88; Perimeter: 14.4; Category: Office; HandicapAccessible: 1; PubliclyAccessible: 0; AirConditioning: 0; NaturalVentilation: 1; SpaceTemperatureMax: 20; SpaceTemperatureMin: 20; SpaceTemperatureSummerMax: 20; SpaceTemperatureSummerMin: 20; Project: Projekt Buerogebaeude; Building: Buerogebaeude; Storey: 2. Obergeschoss; Top Elevation: 8.7; Bottom Elevation: 6; Global Top Elevation: 8.7; Global Bottom Elevation: 6; Has Own Geometry: 1; Children Have Geometry: 1; Global X: 33.1; Global Y: 9.3; Global Z: 6; Bounding Box Length: 2.8; Bounding Box Width: 4.4; Bounding Box Height: 2.7; Zone: Einzelzimmer; Zone: Raumtemperatur-20-Grad; Layer: Räume
0C68vVxz1F_RziZYAfcHRO,Schreibtisch,. MainColor: braun; Project: Projekt Buerogebaeude; Building: Buerogebaeude; Storey: 2. Obergeschoss; Top Elevation: 6.8; Bottom Elevation: 6; Global Top Elevation: 6.8; Global Bottom Elevation: 6; Has Own Geometry: 1; Children Have Geometry: 0; Global X: 35.1; Global Y: 11.198619; Global Z: 6; Bounding Box Length: 0.800000000000004; Bounding Box Width: 1.6; Bounding Box Height: 0.8; Layer: Einrichtung
3uG8sjdwr9WvIJ2E5J1vnl,Stuhl,. Project: Projekt Buerogebaeude; Building: Buerogebaeude; Storey: 2. Obergeschoss; Top Elevation: 6.5; Bottom Elevation: 6; Global Top Elevation: 6.5; Global Bottom Elevation: 6; Has Own Geometry: 1; Children Have Geometry: 0; Global X: 34.722772; Global Y: 11.957515; Global Z: 6; Bounding Box Length: 0.300000000000004; Bounding Box Width: 0.300000000000001; Bounding Box Height: 0.5; Layer: Einrichtung
3BlfjPTqH1qeG63Yox0pCX,309,. GrossFloorArea: 12.32; GrossVolume: 33.264; GrossWallArea: 38.88; Height: 2.7; NetFloorArea: 12.32; NetVolume: 33.264; NetWallArea: 38.88; Perimeter: 14.4; Category: Office; HandicapAccessible: 1; PubliclyAccessible: 0; AirConditioning: 0; NaturalVentilation: 1; SpaceTemperatureMax: 20; SpaceTemperatureMin: 20; SpaceTemperatureSummerMax: 20; SpaceTemperatureSummerMin: 20; Project: Projekt Buerogebaeude; Building: Buerogebaeude; Storey: 2. Obergeschoss; Top Elevation: 8.7; Bottom Elevation: 6; Global Top Elevation: 8.7; Global Bottom Elevation: 6; Has Own Geometry: 1; Children Have Geometry: 1; Global X: 36.1; Global Y: 9.3; Global Z: 6; Bounding Box Length: 2.8; Bounding Box Width: 4.4; Bounding Box Height: 2.7; Zone: Einzelzimmer; Zone: Raumtemperatur-20-Grad; Layer: Räume
2pkKx0m_bEbfjzzBNbASG_,Schreibtisch,. MainColor: braun; Project: Projekt Buerogebaeude; Building: Buerogebaeude; Storey: 2. Obergeschoss; Top Elevation: 6.8; Bottom Elevation: 6; Global Top Elevation: 6.8; Global Bottom Elevation: 6; Has Own Geometry: 1; Children Have Geometry: 0; Global X: 38.1; Global Y: 11.216714; Global Z: 6; Bounding Box Length: 0.800000000000004; Bounding Box Width: 1.6; Bounding Box Height: 0.8; Layer: Einrichtung
0MwwQwktD1EABufkWsF6jR,Stuhl,. Project: Projekt Buerogebaeude; Building: Buerogebaeude; Storey: 2. Obergeschoss; Top Elevation: 6.5; Bottom Elevation: 6; Global Top Elevation: 6.5; Global Bottom Elevation: 6; Has Own Geometry: 1; Children Have Geometry: 0; Global X: 37.723029; Global Y: 11.957515; Global Z: 6; Bounding Box Length: 0.299999999999997; Bounding Box Width: 0.300000000000001; Bounding Box Height: 0.5; Layer: Einrichtung
1qHIiTcLf7zwz3pTXujZ3t,308,. GrossFloorArea: 11.44; GrossVolume: 30.888; GrossWallArea: 37.8; Height: 2.7; NetFloorArea: 11.44; NetVolume: 30.888; NetWallArea: 37.8; Perimeter: 14; Category: Office; HandicapAccessible: 1; PubliclyAccessible: 0; AirConditioning: 0; NaturalVentilation: 1; SpaceTemperatureMax: 20; SpaceTemperatureMin: 20; SpaceTemperatureSummerMax: 20; SpaceTemperatureSummerMin: 20; Project: Projekt Buerogebaeude; Building: Buerogebaeude; Storey: 2. Obergeschoss; Top Elevation: 8.7; Bottom Elevation: 6; Global Top Elevation: 8.7; Global Bottom Elevation: 6; Has Own Geometry: 1; Children Have Geometry: 1; Global X: 39.1; Global Y: 9.3; Global Z: 6; Bounding Box Length: 2.6; Bounding Box Width: 4.4; Bounding Box Height: 2.7; Zone: Einzelzimmer; Zone: Raumtemperatur-20-Grad; Layer: Räume
2$ggPbypH5bewZ6ww_a1T0,Schreibtisch,. MainColor: braun; Project: Projekt Buerogebaeude; Building: Buerogebaeude; Storey: 2. Obergeschoss; Top Elevation: 6.8; Bottom Elevation: 6; Global Top Elevation: 6.8; Global Bottom Elevation: 6; Has Own Geometry: 1; Children Have Geometry: 0; Global X: 40.9; Global Y: 11.234809; Global Z: 6; Bounding Box Length: 0.799999999999997; Bounding Box Width: 1.6; Bounding Box Height: 0.8; Layer: Einrichtung
3KG27wZLbFaxu7wvjAtGKk,Stuhl,. Project: Projekt Buerogebaeude; Building: Buerogebaeude; Storey: 2. Obergeschoss; Top Elevation: 6.5; Bottom Elevation: 6; Global Top Elevation: 6.5; Global Bottom Elevation: 6; Has Own Geometry: 1; Children Have Geometry: 0; Global X: 40.586432; Global Y: 12.010151; Global Z: 6; Bounding Box Length: 0.299999999999997; Bounding Box Width: 0.300000000000001; Bounding Box Height: 0.5; Layer: Einrichtung
0jh6L39QvEQu8mVKX3j43f,314,. GrossFloorArea: 12.76; GrossVolume: 34.452; GrossWallArea: 39.42; Height: 2.7; NetFloorArea: 12.76; NetVolume: 34.452; NetWallArea: 39.42; Perimeter: 14.6; Category: WC; HandicapAccessible: 1; PubliclyAccessible: 0; AirConditioning: 0; NaturalVentilation: 1; SpaceTemperatureMax: 15; SpaceTemperatureMin: 15; SpaceTemperatureSummerMax: 15; SpaceTemperatureSummerMin: 15; Project: Projekt Buerogebaeude; Building: Buerogebaeude; Storey: 2. Obergeschoss; Top Elevation: 8.7; Bottom Elevation: 6; Global Top Elevation: 8.7; Global Bottom Elevation: 6; Has Own Geometry: 1; Children Have Geometry: 0; Global X: 15.1; Global Y: 9.3; Global Z: 6; Bounding Box Length: 2.9; Bounding Box Width: 4.4; Bounding Box Height: 2.7; Zone: WC; Zone: Raumtemperatur-15-Grad; Layer: Räume
3zaEFaiGrF1ftyFPQrOe_i,301,. GrossFloorArea: 24.64; GrossVolume: 66.528; GrossWallArea: 54; Height: 2.7; NetFloorArea: 24.64; NetVolume: 66.528; NetWallArea: 54; Perimeter: 20; Category: Office; HandicapAccessible: 1; PubliclyAccessible: 0; AirConditioning: 0; NaturalVentilation: 1; SpaceTemperatureMax: 20; SpaceTemperatureMin: 20; SpaceTemperatureSummerMax: 20; SpaceTemperatureSummerMin: 20; Project: Projekt Buerogebaeude; Building: Buerogebaeude; Storey: 2. Obergeschoss; Top Elevation: 8.7; Bottom Elevation: 6; Global Top Elevation: 8.7; Global Bottom Elevation: 6; Has Own Geometry: 1; Children Have Geometry: 1; Global X: 0.300000000000001; Global Y: 2.3; Global Z: 6; Bounding Box Length: 5.6; Bounding Box Width: 4.4; Bounding Box Height: 2.7; Zone: Doppelzimmer; Zone: Raumtemperatur-20-Grad; Layer: Räume
3KZ2b1pvXFm9M9Ry1f7XBP,Schreibtisch,. MainColor: weiss; Project: Projekt Buerogebaeude; Building: Buerogebaeude; Storey: 2. Obergeschoss; Top Elevation: 6.8; Bottom Elevation: 6; Global Top Elevation: 6.8; Global Bottom Elevation: 6; Has Own Geometry: 1; Children Have Geometry: 0; Global X: 2.2; Global Y: 2.3; Global Z: 6; Bounding Box Length: 0.800000000000001; Bounding Box Width: 1.6; Bounding Box Height: 0.8; Layer: Einrichtung
2NItBPmLX4phu7hB4RNo_9,Schreibtisch,. MainColor: weiss; Project: Projekt Buerogebaeude; Building: Buerogebaeude; Storey: 2. Obergeschoss; Top Elevation: 6.8; Bottom Elevation: 6; Global Top Elevation: 6.8; Global Bottom Elevation: 6; Has Own Geometry: 1; Children Have Geometry: 0; Global X: 3; Global Y: 2.3; Global Z: 6; Bounding Box Length: 0.800000000000001; Bounding Box Width: 1.6; Bounding Box Height: 0.8; Layer: Einrichtung
1wB4a7dCr10hjA64sQASOs,Stuhl,. Project: Projekt Buerogebaeude; Building: Buerogebaeude; Storey: 2. Obergeschoss; Top Elevation: 6.5; Bottom Elevation: 6; Global Top Elevation: 6.5; Global Bottom Elevation: 6; Has Own Geometry: 1; Children Have Geometry: 0; Global X: 1.7961237; Global Y: 2.9970726; Global Z: 6; Bounding Box Length: 0.300000000000001; Bounding Box Width: 0.3; Bounding Box Height: 0.5; Layer: Einrichtung
12ewscBPX8TO20fizC01c1,Stuhl,. Project: Projekt Buerogebaeude; Building: Buerogebaeude; Storey: 2. Obergeschoss; Top Elevation: 6.5; Bottom Elevation: 6; Global Top Elevation: 6.5; Global Bottom Elevation: 6; Has Own Geometry: 1; Children Have Geometry: 0; Global X: 3.8489311; Global Y: 2.870746; Global Z: 6; Bounding Box Length: 0.300000000000001; Bounding Box Width: 0.3; Bounding Box Height: 0.5; Layer: Einrichtung
3i9iiZlcT5eQkuRPP$TrLS,319,. GrossFloorArea: 11.44; GrossVolume: 30.888; GrossWallArea: 37.8; Height: 2.7; NetFloorArea: 11.44; NetVolume: 30.888; NetWallArea: 37.8; Perimeter: 14; Category: Office; HandicapAccessible: 1; PubliclyAccessible: 0; AirConditioning: 0; NaturalVentilation: 1; SpaceTemperatureMax: 20; SpaceTemperatureMin: 20; SpaceTemperatureSummerMax: 20; SpaceTemperatureSummerMin: 20; Project: Projekt Buerogebaeude; Building: Buerogebaeude; Storey: 2. Obergeschoss; Top Elevation: 8.7; Bottom Elevation: 6; Global Top Elevation: 8.7; Global Bottom Elevation: 6; Has Own Geometry: 1; Children Have Geometry: 1; Global X: 0.300000000000001; Global Y: 9.3; Global Z: 6; Bounding Box Length: 2.6; Bounding Box Width: 4.4; Bounding Box Height: 2.7; Zone: Einzelzimmer; Zone: Raumtemperatur-20-Grad; Layer: Räume
2Tnz7eiWn96fYzN2y_ZGL$,Schreibtisch,. MainColor: beige; Project: Projekt Buerogebaeude; Building: Buerogebaeude; Storey: 2. Obergeschoss; Top Elevation: 6.8; Bottom Elevation: 6; Global Top Elevation: 6.8; Global Bottom Elevation: 6; Has Own Geometry: 1; Children Have Geometry: 0; Global X: 0.300000000000001; Global Y: 11.016526; Global Z: 6; Bounding Box Length: 0.800000000000001; Bounding Box Width: 1.6; Bounding Box Height: 0.8; Layer: Einrichtung
2ac9e1BT96ZAB5qrv0LY1U,Stuhl,. Project: Projekt Buerogebaeude; Building: Buerogebaeude; Storey: 2. Obergeschoss; Top Elevation: 6.5; Bottom Elevation: 6; Global Top Elevation: 6.5; Global Bottom Elevation: 6; Has Own Geometry: 1; Children Have Geometry: 0; Global X: 1.1644906; Global Y: 11.839935; Global Z: 6; Bounding Box Length: 0.300000000000001; Bounding Box Width: 0.300000000000001; Bounding Box Height: 0.5; Layer: Einrichtung
3gYFdGsxTBa9PFlMvRAaiF,320,. GrossFloorArea: 35.4; GrossVolume: 95.58; GrossWallArea: 106.38; Height: 2.7; NetFloorArea: 35.4; NetVolume: 95.58; NetWallArea: 106.38; Perimeter: 39.4; Category: Flur; HandicapAccessible: 1; PubliclyAccessible: 0; AirConditioning: 0; NaturalVentilation: 1; SpaceTemperatureMax: 15; SpaceTemperatureMin: 15; SpaceTemperatureSummerMax: 15; SpaceTemperatureSummerMin: 15; SpaceTemperatureWinterMax: 15; SpaceTemperatureWinterMin: 15; Project: Projekt Buerogebaeude; Building: Buerogebaeude; Storey: 2. Obergeschoss; Top Elevation: 8.7; Bottom Elevation: 6; Global Top Elevation: 8.7; Global Bottom Elevation: 6; Has Own Geometry: 1; Children Have Geometry: 0; Global X: 0.300000000000001; Global Y: 7; Global Z: 6; Bounding Box Length: 17.7; Bounding Box Width: 2; Bounding Box Height: 2.7; Zone: Flur; Zone: Raumtemperatur-15-Grad; Layer: Räume
2mSYEw1YLDvhMYvUr3eREJ,321,. GrossFloorArea: 46.98; GrossVolume: 126.846; GrossWallArea: 76.14; Height: 2.7; NetFloorArea: 46.98; NetVolume: 126.846; NetWallArea: 76.14; Perimeter: 28.2; Category: Flur; NaturalVentilation: 1; AirConditioning: 0; SpaceTemperatureMax: 15; SpaceTemperatureMin: 15; SpaceTemperatureSummer: 20; SpaceTemperatureSummerMax: 15; SpaceTemperatureSummerMin: 15; SpaceTemperatureWinter: 20; SpaceTemperatureWinterMax: 15; SpaceTemperatureWinterMin: 15; Project: Projekt Buerogebaeude; Building: Buerogebaeude; Storey: 2. Obergeschoss; Top Elevation: 8.7; Bottom Elevation: 6; Global Top Elevation: 8.7; Global Bottom Elevation: 6; Has Own Geometry: 1; Children Have Geometry: 0; Global X: 18.3; Global Y: 7; Global Z: 6; Bounding Box Length: 5.4; Bounding Box Width: 8.7; Bounding Box Height: 2.7; Zone: Flur; Zone: Raumtemperatur-15-Grad; Layer: Räume
3CXBDjcSTES8AedjLKSfJe,322,. GrossFloorArea: 35.4; GrossVolume: 95.58; GrossWallArea: 106.38; Height: 2.7; NetFloorArea: 35.4; NetVolume: 95.58; NetWallArea: 106.38; Perimeter: 39.4; Category: Flur; HandicapAccessible: 1; PubliclyAccessible: 0; AirConditioning: 0; NaturalVentilation: 1; SpaceTemperatureMax: 15; SpaceTemperatureMin: 15; SpaceTemperatureSummerMax: 15; SpaceTemperatureSummerMin: 15; SpaceTemperatureWinterMax: 15; SpaceTemperatureWinterMin: 15; Project: Projekt Buerogebaeude; Building: Buerogebaeude; Storey: 2. Obergeschoss; Top Elevation: 8.7; Bottom Elevation: 6; Global Top Elevation: 8.7; Global Bottom Elevation: 6; Has Own Geometry: 1; Children Have Geometry: 0; Global X: 24; Global Y: 7; Global Z: 6; Bounding Box Length: 17.7; Bounding Box Width: 2; Bounding Box Height: 2.7; Zone: Flur; Zone: Raumtemperatur-15-Grad; Layer: Räume
1QBGh5csbBJAW2bT8EMyIU,Dachgeschoss,Roof Level. Project: Projekt Buerogebaeude; Building: Buerogebaeude; Top Elevation: 12.04931853; Bottom Elevation: 8.7; Global Top Elevation: 12.04931853; Global Bottom Elevation: 8.7; Has Own Geometry: 0; Children Have Geometry: 1; Global X: -8; Global Y: -4; Global Z: 8.7; Bounding Box Length: 54; Bounding Box Width: 24; Bounding Box Height: 3.34931853
3xKoz5lYr2kBHotkF1f8iz,Wand-007,. GrossFootprintArea: 3.51; GrossSideArea: 32.4; GrossVolume: 4.296587; Height: 2.7; Length: 12; NetSideArea: 32.4; NetVolume: 4.296587; Width: 0.3; IsExternal: 1; LoadBearing: 1; ThermalTransmittance: 0.3; Project: Projekt Buerogebaeude; Building: Buerogebaeude; Storey: Dachgeschoss; Top Elevation: 10.6401677361057; Bottom Elevation: 9; Global Top Elevation: 10.6401677361057; Global Bottom Elevation: 9; Has Own Geometry: 1; Children Have Geometry: 0; Global X: 41.7; Global Y: 2; Global Z: 9; Bounding Box Length: 0.299999999999997; Bounding Box Width: 12; Bounding Box Height: 1.64016773610572; Layer: Außenwände
0cxniC0UzD0wuIz01g7Uyw,Wand-001,. GrossFootprintArea: 3.51; GrossSideArea: 32.4; GrossVolume: 4.296587; Height: 2.7; Length: 12; NetSideArea: 32.4; NetVolume: 4.296587; Width: 0.3; IsExternal: 1; LoadBearing: 1; ThermalTransmittance: 0.3; Project: Projekt Buerogebaeude; Building: Buerogebaeude; Storey: Dachgeschoss; Top Elevation: 10.6401677279233; Bottom Elevation: 9; Global Top Elevation: 10.6401677279233; Global Bottom Elevation: 9; Has Own Geometry: 1; Children Have Geometry: 0; Global X: 0; Global Y: 2; Global Z: 9; Bounding Box Length: 0.300000000000001; Bounding Box Width: 12; Bounding Box Height: 1.64016772792328; Layer: Außenwände
05pt4VPQf37w1V18yX4Rbi,Wand-003,. GrossFootprintArea: 4.065; GrossSideArea: 37.8; GrossVolume: 9.0802791; Height: 2.7; Length: 14; NetSideArea: 37.8; NetVolume: 9.0802791; Width: 0.3; IsExternal: 1; LoadBearing: 1; ThermalTransmittance: 0.3; Project: Projekt Buerogebaeude; Building: Buerogebaeude; Storey: Dachgeschoss; Top Elevation: 11.6693188068215; Bottom Elevation: 9; Global Top Elevation: 11.6693188068215; Global Bottom Elevation: 9; Has Own Geometry: 1; Children Have Geometry: 0; Global X: 18; Global Y: 2.3; Global Z: 9; Bounding Box Length: 0.300000000000001; Bounding Box Width: 13.7; Bounding Box Height: 2.66931880682154; Layer: Außenwände
0CfDD9v019POgJaaj_XgfQ,Wand-005,. GrossFootprintArea: 4.065; GrossSideArea: 37.8; GrossVolume: 9.0802791; Height: 2.7; Length: 14; NetSideArea: 37.8; NetVolume: 9.0802791; Width: 0.3; IsExternal: 1; LoadBearing: 1; ThermalTransmittance: 0.3; Project: Projekt Buerogebaeude; Building: Buerogebaeude; Storey: Dachgeschoss; Top Elevation: 11.669318801591; Bottom Elevation: 9; Global Top Elevation: 11.669318801591; Global Bottom Elevation: 9; Has Own Geometry: 1; Children Have Geometry: 0; Global X: 23.7; Global Y: 2.3; Global Z: 9; Bounding Box Length: 0.300000000000001; Bounding Box Width: 13.7; Bounding Box Height: 2.66931880159099; Layer: Außenwände
0bg0AtKu104BS2oVEJMTxV,Wand-004,. GrossFootprintArea: 1.71; GrossSideArea: 16.2; GrossVolume: 2.1708205; Height: 2.7; Length: 6; NetSideArea: 16.2; NetVolume: 2.1708205; Width: 0.3; IsExternal: 1; LoadBearing: 1; ThermalTransmittance: 0.3; Project: Projekt Buerogebaeude; Building: Buerogebaeude; Storey: Dachgeschoss; Top Elevation: 10.3335522362128; Bottom Elevation: 9; Global Top Elevation: 10.3335522362128; Global Bottom Elevation: 9; Has Own Geometry: 1; Children Have Geometry: 0; Global X: 18; Global Y: 15.7; Global Z: 9; Bounding Box Length: 6; Bounding Box Width: 0.300000000000001; Bounding Box Height: 1.33355223621285; Layer: Außenwände
12gYtU2FL0SvTEriHSUNbg,Wand-002,. GrossFootprintArea: 5.355; GrossSideArea: 48.6; GrossVolume: 1.752243; Height: 2.7; Length: 18; NetSideArea: 48.6; NetVolume: 1.752243; Width: 0.3; IsExternal: 1; LoadBearing: 1; ThermalTransmittance: 0.3; Project: Projekt Buerogebaeude; Building: Buerogebaeude; Storey: Dachgeschoss; Top Elevation: 9.39894885298956; Bottom Elevation: 9; Global Top Elevation: 9.39894885298956; Global Bottom Elevation: 9; Has Own Geometry: 1; Children Have Geometry: 0; Global X: 0; Global Y: 13.7; Global Z: 9; Bounding Box Length: 18; Bounding Box Width: 0.300000000000001; Bounding Box Height: 0.398948852989555; Layer: Außenwände
3hmLvediX7gRVGzmAdPrx3,Wand-006,. GrossFootprintArea: 5.355; GrossSideArea: 48.6; GrossVolume: 1.752243; Height: 2.7; Length: 18; NetSideArea: 48.6; NetVolume: 1.752243; Width: 0.3; IsExternal: 1; LoadBearing: 1; ThermalTransmittance: 0.3; Project: Projekt Buerogebaeude; Building: Buerogebaeude; Storey: Dachgeschoss; Top Elevation: 9.39894885298956; Bottom Elevation: 9; Global Top Elevation: 9.39894885298956; Global Bottom Elevation: 9; Has Own Geometry: 1; Children Have Geometry: 0; Global X: 24; Global Y: 13.7; Global Z: 9; Bounding Box Length: 18; Bounding Box Width: 0.300000000000001; Bounding Box Height: 0.398948852989555; Layer: Außenwände
2OU4curhvDMPArGs3c5lc0,Wand-010,. GrossFootprintArea: 12.51; GrossSideArea: 113.4; GrossVolume: 5.7915484; Height: 2.7; Length: 42; NetSideArea: 113.4; NetVolume: 5.7915484; Width: 0.3; IsExternal: 1; LoadBearing: 1; ThermalTransmittance: 0.3; Project: Projekt Buerogebaeude; Building: Buerogebaeude; Storey: Dachgeschoss; Top Elevation: 10.3335522362128; Bottom Elevation: 9; Global Top Elevation: 10.3335522362128; Global Bottom Elevation: 9; Has Own Geometry: 1; Children Have Geometry: 0; Global X: 0; Global Y: 2; Global Z: 9; Bounding Box Length: 42; Bounding Box Width: 0.3; Bounding Box Height: 1.33355223621285; Layer: Außenwände
3vRTqctWLA386lknYd28_z,Gelaender-4-1,Railing 4-1. Height: 0.8; IsExternal: 0; Project: Projekt Buerogebaeude; Building: Buerogebaeude; Storey: Dachgeschoss; Top Elevation: 9.9; Bottom Elevation: 9.1; Global Top Elevation: 9.9; Global Bottom Elevation: 9.1; Has Own Geometry: 1; Children Have Geometry: 0; Global X: 19.8425; Global Y: 11.675; Global Z: 9.1; Bounding Box Length: 0.0150000000000006; Bounding Box Width: 2.45; Bounding Box Height: 0.799999999999999; Layer: Einrichtung
1$1ClJMbr7AusAHSAhOyRM,Gelaender-4-2,Railing 4-2. Height: 0.8; IsExternal: 0; Project: Projekt Buerogebaeude; Building: Buerogebaeude; Storey: Dachgeschoss; Top Elevation: 9.9; Bottom Elevation: 9.1; Global Top Elevation: 9.9; Global Bottom Elevation: 9.1; Has Own Geometry: 1; Children Have Geometry: 0; Global X: 22.1425; Global Y: 11.675; Global Z: 9.1; Bounding Box Length: 0.0150000000000006; Bounding Box Width: 2.45; Bounding Box Height: 0.799999999999999; Layer: Einrichtung
1piAuVWKr1vB9nZx_vUax_,Gelaender-4-3,Railing 4-3. Height: 0.8; IsExternal: 0; Project: Projekt Buerogebaeude; Building: Buerogebaeude; Storey: Dachgeschoss; Top Elevation: 9.9; Bottom Elevation: 9.1; Global Top Elevation: 9.9; Global Bottom Elevation: 9.1; Has Own Geometry: 1; Children Have Geometry: 0; Global X: 19.8575; Global Y: 14.125; Global Z: 9.1; Bounding Box Length: 2.285; Bounding Box Width: 0.0150000000000006; Bounding Box Height: 0.799999999999999; Layer: Einrichtung
2qBBp57vj5yguk4qD5Rp6P,Decke-002,. GrossArea: 516; GrossVolume: 154.8; NetArea: 516; NetVolume: 154.8; Perimeter: 112; Width: 0.3; IsExternal: 1; LoadBearing: 1; ThermalTransmittance: 0.3; Project: Projekt Buerogebaeude; Building: Buerogebaeude; Storey: Dachgeschoss; Top Elevation: 9; Bottom Elevation: 8.7; Global Top Elevation: 9; Global Bottom Elevation: 8.7; Has Own Geometry: 1; Children Have Geometry: 1; Global X: 0; Global Y: 2; Global Z: 8.7; Bounding Box Length: 42; Bounding Box Width: 14; Bounding Box Height: 0.300000000000001; Layer: Decken
2xJc6gwejAkgzBirSWN$7d,,. Project: Projekt Buerogebaeude; Building: Buerogebaeude; Storey: Dachgeschoss; Top Elevation: 9; Bottom Elevation: 8.7; Global Top Elevation: 9; Global Bottom Elevation: 8.7; Has Own Geometry: 1; Children Have Geometry: 0; Global X: 18.3; Global Y: 11.7; Global Z: 8.7; Bounding Box Length: 5.4; Bounding Box Width: 4; Bounding Box Height: 0.300000000000001
0hEXM06OrA5gv_ZOu0dPhm,Dach-001,. GrossArea: 37.990481; GrossVolume: 14.89191; NetArea: 37.990481; NetVolume: 14.89191; Perimeter: 41.998998; Width: 0.39735637; IsExternal: 1; ThermalTransmittance: 0.22; Project: Projekt Buerogebaeude; Building: Buerogebaeude; Storey: Dachgeschoss; Top Elevation: 10.71117623; Bottom Elevation: 9.744831931; Global Top Elevation: 10.71117623; Global Bottom Elevation: 9.744831931; Has Own Geometry: 1; Children Have Geometry: 0; Global X: -1; Global Y: 11.0292001; Global Z: 9.744831931; Bounding Box Length: 19; Bounding Box Width: 2.0835809; Bounding Box Height: 0.966344298999999; Layer: Dächer
0NhW4VLIbBiuXKiyGrq3kz,Dach-001,. GrossArea: 39.28951; GrossVolume: 14.89191; NetArea: 39.28951; NetVolume: 14.89191; Perimeter: 42.135738; Width: 0.38421858; IsExternal: 1; ThermalTransmittance: 0.22; Project: Projekt Buerogebaeude; Building: Buerogebaeude; Storey: Dachgeschoss; Top Elevation: 11.0201674; Bottom Elevation: 10.33952163; Global Top Elevation: 11.0201674; Global Bottom Elevation: 10.33952163; Has Own Geometry: 1; Children Have Geometry: 0; Global X: -1; Global Y: 9.0171791; Global Z: 10.33952163; Bounding Box Length: 19; Bounding Box Width: 2.0961029; Bounding Box Height: 0.68064577; Layer: Dächer
0_6U2wqx5EygCAIw2ocirl,Dach-001,. GrossArea: 39.725713; GrossVolume: 14.89191; NetArea: 39.725713; NetVolume: 14.89191; Perimeter: 42.181654; Width: 0.37999972; IsExternal: 1; ThermalTransmittance: 0.22; Project: Projekt Buerogebaeude; Building: Buerogebaeude; Storey: Dachgeschoss; Top Elevation: 11.02016742; Bottom Elevation: 10.6401677; Global Top Elevation: 11.02016742; Global Bottom Elevation: 10.6401677; Has Own Geometry: 1; Children Have Geometry: 0; Global X: -1; Global Y: 6.9545865; Global Z: 10.6401677; Bounding Box Length: 19; Bounding Box Width: 2.090827; Bounding Box Height: 0.379999720000001; Layer: Dächer
0UobTn5dzETeVPsaqJjGpw,Dach-001,. GrossArea: 39.28951; GrossVolume: 14.89191; NetArea: 39.28951; NetVolume: 14.89191; Perimeter: 42.135738; Width: 0.38421858; IsExternal: 1; ThermalTransmittance: 0.22; Project: Projekt Buerogebaeude; Building: Buerogebaeude; Storey: Dachgeschoss; Top Elevation: 11.02016738; Bottom Elevation: 10.33952161; Global Top Elevation: 11.02016738; Global Bottom Elevation: 10.33952161; Has Own Geometry: 1; Children Have Geometry: 0; Global X: -1; Global Y: 4.8867176; Global Z: 10.33952161; Bounding Box Length: 19; Bounding Box Width: 2.09610288; Bounding Box Height: 0.68064577; Layer: Dächer
3Kn4W2ZqD4K8KzX7iS3xhj,Dach-001,. GrossArea: 37.990481; GrossVolume: 14.89191; NetArea: 37.990481; NetVolume: 14.89191; Perimeter: 41.998998; Width: 0.39735637; IsExternal: 1; ThermalTransmittance: 0.22; Project: Projekt Buerogebaeude; Building: Buerogebaeude; Storey: Dachgeschoss; Top Elevation: 10.71117627; Bottom Elevation: 9.74483193; Global Top Elevation: 10.71117627; Global Bottom Elevation: 9.74483193; Has Own Geometry: 1; Children Have Geometry: 0; Global X: -1; Global Y: 2.8872186; Global Z: 9.74483193; Bounding Box Length: 19; Bounding Box Width: 2.083580903; Bounding Box Height: 0.966344340000001; Layer: Dächer
3x663a8XD65viEHNLVdTxd,Dach-001,. GrossArea: 38.480736; GrossVolume: 15.64802; NetArea: 38.480736; NetVolume: 15.64802; Perimeter: 41.774437; Width: 0.42099716; IsExternal: 1; ThermalTransmittance: 0.22; Project: Projekt Buerogebaeude; Building: Buerogebaeude; Storey: Dachgeschoss; Top Elevation: 10.0999797; Bottom Elevation: 8.77900284; Global Top Elevation: 10.0999797; Global Bottom Elevation: 8.77900284; Has Own Geometry: 1; Children Have Geometry: 0; Global X: -1; Global Y: 1; Global Z: 8.77900284; Bounding Box Length: 19; Bounding Box Width: 2.02530193; Bounding Box Height: 1.32097686; Layer: Dächer
09JX$lRj14w8LMwtAomZqY,Dach-001,. GrossArea: 18.458084; GrossVolume: 7.4027745; NetArea: 18.458084; NetVolume: 7.4027745; Perimeter: 20.366859; Width: 0.41211786; IsExternal: 1; ThermalTransmittance: 0.22; Project: Projekt Buerogebaeude; Building: Buerogebaeude; Storey: Dachgeschoss; Top Elevation: 11.11648634; Bottom Elevation: 9.78788214; Global Top Elevation: 11.11648634; Global Bottom Elevation: 9.78788214; Has Own Geometry: 1; Children Have Geometry: 0; Global X: 17; Global Y: 14.6927395; Global Z: 9.78788214; Bounding Box Length: 8; Bounding Box Width: 2.3072605; Bounding Box Height: 1.3286042; Layer: Dächer
2s4YT_DyvEIwBQu$XLcqVB,Dach-001,. GrossArea: 18.28282; GrossVolume: 7.1220159; NetArea: 18.28282; NetVolume: 7.1220159; Perimeter: 20.570705; Width: 0.3937381; IsExternal: 1; ThermalTransmittance: 0.22; Project: Projekt Buerogebaeude; Building: Buerogebaeude; Storey: Dachgeschoss; Top Elevation: 11.7365476; Bottom Elevation: 10.756345935; Global Top Elevation: 11.7365476; Global Bottom Elevation: 10.756345935; Has Own Geometry: 1; Children Have Geometry: 0; Global X: 17; Global Y: 12.4560402; Global Z: 10.756345935; Bounding Box Length: 8; Bounding Box Width: 2.3605298; Bounding Box Height: 0.980201664999999; Layer: Dächer
1mNoyQNRjFqALu0EZLqVjE,Dach-001,. GrossArea: 18.777837; GrossVolume: 7.1220159; NetArea: 18.777837; NetVolume: 7.1220159; Perimeter: 20.694459; Width: 0.38335849; IsExternal: 1; ThermalTransmittance: 0.22; Project: Projekt Buerogebaeude; Building: Buerogebaeude; Storey: Dachgeschoss; Top Elevation: 12.04931853; Bottom Elevation: 11.363206545; Global Top Elevation: 12.04931853; Global Bottom Elevation: 11.363206545; Has Own Geometry: 1; Children Have Geometry: 0; Global X: 17; Global Y: 10.1587821; Global Z: 11.363206545; Bounding Box Length: 8; Bounding Box Width: 2.3724359; Bounding Box Height: 0.686111985; Layer: Dächer
0y2gVbrHLBEQOsZrBF1Kyc,Dach-001,. GrossArea: 18.943811; GrossVolume: 7.1220159; NetArea: 18.943811; NetVolume: 7.1220159; Perimeter: 20.735953; Width: 0.37999972; IsExternal: 1; ThermalTransmittance: 0.22; Project: Projekt Buerogebaeude; Building: Buerogebaeude; Storey: Dachgeschoss; Top Elevation: 12.04931852; Bottom Elevation: 11.6693188; Global Top Elevation: 12.04931852; Global Bottom Elevation: 11.6693188; Has Own Geometry: 1; Children Have Geometry: 0; Global X: 17; Global Y: 7.8160116; Global Z: 11.6693188; Bounding Box Length: 8; Bounding Box Width: 2.3679764; Bounding Box Height: 0.379999720000001; Layer: Dächer
2xTaNf8DzFMfTdt$AJsD2d,Dach-001,. GrossArea: 18.777837; GrossVolume: 7.1220159; NetArea: 18.777837; NetVolume: 7.1220159; Perimeter: 20.694459; Width: 0.38335849; IsExternal: 1; ThermalTransmittance: 0.22; Project: Projekt Buerogebaeude; Building: Buerogebaeude; Storey: Dachgeschoss; Top Elevation: 12.04931849; Bottom Elevation: 11.3632065; Global Top Elevation: 12.04931849; Global Bottom Elevation: 11.3632065; Has Own Geometry: 1; Children Have Geometry: 0; Global X: 17; Global Y: 5.4687822; Global Z: 11.3632065; Bounding Box Length: 8; Bounding Box Width: 2.372435895; Bounding Box Height: 0.686111990000001; Layer: Dächer
2sqOrgHH1BIwrN$KcJhc_B,Dach-001,. GrossArea: 18.28282; GrossVolume: 7.1220159; NetArea: 18.28282; NetVolume: 7.1220159; Perimeter: 20.570705; Width: 0.3937381; IsExternal: 1; ThermalTransmittance: 0.22; Project: Projekt Buerogebaeude; Building: Buerogebaeude; Storey: Dachgeschoss; Top Elevation: 11.7365476; Bottom Elevation: 10.75634598; Global Top Elevation: 11.7365476; Global Bottom Elevation: 10.75634598; Has Own Geometry: 1; Children Have Geometry: 0; Global X: 17; Global Y: 3.1834296; Global Z: 10.75634598; Bounding Box Length: 8; Bounding Box Width: 2.360529798; Bounding Box Height: 0.980201620000001; Layer: Dächer
0LG1dnAtn4qQamxBPgaWX7,Dach-001,. GrossArea: 18.458084; GrossVolume: 7.4027745; NetArea: 18.458084; NetVolume: 7.4027745; Perimeter: 20.366859; Width: 0.41211786; IsExternal: 1; ThermalTransmittance: 0.22; Project: Projekt Buerogebaeude; Building: Buerogebaeude; Storey: Dachgeschoss; Top Elevation: 11.11648636; Bottom Elevation: 9.78788218; Global Top Elevation: 11.11648636; Global Bottom Elevation: 9.78788218; Has Own Geometry: 1; Children Have Geometry: 0; Global X: 17; Global Y: 1; Global Z: 9.78788218; Bounding Box Length: 8; Bounding Box Width: 2.30726048; Bounding Box Height: 1.32860418; Layer: Dächer
1GL3Bl4yrCY9XKlcdMQiXb,Dach-001,. GrossArea: 38.480736; GrossVolume: 15.64802; NetArea: 38.480736; NetVolume: 15.64802; Perimeter: 41.774437; Width: 0.42099716; IsExternal: 1; ThermalTransmittance: 0.22; Project: Projekt Buerogebaeude; Building: Buerogebaeude; Storey: Dachgeschoss; Top Elevation: 10.09997974; Bottom Elevation: 8.77900284; Global Top Elevation: 10.09997974; Global Bottom Elevation: 8.77900284; Has Own Geometry: 1; Children Have Geometry: 0; Global X: 24; Global Y: 12.9746981; Global Z: 8.77900284; Bounding Box Length: 19; Bounding Box Width: 2.0253019; Bounding Box Height: 1.3209769; Layer: Dächer
1sX1eJEdn4tx6WnOEIL8As,Dach-001,. GrossArea: 37.990481; GrossVolume: 14.89191; NetArea: 37.990481; NetVolume: 14.89191; Perimeter: 41.998998; Width: 0.39735637; IsExternal: 1; ThermalTransmittance: 0.22; Project: Projekt Buerogebaeude; Building: Buerogebaeude; Storey: Dachgeschoss; Top Elevation: 10.71117623; Bottom Elevation: 9.744831931; Global Top Elevation: 10.71117623; Global Bottom Elevation: 9.744831931; Has Own Geometry: 1; Children Have Geometry: 0; Global X: 24; Global Y: 11.0292001; Global Z: 9.744831931; Bounding Box Length: 19; Bounding Box Width: 2.0835809; Bounding Box Height: 0.966344298999999; Layer: Dächer
03TjDzhOTFX9jbLMrZ04Ko,Dach-001,. GrossArea: 39.28951; GrossVolume: 14.89191; NetArea: 39.28951; NetVolume: 14.89191; Perimeter: 42.135738; Width: 0.38421858; IsExternal: 1; ThermalTransmittance: 0.22; Project: Projekt Buerogebaeude; Building: Buerogebaeude; Storey: Dachgeschoss; Top Elevation: 11.0201674; Bottom Elevation: 10.33952163; Global Top Elevation: 11.0201674; Global Bottom Elevation: 10.33952163; Has Own Geometry: 1; Children Have Geometry: 0; Global X: 24; Global Y: 9.0171791; Global Z: 10.33952163; Bounding Box Length: 19; Bounding Box Width: 2.0961029; Bounding Box Height: 0.68064577; Layer: Dächer
2j5_0TlNP02vq$h$fhXZI2,Dach-001,. GrossArea: 39.725713; GrossVolume: 14.89191; NetArea: 39.725713; NetVolume: 14.89191; Perimeter: 42.181654; Width: 0.37999972; IsExternal: 1; ThermalTransmittance: 0.22; Project: Projekt Buerogebaeude; Building: Buerogebaeude; Storey: Dachgeschoss; Top Elevation: 11.02016742; Bottom Elevation: 10.6401677; Global Top Elevation: 11.02016742; Global Bottom Elevation: 10.6401677; Has Own Geometry: 1; Children Have Geometry: 0; Global X: 24; Global Y: 6.9545865; Global Z: 10.6401677; Bounding Box Length: 19; Bounding Box Width: 2.090827; Bounding Box Height: 0.379999720000001; Layer: Dächer
1m13_kW2X8DhPK7Uom15kV,Dach-001,. GrossArea: 39.28951; GrossVolume: 14.89191; NetArea: 39.28951; NetVolume: 14.89191; Perimeter: 42.135738; Width: 0.38421858; IsExternal: 1; ThermalTransmittance: 0.22; Project: Projekt Buerogebaeude; Building: Buerogebaeude; Storey: Dachgeschoss; Top Elevation: 11.02016738; Bottom Elevation: 10.33952161; Global Top Elevation: 11.02016738; Global Bottom Elevation: 10.33952161; Has Own Geometry: 1; Children Have Geometry: 0; Global X: 24; Global Y: 4.8867176; Global Z: 10.33952161; Bounding Box Length: 19; Bounding Box Width: 2.09610288; Bounding Box Height: 0.68064577; Layer: Dächer
01Q5XSApT1A8MVwFMrw27s,Dach-001,. GrossArea: 37.990481; GrossVolume: 14.89191; NetArea: 37.990481; NetVolume: 14.89191; Perimeter: 41.998998; Width: 0.39735637; IsExternal: 1; ThermalTransmittance: 0.22; Project: Projekt Buerogebaeude; Building: Buerogebaeude; Storey: Dachgeschoss; Top Elevation: 10.71117627; Bottom Elevation: 9.74483193; Global Top Elevation: 10.71117627; Global Bottom Elevation: 9.74483193; Has Own Geometry: 1; Children Have Geometry: 0; Global X: 24; Global Y: 2.8872186; Global Z: 9.74483193; Bounding Box Length: 19; Bounding Box Width: 2.083580903; Bounding Box Height: 0.966344340000001; Layer: Dächer
3qT9lE$bTCQB_T41jFK_q6,Dach-001,. GrossArea: 38.480736; GrossVolume: 15.64802; NetArea: 38.480736; NetVolume: 15.64802; Perimeter: 41.774437; Width: 0.42099716; IsExternal: 1; ThermalTransmittance: 0.22; Project: Projekt Buerogebaeude; Building: Buerogebaeude; Storey: Dachgeschoss; Top Elevation: 10.0999797; Bottom Elevation: 8.77900284; Global Top Elevation: 10.0999797; Global Bottom Elevation: 8.77900284; Has Own Geometry: 1; Children Have Geometry: 0; Global X: 24; Global Y: 1; Global Z: 8.77900284; Bounding Box Length: 19; Bounding Box Width: 2.02530193; Bounding Box Height: 1.32097686; Layer: Dächer
01DPZ9SBn5r9Sivd0bV8Ar,Dach-001,. GrossArea: 38.480738; GrossVolume: 15.648032; NetArea: 38.480738; NetVolume: 15.648032; Perimeter: 41.774437; Width: 0.42099747; IsExternal: 1; ThermalTransmittance: 0.22; Project: Projekt Buerogebaeude; Building: Buerogebaeude; Storey: Dachgeschoss; Top Elevation: 10.09998004; Bottom Elevation: 8.77900284; Global Top Elevation: 10.09998004; Global Bottom Elevation: 8.77900284; Has Own Geometry: 1; Children Have Geometry: 0; Global X: -1; Global Y: 12.974698; Global Z: 8.77900284; Bounding Box Length: 19; Bounding Box Width: 2.025302; Bounding Box Height: 1.3209772; Layer: Dächer
1e17HR3ln5ZuAEM5zNN4i1,,. Project: Projekt Buerogebaeude; Building: Buerogebaeude; Storey: Dachgeschoss; Top Elevation: 9; Bottom Elevation: 9; Global Top Elevation: 9; Global Bottom Elevation: 9; Has Own Geometry: 0; Children Have Geometry: 0; Global X: -4; Global Y: 0; Global Z: 9; Bounding Box Length: 50; Bounding Box Width: 0; Bounding Box Height: 0
2gUA_Trhv1sg4GO9shzT56,,. Project: Projekt Buerogebaeude; Building: Buerogebaeude; Storey: Dachgeschoss; Top Elevation: 9; Bottom Elevation: 9; Global Top Elevation: 9; Global Bottom Elevation: 9; Has Own Geometry: 0; Children Have Geometry: 0; Global X: -4; Global Y: 2; Global Z: 9; Bounding Box Length: 50; Bounding Box Width: 0; Bounding Box Height: 0
1q5UlW96D1QPZY02eJ_V0y,,. Project: Projekt Buerogebaeude; Building: Buerogebaeude; Storey: Dachgeschoss; Top Elevation: 9; Bottom Elevation: 9; Global Top Elevation: 9; Global Bottom Elevation: 9; Has Own Geometry: 0; Children Have Geometry: 0; Global X: -4; Global Y: 7; Global Z: 9; Bounding Box Length: 50; Bounding Box Width: 0; Bounding Box Height: 0
0JkNGvv3r9NxkMaAuVpemd,,. Project: Projekt Buerogebaeude; Building: Buerogebaeude; Storey: Dachgeschoss; Top Elevation: 9; Bottom Elevation: 9; Global Top Elevation: 9; Global Bottom Elevation: 9; Has Own Geometry: 0; Children Have Geometry: 0; Global X: -4; Global Y: 9; Global Z: 9; Bounding Box Length: 50; Bounding Box Width: 0; Bounding Box Height: 0
2U5b5UPPzCb9LbSTg5mHtO,,. Project: Projekt Buerogebaeude; Building: Buerogebaeude; Storey: Dachgeschoss; Top Elevation: 9; Bottom Elevation: 9; Global Top Elevation: 9; Global Bottom Elevation: 9; Has Own Geometry: 0; Children Have Geometry: 0; Global X: -4; Global Y: 14; Global Z: 9; Bounding Box Length: 50; Bounding Box Width: 0; Bounding Box Height: 0
1l6VakwsXFxBy1xHDPSkRe,,. Project: Projekt Buerogebaeude; Building: Buerogebaeude; Storey: Dachgeschoss; Top Elevation: 9; Bottom Elevation: 9; Global Top Elevation: 9; Global Bottom Elevation: 9; Has Own Geometry: 0; Children Have Geometry: 0; Global X: -4; Global Y: 16; Global Z: 9; Bounding Box Length: 50; Bounding Box Width: 0; Bounding Box Height: 0
1yFd3sTov0kOIs1SBThaXM,,. Project: Projekt Buerogebaeude; Building: Buerogebaeude; Storey: Dachgeschoss; Top Elevation: 9; Bottom Elevation: 9; Global Top Elevation: 9; Global Bottom Elevation: 9; Has Own Geometry: 0; Children Have Geometry: 0; Global X: 0; Global Y: -4; Global Z: 9; Bounding Box Length: 0; Bounding Box Width: 24; Bounding Box Height: 0
29HU3BYmH7wx6e_ST1jk0X,,. Project: Projekt Buerogebaeude; Building: Buerogebaeude; Storey: Dachgeschoss; Top Elevation: 9; Bottom Elevation: 9; Global Top Elevation: 9; Global Bottom Elevation: 9; Has Own Geometry: 0; Children Have Geometry: 0; Global X: 3; Global Y: -4; Global Z: 9; Bounding Box Length: 0; Bounding Box Width: 24; Bounding Box Height: 0
2kxcUVsXnDn8n58KaYEv$r,,. Project: Projekt Buerogebaeude; Building: Buerogebaeude; Storey: Dachgeschoss; Top Elevation: 9; Bottom Elevation: 9; Global Top Elevation: 9; Global Bottom Elevation: 9; Has Own Geometry: 0; Children Have Geometry: 0; Global X: 6; Global Y: -4; Global Z: 9; Bounding Box Length: 0; Bounding Box Width: 24; Bounding Box Height: 0
3mQXLDE9L6PwijNMAg3fHu,,. Project: Projekt Buerogebaeude; Building: Buerogebaeude; Storey: Dachgeschoss; Top Elevation: 9; Bottom Elevation: 9; Global Top Elevation: 9; Global Bottom Elevation: 9; Has Own Geometry: 0; Children Have Geometry: 0; Global X: 9; Global Y: -4; Global Z: 9; Bounding Box Length: 0; Bounding Box Width: 24; Bounding Box Height: 0
2KPvTcSubCYPPhugDNvFSs,,. Project: Projekt Buerogebaeude; Building: Buerogebaeude; Storey: Dachgeschoss; Top Elevation: 9; Bottom Elevation: 9; Global Top Elevation: 9; Global Bottom Elevation: 9; Has Own Geometry: 0; Children Have Geometry: 0; Global X: 12; Global Y: -4; Global Z: 9; Bounding Box Length: 0; Bounding Box Width: 24; Bounding Box Height: 0
1CzupeWJnFww4qaYTmzuOE,,. Project: Projekt Buerogebaeude; Building: Buerogebaeude; Storey: Dachgeschoss; Top Elevation: 9; Bottom Elevation: 9; Global Top Elevation: 9; Global Bottom Elevation: 9; Has Own Geometry: 0; Children Have Geometry: 0; Global X: 15; Global Y: -4; Global Z: 9; Bounding Box Length: 0; Bounding Box Width: 24; Bounding Box Height: 0
1KgC4W7K17Yf6eo8Vu7M5U,,. Project: Projekt Buerogebaeude; Building: Buerogebaeude; Storey: Dachgeschoss; Top Elevation: 9; Bottom Elevation: 9; Global Top Elevation: 9; Global Bottom Elevation: 9; Has Own Geometry: 0; Children Have Geometry: 0; Global X: 18; Global Y: -4; Global Z: 9; Bounding Box Length: 0; Bounding Box Width: 24; Bounding Box Height: 0
1G4pm6h$z4NBoT2GviB8YM,,. Project: Projekt Buerogebaeude; Building: Buerogebaeude; Storey: Dachgeschoss; Top Elevation: 9; Bottom Elevation: 9; Global Top Elevation: 9; Global Bottom Elevation: 9; Has Own Geometry: 0; Children Have Geometry: 0; Global X: 21; Global Y: -4; Global Z: 9; Bounding Box Length: 0; Bounding Box Width: 24; Bounding Box Height: 0
1s49yj2dTAmgwXeplFzBaq,,. Project: Projekt Buerogebaeude; Building: Buerogebaeude; Storey: Dachgeschoss; Top Elevation: 9; Bottom Elevation: 9; Global Top Elevation: 9; Global Bottom Elevation: 9; Has Own Geometry: 0; Children Have Geometry: 0; Global X: 24; Global Y: -4; Global Z: 9; Bounding Box Length: 0; Bounding Box Width: 24; Bounding Box Height: 0
30$1XVRHHDfQL9Qk$WhZVK,,. Project: Projekt Buerogebaeude; Building: Buerogebaeude; Storey: Dachgeschoss; Top Elevation: 9; Bottom Elevation: 9; Global Top Elevation: 9; Global Bottom Elevation: 9; Has Own Geometry: 0; Children Have Geometry: 0; Global X: 27; Global Y: -4; Global Z: 9; Bounding Box Length: 0; Bounding Box Width: 24; Bounding Box Height: 0
1IEnWtUv14Ueo1gc4_pCCR,,. Project: Projekt Buerogebaeude; Building: Buerogebaeude; Storey: Dachgeschoss; Top Elevation: 9; Bottom Elevation: 9; Global Top Elevation: 9; Global Bottom Elevation: 9; Has Own Geometry: 0; Children Have Geometry: 0; Global X: 30; Global Y: -4; Global Z: 9; Bounding Box Length: 0; Bounding Box Width: 24; Bounding Box Height: 0
2Df9maLAf6aAZYyNBJMOE3,,. Project: Projekt Buerogebaeude; Building: Buerogebaeude; Storey: Dachgeschoss; Top Elevation: 9; Bottom Elevation: 9; Global Top Elevation: 9; Global Bottom Elevation: 9; Has Own Geometry: 0; Children Have Geometry: 0; Global X: 33; Global Y: -4; Global Z: 9; Bounding Box Length: 0; Bounding Box Width: 24; Bounding Box Height: 0
3bd6jseFH5bh3gGCHvUCe8,,. Project: Projekt Buerogebaeude; Building: Buerogebaeude; Storey: Dachgeschoss; Top Elevation: 9; Bottom Elevation: 9; Global Top Elevation: 9; Global Bottom Elevation: 9; Has Own Geometry: 0; Children Have Geometry: 0; Global X: 36; Global Y: -4; Global Z: 9; Bounding Box Length: 0; Bounding Box Width: 24; Bounding Box Height: 0
2Tt_CBfObCQ8B9RdT2tity,,. Project: Projekt Buerogebaeude; Building: Buerogebaeude; Storey: Dachgeschoss; Top Elevation: 9; Bottom Elevation: 9; Global Top Elevation: 9; Global Bottom Elevation: 9; Has Own Geometry: 0; Children Have Geometry: 0; Global X: 39; Global Y: -4; Global Z: 9; Bounding Box Length: 0; Bounding Box Width: 24; Bounding Box Height: 0
1XOhlrvMzFPgBhxodXY8sZ,,. Project: Projekt Buerogebaeude; Building: Buerogebaeude; Storey: Dachgeschoss; Top Elevation: 9; Bottom Elevation: 9; Global Top Elevation: 9; Global Bottom Elevation: 9; Has Own Geometry: 0; Children Have Geometry: 0; Global X: 42; Global Y: -4; Global Z: 9; Bounding Box Length: 0; Bounding Box Width: 24; Bounding Box Height: 0
30xx6cMI511Ru0tbTFKxMn,,. Project: Projekt Buerogebaeude; Building: Buerogebaeude; Storey: Dachgeschoss; Top Elevation: 9; Bottom Elevation: 9; Global Top Elevation: 9; Global Bottom Elevation: 9; Has Own Geometry: 0; Children Have Geometry: 0; Global X: -4; Global Y: -1; Global Z: 9; Bounding Box Length: 0; Bounding Box Width: 18; Bounding Box Height: 0
2jQdtPdZHDOB6o1Oq6Hkpf,,. Project: Projekt Buerogebaeude; Building: Buerogebaeude; Storey: Dachgeschoss; Top Elevation: 9; Bottom Elevation: 9; Global Top Elevation: 9; Global Bottom Elevation: 9; Has Own Geometry: 0; Children Have Geometry: 0; Global X: -8; Global Y: 8; Global Z: 9; Bounding Box Length: 8; Bounding Box Width: 0; Bounding Box Height: 0
2q2TJWr65AoQ64wZV9e4IN,,. Project: Projekt Buerogebaeude; Building: Buerogebaeude; Storey: Dachgeschoss; Top Elevation: 9; Bottom Elevation: 9; Global Top Elevation: 9; Global Bottom Elevation: 9; Has Own Geometry: 0; Children Have Geometry: 0; Global X: -5; Global Y: 15; Global Z: 9; Bounding Box Length: 2.6599724; Bounding Box Width: 0; Bounding Box Height: 0
0O1QlfnFfAWudoXahzNo9G,,. Project: Projekt Buerogebaeude; Building: Buerogebaeude; Storey: Dachgeschoss; Top Elevation: 9; Bottom Elevation: 9; Global Top Elevation: 9; Global Bottom Elevation: 9; Has Own Geometry: 0; Children Have Geometry: 0; Global X: -5.3710574; Global Y: 1; Global Z: 9; Bounding Box Length: 10.3710574; Bounding Box Width: 0; Bounding Box Height: 0
3txvJd9V1BPhyU$48F$mnF,403,Dachboden 2. GrossFloorArea: 201.78; GrossVolume: 251.63344; GrossWallArea: 42.555946; Height: 2.7; NetFloorArea: 201.78; NetVolume: 251.63344; NetWallArea: 42.555946; Perimeter: 58.2; Category: Lagerraum; HandicapAccessible: 0; PubliclyAccessible: 0; AirConditioning: 0; NaturalVentilation: 0; SpaceTemperatureMax: 10; SpaceTemperatureMin: 10; SpaceTemperatureSummerMax: 10; SpaceTemperatureSummerMin: 10; SpaceTemperatureWinterMax: 10; SpaceTemperatureWinterMin: 10; Project: Projekt Buerogebaeude; Building: Buerogebaeude; Storey: Dachgeschoss; Top Elevation: 10.6401677233465; Bottom Elevation: 9; Global Top Elevation: 10.6401677233465; Global Bottom Elevation: 9; Has Own Geometry: 1; Children Have Geometry: 0; Global X: 0.300000000000001; Global Y: 2.3; Global Z: 9; Bounding Box Length: 17.7; Bounding Box Width: 11.4; Bounding Box Height: 1.64016772334652; Zone: Raumtemperatur-10-Grad; Layer: Räume
0jbV$RErb7o9P7rp7ALEd$,402,Dachboden 1. GrossFloorArea: 201.78; GrossVolume: 251.63344; GrossWallArea: 42.555946; Height: 2.7; NetFloorArea: 201.78; NetVolume: 251.63344; NetWallArea: 42.555946; Perimeter: 58.2; Category: Lagerraum; HandicapAccessible: 0; PubliclyAccessible: 0; AirConditioning: 0; NaturalVentilation: 0; SpaceTemperatureMax: 10; SpaceTemperatureMin: 10; SpaceTemperatureSummerMax: 10; SpaceTemperatureSummerMin: 10; SpaceTemperatureWinterMax: 10; SpaceTemperatureWinterMin: 10; Project: Projekt Buerogebaeude; Building: Buerogebaeude; Storey: Dachgeschoss; Top Elevation: 10.6401677233465; Bottom Elevation: 9; Global Top Elevation: 10.6401677233465; Global Bottom Elevation: 9; Has Own Geometry: 1; Children Have Geometry: 0; Global X: 24; Global Y: 2.3; Global Z: 9; Bounding Box Length: 17.7; Bounding Box Width: 11.4; Bounding Box Height: 1.64016772334652; Zone: Raumtemperatur-10-Grad; Layer: Räume
2_rG4oliv3CxmStpGPieup,401,Flur 3. Obergeschoss. GrossFloorArea: 72.36; GrossVolume: 162.39885; GrossWallArea: 74.550084; Height: 2.7; NetFloorArea: 72.36; NetVolume: 162.39885; NetWallArea: 74.550084; Perimeter: 37.6; Category: Flur; HandicapAccessible: 0; PubliclyAccessible: 0; AirConditioning: 0; NaturalVentilation: 0; SpaceTemperatureMax: 10; SpaceTemperatureMin: 10; SpaceTemperatureSummerMax: 10; SpaceTemperatureSummerMin: 10; SpaceTemperatureWinterMax: 10; SpaceTemperatureWinterMin: 10; Project: Projekt Buerogebaeude; Building: Buerogebaeude; Storey: Dachgeschoss; Top Elevation: 11.6693188088329; Bottom Elevation: 9; Global Top Elevation: 11.6693188088329; Global Bottom Elevation: 9; Has Own Geometry: 1; Children Have Geometry: 0; Global X: 18.3; Global Y: 2.3; Global Z: 9; Bounding Box Length: 5.4; Bounding Box Width: 13.4; Bounding Box Height: 2.66931880883288; Zone: Raumtemperatur-10-Grad; Layer: Räume
1b0aQcLSb6KP4cEKR_kZZp,,. BuildingHeightLimit: 20; Project: Projekt Buerogebaeude; Building: Buerogebaeude; Storey: Dachgeschoss; Top Elevation: 0; Bottom Elevation: -3.3; Global Top Elevation: 0; Global Bottom Elevation: -3.3; Has Own Geometry: 1; Children Have Geometry: 0; Global X: -8; Global Y: -11; Global Z: -3.3; Bounding Box Length: 58; Bounding Box Width: 38; Bounding Box Height: 3.3
