Dictionary,Code,Name,Text
ETIM,EC000001,Busbar terminal,"Terminal for the array of conductors, which are used as central distributor of electric power, as all"
ETIM,EC000003,Residual current circuit breaker (RCCB),A safety device that disconnects a circuit when leakage current is detected.
ETIM,EC000005,Cable end sleeve,A protective sleeve used to terminate and secure the end of a cable.
ETIM,EC000006,Cover plate for installation units,A protective plate that covers electrical installation components.
ETIM,EC000007,Cover frame for domestic switching devices,A decorative or protective frame surrounding switches or sockets.
ETIM,EC000008,Tap off unit for busbar trunk,A device that allows branching from a busbar trunking system.
ETIM,EC000009,Hammer set anchor,A fastening element that expands when driven into a drilled hole.
ETIM,EC000010,Combination of contactors,"Contactor = Electromagnetic switch for load switching purposes (loads = motors, electric heaters, big"
ETIM,EC000011,Control element/cover plate for domestic switching devices,A component used to operate or cover switches and sockets.
ETIM,EC000012,Slotted cable trunking system,System with breakout-side bars for the wiring installation in a control cabinet and is thus used for 
ETIM,EC000013,Base plate for surface mounted wiring devices,A mounting plate that provides support for surface-installed electrical devices.
ETIM,EC000014,Incandescent lamp tube-shaped,A tubular-shaped lamp that emits light by heating a filament.
ETIM,EC000016,Explosion proof CEE socket outlet (IEC 60309),A socket outlet designed to safely operate in explosive atmospheres.
ETIM,EC000017,Explosion proof CEE-plug/-coupler (IEC 60309),A plug or coupler designed for safe use in hazardous environments.
ETIM,EC000018,Insert/cover for communication technology,A component used to house or protect communication device connections.
ETIM,EC000019,Coaxial cable,"A type of cable with a central conductor, insulating layer, and shielding for signal transmission."
ETIM,EC000020,Combination of switch/push button with socket outlet,A unit integrating a switch or push button with a power socket.
ETIM,EC000022,Bracket for cable support system,A structural support used to secure cable management systems.
ETIM,EC000023,Cover for wall duct/Installation column,A protective covering for cable ducts or installation columns.
ETIM,EC000024,Device installation insert for subfloor installation,Element which is suitable for work-related installation of electrical equipment in duct systems as we
ETIM,EC000025,Dimmer,A device that adjusts the brightness of a connected light source.
ETIM,EC000026,Low Voltage HRC solid link,Component which is mounted on NH fuse bases and is used instead of HRC fuses for switching and discon
ETIM,EC000028,Threaded rod,A long rod with external threading used for fastening or mounting.
ETIM,EC000029,Push button,A control device that activates or deactivates a circuit when pressed.
ETIM,EC000030,End switch,A switch that detects the position of a moving part and triggers a response.
ETIM,EC000032,Plug for cable screw gland,A sealing plug used to close an unused cable gland opening.
ETIM,EC000033,Mounting strap,A flexible strip used to secure electrical components or cables.
ETIM,EC000034,Fibre optic cable,A cable that transmits data using light signals through optical fibers.
ETIM,EC000036,Miniature fuse holder,A small component designed to house and secure a fuse.
ETIM,EC000037,Halogen metal halide lamp without reflector,A high-intensity discharge lamp that produces bright white light without a built-in reflector.
ETIM,EC000038,High voltage halogen lamp without reflector,A halogen lamp designed for high voltage applications without an integrated reflector.
ETIM,EC000040,Cavity fixing,A fastening device designed for securing objects in hollow structures.
ETIM,EC000041,Auxiliary contact block,A supplementary electrical contact that extends functionality in control circuits.
ETIM,EC000042,Miniature circuit breaker (MCB),A miniature circuit breaker is an automatically operated electrical switch that protects an electrica
ETIM,EC000044,Window blind switch,Component which connects or disconnects an electrically conductive connection by means of two electri
ETIM,EC000045,Candle-shaped incandescent lamp,An incandescent light bulb designed to resemble a candle.
ETIM,EC000046,Cable tie,A fastener used to bundle and secure cables or wires.
ETIM,EC000047,Cable tray,A support system used to route and manage cables in buildings.
ETIM,EC000048,Anchor bolt,A heavy-duty fastener used to secure objects to concrete or masonry.
ETIM,EC000050,Chain,"A series of connected metal links used for lifting, securing, or transmitting force."
ETIM,EC000051,Sphere-shaped incandescent lamp,A round incandescent lamp that emits light by heating a filament.
ETIM,EC000052,Coupler for plinth skirting duct,A connector used to join sections of plinth skirting ducts.
ETIM,EC000054,Incandescent lamp with ring head,A filament-based light bulb with a circular or ring-shaped head.
ETIM,EC000055,Knife blade fuse,"A protective electrical fuse with flat, blade-like terminals."
ETIM,EC000056,Mercury vapour lamp,A high-intensity discharge lamp that uses mercury vapour to produce light.
ETIM,EC000058,Empty cabinet,Case for the installation of module system fields
ETIM,EC000059,Mini/maxi trunking,A closed cable management system used in electrical installations to enclose and protect wires and ca
ETIM,EC000060,Hood for light signalling unit,A protective cover for a light signaling component.
ETIM,EC000061,Light pole,A vertical structure designed to support lighting fixtures.
ETIM,EC000062,Luminaire for streets and places,A lighting fixture designed for outdoor public areas and roadways.
ETIM,EC000064,Information light signal for domestic switching devices,A visual indicator integrated into a domestic switch or control device.
ETIM,EC000065,Loudspeaker cable,Two-wire electric cable which connects the speaker terminals of an audio amplifier to a loudspeaker b
ETIM,EC000067,Low Voltage HRC fuse base,A holder designed to accommodate high rupturing capacity (HRC) fuses in low-voltage applications.
ETIM,EC000068,Meter board,A panel used for mounting electrical meters and associated equipment.
ETIM,EC000069,Multimeter,"A measuring instrument used to test voltage, current, and resistance."
ETIM,EC000070,Microphone,A device that converts sound waves into electrical signals.
ETIM,EC000071,Mounting system for busbar trunk,A structural system used to install and secure busbar trunking.
ETIM,EC000073,Junction box for wall duct,An enclosure for housing electrical connections within a wall duct system.
ETIM,EC000074,Motor protection circuit-breaker,"Motor-protective circuit-breakers are circuit-breakers used for the switching, protection and isolati"
ETIM,EC000075,Plug in (night) light,"A small light that plugs into an electrical socket, often for nighttime illumination."
ETIM,EC000078,Standard-shaped incandescent lamp,A general-purpose incandescent bulb with a conventional shape.
ETIM,EC000079,Appliance box for skirting duct,A housing unit integrated into a skirting duct for electrical connections.
ETIM,EC000080,Surface mounted box for flush-mounted switching equipment,An enclosure for mounting flush-switching devices onto a surface.
ETIM,EC000082,Ceiling profile for cable support system,A structural support element for routing cables along ceilings.
ETIM,EC000083,Transition cover section for installation duct,A cover piece used to transition between different duct sections.
ETIM,EC000084,Sleeve for compacted conductor,A protective or connecting sleeve for compacted electrical conductors.
ETIM,EC000085,D-system screw adaptor,Component that is installed in the fuse base and prevents that fuses can be used with a higher rated 
ETIM,EC000086,Perilex socket outlet,A specialized multi-phase power socket for high-power appliances.
ETIM,EC000087,Compact fluorescent lamp without integrated ballast,A fluorescent light source requiring an external ballast for operation.
ETIM,EC000088,Skirting duct complete,A fully assembled cable management system integrated into a skirting board.
ETIM,EC000089,All-purpose plug,A universal electrical plug compatible with various socket types.
ETIM,EC000090,Potential equalization socket outlet,A socket designed to equalize electrical potential and reduce grounding differences.
ETIM,EC000091,Busbar trunk unit,An enclosed system of conductors used for distributing electrical power efficiently within buildings 
ETIM,EC000092,Screw hook,A metal hook with a threaded end for securing into surfaces.
ETIM,EC000093,D-system screw cap,Component that houses the fuse on the head contact and fixates it by screwing into the fuse base
ETIM,EC000094,D-system fuse base,Component which is mounted on the power rail and serves as a solid base for screw fuses with the fitt
ETIM,EC000096,Slide nut,A fastener that slides into a channel before being tightened.
ETIM,EC000097,Hammer-in plug,A fixing element inserted into a hole and secured by hammering.
ETIM,EC000098,Washer,A flat disc used to distribute load in fastening applications.
ETIM,EC000099,D-system fuse link,"Screw fuse with foot contact and current-dependent stepped diameter, in whose center of head contact "
ETIM,EC000100,Fuse enclosure,Partly adaptable housing for the array of fuses which produce or separate an electrically conductive 
ETIM,EC000101,Light-track,A rail system used for mounting and powering multiple light fixtures.
ETIM,EC000102,Incandescent lamp with reflector,A filament-based light bulb with a reflective coating to direct light.
ETIM,EC000103,Nail,A slender metal pin used for fastening materials together.
ETIM,EC000105,Cordless telephone,A wireless communication device that connects to a landline base station.
ETIM,EC000106,Thermal overload relay,A protective device that disconnects a circuit when excessive heat is detected.
ETIM,EC000107,Timer for domestic switching devices,A programmable device that controls the operation time of electrical switches.
ETIM,EC000108,Fluorescent lamp,A gas-discharge light source that uses fluorescence to produce visible light.
ETIM,EC000109,Batten luminaire,"A long, narrow lighting fixture designed for ceiling or wall mounting."
ETIM,EC000112,Toggle fixing,A fastener with a toggle mechanism for securing objects to hollow surfaces.
ETIM,EC000113,Junction box for installation duct,"Installation casing for the installation duct, in order to bring together multiple electric lines for"
ETIM,EC000114,Junction box for subfloor installation,An enclosure for electrical connections installed beneath flooring.
ETIM,EC000115,Plaster compensation ring,A spacer used to align electrical fixtures with plastered surfaces.
ETIM,EC000117,HiFi Amplifier,An electronic device that amplifies audio signals for high-fidelity sound systems.
ETIM,EC000118,Subfloor installation duct screed-covered,Duct system in which the screed thickness over the duct has to be at least thirty-five millimeters in
ETIM,EC000119,Device cup/device carrier for subfloor system,A mounting component for electrical devices within a subfloor system.
ETIM,EC000120,On-floor duct base,Foundation for systems that are locked in place on the floor and are used for the laying of cables an
ETIM,EC000121,Surface tank empty,Installation of devices above floor has to take place either on the duct or on a can body due to the 
ETIM,EC000122,Feed unit for busbar trunk,A component that supplies power to a busbar trunking system.
ETIM,EC000125,Socket outlet,A receptacle for connecting electrical plugs to a power supply.
ETIM,EC000127,Saddle clamp (pipe/cable),A fastening device used to secure pipes or cables to surfaces.
ETIM,EC000128,Self-adhesive tape,A flexible tape with an adhesive backing for securing materials.
ETIM,EC000130,Signal horn,A sound-emitting device used for alarms or warnings.
ETIM,EC000131,Bell gong,A mechanical or electronic device that produces a ringing sound.
ETIM,EC000132,Bell push button,A switch that activates a bell or chime when pressed.
ETIM,EC000133,Movement sensor/presence detector complete,A device that detects motion or presence and triggers a response.
ETIM,EC000134,Low voltage switch for doorbell,A switch designed for controlling a low-voltage doorbell circuit.
ETIM,EC000135,Hospital call button (hanging),"Electrical device for activating an audible signal device to the call, which is attached to a string"
ETIM,EC000136,Lamp holder for doorbell,A socket designed to hold a light bulb in a doorbell system.
ETIM,EC000137,Motor siren,A siren that generates sound using an electrically driven motor.
ETIM,EC000138,Sensor element for movement sensor/presence detector,"Sensor for motion detectors that responds to a change in temperature caused by movement of people, an"
ETIM,EC000140,CEE plug (IEC 60309),A heavy-duty industrial plug designed for high-current applications.
ETIM,EC000141,Labelling material for domestic switching devices,A material used to mark or identify switches and sockets.
ETIM,EC000142,Cable shears,A hand tool designed to cut electrical cables cleanly.
ETIM,EC000143,Folding rule,A measuring tool consisting of hinged segments for compact storage.
ETIM,EC000144,Crosshead screwdriver,A tool designed to drive screws with a cross-shaped recess.
ETIM,EC000145,Level,A tool used to determine the horizontal or vertical alignment of a surface.
ETIM,EC000146,Chisel,A cutting tool with a sharp edge used for shaping or carving materials.
ETIM,EC000148,Pipe cutter,A tool used to cut pipes cleanly and precisely.
ETIM,EC000149,Tool set,A collection of tools assembled for specific tasks.
ETIM,EC000150,Brush,"A tool with bristles used for cleaning, painting, or applying substances."
ETIM,EC000151,Chalk line device,A tool that marks straight guidelines using chalk-coated string.
ETIM,EC000152,Putty knife/spatula,A flat-bladed tool used for applying or smoothing putty and similar materials.
ETIM,EC000153,Gypsum container,A container designed for holding and mixing gypsum or plaster.
ETIM,EC000154,Fuse screw key,A specialized key used for screwing or unscrewing fuse holders.
ETIM,EC000155,Knife,A hand tool with a sharp blade for cutting materials.
ETIM,EC000156,Hole punch,A tool used to create holes in various materials.
ETIM,EC000157,Slide gauge,A measuring instrument used for precise linear measurements.
ETIM,EC000158,Screwdriver for slot head screws,A tool designed to drive screws with a single straight groove.
ETIM,EC000159,Stabbing awl,A pointed tool used for piercing holes or scoring materials.
ETIM,EC000160,Shears,A cutting tool with two blades used for trimming or slicing materials.
ETIM,EC000161,Hammer,A hand tool with a heavy head used for driving nails or breaking objects.
ETIM,EC000162,Step drill,A drill bit designed for making progressively larger holes.
ETIM,EC000163,Cable stripping tool,A tool used to remove insulation from electrical cables.
ETIM,EC000164,Water pump pliers,Adjustable pliers used for gripping pipes and fittings.
ETIM,EC000165,Side cutter,A cutting tool designed for cutting wire and small metal objects.
ETIM,EC000166,Punch pliers,A hand tool used to punch holes in materials like leather or metal.
ETIM,EC000167,Cable pulling system,A toolset designed to guide and pull cables through conduits.
ETIM,EC000168,"Crimp tool cable lugs, cable end sleeves, screen connection",A tool used to crimp connectors onto cables for secure electrical connections.
ETIM,EC000170,Hand saw,A manually operated saw used for cutting wood or other materials.
ETIM,EC000172,Sabre saw (electric),A power saw with a reciprocating blade for cutting various materials.
ETIM,EC000174,Socket spanner,A tool with a socket head used for tightening or loosening nuts and bolts.
ETIM,EC000175,Key for enclosures/cabinets,A specialized key used to open and secure electrical enclosures or cabinets.
ETIM,EC000177,Nibbler (electric),A power tool designed to cut sheet metal with minimal distortion.
ETIM,EC000178,Wall chaser (electric),A power tool used to cut channels into walls for cable installation.
ETIM,EC000181,Tool box/case,A container used to store and transport tools securely.
ETIM,EC000182,Tweezers,A small precision tool used for grasping and manipulating small objects.
ETIM,EC000183,Electric soldering iron,A hand tool that heats up to melt solder for joining metal components.
ETIM,EC000184,Soldering tip,The replaceable heated tip of a soldering iron used for melting solder.
ETIM,EC000185,Soft solder,A low-melting-point metal alloy used for soldering electrical and plumbing connections.
ETIM,EC000186,Razor socket outlet,A specialized power outlet designed for electric razors.
ETIM,EC000187,Marker,A writing instrument used to make permanent or temporary marks.
ETIM,EC000188,Latching relay,A relay that maintains its switched state until a control signal is applied.
ETIM,EC000189,Twilight switch,Electrical equipment which has the task to actuate a switch contact when an adjustable brightness val
ETIM,EC000190,Face plate for wall duct,A cover plate used to provide a finished appearance for a wall duct opening.
ETIM,EC000191,Cable reel,A spool or drum used for storing and deploying electrical cables.
ETIM,EC000192,PLC memory card,A storage device used to save programs and data for a programmable logic controller.
ETIM,EC000193,Decoration element for domestic switching devices,Component which is mounted in particular installation programs switch between cover frame and cover f
ETIM,EC000195,Optical/acoustic signal device,A device that provides visual or audible alerts for signaling purposes.
ETIM,EC000196,"Auxiliary contactor, relay","Electromagnetic switch for switching purposes. Instead of load contactors, these auxiliary contactors"
ETIM,EC000199,Illumination insert for domestic switching devices,A lighting component integrated into switches or sockets for visibility or indication.
ETIM,EC000200,Enclosure for control circuit devices,A protective housing designed for control circuit components.
ETIM,EC000201,Built-in panel for command devices,A panel that integrates control elements for operating machines or systems.
ETIM,EC000202,Protective cover for command devices,A shielding component designed to protect control switches and buttons.
ETIM,EC000203,Lamp transformer for control circuit devices,A transformer that regulates voltage for indicator or control circuit lamps.
ETIM,EC000204,Lamp holder block for control circuit devices,A mounting component that holds indicator lamps in control circuits.
ETIM,EC000205,Intelligent control element,A smart control component used for automation and system management.
ETIM,EC000206,Technical spray,"A pressurized liquid used for cleaning, lubricating, or protecting technical components."
ETIM,EC000209,Fire protection compound/binding/foam/sealant,A material used to seal gaps and enhance fire resistance in structures.
ETIM,EC000210,Fire partitioning,A system or material used to create fire-resistant barriers in buildings.
ETIM,EC000211,Gland plate for enclosure/cabinet,A plate used to secure and organize cable entry points in electrical enclosures.
ETIM,EC000213,Mounting plate for distribution board,A base plate designed for securing electrical components inside a distribution board.
ETIM,EC000214,Small distribution board,A compact panel used to distribute electrical power to circuits.
ETIM,EC000215,Phase busbar,A conductive bar used to distribute electrical power within a system.
ETIM,EC000216,Switch disconnector (AC),A device that disconnects electrical circuits under load for safety and maintenance.
ETIM,EC000217,Shrink tubing,A heat-sensitive insulating sleeve that shrinks to protect electrical connections.
ETIM,EC000218,Shrink end cap,A heat-shrinkable cap used to insulate and seal the end of cables.
ETIM,EC000219,Repair seal,A sealing component used for repairing damaged cables or pipes.
ETIM,EC000220,Wall transit for cables and tubes,A protective passage that allows cables and tubes to pass through walls securely.
ETIM,EC000221,Front element for push button,The external interface or cover for a push button control device.
ETIM,EC000222,Front element for selector switch,The visible part of a selector switch used for manual operation.
ETIM,EC000223,Front element for indicator light,A cover or lens for an indicator light in a control system.
ETIM,EC000224,7 segment LED driver,A circuit that controls the display of numbers on a 7-segment LED module.
ETIM,EC000225,Control circuit devices combination in enclosure,A pre-assembled set of control components housed in a protective casing.
ETIM,EC000228,Power circuit-breaker for trafo/generator/installation protection,"A circuit breaker designed to protect transformers, generators, or installations from overloads."
ETIM,EC000229,Handle for power circuit breaker,A manual actuator used to operate a power circuit breaker.
ETIM,EC000230,Door coupling handle for switchgear,A handle mechanism that allows external operation of a switchgear device.
ETIM,EC000231,Foot-/palm switch complete,A control switch operated by foot or palm pressure.
ETIM,EC000232,Optical module for signal tower,A light-emitting component used in industrial signal towers.
ETIM,EC000233,Empty enclosure for pendant control station,A protective casing designed to house a suspended control unit.
ETIM,EC000234,Pendant control station,A handheld or suspended control unit used to operate machinery.
ETIM,EC000235,Power boost (for dimmer),A device that enhances the power capacity of a dimmer switch.
ETIM,EC000236,PLC CPU-module,The central processing unit for a programmable logic controller.
ETIM,EC000237,PLC connection cable,Device for establishment of a connection between programmable logic controllers (PLC) or decentralise
ETIM,EC000238,PLC simulation module,A module used to simulate PLC operations for testing and development.
ETIM,EC000239,Current limiter,A device that restricts excessive electrical current flow in a circuit.
ETIM,EC000240,Cable entry,An opening or fitting designed for guiding cables into an enclosure or panel.
ETIM,EC000241,D-system protective cover,A cover designed to protect components in a D-system installation.
ETIM,EC000242,Plug with protective contact,An electrical plug with grounding protection for safety.
ETIM,EC000243,Pressure switch,A pressure switch is a control device that is designed to sense changes in pressure and actuate an el
ETIM,EC000244,Span wire clamp,A clamp used to secure wires in overhead installations.
ETIM,EC000245,Cable reel dispenser,A device used to hold and dispense cable from a reel.
ETIM,EC000246,Accessories/spare parts for cable dispenser,Additional components or replacement parts for a cable dispenser.
ETIM,EC000247,Spiralized cable,A coiled cable designed for flexibility and extension.
ETIM,EC000248,Unequipped meter cabinet,Unequipped (empty) housing in which the required power for a home meter for electricity or heating an
ETIM,EC000249,Fuse switch disconnector with housing,A protective device combining a fuse and switch for electrical disconnection.
ETIM,EC000250,Cable protective covering hood,A protective cover used to shield cables from external elements.
ETIM,EC000253,Cable protection tube for underground application,A conduit designed to protect cables buried underground.
ETIM,EC000256,Speed controller,A device used to regulate the speed of an electric motor.
ETIM,EC000257,Transmitter/remote control for domestic switching devices,A wireless control unit for operating home electrical switches.
ETIM,EC000258,Low voltage halogen reflector lamp,A halogen lamp with a built-in reflector for directing light at low voltage.
ETIM,EC000259,Low voltage halogen lamp without reflector,A halogen lamp designed for low voltage operation without an integrated reflector.
ETIM,EC000260,Starter for lighting,Device which initiates the ignition of a fluorescent lamp and is connected in parallel to the lamp
ETIM,EC000261,Enclosure/cabinet (empty),A protective casing designed to house electrical components without pre-installed equipment.
ETIM,EC000262,Meter cabinet equipped,A cabinet pre-fitted with meters and related electrical components.
ETIM,EC000263,Meter panel,A panel used to mount and organize electrical meters.
ETIM,EC000264,Panel for distribution board,A structural panel designed for mounting components within a distribution board.
ETIM,EC000266,High voltage halogen reflector lamp,A high-voltage halogen lamp with an integrated reflector.
ETIM,EC000268,Cable entry cabinet,Cable entry systems are crucial to the proper functioning of electrical systems. They route your cabl
ETIM,EC000269,Cable connection box for entry cabinet,An enclosure used for organizing cable connections in an entry cabinet.
ETIM,EC000271,Miniature circuit breaker (MCB) plug model,A plug-in version of a miniature circuit breaker used for circuit protection.
ETIM,EC000272,Indicator light complete,A fully assembled light signal unit used for status indication.
ETIM,EC000273,Cable tree,A pre-assembled bundle of cables organized for distribution.
ETIM,EC000274,Connection cable tree for distribution boards,A structured wiring assembly for connecting distribution boards.
ETIM,EC000275,Main line branch terminal,A terminal designed for branching off from a main electrical line.
ETIM,EC000276,Distribution terminal block,Terminal for the arrangement of conductors of a control line
ETIM,EC000277,D0-system switch disconnector,A disconnection switch used in D0 fuse systems for safety and control.
ETIM,EC000278,D0-system adaptor sleeve,"Component for the NEOZED fuse system, which is installed in the fuse base and prevents because of the"
ETIM,EC000279,D-system ring adaptor,A ring-shaped adapter used in D-system electrical installations.
ETIM,EC000282,Tubelight system,A lighting system using elongated tube-shaped lamps.
ETIM,EC000293,Support profile light-line system,A structural support used for aligning and mounting light-line systems.
ETIM,EC000297,Staircase lighting timer,A timing device that automatically controls staircase lighting.
ETIM,EC000300,Floor luminaire,A self-standing lighting fixture designed for floor placement.
ETIM,EC000301,Luminaire bollard,"A short, sturdy outdoor light fixture typically used for pathway illumination."
ETIM,EC000302,Table luminaire,A lighting fixture designed for placement on tables or desks.
ETIM,EC000305,Measure-/test device for communication technology,An instrument used to measure and test communication networks.
ETIM,EC000306,Low current connector,A connector designed for low-power electrical connections.
ETIM,EC000309,Module for active network component/network unit,A functional unit used within an active network system.
ETIM,EC000310,Interface converter,A device that enables communication between different types of interfaces.
ETIM,EC000311,Telephone/modem connector,A connector used to establish a wired connection between a telephone or modem.
ETIM,EC000312,Data switch,A device that manages and directs data traffic between networked devices.
ETIM,EC000313,Communications technology adaptor,A device that facilitates compatibility between different communication technologies.
ETIM,EC000317,Document holder (enclosure/cabinet),A storage unit designed to hold documents inside an enclosure or cabinet.
ETIM,EC000320,Ventilator (enclosure/cabinet),A ventilation unit that provides airflow within an electrical enclosure or cabinet.
ETIM,EC000321,Luminaire (enclosure/cabinet),A lighting fixture designed for installation inside an enclosure or cabinet.
ETIM,EC000322,Cable guide for enclosures/cabinets,Element for mounting in power distribution systems for proper and safe cable routing
ETIM,EC000327,Lock system for enclosure/cabinet,A security mechanism used to lock and secure electrical enclosures or cabinets.
ETIM,EC000329,Earthing rail for distribution board,A conductive bar used to provide a grounding connection in a distribution board.
ETIM,EC000330,Socket outlet combination,A unit containing multiple socket outlets in a single enclosure.
ETIM,EC000331,Ventilation plate (enclosure/cabinet),A perforated panel that allows airflow into an enclosure or cabinet.
ETIM,EC000338,Clock,A timekeeping device that displays and measures time.
ETIM,EC000339,Trace heating cable,A cable designed to provide heat to prevent freezing or maintain temperatures.
ETIM,EC000340,Finishing set heating cable,A set of accessories for the installation and termination of heating cables.
ETIM,EC000341,Vending machine,An automated machine that dispenses products after payment.
ETIM,EC000342,Maximum demand monitor for distribution board,"Device to reduce energy power peaks, which can shut down during periods of high power demand differen"
ETIM,EC000343,Garage door operator,A motorized device used to open and close a garage door.
ETIM,EC000344,Strap motor,A motor that operates using a belt or strap mechanism.
ETIM,EC000345,Tube mounted motor,"Mechanically or electronically controlled motor, which is inserted in a shaft and then moves it"
ETIM,EC000346,Building site lighting luminaire,A durable lighting fixture designed for temporary use on construction sites.
ETIM,EC000347,Hand luminaire,A portable lighting device designed for handheld operation.
ETIM,EC000348,Machine and work bench luminaire,A lighting fixture designed to illuminate workstations and machinery.
ETIM,EC000349,Functional module for door communication,A component that provides additional functionality to a door communication system.
ETIM,EC000350,Mounting frame for door station,Component which will ensure an appropriate depth and where a door station is attached
ETIM,EC000352,System telephone,A telephone integrated into a communication system for business or residential use.
ETIM,EC000354,Mounting element for indoor station door communication,Component which will ensure an appropriate depth and where a house station can be attached
ETIM,EC000355,Door station door communication,An outdoor communication unit for intercom and access control at doors.
ETIM,EC000356,Standard battery (not rechargeable),A primary battery that supplies power but cannot be recharged.
ETIM,EC000357,Standard battery (rechargeable),A secondary battery that can be recharged and reused multiple times.
ETIM,EC000359,Universal charger,A power adapter compatible with multiple devices for battery charging.
ETIM,EC000362,Labeling letters/numbers,Pre-made characters used for marking or identifying components.
ETIM,EC000363,Cable clip,A fastening device used to secure cables in place.
ETIM,EC000364,Screw anchor,A fastening device used to secure screws into walls or other surfaces.
ETIM,EC000365,Punch,A hand tool used to create holes or indentations in materials.
ETIM,EC000367,Electric strike for doors,An electromechanical locking device used to secure doors.
ETIM,EC000368,Tube clamp,A device used to fasten and secure tubes or pipes.
ETIM,EC000370,Cable guide,A component that directs and organizes cable routing.
ETIM,EC000371,Telecommunication terminal strip,"Connection method that enables a fast, simple connection of single cores (e.g. for network installati"
ETIM,EC000372,LSA-Plus mounting box,A housing unit for LSA-Plus termination blocks in telecommunication systems.
ETIM,EC000373,Additional device for telecommunication technology,A supplementary component used to expand telecommunication systems.
ETIM,EC000374,Distributor for telecommunication,A device used to manage and distribute telecommunication connections.
ETIM,EC000375,Telephone system,A network of interconnected telephones used for communication.
ETIM,EC000376,Mounting plate for fibre optic connection box,A plate designed to support and secure fiber optic connection boxes.
ETIM,EC000379,CEE socket outlet combination (IEC 60309),A set of multiple industrial-grade sockets complying with IEC 60309.
ETIM,EC000380,Clamp measuring instrument,A measuring device with clamp functionality for electrical diagnostics.
ETIM,EC000381,Lightning current arrester for power supply systems,A protective device that diverts lightning-induced surges from power systems.
ETIM,EC000382,UPS,Power supply which ensures the supply of critical electric loads during disturbance in a power grid
ETIM,EC000385,Special tool for telecommunication technology,A specialized instrument used for installing and maintaining telecommunication systems.
ETIM,EC000386,Mounting rail/-profile,A structural component used for mounting electrical or mechanical devices.
ETIM,EC000387,Separation plate for surface tank,A divider used in tanks to separate different sections or contents.
ETIM,EC000390,Boiling water unit,A device that heats and dispenses boiling water.
ETIM,EC000392,Instantaneous water heater,A heating device that provides hot water on demand without storage.
ETIM,EC000393,Hot water heat pump,A system that extracts heat from the air or ground to heat water.
ETIM,EC000395,Storage heater,"A storage heater is an electrical appliance used for heating spaces, typically found in homes or offi"
ETIM,EC000396,Heating element set for storage heater,Electric heating cables made from metal which are placed in a thermal storage between the brick piles
ETIM,EC000397,Housing for storage heater,An enclosure designed to contain and protect a storage water heater.
ETIM,EC000398,Distribution terminal for transformer,A connection point used for distributing electrical power from a transformer.
ETIM,EC000399,Indication- and signalling lamp,A lamp designed to provide status indication or signaling in systems.
ETIM,EC000400,Door station set,A complete intercom unit for communication and access control at doors.
ETIM,EC000401,Lamp holder,A device that securely holds and connects a light bulb to an electrical circuit.
ETIM,EC000405,Electric surface heating,"A heating system that uses electrical elements embedded in floors, walls, or ceilings."
ETIM,EC000406,Thermal insulation for hydronic tanks and hot water appliances,Insulating material used to reduce heat loss in water storage tanks and heaters.
ETIM,EC000408,Battery for mobile and wireless telephone,A rechargeable power source used in mobile and cordless phones.
ETIM,EC000409,Booster,A device that enhances electrical or signal performance in a system.
ETIM,EC000411,Charging controller,Electrical control which identifies the respected energy demand of a night memory by means of a tempe
ETIM,EC000412,Lux meter,A measuring instrument used to determine the intensity of light.
ETIM,EC000414,Built-in installation box luminaire,A recessed lighting fixture housed in an installation box.
ETIM,EC000415,Hole saw,A cylindrical cutting tool used to drill large circular holes.
ETIM,EC000416,Terrestrial antenna,An antenna designed to receive over-the-air television and radio signals.
ETIM,EC000417,Head end station,A central unit that receives and processes television and communication signals.
ETIM,EC000418,Compact head end station,A smaller version of a head-end station used for processing TV and data signals.
ETIM,EC000419,Module for head end station,A component used to expand or enhance the functionality of a head-end station.
ETIM,EC000420,Diplexer/filter,A device that separates or combines different frequency signals.
ETIM,EC000421,Tap-off and distributor,A component that distributes signals in communication systems.
ETIM,EC000422,Multi switch for communication technology,A switch that directs signals to multiple communication devices.
ETIM,EC000423,CATV-amplifier,An amplifier that boosts cable television signals for improved reception.
ETIM,EC000424,Receiver,"A device that processes and converts signals into audio, video, or data."
ETIM,EC000425,Feeding system/LNB,A satellite dish component that receives and processes satellite signals.
ETIM,EC000426,Satellite antenna,A dish-shaped antenna used for receiving satellite signals.
ETIM,EC000427,Finned-tube heater,A heating device that uses metal fins to increase heat dissipation.
ETIM,EC000429,Pumping shaft-container,"A pumping shaft-container, also known as a pump sump or pump chamber, is a structure that holds and c"
ETIM,EC000430,Recessed mounted box for doorbell,An enclosure designed to house doorbell components within a wall or surface.
ETIM,EC000432,Level adjuster,A device used to correct or maintain a level position.
ETIM,EC000433,Antenna pole,A vertical support structure for mounting antennas.
ETIM,EC000434,Antenna support bracket,A mounting component used to secure antennas in place.
ETIM,EC000435,Sun-/twilight sensor for roller-blind drive,A sensor that detects sunlight levels to control roller blinds automatically.
ETIM,EC000436,Radio receiver,A device that captures and processes radio signals for audio output.
ETIM,EC000437,Housing for rectangular connectors,A protective casing designed for rectangular electrical connectors.
ETIM,EC000438,Contact insert for rectangular connectors,Insert for screwing to the inside of the housing (with and without contacts)
ETIM,EC000439,Antenna socket box,A connection box for integrating antennas into electrical systems.
ETIM,EC000440,Satellite set,"A complete package including satellite receiver, dish, and accessories."
ETIM,EC000441,Cable gland,A sealing device that protects and secures cables passing through enclosures.
ETIM,EC000443,Device built-in switch and -push button,Component which connects or disconnects an electrically conductive compound by means of two electrica
ETIM,EC000444,Insert for child protection,A safety accessory designed to prevent children from accessing electrical sockets.
ETIM,EC000445,Cord switch/dimmer,A switch or dimmer integrated into a flexible cord for controlling lights.
ETIM,EC000446,Push in terminal,A connector that allows easy insertion of wires without screws.
ETIM,EC000448,Terminal resistor,A resistor used to terminate a circuit and prevent signal reflections.
ETIM,EC000449,Mounting base and -element for cable ties,A support element designed to hold and secure cable ties.
ETIM,EC000450,Appliance connection box,Component for connection of electrical equipment via accessible cable entry and contained fixed conne
ETIM,EC000451,Cable plug sealing clamp,"Device which protects the cable entry of an electrical equipment against external influences, especia"
ETIM,EC000452,Motor protection plug,A plug that provides protection against overloads and faults in motors.
ETIM,EC000453,Cable tie tool,A specialized tool used to fasten and cut cable ties securely.
ETIM,EC000454,One-piece strut clamp,A single-piece clamp used for securing pipes or cables to a support structure.
ETIM,EC000455,Counter shell for cable clamp,A component used in conjunction with a cable clamp to provide secure fastening.
ETIM,EC000456,Front panel (enclosure/cabinet),The outer face or cover of an enclosure or cabinet.
ETIM,EC000461,Cover plate for installation column,A protective plate used to cover openings in installation columns.
ETIM,EC000462,Perilex plug,A high-power electrical plug used for industrial and kitchen applications.
ETIM,EC000464,Fixing clamp,A clamp used to secure objects to a surface or structure.
ETIM,EC000466,Heat-shrink crimp connection,A connector that combines crimping and heat-shrink insulation for secure electrical connections.
ETIM,EC000467,Balun,A device that converts between balanced and unbalanced electrical signals.
ETIM,EC000468,S-Hook,"A hook shaped like an ""S"" used for hanging or securing objects."
ETIM,EC000469,Chain connecting link,A link used to connect sections of chain securely.
ETIM,EC000470,Fibre optic cable light system,"Lamp which comprises a plurality of fibers, which are brought to glow by a projector"
ETIM,EC000471,Emergency unit for luminaire,A backup power module that ensures lighting operation during power failures.
ETIM,EC000472,Basic element for surge protection device,A core component that limits voltage surges in electrical systems.
ETIM,EC000473,Hanger for trapezoidal ceiling,A mounting accessory used to suspend fixtures from trapezoidal ceilings.
ETIM,EC000474,Beam clamp,A fastening device used to attach components to structural beams.
ETIM,EC000475,Protective cap/cover for mounting rail/- profile,A cover that protects the ends of mounting rails or profiles.
ETIM,EC000478,Letterbox,A container designed to receive and store mail.
ETIM,EC000479,Pictogram for emergency luminaire,A visual symbol used to indicate emergency exit routes on luminaires.
ETIM,EC000481,Orientation luminaire,A low-intensity light fixture used for guidance in dark environments.
ETIM,EC000482,Fastening element for mounting rail/-profile,A component used to secure mounting rails or profiles in place.
ETIM,EC000483,Coupler for support/profile rail,A connector used to join two sections of support or profile rails.
ETIM,EC000484,Energy distributor for construction site,A temporary electrical panel used to distribute power on construction sites.
ETIM,EC000485,Neutral busbar,A conductive bar used for distributing neutral electrical connections.
ETIM,EC000486,Electrical unit for gas discharge lamp,A control module that regulates the operation of gas discharge lamps.
ETIM,EC000488,Octagonal steel shaft for tube motor,Rod-shaped machine element which is used to route rotational movements and torques as well as for the
ETIM,EC000489,Cross-connector for terminal block,Metal component for cross-wiring of terminal blocks by means of screwing
ETIM,EC000490,Accessories/spare parts for earthing and lightning,Additional components used in grounding and lightning protection systems.
ETIM,EC000491,Earth terminal clamp,A clamp used to establish a secure grounding connection.
ETIM,EC000492,Earth rod/profiled earth rod,Metal rod or steel rod that is driven into the ground and that is equipped with a device for connecti
ETIM,EC000493,Earthing pipe clamp,A device used to connect grounding conductors to pipes.
ETIM,EC000494,Voltage tester,A tool used to detect and measure electrical voltage levels.
ETIM,EC000495,Continuity tester,A device that checks whether an electrical circuit is complete.
ETIM,EC000496,Pipe and cable locator/sorter,A tool used to detect and identify underground pipes and cables.
ETIM,EC000497,Multifunction installation tester,A device that performs multiple electrical safety tests on installations.
ETIM,EC000498,Portable appliance tester/PAT tester,A tool used to test the safety of electrical appliances.
ETIM,EC000499,Insulation tester,A device that measures the insulation resistance of electrical systems.
ETIM,EC000500,Cable length meter,A measuring device used to determine the length of electrical cables.
ETIM,EC000501,Network management software,"Software used to monitor, control, and manage network operations."
ETIM,EC000502,Light/energy pole,A vertical structure used to support lighting or power distribution.
ETIM,EC000503,Globe-shaped incandescent lamp,A round incandescent bulb that emits light by heating a filament.
ETIM,EC000504,Round conductor/wire for lightning protection and earthing,"Installation material for the external lightning protection, which is laid at frequent impact points "
ETIM,EC000505,Air-termination equipment for lightning protection,Components designed to intercept lightning and safely direct it to the ground.
ETIM,EC000506,Lead-in earthing rod for lightning protection,A grounding rod that directs lightning energy safely into the earth.
ETIM,EC000507,Roof conductor holder for lightning protection,A holder used to secure lightning conductors on rooftops.
ETIM,EC000508,Conductor holder for lightning protection,A device used to fasten lightning conductors along surfaces.
ETIM,EC000509,Rod holder for lightning protection,A support bracket used to mount lightning protection rods.
ETIM,EC000510,Protective/isolating spark gap for lightning protection,A component that prevents overvoltage damage by allowing controlled discharge.
ETIM,EC000511,Tube earthing clamp for lightning protection,A clamp used to attach grounding conductors to tubes in lightning systems.
ETIM,EC000512,Disconnection clamp for lightning protection,A connector that allows temporary disconnection in lightning protection systems.
ETIM,EC000513,Connection clamp for lightning protection,A fastening device used to join components in a lightning protection system.
ETIM,EC000514,Connector for lightning protection,Installation material which is used for the electrically-conductive position-secure connection of fou
ETIM,EC000515,Network adaptor,A device that connects different types of network interfaces.
ETIM,EC000516,Round or flat plug/receptacle,A connector designed for either round or flat electrical plugs.
ETIM,EC000519,Terminal sleeve for protective hose,Element which is used as the final piece to a protective tube and serves to protect the inserted line
ETIM,EC000522,Explosion proof switch,Explosion-proof device which connects or disconnects an electrically conductive connection by means o
ETIM,EC000523,Convector (electric),A heating device that uses convection to distribute warm air.
ETIM,EC000524,Assortment box for installation- and connection material,A storage box containing various electrical installation accessories.
ETIM,EC000525,Satellite amplifier,A device that boosts satellite signal strength for better reception.
ETIM,EC000526,Terrestrial amplifier,An amplifier used to enhance terrestrial TV and radio signals.
ETIM,EC000528,Earthing plate,A metal plate used to provide grounding in electrical systems.
ETIM,EC000529,Adhesive,A substance used to bond or attach materials together.
ETIM,EC000530,Solvent,A liquid substance used to dissolve or dilute other materials.
ETIM,EC000533,Lighting control system component,A part of a system that regulates and automates lighting.
ETIM,EC000534,Controller for light controlling system,A device that manages and adjusts lighting operation.
ETIM,EC000535,Radiant heat emitter,A heating device that transfers heat through infrared radiation.
ETIM,EC000536,Cable clip bracket,A support component used to secure cables with clips.
ETIM,EC000537,Nail disk,A fastening accessory used in construction and insulation mounting.
ETIM,EC000539,Blood pressure measuring instrument,A device used to measure arterial blood pressure.
ETIM,EC000540,Massager,A device that applies pressure or vibration for muscle relaxation.
ETIM,EC000541,Steam cleaner,A cleaning appliance that uses steam to remove dirt and sanitize surfaces.
ETIM,EC000542,Vacuum cleaner (electric),An electrically powered device that removes dust and debris from surfaces.
ETIM,EC000543,Blower vac (electric),A powered device that blows or vacuums leaves and debris.
ETIM,EC000544,Pocket calculator,A small electronic device used for arithmetic calculations.
ETIM,EC000545,Tanning appliance,A device that emits ultraviolet light to darken the skin.
ETIM,EC000546,Hair dryer/hair styler,A device that blows warm air to dry and style hair.
ETIM,EC000548,Flatiron,An appliance used to straighten or style hair with heated plates.
ETIM,EC000551,Electric shaver,A grooming device with rotating or oscillating blades for shaving hair.
ETIM,EC000552,Body care appliance,An electrical device used for personal grooming and skincare.
ETIM,EC000553,Hair trimmer,"A hair trimmer is a handheld grooming device designed for cutting and maintaining the length of hair,"
ETIM,EC000554,Wall hair dryer,A hair drying device mounted on a wall for hands-free use.
ETIM,EC000555,Personal scale,A device used to measure body weight.
ETIM,EC000556,Electric blanket/pillow/foot warmer,A heating device used to provide warmth to the body.
ETIM,EC000557,Fever thermometer,A device used to measure body temperature.
ETIM,EC000558,Oral care appliance,An electrical device used for dental hygiene.
ETIM,EC000560,Mixer/blender,"A kitchen appliance used to mix, blend, or puree food and liquids."
ETIM,EC000561,Can opener,A device used to cut open metal cans.
ETIM,EC000562,Knife sharpener,A tool used to restore the sharpness of knives.
ETIM,EC000563,Baby food warmer,A device that heats baby food or bottles safely.
ETIM,EC000564,Kitchen scale,A device used to measure the weight of food ingredients.
ETIM,EC000565,Slicing machine,A kitchen appliance used to cut food into thin slices.
ETIM,EC000566,Electric knife,A motorized knife designed for effortless cutting of food.
ETIM,EC000567,Food dehydrator,A device that removes moisture from food for preservation.
ETIM,EC000568,Squeezer/juicer,A kitchen appliance used to extract juice from fruits and vegetables.
ETIM,EC000569,Ice cream maker,A machine used to freeze and churn ingredients into ice cream.
ETIM,EC000570,Chopper,A kitchen appliance used to cut food into small pieces.
ETIM,EC000571,Kitchen machine,A multifunctional appliance used for food preparation.
ETIM,EC000572,Vacuum sealer,A device that removes air and seals food in plastic bags for preservation.
ETIM,EC000574,Raclette set,A kitchen appliance used for melting cheese and grilling food.
ETIM,EC000575,Grill,A cooking appliance that uses direct heat for grilling food.
ETIM,EC000576,Fondue/wok,A kitchen appliance used for preparing fondue or wok-based meals.
ETIM,EC000577,Egg boiler,A device designed to boil eggs efficiently.
ETIM,EC000578,Espresso machine,A coffee-making appliance that brews espresso under pressure.
ETIM,EC000579,Steam oven,A cooking appliance that uses steam to prepare food.
ETIM,EC000580,Yogurt maker,A device used to ferment milk into yogurt.
ETIM,EC000581,Kitchen timer,A timekeeping device used to track cooking durations.
ETIM,EC000582,Table baking oven/-grill,A small tabletop appliance for baking and grilling food.
ETIM,EC000583,Immersion heater (electric),A heating element used to heat water directly in a container.
ETIM,EC000584,Warming tray,A flat heated surface used to keep food warm.
ETIM,EC000585,Coffee mill,A device used to grind coffee beans into powder.
ETIM,EC000586,Automatic preserving cooker,A kitchen appliance used for preserving food through heat processing.
ETIM,EC000587,Water cooker,A device designed to boil water quickly.
ETIM,EC000588,Toaster,A kitchen appliance used to brown bread slices.
ETIM,EC000589,Deep fryer,A device used to fry food by immersing it in hot oil.
ETIM,EC000590,Waffle maker,"A waffle maker is a kitchen appliance designed to cook waffle batter, producing crisp, grid-patterned"
ETIM,EC000591,Rotary ironer,A laundry appliance used for pressing and ironing fabrics.
ETIM,EC000592,Facial sauna,A device that emits steam to cleanse and hydrate the face.
ETIM,EC000593,Radiator (electric),An electrically powered heating device for warming rooms.
ETIM,EC000594,Bread machine,A kitchen appliance used for baking bread automatically.
ETIM,EC000595,Sterilizer,A device used to eliminate bacteria and germs from objects.
ETIM,EC000596,Alarm clock,A clock designed to alert users at a set time.
ETIM,EC000598,Coffee maker,A machine used to brew coffee automatically.
ETIM,EC000599,PLC system power supply,A power supply unit that provides energy to a programmable logic controller system.
ETIM,EC000600,Lamp tester,A device used to check the functionality of light bulbs and lamps.
ETIM,EC000601,Measuring instrument for temperature and climate,"A device used to assess temperature, humidity, and atmospheric conditions."
ETIM,EC000602,Data rail for bus system,A conductive track used for transmitting data in a bus communication system.
ETIM,EC000603,Data rail coupler for bus system,A connector that links data rails within a bus system.
ETIM,EC000606,Air moisturizer/air refresher,A device that adds moisture or freshens indoor air.
ETIM,EC000607,Epilator,A personal care device used for removing hair from the root.
ETIM,EC000608,Labelling tape,A self-adhesive tape used for marking and identification.
ETIM,EC000609,Floor scrubbing machine,A motorized appliance used for deep cleaning floors.
ETIM,EC000610,Label maker,A device that prints adhesive labels for marking purposes.
ETIM,EC000613,Decoupling coil for internal lightning protection,Component for energy coordination of lightning current and surge arresters with application-related i
ETIM,EC000615,Venetian blind control unit,A system used to adjust the slats of Venetian blinds.
ETIM,EC000616,Rung ladder,A portable ladder with horizontal rungs for climbing.
ETIM,EC000617,Trip block for power circuit-breaker,A component that enables controlled tripping of a power circuit breaker.
ETIM,EC000618,Meat grinder,A kitchen appliance used to grind meat into smaller pieces.
ETIM,EC000619,Butt chisels,"Short, sturdy chisels used for woodworking and carving."
ETIM,EC000620,Screw assortment box,A container with a variety of screws for different applications.
ETIM,EC000621,Legend plate for control circuit devices,A button plate made of plastic or metal (not a sticker). The labelling is often engraved instead of p
ETIM,EC000623,Glue stick for glue gun,A solid adhesive rod used in hot glue guns for bonding materials.
ETIM,EC000624,Text plate for command devices,"A plate made of plastic or metal (not a sticker) that is attached next to, or around the command devi"
ETIM,EC000625,Car audio,A sound system installed in a vehicle for audio playback.
ETIM,EC000628,Refrigerator,A household appliance that keeps food and beverages cool.
ETIM,EC000629,Fridge/freezer combination,A single appliance combining both refrigeration and freezing compartments.
ETIM,EC000630,Freezer,A cooling appliance that maintains temperatures below freezing for food storage.
ETIM,EC000631,Curler set,A set of heated or non-heated rollers used for curling hair.
ETIM,EC000632,"Control switch, Joystick",A manually operated control device used for directional input.
ETIM,EC000633,Dishwasher (domestic),A kitchen appliance designed for washing dishes automatically.
ETIM,EC000634,Bus coupler for bus system,Element which serves as a universal interface that connects the device to the bus line
ETIM,EC000635,Connection-/branching terminal for bus system,Component which is used in electrical engineering for the releasable connection or the connection of 
ETIM,EC000636,Electronic insert for domestic switching devices,Electronic component for integration into an existing electrical installation system to depict inform
ETIM,EC000637,Ironing table,A flat surface designed for ironing clothes and fabrics.
ETIM,EC000638,Washing machine,A household appliance used to wash laundry.
ETIM,EC000639,Tumble dryer,A machine that dries clothes by tumbling them in heated air.
ETIM,EC000640,Soft starter,A device that gradually increases motor voltage to reduce startup strain.
ETIM,EC000641,Laser leveling device,A tool that projects a laser beam for precise alignment and leveling.
ETIM,EC000642,Answering machine,A device that records and stores voice messages from missed calls.
ETIM,EC000643,Fax,A machine that transmits and receives documents via telephone lines.
ETIM,EC000644,Portable CD player,"A compact, battery-powered device for playing CDs."
ETIM,EC000645,CD player/recorder,A device that plays and records audio CDs.
ETIM,EC000647,Radio,An electronic device that receives and plays broadcast radio signals.
ETIM,EC000648,Radio recorder,"A device that can receive, play, and record radio broadcasts."
ETIM,EC000651,Car loudspeaker,A speaker designed for use in car audio systems.
ETIM,EC000652,Loudspeaker box,A housing unit that contains and enhances the performance of speakers.
ETIM,EC000653,Dictaphone,A voice recording device used for dictation and transcription.
ETIM,EC000654,Camcorder,A portable electronic device for recording video and audio.
ETIM,EC000655,Cooker hood,"A ventilation device that removes smoke, steam, and odors from cooking areas."
ETIM,EC000656,Spin-dryer,A machine that uses high-speed spinning to remove water from clothes.
ETIM,EC000658,Accessories/spare parts for cooker hood,Replacement or additional components for cooker hoods.
ETIM,EC000661,Microwave oven,A kitchen appliance that heats food using microwave radiation.
ETIM,EC000662,Cooker,"A kitchen appliance used for boiling, baking, and frying food."
ETIM,EC000663,Headphone,A personal audio device worn over or in the ears for private listening.
ETIM,EC000664,Hob,A built-in cooking surface with burners or heating elements.
ETIM,EC000665,Exchange hotplate,A replaceable heating element used in cooking appliances.
ETIM,EC000666,HiFi/TV furniture,A piece of furniture designed to house HiFi or TV equipment.
ETIM,EC000667,Audio mixer,A device that combines and adjusts multiple audio signals.
ETIM,EC000668,HiFi-Receiver,A component that processes and amplifies audio signals for home sound systems.
ETIM,EC000669,HiFi-Tuner,A device that receives and processes radio signals for high-fidelity sound systems.
ETIM,EC000671,Current collector,Locking pliers with working head and clamping jaws for the use on energized equipment
ETIM,EC000672,Touch sensor for bus system,A sensor that detects touch input to control functions in a bus system.
ETIM,EC000673,Area/line coupler for bus system,A device that connects and manages communication between different bus segments.
ETIM,EC000674,Interface for bus system,A module that facilitates communication between a bus system and external devices.
ETIM,EC000675,Power supply for bus system,A unit that provides electrical power to components in a bus system.
ETIM,EC000676,Logic component for bus system,Element which is used to link binary signals that are received via telegrams
ETIM,EC000677,Display for bus system,A visual interface used to show information in a bus system.
ETIM,EC000678,Remote control,A handheld device used to wirelessly operate electronic equipment.
ETIM,EC000679,Popcorn machine,A kitchen appliance designed to heat and pop corn kernels.
ETIM,EC000680,DVD player/recorder,A device used to play and record digital video discs.
ETIM,EC000681,HiFi-set,A complete high-fidelity audio system.
ETIM,EC000682,Loudspeaker set,A collection of speakers designed for audio output.
ETIM,EC000683,Surge protection module,A device that protects electrical systems from voltage spikes.
ETIM,EC000684,Record player,A device that plays audio from vinyl records.
ETIM,EC000688,Binary input for bus system,A module that allows binary signals to be input into a bus system.
ETIM,EC000689,Time switch for bus system,Switching element which switches electrical loads with potential-free contacts by means of time switc
ETIM,EC000690,Video projector,A device that projects video images onto a screen or surface.
ETIM,EC000691,Insect repellent device,"A device that emits sound, light, or chemicals to repel insects."
ETIM,EC000692,Heating element (baking oven),A component that generates heat for a baking oven.
ETIM,EC000693,Mini kitchen,A compact kitchen unit that integrates essential cooking appliances.
ETIM,EC000694,Hand floodlight,"Portable, network-independent lighting with a reflector, usually tuned to high beam characteristics a"
ETIM,EC000696,Vehicle lamp,A lighting component used in vehicles for illumination or signaling.
ETIM,EC000698,Repeater for bus system,A device that amplifies and extends signals within a bus system.
ETIM,EC000699,Central device for bus system,A main control unit that manages communication within a bus system.
ETIM,EC000700,Band suppressor/choke for bus system,A component that filters and suppresses unwanted frequencies in a bus system.
ETIM,EC000701,Window opener,A mechanical or motorized device used to open and close windows.
ETIM,EC000703,Communication column,A freestanding structure used to house communication devices.
ETIM,EC000704,Core drill bit,A specialized drill bit used for cutting large circular holes.
ETIM,EC000705,Measuring instrument set,A collection of tools used for taking various measurements.
ETIM,EC000706,Console for wall duct,"Retaining element for device installation trunking for mounting on wall, ceiling or floor"
ETIM,EC000707,"Cool/freezer box, portable",A mobile cooling device that keeps food and drinks cold or frozen.
ETIM,EC000709,Socket for letterbox,A power outlet integrated into a letterbox.
ETIM,EC000712,Empty enclosure for switchgear,A protective casing designed to house switchgear components.
ETIM,EC000713,Busbar coupler,A connector used to join busbars in an electrical system.
ETIM,EC000717,Plug for telecommunication terminal strip,A connector used to interface with telecommunication terminal strips.
ETIM,EC000718,Wire-guide for LSA connection strip,A component that assists in routing wires for LSA connection strips.
ETIM,EC000719,Labelling cap for connection strips,A cap used to identify and label connection strips.
ETIM,EC000720,Labelling plate for telecommunication terminal strips,A plate used to mark and identify telecommunication terminal strips.
ETIM,EC000721,Base/base element (enclosure/cabinet),The foundational structure or mounting surface of an enclosure or cabinet.
ETIM,EC000722,On-floor installation duct,A duct designed for routing cables along the floor.
ETIM,EC000723,Dust shield for plug connections,A protective cover that prevents dust from entering plug connections.
ETIM,EC000725,Cleaning cassette/CD,A cleaning tool designed to maintain the functionality of cassette or CD players.
ETIM,EC000726,End plate for slotted cable trunking system,A closing element used at the end of a slotted cable trunking system.
ETIM,EC000727,Cover for slotted cable trunking system,Lid for a system with breakout-type side bars for the wiring installation in a control cabinet and th
ETIM,EC000728,Cover for installation duct,A protective covering used to conceal and safeguard installation ducts.
ETIM,EC000730,Discharge tube for overvoltage protection magazine,Device or component for limiting of dangerous overvoltage in electric devices or pipelines
ETIM,EC000731,Network hub,A device that connects multiple network devices for data transmission.
ETIM,EC000732,Network repeater,A device that regenerates and extends network signals.
ETIM,EC000734,Network switch,"Coupling element with the possibility of configuration management functions in computer networks, whi"
ETIM,EC000735,Print server,A device that manages print jobs for networked printers.
ETIM,EC000736,Analogue memory medium,A storage medium that records data in an analog format.
ETIM,EC000737,Heating (enclosure/cabinet),A heating element used to regulate temperature inside an enclosure or cabinet.
ETIM,EC000740,Modem,A device that enables internet access by converting digital and analog signals.
ETIM,EC000743,Insert for lock system,A component used within a lock mechanism to provide security.
ETIM,EC000744,Top-/floor element (enclosure/cabinet),A structural element forming the top or bottom of an enclosure or cabinet.
ETIM,EC000747,Door/operating panel (enclosure/cabinet),A panel that serves as a door or control interface for an enclosure or cabinet.
ETIM,EC000748,Pigtail,A short cable with connectors used for signal or power transmission.
ETIM,EC000749,Bend for subfloor installation ducting systems,"Element which is used for vertical direction changes of underfloor duct systems, for wall connections"
ETIM,EC000750,Coupler for subfloor installation duct,A connector used to join sections of subfloor installation ducts.
ETIM,EC000751,Induction lamp,A gas-discharge lamp that uses electromagnetic fields to generate light.
ETIM,EC000752,Fibre optic coupler,A device that connects and transfers light signals between optical fibers.
ETIM,EC000753,Fibre optic cable splitter,Product is used to directly connect a multi-fiber cable to a single workstation - it allows to separa
ETIM,EC000755,Anchor sleeve,A hollow insert used to improve the grip of an anchor in materials.
ETIM,EC000757,Software for bus system,"A program used for configuring, monitoring, or controlling a bus system."
ETIM,EC000758,In-ground luminaire,A lighting fixture designed for installation into the ground.
ETIM,EC000759,Splice holder,Appliance for steady connection of cable fibers with single insert fixtures
ETIM,EC000760,Hole cutter for plastics,A tool used to cut circular openings in plastic materials.
ETIM,EC000761,Labelling for terminal block,A marking system used to identify terminals in an electrical block.
ETIM,EC000762,Splice cassette,Cassette for the connection of cable fibers with single fixtures
ETIM,EC000763,Line equalizer (receiver technology),A device that compensates for signal loss in transmission lines.
ETIM,EC000766,Coding for data communication technology,"Marking element which allows the insertion orientation, or the function of a component of the data pr"
ETIM,EC000768,Multiplexer,A device that combines multiple input signals into a single output.
ETIM,EC000769,Module for telephone system,A component that expands or enhances telephone system functionality.
ETIM,EC000770,Separation plate for meter-/distribution boards,Insulated partition as a built-in element for safe division of the areas in a distribution
ETIM,EC000771,Cover strip (modular) for meter-/distribution board,A protective covering for modular elements in distribution boards.
ETIM,EC000772,Master clock,A central clock that synchronizes time across multiple devices.
ETIM,EC000773,Explosion proof hand floodlight,"Explosion-proof light with very high luminosity, mobile use and during transport network-independent"
ETIM,EC000774,Miniature fuse assortment,A collection of small fuses in various ratings for circuit protection.
ETIM,EC000775,Cover for distribution board,Hood as protection against contact with live parts with integrated outlets for modular devices
ETIM,EC000776,Pan,"A kitchen utensil used for frying, sautéing, or cooking food."
ETIM,EC000777,Baby bottle,A feeding container with a nipple for infants.
ETIM,EC000778,Telephone digital/ISDN with cord,A wired telephone that operates on digital or ISDN networks.
ETIM,EC000779,Indoor station door communication,A communication unit inside a building for managing door access.
ETIM,EC000781,Sealing for hose screw connection,A sealing component that prevents leaks in hose screw connections.
ETIM,EC000782,Access control unit for bus system,A security device that regulates entry through a bus communication system.
ETIM,EC000783,Signalling and operation panel for bus system,A control interface for monitoring and managing bus system functions.
ETIM,EC000784,Desk system (enclosure/cabinet),A furniture-integrated enclosure for organizing electronic equipment.
ETIM,EC000785,Connector for wall duct,A fitting that joins or secures sections of a wall-mounted duct.
ETIM,EC000786,Cover for plinth skirting duct,A component that fits over the skirting duct to protect and conceal the electrical cables inside. It 
ETIM,EC000787,Handset for cordless telephone,A wireless receiver unit used for cordless telephone communication.
ETIM,EC000788,Charger for cordless telephone,A power device used to recharge a cordless phone battery.
ETIM,EC000789,Headset,A combination of headphones and a microphone for communication.
ETIM,EC000792,Actuating drive for bus system,A motorized device used to control mechanical components in a bus system.
ETIM,EC000794,Analogue input for bus system,A module that processes and converts analog signals within a bus system.
ETIM,EC000795,Extension module for installation column,An additional component that attaches to an installation column to increase its capacity for housing 
ETIM,EC000796,Contact for industrial connectors,A conductive element used in heavy-duty electrical connectors.
ETIM,EC000797,USB-Hub,A device that expands a single USB port into multiple ports.
ETIM,EC000798,Test pin,A probe used to test electrical circuits and components.
ETIM,EC000799,Screw gland holder,A securing device for organizing and holding screw glands.
ETIM,EC000800,Cover strip for wall duct,A component used to conceal and protect the opening of a wall duct. It provides a finished appearance
ETIM,EC000801,Torx screwdriver,A screwdriver designed for turning Torx-headed screws.
ETIM,EC000804,Audio/video modulator,A device that converts audio and video signals for transmission.
ETIM,EC000806,Rasp (battery/electric),A powered tool used for shaping and smoothing materials.
ETIM,EC000807,Navigation system,An electronic system that provides location-based guidance.
ETIM,EC000808,Portable MP3 player,A handheld device used to store and play digital audio files.
ETIM,EC000809,Programming- and engineering software,A software package used for coding and configuring automation systems.
ETIM,EC000810,PLC mounting rack,A frame used to secure and organize programmable logic controllers.
ETIM,EC000811,Electrical chimney fire,A decorative electric heater designed to simulate a fireplace.
ETIM,EC000812,Ceiling heating foil,A thin heating element installed in ceilings for radiant heating.
ETIM,EC000813,Natural stone heating,A heating system that uses stone materials to radiate heat.
ETIM,EC000814,Threaded bush,A cylindrical metal insert with internal threading for fastening.
ETIM,EC000815,Car antenna,A radio frequency antenna designed for vehicles.
ETIM,EC000816,WLAN access point,A networking device that allows wireless devices to connect to a network.
ETIM,EC000817,WLAN network adaptor,A hardware device that enables a computer to connect to a wireless network.
ETIM,EC000818,Hexagonal key,A tool with a hexagonal shape used to turn hex screws or bolts.
ETIM,EC000819,Compact fluorescent lamp with integrated ballast,A fluorescent light bulb with a built-in ballast for energy efficiency.
ETIM,EC000820,Traffic signalling lamp,A light used in traffic systems to signal movement and control flow.
ETIM,EC000821,High pressure sodium-vapour lamp,A gas-discharge lamp that emits yellow-orange light at high pressure.
ETIM,EC000822,Low pressure sodium-vapour lamp,A gas-discharge lamp that produces monochromatic yellow light at low pressure.
ETIM,EC000823,Halogen metal halide reflector lamp,A high-intensity discharge lamp with an integrated reflector.
ETIM,EC000833,Flat nose pliers,"A hand tool with flat, broad jaws used for gripping and bending materials."
ETIM,EC000834,Round nose pliers,A hand tool with rounded jaws used for shaping wire and making loops.
ETIM,EC000835,Telephone pliers,A long-nosed plier used for gripping small wires and working in tight spaces.
ETIM,EC000836,Combination pliers,"A versatile hand tool used for gripping, cutting, and bending wire."
ETIM,EC000837,"Power cable >= 1 kV, for moving application",A flexible electrical cable rated for voltages above 1 kV used in dynamic applications.
ETIM,EC000838,Thermocouple cable,A cable used to connect thermocouples for temperature measurement.
ETIM,EC000839,Braid wire,A flexible wire composed of multiple woven strands for shielding or grounding.
ETIM,EC000842,Pipe wrench,A hand tool designed for gripping and turning pipes.
ETIM,EC000843,Signalling bell,A device that produces a ringing sound for alarms or notifications.
ETIM,EC000844,Buzzer,An electronic sound-emitting device used for alerts and alarms.
ETIM,EC000849,Outer corner for skirting duct,A fitting used to guide skirting ducts around a 90-degree turn at an external corner where two walls 
ETIM,EC000850,End piece for skirting duct,A closing element used to terminate a skirting duct section.
ETIM,EC000851,Inner corner for skirting duct,A fitting designed to enable skirting ducts to navigate a 90-degree turn along an interior corner whe
ETIM,EC000852,Flat bend for skirting duct,"A fitting used to change the direction of skirting ducts, which are conduits installed along the base"
ETIM,EC000853,Mesh cable tray,A cable support system made of wire mesh for organizing cables.
ETIM,EC000854,Cable ladder,A structural support system for routing and securing cables.
ETIM,EC000855,Air conditioner (enclosure/cabinet),A cooling unit designed for climate control inside enclosures or cabinets.
ETIM,EC000856,Corner add-on piece for cable ladder,A component used to extend or modify cable ladders at corners.
ETIM,EC000857,Corner plate for cable ladder,A reinforcing plate used to connect cable ladder sections at corners.
ETIM,EC000858,Drop-out plate for cable ladder,A component used for controlled cable exit from a cable ladder.
ETIM,EC000861,Corner add-on piece for cable tray,"Preform for cable trays, that is mounted to bridge a corner"
ETIM,EC000862,Inner corner for installation duct,A fitting used to connect installation duct sections at inner corners.
ETIM,EC000863,Outer corner for installation duct,A fitting used to connect installation duct sections at outer corners.
ETIM,EC000864,Flat bend for installation duct,A component used to route installation ducts at flat angles.
ETIM,EC000865,Tee for installation duct,"Preform for device installation duct, with which a rising or falling direction change is possible"
ETIM,EC000866,End cap for installation duct,A closing cover used to terminate an installation duct.
ETIM,EC000867,Inner corner for wall duct,A component used for routing wall ducts around inner corners.
ETIM,EC000872,Outer corner for wall duct,A component used for routing wall ducts around outer corners.
ETIM,EC000873,End piece for wall duct,A closing component used to terminate a wall duct.
ETIM,EC000874,Joint clip for wall duct,Preform for connecting two bottom parts of the device installation trunking at the splice and to conn
ETIM,EC000876,Flat bend for wall duct,A component used for routing wall ducts at flat angles.
ETIM,EC000877,Cover for flat bend wall duct,A protective cover used for a flat bend in a wall duct.
ETIM,EC000878,Cross piece for wall duct,A junction piece used to connect multiple wall ducts in a cross configuration.
ETIM,EC000879,Cable entry sleeve,"Soft device which protects the cable entry of electrical equipment against external influences, espec"
ETIM,EC000880,Seal,"A component used to prevent leakage or entry of dust, water, or air."
ETIM,EC000881,Seal wire,A wire used for security sealing or tamper-proofing applications.
ETIM,EC000882,Profile support arm for cable support system,A structural arm used to support and stabilize cable trays or ladders.
ETIM,EC000884,Connection for support arm for cable support system,A joint component that connects support arms in cable management systems.
ETIM,EC000886,Endplate and partition plate for terminal block,A component used to close and separate sections of terminal blocks.
ETIM,EC000889,Tapping screw,A self-threading screw used to fasten materials without pre-drilled holes.
ETIM,EC000891,Thread cutting screw,"A thread-cutting screw is a type of self-tapping screw designed to create or ""cut"" a thread into the "
ETIM,EC000893,Device box for subfloor installation,An enclosure used to house electrical devices in subfloor installations.
ETIM,EC000894,Cover for subfloor installation duct flush floor open,A protective cover for an open subfloor installation duct.
ETIM,EC000895,Equipped surface tank,"Element for attachment of inserts including equipping, which protrudes from the ground"
ETIM,EC000896,Ceiling bracket for cable support system,A mounting component used to secure cable trays or ladders to ceilings.
ETIM,EC000897,Feed-through terminal block,"Component which is arbitrarily aligned to be mounted securely on a carrier rail, and can be clamped w"
ETIM,EC000898,Indicator terminal block,Component with an integrated device and light emitting diode which is arbitrarily aligned to secure t
ETIM,EC000899,Fuse terminal block,Component which is used for receiving a securing element against overcurrent and which can be mounted
ETIM,EC000900,Sensor/actuator terminal block,Distribution box for effective bundling of parallel wiring
ETIM,EC000901,Ground terminal block,Component with protection fiber optics which can be arbitrarily aligned together on a mounting rail
ETIM,EC000902,(Knife) disconnect terminal block,Component which is arbitrarily aligned to secure them together on a mounting rail and has a special f
ETIM,EC000903,Component terminal block,Component with integrated element which is arbitrarily aligned to secure them together on a carrier r
ETIM,EC000904,Thermal couple terminal block,A terminal block designed for connecting thermocouple wires.
ETIM,EC000905,Earth leakage circuit breaker,"Not automatically-resetting fuse element, which protects cables from damage caused by heating due to "
ETIM,EC000906,90° connection for cable ladder to cable ladder,A joint component that allows cable ladders to connect at right angles.
ETIM,EC000907,Side profile for vertical cable ladder,A structural profile used to support vertical cable ladder sections.
ETIM,EC000908,Bottom end plate for cable tray,A closure plate used to finish the bottom section of a cable tray.
ETIM,EC000909,Acoustic baffle for wall duct,A sound-dampening component used within wall ducts.
ETIM,EC000910,End terminal,Component which encloses a cable to moisture and dirt getting in between the different components of 
ETIM,EC000911,Voltmeter selector switch,A switch used to select different voltage levels for measurement.
ETIM,EC000912,Amp meter switch,A switch used to measure and display electrical current levels.
ETIM,EC000916,Switch operating shaft,A mechanical component used to operate a switch mechanism.
ETIM,EC000926,Physical sensor for bus system,A sensor that detects physical changes and transmits data within a bus system.
ETIM,EC000927,Brightness sensor for bus system,A sensor that measures light levels and sends data to a bus system.
ETIM,EC000928,Infrared receiver,Component for receiving and implementation of infrared radiation
ETIM,EC000936,Bend for installation tubes,A curved section used to change the direction of installation tubes.
ETIM,EC000937,Terminal sleeve for installation tubes,A protective sleeve used to secure and insulate the ends of installation tubes.
ETIM,EC000938,Enlargement/reducing ring,A fitting used to transition between different tube diameters.
ETIM,EC000939,Coupler for installation tubes,A connector used to join two installation tubes.
ETIM,EC000940,Locknut for cable screw gland,A securing nut used to fasten cable glands in place.
ETIM,EC000941,Surge protection device for power supply systems,A protective device that limits voltage surges in power supply networks.
ETIM,EC000942,Surge protection device for terminal equipment,A device that protects end-user devices from electrical surges.
ETIM,EC000943,Surge protection device for data networks/MCR-technology,Component to limit dangerous overvoltages in data networks and the measuring and control technology
ETIM,EC000945,Drill,A power tool used for making holes in various materials.
ETIM,EC000981,Explosion proof emergency and security luminaire,Explosion-proof lamp for visual highlighting of safety notices and escape routes
ETIM,EC000986,Electrical unit for light-line system,A component that provides power or control for a light-line system.
ETIM,EC000987,Flashlight,"A portable, battery-powered light source."
ETIM,EC000988,Explosion proof pocket torch,"Explosion-proof portable light source with its own power supply, which is usually small enough to be "
ETIM,EC000989,Explosion proof hand luminaire,"Explosion-proof lamp, portable, universally usable and during transport network-independent"
ETIM,EC000993,Single core single insulated wire,An electrical wire with a single conductor and a single layer of insulation.
ETIM,EC000996,LED-module,A pre-assembled unit containing light-emitting diodes for illumination.
ETIM,EC001000,Separation plate for cable support system,A divider used to separate different cable runs within a support system.
ETIM,EC001001,Mounting clamp for separation plate for cable support system,A fastening device used to secure separation plates in cable support systems.
ETIM,EC001002,Cover clamp for cable support system,A component used to attach covers to cable management structures.
ETIM,EC001003,Wall- and ceiling bracket for cable support system,A mounting bracket used to attach cable supports to walls or ceilings.
ETIM,EC001004,Mounting plate for cable support system,A plate used for securing cable trays and support systems.
ETIM,EC001005,Mounting material for cable support system,Fasteners and components used for assembling cable support structures.
ETIM,EC001006,Add-on tee for cable tray,Preform for installation on cable trays for adapting a further cable tray for horizontal and vertical
ETIM,EC001007,Reducing piece for cable tray,Preform which is used for symmetrical or unilateral reduction of the width of a cable tray route
ETIM,EC001009,Separation plate for wall duct,Element which divides the device installation duct into individual chambers and thus leads to additio
ETIM,EC001010,Add-on tee for cable ladder,A T-shaped connector used to extend or modify cable ladders.
ETIM,EC001011,Reducing piece for cable ladder,A component that allows the transition between different cable ladder sizes.
ETIM,EC001012,Cover for corner for wall duct,A protective cover for corner sections of a wall duct system.
ETIM,EC001013,Separation plate for subfloor installation duct flush floor,System element which is suited for low screed structure made of cement screed and which is used for t
ETIM,EC001014,End piece for subfloor installation duct,A closing element used to terminate a subfloor installation duct.
ETIM,EC001015,Separation plate for installation duct,Element which divides the cable duct into individual chambers and thus leads to additional system iso
ETIM,EC001016,Coupler for installation duct,"Preform which allows easy extension of the skirting duct and is used in the assembly of disposals, in"
ETIM,EC001017,Cross piece for installation duct,A junction component that connects multiple installation duct sections.
ETIM,EC001018,Wire clamp for slotted cable trunking system,A securing device used to hold wires in a slotted cable trunking system.
ETIM,EC001019,Single LED,An individual light-emitting diode used for illumination or signaling.
ETIM,EC001020,Adaptor for command devices,A connecting component used to integrate command devices into a system.
ETIM,EC001021,Residual current release for power circuit breaker,A safety device that trips a circuit breaker when residual current is detected.
ETIM,EC001022,Under voltage coil,A coil that trips a circuit breaker when voltage falls below a set level.
ETIM,EC001023,Shunt release (for power circuit breaker),A device that remotely trips a power circuit breaker.
ETIM,EC001024,DIN-rail adaptor,A mounting accessory that allows components to be attached to a DIN rail.
ETIM,EC001025,Trip indicator,A visual or mechanical indicator that shows when a circuit breaker has tripped.
ETIM,EC001026,Acoustic indicator,A device that emits sound signals for alarms or notifications.
ETIM,EC001027,Potentiometer for command devices,A variable resistor used for adjusting settings in control systems.
ETIM,EC001028,"Push button, complete",A fully assembled push button for electrical control circuits.
ETIM,EC001029,"Selector switch, complete",A rotary switch used to select between different operational modes.
ETIM,EC001030,Motor operator for power circuit-breaker,A motorized device that remotely operates a power circuit breaker.
ETIM,EC001031,Electronic enclosure,A protective housing for electronic components and circuitry.
ETIM,EC001032,Text plate holder for command devices,A mounting component used to display text labels on control devices.
ETIM,EC001034,Phase coupler for bus system,A device that links electrical phases to enable bus communication.
ETIM,EC001035,Movement sensor basic element,A core component that detects motion and integrates into a sensor system.
ETIM,EC001036,Three-stage switch,Component which makes or separates an electrically conductive connection in three stages by means of 
ETIM,EC001037,Motor starter/motor starter combination,A device used to safely start and control electric motors.
ETIM,EC001038,Front element for mushroom push-button,The visible part of an emergency stop button.
ETIM,EC001040,Fuse switch disconnector,A device that combines a fuse and a switch to isolate electrical circuits.
ETIM,EC001041,End bracket for terminal block,Component which is used for the lateral fixing of terminal blocks
ETIM,EC001042,Signal tower complete,A fully assembled tower light used for visual signaling in industrial settings.
ETIM,EC001044,Mechanic interlock for switch,A mechanical device that prevents unintended switch activation.
ETIM,EC001045,Documentation,Printed or digital materials that provide information on equipment or systems.
ETIM,EC001046,In-line fuse switch disconnector base,A mounting base for an in-line fuse switch disconnector.
ETIM,EC001047,Selective main line circuit breaker,Circuit breaker which does not immediately but delayed switch off the power during a short circuit an
ETIM,EC001048,Reducing sleeve for copper DIN cable lugs and connectors,Device for use of smaller copper cross sections in larger cable lugs and connectors
ETIM,EC001049,Assortment box with heat-shrink tubing segments,A collection of heat-shrink tubes used for electrical insulation and protection.
ETIM,EC001050,Crimp cable lug for copper conductors,A terminal connector used to attach copper conductors via crimping.
ETIM,EC001051,Tubular cable lug for copper conductors,Component which ensures a simplified electrical contacting of the copper conductors of cables or sing
ETIM,EC001053,Crimp cable lug for aluminium conductors,A terminal connector used to attach aluminium conductors via crimping.
ETIM,EC001056,Mixed light lamp,"A lamp that combines multiple light sources, such as incandescent and discharge elements."
ETIM,EC001057,"Studio-, projection- and photo lamp","Artificial light source with a much higher light output and a specified color temperature, operating "
ETIM,EC001058,Tunnel luminaire,A lighting fixture designed for installation in tunnels.
ETIM,EC001059,Crimp splices for copper conductor,Component which ensures a simplified electrical contacting of the copper conductors of cables and is 
ETIM,EC001060,Crimp splices for aluminium conductor,Component which ensures a simplified electrical contacting of the aluminum conductor of cables and is
ETIM,EC001062,Branch terminal,A terminal used to create electrical branches in a circuit.
ETIM,EC001063,Connector to screw,Component which ensures a simplified electrical contacting of the conductors of cables and which is a
ETIM,EC001064,Cable branch screw clamp ring,Component which ensures a simplified electrical interconnection of the conductors of cables and which
ETIM,EC001068,Digital memory medium,A storage device used for digital data recording and retrieval.
ETIM,EC001070,Digital photo camera,A device that captures and stores images in digital format.
ETIM,EC001071,Portable DVD player/recorder,A compact device used to play and record DVDs.
ETIM,EC001072,Hood/lens for circuit control devices,A protective cover or optical component used in control devices.
ETIM,EC001080,Electronic overload relay,A relay that detects excessive current and protects motors from overload.
ETIM,EC001081,Room antenna,An indoor antenna used for receiving radio or TV signals.
ETIM,EC001082,Antenna mounting material,Components used to install and secure antennas.
ETIM,EC001083,Antenna measuring instrument,A device used to test and adjust antenna performance.
ETIM,EC001085,Operating tool for hole punch,A tool designed to operate hole punches for material perforation.
ETIM,EC001086,Shelf for soldering iron,A stand or holder designed to store a soldering iron safely.
ETIM,EC001087,Soldering iron (battery),A cordless soldering iron powered by batteries.
ETIM,EC001088,Soldering station,A workstation that includes a temperature-controlled soldering iron and accessories.
ETIM,EC001089,Power supply door communication,A power source that provides energy to door communication systems.
ETIM,EC001092,Swing gate operator,A motorized device used to open and close swinging gates.
ETIM,EC001093,Sliding gate operator,A motorized device used to operate sliding gates.
ETIM,EC001094,Dimming actuator for bus system,"Switching element, which controls the electric light by means of telegram values"
ETIM,EC001095,Light control unit for bus system,Element for switching and dimming the lighting
ETIM,EC001096,Analogue actuator for bus system,Switching element which emits the received telegram values as analog signals
ETIM,EC001097,Switch actuator for bus system,A device that controls switching functions within a bus communication system.
ETIM,EC001099,System interface/media gateway for bus system,A communication bridge that connects different systems within a bus network.
ETIM,EC001100,Sensor control for bus system,"Element for the detection and reporting of burglary, robbery and technical risks, which is accomplish"
ETIM,EC001101,Room temperature controller for bus system,Element for operation of the heating depending on the room temperature
ETIM,EC001102,Energy management for bus system,A system that monitors and optimizes energy usage within a bus network.
ETIM,EC001103,Measurement device for bus system,A device used to collect and analyze data in a bus communication system.
ETIM,EC001104,External camera door communication,A camera used in door intercom systems for visual identification.
ETIM,EC001105,Off-load switch,A switch designed to disconnect circuits when no significant current is flowing.
ETIM,EC001112,Solar compact installation,A pre-assembled solar energy system for power generation.
ETIM,EC001115,Cover for storage heater,A protective casing used to enclose a storage heater.
ETIM,EC001118,Electric heating element for hot water tank,A resistive component that heats water in a storage tank.
ETIM,EC001121,Modular connector,A standardized electrical connector used for data or power transmission.
ETIM,EC001122,Fibre optic connector,A device used to join and align optical fibers for data transmission.
ETIM,EC001123,Splice protection,Describes the object which protects the splice against dirt and/or damage
ETIM,EC001124,Fibre optic splicer,A tool used to join optical fibers by fusion or mechanical splicing.
ETIM,EC001125,Fibre optic shears,Cutting tools designed for trimming optical fiber cables.
ETIM,EC001126,Fibre optic cleaver,A precision tool used to create clean cuts on optical fibers for splicing.
ETIM,EC001128,Patch panel copper (twisted pair),A structured panel used to manage and connect twisted pair network cables.
ETIM,EC001129,Insert module for fibre optic patch panel,A modular component used in fiber optic patch panels for cable management.
ETIM,EC001130,Patch panel fibre optic,A panel used for organizing and connecting fiber optic cables.
ETIM,EC001131,Coax connector,A connector used for coaxial cable terminations.
ETIM,EC001132,D-Sub connector,A multi-pin electrical connector used for data and signal transmission.
ETIM,EC001133,D-Sub hood,"Protective bonnet for D-subminiature plug connector for protection against touch, dust, with special "
ETIM,EC001134,Modular coupler,A connector that joins two modular cables or components.
ETIM,EC001135,Coax coupler,A device used to connect two coaxial cables.
ETIM,EC001136,D-Sub coupler,A device used to join two D-Sub connectors.
ETIM,EC001139,Power cable for overhead lines,A high-voltage electrical cable used in overhead power distribution.
ETIM,EC001141,Ventilator for in-house bathrooms and kitchens,A ventilation unit designed to remove air from bathrooms and kitchens.
ETIM,EC001142,Window ventilator,A fan installed in windows to promote air circulation.
ETIM,EC001143,Equipment ventilator,A cooling device used to regulate temperature in electrical equipment.
ETIM,EC001144,Small-room ventilator,A compact ventilation unit designed for use in small spaces.
ETIM,EC001146,Ventilator enclosure for in-house bathrooms and kitchens,A housing that protects and contains ventilation systems in bathrooms and kitchens.
ETIM,EC001147,Ventilator for mounting in the roof,A fan installed on the roof for ventilation purposes.
ETIM,EC001148,Duct mounted ventilator,A ventilation device integrated into air ducts for airflow management.
ETIM,EC001151,Industrial wall ventilator,A wall-mounted ventilation unit designed for industrial environments.
ETIM,EC001152,Connection module for signal tower,A component used to connect and expand signal tower systems.
ETIM,EC001153,Wall bracket for signal tower,A mounting bracket used to secure signal towers to walls.
ETIM,EC001154,Stand for signal tower without tube,"A base support for signal towers, excluding the vertical tube."
ETIM,EC001155,Tube for signal tower,A vertical support tube used in signal tower installations.
ETIM,EC001156,Desoldering station,A tool designed to remove solder from electrical connections.
ETIM,EC001157,Spare heating element for soldering irons and - baths,A replacement heating component for soldering irons and soldering baths.
ETIM,EC001158,Soldering flux,A chemical substance used to clean and promote solder adhesion.
ETIM,EC001159,Flux remover,A cleaning agent used to remove excess flux from soldered joints.
ETIM,EC001166,Busbar support,"Support for the array of conductors which are used as central distributor of electric power, as all i"
ETIM,EC001167,Hinge for distribution systems,A mechanical component that allows movement in distribution enclosures.
ETIM,EC001168,Cable resin,Elastic cable gel which is used for the grouting of open contact points in cables and lines and elect
ETIM,EC001169,Straight-through joint,Component with which the connection between two or more cables can be closed watertight and almost ai
ETIM,EC001170,Branch-splice joint (set),A kit used to join and branch electrical cables.
ETIM,EC001172,Coupler for corrugated plastic hoses,A connector used to join sections of corrugated plastic hoses.
ETIM,EC001173,Metal installation tube,A rigid metal conduit used for protecting electrical wiring.
ETIM,EC001174,Plastic installation tube,Class for all standard electrical installation tubes such as rigid standard plastic tubes (according 
ETIM,EC001175,Corrugated plastic hose,"A flexible, ribbed plastic conduit for cable protection."
ETIM,EC001176,Screw connection for corrugated plastic hose,A threaded fitting used to secure corrugated plastic hoses.
ETIM,EC001177,Protective plastic hose,A flexible hose designed to shield cables from damage.
ETIM,EC001178,Screw connection for protective plastic hose,A connector used to attach protective plastic hoses to fittings.
ETIM,EC001179,Protective metal hose,Class for all flexible electrical installation hoses (according to EN IEC 61386-23) made of metal
ETIM,EC001180,Screw connection for protective metal hose,A threaded fitting for securing protective metal hoses.
ETIM,EC001181,"Sealing ring, flat",A flat gasket used to create a seal between two surfaces.
ETIM,EC001182,Braided hose,A flexible hose reinforced with a woven outer layer for durability.
ETIM,EC001184,Battery charger for electric tools,A charging device designed to recharge batteries used in power tools.
ETIM,EC001185,Hydraulic drive unit,A system that generates hydraulic power to drive mechanical operations.
ETIM,EC001186,Multi purpose equipment (pressing/cutting/piercing),"A versatile tool designed for pressing, cutting, and piercing materials."
ETIM,EC001187,Power adaptor for battery tools,A power supply unit used to charge or power battery-operated tools.
ETIM,EC001188,Safety shearing equipment,A cutting tool with safety features designed for precise material shearing.
ETIM,EC001189,Phase sequence indicator,A device used to determine the phase sequence in electrical systems.
ETIM,EC001190,Measuring instrument for environmental parameters,"A device used to assess factors like temperature, humidity, and air quality."
ETIM,EC001191,Portable RPM meter,A handheld device used to measure the rotational speed of machinery.
ETIM,EC001192,Tester for safety of machinery and electrical equipment,A device used to evaluate the operational safety of machines and electrical systems.
ETIM,EC001193,Leakage current measuring instrument,A device used to detect and measure electrical leakage currents.
ETIM,EC001194,Power quality analyser,A diagnostic tool used to assess the quality of electrical power.
ETIM,EC001195,Accessories/spare parts for test and measurement instruments (electrical),Replacement or additional components for electrical testing equipment.
ETIM,EC001196,Medical electrical equipment tester,A device used to verify the safety and performance of medical electrical devices.
ETIM,EC001197,Belt sander (electric),A power tool that smooths surfaces using a continuous loop of sandpaper.
ETIM,EC001198,Cable ring dispenser,A tool designed to hold and dispense coiled cables.
ETIM,EC001199,Battery for electric tools,A rechargeable power source used in battery-operated tools.
ETIM,EC001200,Force and pressure test equipment for pressing tools,A measuring device used to assess force in pressing applications.
ETIM,EC001201,Control equipment for hydraulic aggregates,A system used to regulate hydraulic power units.
ETIM,EC001202,Hydraulic connecting part,A component used to join hydraulic system elements.
ETIM,EC001203,Transport trolley,A wheeled cart used for moving equipment or materials.
ETIM,EC001204,Washer-dryer,A combined appliance that washes and dries laundry.
ETIM,EC001206,Control panel for recessed mounted hob,An interface used to control functions of a built-in cooking hob.
ETIM,EC001207,Ice cube maker,A device that produces ice cubes automatically.
ETIM,EC001208,Cappuccino creamer,A machine used to froth milk for cappuccinos and other beverages.
ETIM,EC001210,Water filter,A device used to remove impurities from water.
ETIM,EC001211,Drinks maker,A machine designed for preparing beverages.
ETIM,EC001212,Hand dryer,A device that uses warm air to dry hands.
ETIM,EC001216,KNX module building technology,A component used in KNX-based smart building automation systems.
ETIM,EC001220,Connection/tube mounting kit for hot water appliances,A set of components used to install and secure tubing for hot water systems.
ETIM,EC001231,Mounting aid building technology,A tool or accessory designed to assist in installing building technology components.
ETIM,EC001236,Solar mounting frame,A structural frame used to support and secure solar panels.
ETIM,EC001238,Solar frame attachment,A fastening component used to secure solar panels to mounting frames.
ETIM,EC001239,Connection tube for solar collector system,A pipe used to transport heat-transfer fluid between solar collectors.
ETIM,EC001240,Solar compensator/- corrugated hose,A flexible conduit used to absorb thermal expansion in solar systems.
ETIM,EC001243,Heat-transfer fluid,A liquid used in heating systems to transfer thermal energy efficiently.
ETIM,EC001249,Cover/casing for outdoor units,A protective enclosure for outdoor electrical or HVAC equipment.
ETIM,EC001250,Groundwater mounting set for heat pump,A kit used to install heat pumps that utilize groundwater as a heat source.
ETIM,EC001251,Groundwater distributor for heat pump,A component that manages the flow of groundwater in heat pump systems.
ETIM,EC001257,Neutral disconnect terminal block,Component with a special form for manual separation of neutral conductors which is arbitrarily aligne
ETIM,EC001258,Foot switch,A control switch operated by foot pressure.
ETIM,EC001259,Stand for signal tower with tube,A support structure with a tube used to mount signal towers.
ETIM,EC001260,Two-hand control device,A safety control that requires both hands to operate machinery.
ETIM,EC001261,Acoustic module for signal tower,A sound-emitting component integrated into a signal tower.
ETIM,EC001262,Patch cord copper (twisted pair),A short network cable made of twisted pair copper wires.
ETIM,EC001263,Fibre optic patch cord,A short fiber optic cable used to connect network devices.
ETIM,EC001264,Data communication connection box copper (twisted pair),A terminal box used for managing twisted pair network connections.
ETIM,EC001265,Soldering iron set (battery),A battery-powered soldering kit for electronic work.
ETIM,EC001266,Desoldering iron,A tool used to remove solder from electronic components.
ETIM,EC001267,Desoldering lace,A braided copper wire used to absorb and remove molten solder.
ETIM,EC001268,Desoldering tweezers,A specialized tweezer tool designed to remove soldered components.
ETIM,EC001269,Desoldering pump,A vacuum tool used to extract melted solder from joints.
ETIM,EC001270,Desoldering tip,A replacement tip for desoldering irons or pumps.
ETIM,EC001271,Gas soldering iron,A soldering iron powered by combustible gas.
ETIM,EC001272,Gas soldering set,A complete kit for gas-powered soldering applications.
ETIM,EC001273,Soldering bath,A container of molten solder used for dip soldering components.
ETIM,EC001274,Industrial air exctraction device,A ventilation unit used to remove fumes and dust in industrial settings.
ETIM,EC001276,Soldering set,A kit containing essential tools and materials for soldering.
ETIM,EC001277,Soldering tip holder,A stand or storage unit for organizing soldering tips.
ETIM,EC001278,Cleaning sponge for soldering tip,A moist sponge used to clean soldering iron tips.
ETIM,EC001279,Temperature controller for soldering bath,A device that regulates the temperature of a soldering bath.
ETIM,EC001280,Vacuum pipette for SMD-elements,A suction tool used to handle small surface-mount components.
ETIM,EC001281,Spare tip for desoldering pump,A replacement nozzle for a desoldering pump.
ETIM,EC001282,"Insert for crimp tool cable lugs, cable end sleeves, screen connection",A component used to adapt crimping tools for specific connector types.
ETIM,EC001283,Panel feed-through terminal block,Component which is used for the conduct of at least one electrical cable through a housing wall
ETIM,EC001284,Single- and multi-pole terminal strip,Component which is fixed and consists of individual terminals and is used for connecting cables
ETIM,EC001285,Mounting rail for electrical/industrial control equipment,A metal rail of a standard type widely used for mounting circuit breakers and industrial control equi
ETIM,EC001286,Auxiliary device for distribution board devices,A supporting component used to enhance distribution board functionality.
ETIM,EC001287,Locking device for switches,"Component, which is installed for protection against unauthorized or unsafe operation of the shift le"
ETIM,EC001288,Labelling material,A substance or product used for marking and identifying components.
ETIM,EC001289,Equalizer,A device that adjusts audio frequencies for balanced sound output.
ETIM,EC001290,Car amplifier,A power amplifier designed for vehicle audio systems.
ETIM,EC001295,Electrical kit for storage heater,A set of electrical components required for installing storage heaters.
ETIM,EC001317,Panel-mounted CEE socket outlet (IEC 60309),A heavy-duty industrial power socket designed for panel mounting.
ETIM,EC001319,CEE appliance inlet (IEC 60309),An industrial power inlet designed to connect CEE standard plugs.
ETIM,EC001320,CEE coupling (IEC 60309),A connector that joins two CEE standard industrial power plugs.
ETIM,EC001321,CEE socket outlet (IEC 60309),A heavy-duty industrial socket for high-current applications.
ETIM,EC001322,Round socket/plug for high currents,A circular electrical connector designed for high-current loads.
ETIM,EC001324,"CEE socket outlet, disconnectable, with fuse (IEC 60309)",A fused industrial socket that can be disconnected for safety.
ETIM,EC001325,Panel mounted socket outlet with protective contact,A safety socket designed for mounting in control panels.
ETIM,EC001326,Plug with protective contact for devices,A power plug with integrated grounding for enhanced safety.
ETIM,EC001327,Coupler with protective contact,A connector that ensures proper grounding in electrical connections.
ETIM,EC001329,Multi level installation terminal block,Component for connecting wires and cables with the ability to measure insulation resistance
ETIM,EC001330,Shutting actuator for bus system,A device that controls the opening and closing of circuits within a bus system.
ETIM,EC001332,Flashing luminaire,A lighting fixture that emits intermittent flashes of light.
ETIM,EC001333,Strobe luminaire,Beacon which emits light over a range of 360 ° and gives multiple flash sequences in different intens
ETIM,EC001334,Continuous luminaire,"A lighting fixture that provides a constant, uninterrupted light source."
ETIM,EC001335,Explosion proof strobe luminaire,Explosion-proof light which is used to attract attention with light and to warn or with which danger 
ETIM,EC001336,Explosion proof electronic buzzer,A sound-emitting device designed for hazardous environments where explosions may occur.
ETIM,EC001337,Explosion proof flashing alarm luminaire,Optical rotary encoder signal with special protection for use in explosive atmospheres
ETIM,EC001338,Explosion proof signal horn,"Explosion-proof device for generating acoustic signals, which can be operated with electrical energy "
ETIM,EC001339,Explosion proof warning light pole,"Explosion-proof beacon, usually with several different color schemes, for visual signaling of states "
ETIM,EC001340,Monitored LED indicator luminaire,A lighting fixture with an LED indicator that provides status monitoring.
ETIM,EC001341,Rotating beacon alarm luminaire,A warning light that rotates to signal alarms or alerts.
ETIM,EC001342,Explosion proof fan,A ventilation fan designed for use in potentially explosive environments.
ETIM,EC001349,Additional device for door communication,Additional terminal device for extension of a house call system
ETIM,EC001351,Push button panel door communication,A control panel with push buttons used in door intercom systems.
ETIM,EC001352,Accessories/spare parts for door communication,Additional components or replacement parts for door communication systems.
ETIM,EC001353,Traffic light,A signaling device used to regulate vehicle and pedestrian traffic.
ETIM,EC001354,Electronic sound generator,A device that produces audible tones or signals electronically.
ETIM,EC001355,Explosion proof traffic light,A traffic signaling device designed for hazardous environments.
ETIM,EC001356,Explosion proof signal generator,Explosion-proof electrical equipment for emitting a characteristic acoustic signal
ETIM,EC001357,Explosion proof alarm bell,A sound-emitting alarm device suitable for hazardous environments.
ETIM,EC001358,Radio transmitter,"Transmitter for the generation and emission of electromagnetic waves, which usually consists of an os"
ETIM,EC001359,Monitor door communication,A display unit used to visually monitor door communication systems.
ETIM,EC001361,PC-programming set for time switch for bus system,A software and hardware package used to configure time switches in bus systems.
ETIM,EC001362,Universal hole cutter and components,A versatile tool set used for drilling holes in various materials.
ETIM,EC001364,Sheet metal shears (electric),A powered cutting tool used for trimming sheet metal.
ETIM,EC001365,Blind rivet tool (battery),A battery-powered tool used for setting blind rivets.
ETIM,EC001366,Rotary and demolition hammer (electric),A heavy-duty power tool designed for drilling and chipping in concrete and masonry.
ETIM,EC001367,Rotary hammer (battery),A battery-operated hammer drill used for drilling into hard materials.
ETIM,EC001368,Rotary hammer (electric),A mains-powered hammer drill used for heavy-duty drilling applications.
ETIM,EC001369,Drilling machine (battery),Mostly used to drill holes but can also be used to screw in screws. There are very different requirem
ETIM,EC001370,Drilling machine (electric),A power tool designed for creating holes in various materials.
ETIM,EC001371,Drilling machine/screwdriver (battery),"Mostly used to screw in screws, drilling holes is possible but only as an exception. There are very d"
ETIM,EC001372,Drilling machine/screwdriver (electric),A combined power tool for both drilling and driving screws.
ETIM,EC001373,Core drilling machine (electric),A specialized drill designed for cutting large diameter holes in materials.
ETIM,EC001374,Delta sander (electric),A power tool with a triangular sanding pad used for detail sanding.
ETIM,EC001375,Random orbital disc sander (battery),A battery-powered sanding tool with a circular motion for smooth finishes.
ETIM,EC001377,All purpose saw (battery),A battery-operated cutting tool designed for multiple materials.
ETIM,EC001378,All purpose saw (electric),A mains-powered cutting tool suitable for various materials.
ETIM,EC001379,Threading machine (electric),A power tool used for cutting threads on pipes or bolts.
ETIM,EC001380,Hand circular saw (battery),A cordless saw with a rotating blade for straight cuts in wood and other materials.
ETIM,EC001381,Hand circular saw (electric),A mains-powered saw used for making precise straight cuts.
ETIM,EC001382,Hot glue gun (electric),A tool that melts adhesive sticks for bonding materials.
ETIM,EC001383,Hot air gun (electric),"A power tool that blows hot air for heating, drying, or shaping materials."
ETIM,EC001384,Planer (battery),A battery-operated tool used for smoothing and shaping wood surfaces.
ETIM,EC001385,Planer (electric),A mains-powered tool for trimming and leveling wood.
ETIM,EC001386,Chop saw (battery),A cordless saw designed for cutting through metal or wood with precision.
ETIM,EC001387,Kit gun (battery),A battery-powered dispensing tool for adhesives and sealants.
ETIM,EC001388,Chipping hammer (electric),A power tool used for breaking and chipping hard surfaces.
ETIM,EC001390,Wet and dry vacuum cleaner (electric),A versatile vacuum cleaner designed for both liquid and solid debris.
ETIM,EC001391,Hammer drill (battery),A battery-operated drill with a hammering action for masonry drilling.
ETIM,EC001392,Hammer drill (electric),A mains-powered drill that combines rotation and hammering for tough materials.
ETIM,EC001393,Impact screwdriver (battery),A cordless tool that delivers high torque for driving screws.
ETIM,EC001394,Impact screwdriver (electric),A mains-powered tool used for driving screws with high torque.
ETIM,EC001395,Screwdriver (battery),A battery-operated tool used for driving and removing screws.
ETIM,EC001396,Screwdriver (electric),A mains-powered tool designed for driving and removing screws.
ETIM,EC001397,Sander (battery),A cordless sanding tool for smoothing surfaces.
ETIM,EC001398,Sander (electric),A mains-powered sanding tool for finishing surfaces.
ETIM,EC001399,Jig saw (electric),A power tool with a reciprocating blade for making curved and straight cuts.
Airport,AD-BHS-001,Bag drop,"Represents the functional interface between passenger and the baggage handling system operator, that "
Airport,AD-BHS-002,Bag tag reader,"Represents the module that identifies the bag, typically based upon the license plate number on the b"
Airport,AD-BHS-003,Baggage conveyor,"Represents the system of belts, track or vehicles that transports baggage through an airport. (IATA A"
Airport,AD-BHS-004,Baggage dispenser - flat,"Represents the collection device, with presentation surface parallel to the floor, for presenting bag"
Airport,AD-BHS-005,Baggage dispenser - inclined,"Represents the collection device, with an inclined presentation surface and a lip, for presenting bag"
Airport,AD-BHS-006,Baggage hoist,"Represents the assisted lifting device with an adjustable bed that is controlled by an operator, to h"
Airport,AD-BHS-007,Check-in conveyor,"Represents the arrangment of conveyors, responsible for weighing, labelling and dispatching bags onto"
Airport,AD-BHS-008,Check-in desk,"Represents the interface location between passenger and airport, where airline/handler staff can allo"
Airport,AD-BHS-009,Chute - spiral,Represents the curved metal slide on which the baggage spirals down to the end user in an airport. (M
Airport,AD-BHS-010,Chute - straight,Represents the straight metal slide on which the baggage travels down to the end user in an airport. 
Airport,AD-BHS-011,Conveyor belt - curved,"Represents the belt, with a conveying surface parallel to the floor and curve at a specific angle, wh"
Airport,AD-BHS-012,Conveyor belt - declined,"Represents the belt to permit baggage flow from one level to another level upwards, in a controlled a"
Airport,AD-BHS-013,Conveyor belt - horizontal,"Represents the belt, with a parallel conveying surface to the floor, which is used for transportation"
Airport,AD-BHS-015,Conveyor belt - merge left,"Represents the belt at the left hand side and a specific angle to the main conveyor line, which is us"
Airport,AD-BHS-016,Conveyor belt - merge right,"Represents the belt at the right hand side and a specific angle to the main conveyor line, which is u"
Airport,AD-BHS-017,Conveyor belt - vertimerge,Represents the sortation device used to dynamically combine baggage flows from different routes into 
Airport,AD-BHS-018,Conveyor belt - vertisorter,Represents the sortation device used to dynamically separate a single baggage flow from a single rout
Airport,AD-BHS-019,High-speed - diverter,"Represents the sortation device comprising a dual paddle system with integrated small conveyors, whic"
Airport,AD-BHS-020,Powered plough,"Represents the sortation device consisting a single paddle with an integrated small conveyor, which d"
Airport,AD-BHS-021,Powered pusher - four bar link,"Represents the sortation device with a mechanical arm, which pushes preselected incoming baggage to b"
Airport,AD-BHS-022,Roller bed - buffer position,Represents the conveyor with series of rollers supported in a frame over which baggage is buffered te
Airport,AD-BHS-023,Roller bed - horizontal power,Represents the conveyor with series of rollers supported in a frame over which baggage is advanced ma
Airport,AD-BHS-024,Storage - crane,"Represents the multi-level device used for the automated transport and handling of a bag, typically i"
Airport,AD-BHS-025,Storage - lane,"Represents a single or multi-conevyor lane storage system that is utilised to store bags on, typicall"
Airport,AD-BHS-026,Storage - rack,Represents a single or multi-level structural storage system that is utilised to support high stackin
Airport,AD-BHS-027,Storage - shuttle,"Represents the single level device used for the automated transport and handling of a bag, typically "
Airport,AD-BHS-028,Vertical conveyor - continuous,"Represents the conveyor that moves perpendicular to the floor, that provides for operation of multipl"
Airport,AD-BHS-029,Vertical conveyor - non-continuous,Represents the conveyor that moves perpendicular to the floor and provides intermittent operation of 
Airport,AD-BHS-030,X-Ray machine - 2D,Represents the inspection equipment that uses x-ray radiation to create two dimensional views of the 
Airport,AD-BHS-031,X-Ray machine - 3D,Represents the inspection equipment that uses computed tomography x-ray technology to create high-res
Uniclass,Ac,Activities,Ac Activities - 30 July 2020 - v1.12
Uniclass,Ac_05,Project management activities,
Uniclass,Co,Complexes,Co Complexes - 30 July 2020 - v1.11
CCI,A-A__,Space for human dwelling,space designed for human dwelling and related activities
CCI,A-AA_,Occupiable space,"space for human dwelling for rest, relaxation, recreation or waiting"
CCI,A-AAA,Room,occupiable space for personal use
CCI,A-AAB,Living space,occupiable space for shared use
CCI,A-AAC,Waiting space,occupiable space for waiting
CCI,A-AAD,Courtyard,occupiable space outdoors entirely or partly surrounded by buildings
CCI,A-AB_,Personal hygiene space,space for human dwelling for personal hygiene use
CCI,A-ABA,Bathroom,personal hygiene space enabling persons to wash and possibly relieve themselves
CCI,A-ABB,Toilet,personal hygiene space enabling persons to relieve themselves
CCI,A-ABC,Baby changing room,personal hygiene space for young children
CCI,A-ABD,Changing room,personal hygiene space for changing clothes
CCI,A-ABE,Shower,personal hygiene space enabling persons to wash themselves
CCI,A-ABF,Sauna,personal hygiene space enabling persons to take a sweat-inducing bath
CCI,A-AC_,Isolation space,space for human dwelling for isolating persons
CCI,A-ACA,Shelter,isolation space to protect persons from hazardous of dangerous situations
CCI,A-ACB,Cell,isolation space to separate persons from other persons
CCI,A-B__,Space for human activity,space designed for humans’ leisure and business activities
CCI,A-BA_,Workspace,space for human activity for producing an immaterial result
CCI,A-BAA,Office,"workspace for the production, processing and interpretation of information"
CCI,A-BAB,Meeting space,workspace for meetings
CCI,A-BAC,Reception,workspace for receiving guests and goods
CCI,A-BAD,Sales area,workspace for selling goods and services
CCI,A-BAE,Teaching space,workspace conveying knowledge and competencies
CCI,A-BAF,Study,workspace for reading
CCI,A-BAG,Laundry,workspace for laundering clothes and linen
CCI,A-BAH,Treatment space,workspace for health-related and other treatment and care of individuals
CCI,A-BAJ,Examining space,workspace for diagnosis
CCI,A-BAK,Observation space,workspace for monitoring individuals
CCI,A-BAL,Viewing space,workspace for observing processes and persons in adjacent space
CCI,A-BAM,Media workshop,workspace for recording and editing media
CCI,A-BB_,Production space,space for human activity for producing a material result
CCI,A-BBA,Kitchen,production space for working with foodstuffs
CCI,A-BBB,Materials workshop,production space for working with materials
CCI,A-BBC,Machine shop,production space for working with machinery and equipment
CCI,A-BBD,Studio,production space for working on art and crafts
CCI,A-BBE,Packing space,production space for sorting and packing objects
CCI,A-BC_,Laboratory,space for human activity for performing analyses and tests
CCI,A-BCA,Technical laboratory,laboratory for technical analyses
CCI,A-BCB,Materials laboratory,laboratory for studying materials
CCI,A-BCC,Biology laboratory,laboratory for biological analysis
CCI,A-BD_,Practice space,space for human activity of sport or culture
CCI,A-BDA,Sports hall,practice space for sports
CCI,A-BDB,Training room,"practice space for training strength, condition and balance"
CCI,A-BDC,Rehearsal room,practice space for practicing artistic competencies
CCI,A-BDD,Stage,practice space for performance artistic works
CCI,A-BDE,Playroom,practice space for children
CCI,A-BE_,Assembly space,space for human activity for mass assemblies of people/persons
CCI,A-BEA,Dining space,assembly space for consumption of food
CCI,A-BEB,Hall,assembly space for social events
CCI,A-BEC,Gallery,assembly space for displaying objects
CCI,A-BED,Religious faith space,assembly space for religious activities
CCI,A-C__,Storage space,"space designed for storage of materials, equipment and organisms"
CCI,A-CA_,Material storage space,storage space for resources
CCI,A-CAA,Refuse storage space,material storage space for refused and rejected materials or objects
CCI,A-CAB,Chemicals storage space,material storage space for chemicals
CCI,A-CAC,Medicine storage space,material storage space for medicines
CCI,A-CAD,Archive storage space,material storage space for physical documents or media
CCI,A-CAE,Fluid storage space,material storage space for fluid
CCI,A-CAF,Raw materials storage space,material storage space for substances or materials for use in production processes
CCI,A-CAG,Food storage space,material storage space for food and drinks
CCI,A-CAH,Secure storage space,material storage space for valuable objects
CCI,A-CAJ,Packaging storage space,material storage space of materials for packaging
CCI,A-CAK,Clothes storage space,"material storage space for clothing, shoes and linen"
CCI,A-CAL,Building materials storage space,material storage space for building materials
CCI,A-CAM,Explosives space,material storage space for explosives
CCI,A-CAN,Stockroom,"material storage space for products, goods and cargo"
CCI,A-CB_,Equipment storage space,storage space for moveable technical equipment
CCI,A-CBA,Furniture storage space,equipment storage space of objects for fitting out (of spaces)
CCI,A-CBB,Tool storage space,equipment storage space for tools
CCI,A-CBC,Instrument storage space,equipment storage space for technical instruments
CCI,A-CBD,Vehicle storage space,equipment storage space for modes of transport
CCI,A-CC_,Animal enclosure,storage space for enclosing animals
CCI,A-CCA,Cage,animal enclosure for keeping animals locked up
CCI,A-CCB,Stall,animal enclosure for keeping animals fenced in
CCI,A-CCC,Stable,animal enclosure for providing shelter
CCI,A-CCD,Water enclosure,animal enclosure for keeping animals in water
CCI,A-CD_,Planting space,storage space for plants
CCI,A-CDA,Indoor planting space,planting space for growing plants indoor
CCI,A-CDB,Outdoor planting space,planting space for growing plants outdoor
CCI,A-CE_,Dead body storage,storage space for dead bodies
CCI,A-CEA,Chapel of rest,dead body storage for interim storage
CCI,A-CEB,Crypt,dead body storage for permanent storage
CCI,A-D__,Space for technical systems,space designed for active technical equipment
CCI,A-DA_,Installation space,space for technical systems which support the function of construction entities
CCI,A-DAA,Electric installation space,installation space for stationary electric equipment
CCI,A-DAB,Information technology (IT) equipment space,installation space for stationary electronic equipment
CCI,A-DAC,Mechanical installation space,installation space for stationary mechanical equipment
CCI,A-DAD,Shared installation space,installation space for stationary technical equipment
CCI,A-DB_,Equipment space,space for technical systems which support human activities
CCI,A-DBA,Control equipment space,"equipment space of controlling, regulating and monitoring"
CCI,A-DBB,Production plant space,equipment space of fabricating and preparing products
CCI,A-DBC,Service equipment space,equipment space of service functions
CCI,A-DBD,Analysis equipment space,equipment space of analyses
CCI,A-DC_,Equipment operation space,space for technical systems which provides space for equipment operation
CCI,A-DCA,Work envelope,equipment operation space providing equipment movement space
CCI,A-DCB,Clearance space,equipment operation space providing clearance around equipment
CCI,A-E__,Space for infrastructure,space designed to create links between activity spaces
CCI,A-EA_,Circulation space,space for infrastructure providing access
CCI,A-EAA,Vestibule,circulation space between outdoor and indoor spaces
CCI,A-EAB,Air lock,circulation space for regulating passage between spaces
CCI,A-EAC,Corridor,circulation space horizontally between two or more spaces
CCI,A-EAD,Stairwell,circulation space vertically and non-automated between two or more storeys or levels
CCI,A-EAE,Lift space,circulation space vertically and automated between two or more levels
CCI,A-EAF,Portico,circulation space through a building
CCI,A-EB_,Services space,space for infrastructure for distributing technical services or media
CCI,A-EBA,Services tunnel,services space with horizontal access for persons
CCI,A-EBB,Shaft,services space with vertical access for persons
CCI,A-EBC,Duct,services space without access for persons
CCI,A-F__,Traffic space,space for traffic
CCI,A-FA_,Vehicle traffic space,traffic space for vehicles
CCI,A-FAA,Carriageway,vehicle traffic space intended for vehicles
CCI,A-FAB,Traffic lane,vehicle traffic space for one line of traffic
CCI,A-FAC,Shoulder,vehicle traffic space along a carriageway for emergency and intermediate use
CCI,A-FAD,Lay-by out lane,vehicle traffic space for stopping of vehicles
CCI,A-FAE,Passing place,vehicle traffic space for meeting of vehicles
CCI,A-FAF,Turning place,vehicle traffic space for turning of vehicles
CCI,A-FB_,Active transportation space,"traffic space for persons, animals or bicycles"
CCI,A-FBA,Walkway,active transportation spaces for pedestrians
CCI,A-FBB,Cycle path,active transportation space for bicycles
CCI,A-FBC,Cycle- and footpath,active transportation space for bicycles and pedestrians
CCI,A-FBD,Animal path,active transportation space for animals
CCI,A-FC_,Aircraft traffic space,traffic space for aircraft
CCI,A-FCA,Runway,aircraft traffic space for take-off and landing
CCI,A-FCB,Taxiway,aircraft traffic space for taxiing
CCI,A-FD_,Track space,traffic space for track bound objects
CCI,A-FDA,Rail track,track space not intended for crossing
CCI,A-FDB,Railway crossing,track space intended for crossing
CCI,A-FE_,Vessel traffic space,traffic space for vessels
CCI,A-FEA,Fairway,vessel track space for horizontal traffic
CCI,A-FEB,Sluice,vessel track space for vertical traffic
CCI,A-FF_,Traffic management space,traffic space for separation and management
CCI,A-FFA,Dividing strip,traffic management space separating traffic spaces
CCI,A-FFB,Platform space,traffic management space for change of transport mode
CCI,A-FFC,Traffic information space,traffic management space providing information
CCI,A-FFD,Clearance profile,traffic management space providing clearance to other objects
CCI,A-FFE,Prohibited area,traffic management space being part of read or street not meant for vehicle traffic
CCI,A-P__,Physical phenomenon space,space designed for the occurrence of physical phenomena
CCI,A-PA_,Matter flow space,physical phenomenon space for flow or occurrence of matter
CCI,A-PAA,Debris sapce,matter flow space for objects
CCI,A-PAB,Soild material flow space,matter flow space for soild materials
CCI,A-PAC,Gas flow spaces,matter flow space for gas
CCI,A-PAD,Liquid flow spaces,matter flow space for liquid
CCI,A-PAE,Plasma flow space,matter flow space for plasma
CCI,A-PAF,Smoke occurrence space,matter flow space for multiple matter kinds
CCI,A-PB_,Energy flow space,physical phenomenon space for flow of energy
CCI,A-PBA,Electrical energy flow space,energy flow spaces for electrical energy
CCI,A-PBB,Thermal energy flow space,energy flow spaces for thermal energy
CCI,A-PBC,Mechanical energy flow space,energy flow spaces for mechanical energy
CCI,A-PBD,Explosion space,energy flow spaces for explosion
CCI,A-PBE,Fire zone,energy flow spaces for combustion
CCI,ceco,Construction Elements - Components,construction element with characteristics which represents a basic technical solution with an inheren
CCI,cefc,Construction Elements - Functional Systems,construction element with characteristics which represents a general inherent function
CCI,cetc,Construction Elements - Technical Systems,construction element with characteristics which represents a coherent technical solution with an inhe
CCI,E-A__,Building for human needs and human activity,construction entity designed for human dwelling and activity
CCI,E-AA_,Residential building,building for human needs and human acitivity designed for permanent occupation
CCI,E-AAA,Single-family house,residential building designed for one household
CCI,E-AAB,House for multiple occupation,residential building designed for several households with individual facilities
CCI,E-AAC,Housing complex,residential building designed for several households with shared facilities
CCI,E-AB_,Hotel and restaurant building,"building for human needs and human acitivity, designed for temporary occupation and eating"
CCI,E-ABA,Hotel building,hotel and restaurant building with individual residential facilities
CCI,E-ABB,Youth hostel building,hotel and restaurant building with shared residential facilities
CCI,E-ABC,Restaurant building,hotel and restaurant building with shared eating facilities
CCI,E-AC_,Hygiene building,building for human needs and human acitivity designed to achieve personal hygiene
CCI,E-ACA,Toilet building,hygiene building designed for persons to relieve themselves
CCI,E-ACB,Baths building,hygiene building designed to enable persons to wash and possibly relieve themselves
CCI,E-ACC,Sauna building,hygiene building designed for one or more persons to take a sweat-inducing bath
CCI,E-ACD,Changing building,hygiene building designed for one or more persons to change clothing
CCI,E-AD_,Isolation building,building for human needs and human acitivity designed to cut off persons from their surroundings
CCI,E-ADA,Shelter building,isolation building designed to isolate persons from dangerous situations
CCI,E-ADB,Prison building,isolation building designed to isolate persons from other persons
CCI,E-AE_,Administration building,building for human needs and human acitivity designed to produce an immaterial result
CCI,E-AEA,Office building,administration building designed for production or interpretation of information
CCI,E-AEB,Service building,administration building designed for services
CCI,E-AEC,Emergency services building,administration building designed for acute assistance
CCI,E-AF_,Production building,building for human needs and human acitivity designed to produce a material result
CCI,E-AFA,Fabrication building,production building designed for mass production of products or raw materials
CCI,E-AFB,Workshop building,production building designed for fabrication or repair of products
CCI,E-AG_,Trading building,building for human needs and human acitivity designed for trading
CCI,E-AGA,Shop building,small trading building designed for sale of goods
CCI,E-AGB,Shopping centre,large trading building designed for sale of goods
CCI,E-AGC,Gallery,small trading building designed for display of goods
CCI,E-AGD,Exhibition hall,large trading building designed for display of goods
CCI,E-AH_,Teaching building,building for human needs and human acitivity designed for transmission of knowledge and competencies
CCI,E-AHA,School building,teaching building designed for basic education
CCI,E-AHB,University building,teaching building designed for further education
CCI,E-AHC,Course centre building,teaching building designed for courses
CCI,E-AJ_,Care facility,building for human needs and human acitivity designed for health-related and other treatment and care
CCI,E-AJA,Children's institution building,care facility designed for care of children
CCI,E-AJB,Hospital building,care facility designed for treatment of persons
CCI,E-AJC,Care home building,care facility designed for care of elderly persons
CCI,E-AK_,Leisure facility,building for human needs and human acitivity designed for relaxation or recreation
CCI,E-AKA,Summer house,leisure facility located in an area designated for holiday house development
CCI,E-AKB,Allotment hut,leisure facility located on an allotment site
CCI,E-AKC,Gazebo,leisure facility located in a garden or park
CCI,E-AKD,Conservatory,leisure facility forming an extension to a building
CCI,E-AL_,Sports building,building for human needs and human acitivity designed for a particular sporting activity
CCI,E-ALA,Sports hall,sports building designed for sporting activities
CCI,E-ALB,Stand,sports building designed for spectators
CCI,E-ALC,Swimming hall,sports building designed for swimming
CCI,E-ALD,Riding school,sports building designed for riding
CCI,E-ALE,Diving tower,sports building designed for diving
CCI,E-ALF,Bowling hall,sports building designed for bowling
CCI,E-AM_,Cultural building,building for human needs and human acitivity designed for a particular cultural activity
CCI,E-AMA,Theatre building,cultural building designed for theatre performances or plays
CCI,E-AMB,Concert building,cultural building designed for performance of music
CCI,E-AMC,Exhibition building,cultural building designed for displaying objects
CCI,E-AMD,Planetarium,cultural building designed for displaying the night sky
CCI,E-AME,Cinema building,cultural building for displaying films
CCI,E-AMF,Library building,cultural building designed for loaning books and other media
CCI,E-AMG,Multi-functional building,cultural building designed for several purposes in a shared building complex
CCI,E-AN_,Assembly hall,building for human needs and human acitivity designed for assemblies of large groups of persons
CCI,E-ANA,Residents' hall,assembly hall designed for a residents' association
CCI,E-ANB,Local hall,assembly hall designed for a local association
CCI,E-ANC,Clubhouse,assembly hall designed for a club
CCI,E-AND,Religious building,assembly hall designed for a religious community
CCI,E-AP_,Storage building,"building for human needs and human acitivity designed for storage of materials, equipment and organis"
CCI,E-APA,Materials store,storage building designed for resources
CCI,E-APB,Equipment building (garage),storage building designed for moveable technical equipment
CCI,E-APC,Animal house,storage building designed for animals
CCI,E-APD,Greenhouse,storage building designed for plants
CCI,E-APE,Mortuary,storage building designed for dead bodies
CCI,E-AQ_,Access building,building for human needs and human acitivity designed to give access to other buildings
CCI,E-AQA,Passageway,access building designed to create horizontal access between two or more buildings
CCI,E-AQB,Staircase tower,access building designed to create non-automated vertical access between two or more storeys
CCI,E-AQC,Lift tower,access building designed to create automated vertical access between two or more levels
CCI,E-AQD,Gatehouse,access building designed to create a link between two buildings by passing through a building
CCI,E-B__,Plant room,construction entity designed for active technical equipment
CCI,E-BA_,Production plant,plant room designed for production of energy or raw materials
CCI,E-BAA,Combined heat and power station,production plant designed for production of energy
CCI,E-BAB,Water treatment works,production plant designed for production of drinking water
CCI,E-BAC,Raw material plant,production plant designed for production of raw material
CCI,E-BB_,Linking equipment,technical equipment designed to link technical systems
CCI,E-BBA,Signalling equipment,wireless linking equipment designed for electromagnetic signals
CCI,E-BBB,Transmission mast,linking equipment designed for electrical power and signals suspended above ground
CCI,E-BBC,Cabling,buried cabled linking equipment designed for electrical power and signals
CCI,E-BBD,Piped network,"linking equipment designed for gas, air and liquids"
CCI,E-BBE,Coupling equipment,linking equipment designed for coupling or transforming in electrical installations
CCI,E-BC_,Disposal systems,technical equipment designed for disposal of waste products
CCI,E-BCA,Chimney system,"disposal systems designed to remove air, steam or flue gas"
CCI,E-BCB,Sewer system,disposal systems designed to remove wastewater
CCI,E-BD_,Transport system,technical equipment designed to move persons or equipment
CCI,E-BDA,Crane equipment,transport system designed to move materials over short distances
CCI,E-BDB,Transporter system,transport system designed to move materials over larger distances
CCI,E-BDC,Ropeway,transport system designed to move people over larger distances
CCI,E-BE_,Storage equipment,technical equipment designed to store information or materials
CCI,E-BEA,Measuring station,storage equipment designed for measurement data
CCI,E-BEB,Landfill site,storage designed for refuse
CCI,E-BEC,Container space,storage facility designed for containers
CCI,E-BED,Tank farm,"storage facility designed for liquid, gas or other masses in sealed units"
CCI,E-BEE,Pool,storage facility designed for liquids or other masses in open units
CCI,E-BF_,Process plant,technical equipment designed to treat media or materials in a process
CCI,E-BFA,Pumping station,process plant designed to increase pressure
CCI,E-BFB,Treatment pond,process plant designed to treat water
CCI,E-BFC,Sludge treatment plant,process plant designed to treat sludge
CCI,E-BG_,Entertainment system,technical equipment designed for entertainment
CCI,E-BGA,Roller-coaster,entertainment system designed for quick and varied movement
CCI,E-BGB,Merry-go-round,entertainment system designed for circular horizontal movement
CCI,E-BGC,Ferris wheel,entertainment system designed for circular vertical movement
CCI,E-BGD,Flume,entertainment system designed for flow of water
CCI,E-C__,Infrastructure facility,construction entity designed to create physical or technical linkage
CCI,E-CA_,Traffic facility,traffic system designed for traffic to cross over an obstruction
CCI,E-CAB,Tunnel,traffic system designed for traffic to cross under an obstruction
CCI,E-CAC,Transport canal,traffic system designed for water-borne traffic
CCI,E-CAD,Rail network,traffic system designed for traffic on rails
CCI,E-CAE,Road,traffic system designed for vehicular traffic
CCI,E-CAF,Footpath,traffic system designed for pedestrian traffic
CCI,E-CAG,Path,traffic system designed for bicycle and pedestrian traffic
CCI,E-CB_,Terminus,infrastructure facility designed for connections
CCI,E-CBA,Quay,terminus designed for connection between water-borne and other traffic
CCI,E-CBB,Platform,terminus designed for connection between railway and other traffic
CCI,E-CBC,Crossroads,terminus designed for connection between road and other traffic
CCI,E-CBD,Rail terminus,terminus designed for connection with rail transport
CCI,E-CBE,Airport terminal,terminus designed for connection with air transport
CCI,E-CBF,Bus terminus,terminus designed for connection with bus transport
CCI,E-CBG,Ferry terminal,terminus designed for connection with ferry transport
CCI,E-CC_,Parking equipment,infrastructure facility designed for parking vehicles
CCI,E-CCA,Cycle park,parking equipment designed for bicycles
CCI,E-CCB,Car park,parking equipment designed for motor vehicles
CCI,E-CCC,Sidings system,parking equipment designed for trains
CCI,E-CCD,Airfield,parking equipment designed for aeroplanes
CCI,E-CD_,Communication building,infrastructure facility designed to provide communication between people or systems
CCI,E-CDA,Control tower,"communications building designed for control, regulation and monitoring"
CCI,E-CDB,Aerial mast,communications building designed for electromagnetic waves
CCI,E-CDC,Lighthouse,communications building designed to emit optical signals
CCI,E-CDD,Bell tower,communications building designed to emit audio signals
CCI,E-CE_,Water control facility,infrastructure facility designed for masses of water
CCI,E-CEA,Dam,water control facility designed to retain a water level
CCI,E-CEB,Canal,water control facility designed for guided transport of water
CCI,E-CEC,Barrage,water control facility designed to retain a water level with an overflow
CCI,E-CED,Sluice system,water control facility designed to adjust water level
CCI,E-CEE,Mole,water control facility designed to protect a harbour from wave effects
CCI,E-D__,Landscape,construction entity designed to delimit nature
CCI,E-DA_,Natural area,open shaped landscape designed for experiencing and exploiting nature
CCI,E-DAA,Beach,natural area consisting of sand or stone providing access to water
CCI,E-DAB,Dunes,natural area in consisting of hills of sand
CCI,E-DAC,Lake,natural area consisting of a body of standing water
CCI,E-DAD,Meadow,natural area consisting of a moist low-lying area of grass
CCI,E-DAE,Wetland,natural area consisting of shallow water or a very moist area
CCI,E-DAF,Watercourse,natural area consisting of a body of running water
CCI,E-DB_,Recreational area,landscape designed for rest and relaxation
CCI,E-DBA,Garden,recreational area designed for private use
CCI,E-DBB,Park,recreational area designed for public use
CCI,E-DBC,Campsite,recreational area designed for public use allowing for overnight accommodation
CCI,E-DC_,Assembly area,landscape designed for assemblies of large groups of persons
CCI,E-DCA,Meeting place,assembly area designed for several people to hold a meeting
CCI,E-DCB,Market square,assembly area designed for trade
CCI,E-DCC,Training site,assembly area designed for practicing competencies
CCI,E-DCD,Playground,assembly area designed for children
CCI,E-DD_,Production area,landscape designed for production of materials
CCI,E-DDA,Plot,production area designed for construction of a building
CCI,E-DDB,Quarry,production area designed for quarrying raw materials
CCI,E-DDC,Pit,production area designed for excavation of raw materials
CCI,E-DDD,Woodland,production area designed for timber
CCI,E-DDE,Field,production area designed for crops
CCI,E-DE_,Sports field,landscape designed for sporting activities
CCI,E-DEA,Playing field,sports field designed for ball games
CCI,E-DEB,Race track,sports field designed for racing competitions
CCI,E-DEC,Athletics track,sports field designed for athletics
CCI,E-DED,Swimming pool,sports field designed for swimming
CCI,E-E__,Monument,construction entity established to remind people of a person or an event
CCI,E-EA_,Memorial,memorial designed for historical preservation
CCI,E-EAA,Cultural monument,memorial designed to preserve culture
CCI,E-EAB,Ancient monument,memorial designed to preserve ancient history
CCI,E-Z__,Undefined,construction entity with no defined use
CCI,L-A,Ground system,space system which terminates a construction entity downwards
CCI,L-A_,Assembly system,technical system which constitutes a layered construction
CCI,L-AA,Pavement construction,assembly system forming areas for transport
CCI,L-AB,Foundation construction,assembly system forming separation towards underground
CCI,L-AC,Slab construction,assembly system forming horizontal separation
CCI,L-AD,Wall construction,assembly system forming vertical separation
CCI,L-AE,Roof construction,assembly system terminating a construction entity upwards
CCI,L-AF,Stairway construction,assembly system establishing a step-wise link between two or more levels
CCI,L-AG,Ramp construction,assembly system establishing a step-free link between two or more levels
CCI,L-AH,Balcony,assembly system that creates an adjoining outer user space built into wall system or roof system
CCI,L-AJ,Bay window,assembly system that creates an extended inner user space built into wall system
CCI,L-AK,Dormer,assembly system that creates an extended inner user space built into roof system
CCI,L-AL,Roof tower,assembly system that creates an extended inner user space built on top of roof system or construction
CCI,L-AM,Light well,assembly system that creates an extended space for light transmission
CCI,L-B,Wall system,space system which forms and separates space vertically
CCI,L-B_,Structural system,technical system which forms structural construction
CCI,L-B__,Sensing object,object for picking up information and providing a representation
CCI,L-BA,Groundworks structure,structural system forming a regulated volume of underground
CCI,L-BA_,Electric potential sensing object,sensing object for electric potential
CCI,L-BAA,Voltage transformer,"electric potential sensing object, with scalar output"
CCI,L-BAB,Voltage relay,"electric potential sensing object, with Boolean output"
CCI,L-BB,Foundation structure,structural system connecting a construction entity with the underground
CCI,L-BB_,Resistivity Sensing Object,sensing object for resistivity or conductivity
CCI,L-BBA,Electric resistivity sensor,"resistivity sensing object for electric current flow, with scalar output"
CCI,L-BBB,Electric resistivity detector,"resistivity sensing object for electric current flow, with Boolean output"
CCI,L-BBC,Thermal resistivity sensor,"resistivity sensing object for thermal current flow, with scalar output"
CCI,L-BBD,Thermal resistivity detector,"resistivity sensing object for thermal current flow, with Boolean output"
CCI,L-BC,Slab structure,structural system in a horizontal separation
CCI,L-BC_,Electric current sensing object,sensing object for electric current
CCI,L-BCA,Current transformer,"electric current sensing object, with scalar output"
CCI,L-BCB,Current relay,"electric current sensing object, with Boolean output"
CCI,L-BD,Wall structure,structural system in a vertical separation
CCI,L-BD_,Density sensing object,sensing object for density
CCI,L-BDA,Density transmitter,"density sensing object, with scalar output"
CCI,L-BDB,Density switch,"density sensing object, with Boolean output"
CCI,L-BE,Roof structure,structural system terminating a construction entity upwards
CCI,L-BE_,Field sensing object,sensing object for field
CCI,L-BEA,Electric field sensor,"field sensing object for electric field, with scalar output"
CCI,L-BEB,Electric field detector,"field sensing object for electric field, with Boolean output"
CCI,L-BEC,Magnetic field sensor,"field sensing object for magnetic field, with scalar output"
CCI,L-BED,Magnetic field detector,"field sensing object for magnetic field, with Boolean output"
CCI,L-BF,Floor structure,structural system terminating a space downwards
CCI,L-BF_,Flow sensing object,sensing object for flow
CCI,L-BFA,Flow transmitter,"flow sensing object, with scalar output"
CCI,L-BFB,Flow switch,"flow sensing object, with Boolean output"
CCI,L-BG,Ceiling structure,structural system terminating a space upwards
CCI,L-BG_,Physical dimension sensing object,sensing object of spatial dimensions and/or position
CCI,L-BGA,Position transmitter,"physical dimension sensing object of position, with scalar output"
CCI,L-BGB,Position switch,"physical dimension sensing object of position, with Boolean output"
CCI,L-BGC,Distance transmitter,"physical dimension sensing object of length, with scalar output"
CCI,L-BGD,Distance switch,"physical dimension sensing object of length, with Boolean output"
CCI,L-BGE,Angle transmitter,"physical dimension sensing object of angle of direction, with scalar output"
CCI,L-BGF,Angle xwitch,"physical dimension sensing object of angle or direction, with Boolean output"
CCI,L-BGG,Object Scanner,physical dimension sensing object of physical object
CCI,L-BH,Routing structure,structural system supporting supply or distribution system
CCI,L-BH_,Energy sensing object,sensing object for energy
CCI,L-BHA,Flow energy meter,energy sensing object of flow with defined energy density
CCI,L-BHB,Thermal energy meter,energy sensing object of thermal flow with defined heat capacity
CCI,L-BHC,Electric energy meter,energy sensing object of electricity flow
CCI,L-BJ_,Power sensing object,sensing object for power
CCI,L-BJA,Power meter,"power sensing object, with scalar output"
CCI,L-BJB,Power Limit Switch,"power sensing object, with boolean output"
CCI,L-BK_,Time sensing object,sensing object for time
CCI,L-BKA,Time sensor,"time sensing object, with scalar output"
CCI,L-BKB,Timer switch,"time sensing object, with Boolean output"
CCI,L-BL_,Level sensing object,sensing object for level
CCI,L-BLA,Level transmitter,"level sensing object, with scalar output"
CCI,L-BLB,Level switch,"level sensing object, with Boolean output"
CCI,L-BM_,Humidity sensing object,sensing object for humidity
CCI,L-BMA,Humidity transmitter,"humidity sensing object,t with scalar output"
CCI,L-BMB,Humidity switch,"humidity sensing object, with Boolean output"
CCI,L-BP_,Pressure sensing object,sensing object for pressure
CCI,L-BPA,Absolute pressure transmitter,"pressure sensing object utilizing one port for absolute pressure sensing, with scalar output"
CCI,L-BPB,Absolute Pressure Switch,"pressure sensing object utilizing one port for absolute pressure sensing, with boolean output"
CCI,L-BPC,Differential pressure transmitter,"pressure sensing object utilizing two ports for differential pressure sensing, with scalar output"
CCI,L-BPD,Differential pressure switch,"pressure sensing object utilizing two ports for differential pressure sensing, with Boolean output"
CCI,L-BQ_,Concentration sensing object,sensing object for substance concentration
CCI,L-BQA,Gas sensor,"concentration sensing object of a gas, with scalar output"
CCI,L-BQB,Gas detector,"concentration sensing object of a gas, with Boolean output"
CCI,L-BQC,Liquid sensor,"concentration sensing object liquid with, scalar output"
CCI,L-BQD,Liquid detector,"concentration sensing object of liquid, with Boolean output"
CCI,L-BQE,Solid matter sensor,"concentration sensing object of solid matter, with scalar output"
CCI,L-BQF,Solid matter detector,"concentration sensing object of solid matter, with Boolean output"
CCI,L-BR_,Radiation sensing object,sensing object for radiation
CCI,L-BRA,Light sensor,"radiation sensing object of visible electromagnetic waves, with scalar output"
CCI,L-BRB,Light detector,"radiation sensing object of visible electromagnetic waves, with Boolean output"
CCI,L-BRC,Electromagnetic wave sensor,"radiation sensing object for non-visible electromagnetic waves, with scalar output"
CCI,L-BRD,Electromagnetic wave detector,"radiation sensing object for non-visible electromagnetic waves, with Boolean output"
CCI,L-BRE,Radiation counter,"radiation sensing object of nuclear particles, with scalar output"
CCI,L-BRF,Radiation detector,"radiation sensing object of nuclear particles, with Boolean output"
CCI,L-BS_,Time-rating object,sensing object for time-rate
CCI,L-BSA,Cycle rate transmitter,"time-rating object of non-rotational cycles, with scalar output"
CCI,L-BSB,Cycle rate detecting switch,"time-rating object of non-rotational cycles, with Boolean output"
CCI,L-BSC,Speed sensing transmitter,"time-rating object of distance, with scalar output"
CCI,L-BSD,Speed detecting switch,"time-rating object of distance, with Boolean output"
CCI,L-BSE,Tachometer,"time-rating object of rotation, with scalar output"
CCI,L-BSF,Rotation speed relay,"time-rating object of rotation, with Boolean output"
CCI,L-BSG,Accelerometer transmitter,"time-rating object of speed, with scalar output"
CCI,L-BSH,Accelerometer relay,"time-rating object of speed, with Boolean output"
CCI,L-BT_,Temperature sensing object,sensing object for temperature
CCI,L-BTA,Temperature transmitter,"temperature sensing object, with scalar output"
CCI,L-BTB,Temperature switch,"temperature sensing object, with Boolean output"
CCI,L-BU_,Multi-quantity sensing object,sensing object for multiple quantities
CCI,L-BUA,Multi-sensor,"multi-quantity sensing object, with scalar output(s)"
CCI,L-BUB,Multi-detector,"multi-quantity sensing object, with Boolean output(s)"
CCI,L-BW_,Force sensing object,"sensing object for weight, force or torque"
CCI,L-BWA,Weight transmitter,"force sensing object of weight, with scalar output"
CCI,L-BWB,Weight detecting switch,"force sensing object of weight, with Boolean output"
CCI,L-BWC,Force value transmitter,"force sensing object of force, with scalar output"
CCI,L-BWD,Force detecting switch,"force sensing object of force, with Boolean output"
CCI,L-BWE,Torque value transmitter,"force sensing object of torque, with scalar output"
CCI,L-BWF,Torque switch,"force sensing object of torque, with Boolean output"
CCI,L-BX_,Audio-visual sensing object,sensing object of sound and/or visual appearance
CCI,L-BXA,Acoustic sensor,"audio-visual sensing object of sound, with scalar output"
CCI,L-BXB,Acoustic detector,"audio-visual sensing object of sound, with Boolean output"
CCI,L-BXC,Image sensor,"audio-visual sensing object of visual appearance, with scalar output"
CCI,L-BXD,Image detector,"audio-visual sensing object of visual appearance, with Boolean output"
CCI,L-BY_,Information sensing object,sensing object of stored information
CCI,L-BYA,Chip reader,information sensing object by electrical connection
CCI,L-BYB,Electromagnetic reader,information sensing object by electromagnetic field
CCI,L-BYC,Optical reader,information sensing object by light
CCI,L-BZ_,Incident sensing object,sensing object for incidents or amounts
CCI,L-BZA,Counter,"incident sensing object detecting the number of incidents, with scalar output"
CCI,L-BZB,Threshold detector,"incident sensing object detecting the number of incidents, with Boolean output"
CCI,L-BZC,Person detector,"incident sensing object detecting the presence of humans, with Boolean output"
CCI,L-BZD,Matter detector,"incident sensing object detecting the presence of matters, with Boolean output"
CCI,L-C,Slab system,space system which forms and separates space horizontally
CCI,L-C_,Ground surface construction system,technical construction system forming ground-based areas
CCI,L-C__,Storing object,object for storing for subsequent retrieval
CCI,L-CA,Subgrade construction,ground surface construction system which gives support to other constructions
CCI,L-CA_,Capacitive storing object,storing object for electric energy within an electrostatic field
CCI,L-CAA,Capacitor,capacitive storing object for electric charge
CCI,L-CB,Ground superstructure construction,ground surface construction system for hard covered outdoor space
CCI,L-CB_,Inductive storing object,storing object for electric energy within an electromagnetic field
CCI,L-CBA,Inductor,inductive storing object for inductive charge
CCI,L-CC,Traffic island construction,ground surface construction system for traffic separation area
CCI,L-CC_,Electrochemical storing object,storing object for electric energy within an electrochemical substance
CCI,L-CCA,Rechargeable battery,electrochemical storing object by reversible reactions
CCI,L-CD,Side area construction,ground surface construction system for safety zone for traffic
CCI,L-CE,Railway embankment construction,ground surface construction system for railway track support
CCI,L-CF,Vegetation area construction,ground surface construction system for vegetation areas
CCI,L-CF_,Information storing object,storing object for information
CCI,L-CFA,Information storing media,information storing object on a carrier medium
CCI,L-CG,Water management construction,"ground surface construction system for transport, storage or infiltration of water, or for space alon"
CCI,L-CH,Pipe ditch system,ground surface construction system for refilled media excavation
CCI,L-CJ,Foundation and ground support construction,ground surface construction system which carries vertical or horizontal load
CCI,L-CK,Terrain stairway/Terrain ramp construction,ground surface construction system which connects spaces at different levels
CCI,L-CL,Terrain wall construction,ground surface construction system which separates spaces
CCI,L-CL_,Open stationary storing object,storing object for matters or persons within a stationary open enclosure
CCI,L-CLA,Pool,open stationary enclosure storing object for fluids
CCI,L-CLB,Shelf,open stationary storing object for solid objects
CCI,L-CLC,Seat,open stationary storing object for persons
CCI,L-CM_,Enclosed stationary storing object,storing object for matters within a stationary closed enclosure
CCI,L-CMA,Tank,enclosed stationary storing object for fluids
CCI,L-CMB,Box,enclosed stationary storing object for solid matters
CCI,L-CN_,Moveable storing object,storing object for matters or persons within a moveable closed enclosure
CCI,L-CNA,Container,moveable storing object for solid matters or persons
CCI,L-CNB,Gas cylinder,moveable storing object for gas
CCI,L-CNC,Drum,moveable storing object for liquid
CCI,L-CP_,Thermal energy storing object,storing object of thermal energy
CCI,L-CPA,Liquid Tank,thermal energy storing object of liquid
CCI,L-CPB,Gas tank,thermal energy storing object of gas
CCI,L-CPC,Matter tank,thermal energy storing object of solid matter
CCI,L-CPD,Crystalline tank,thermal energy storing object of state changing material
CCI,L-CQ_,Mechanical energy storing object,storing object of mechanical energy
CCI,L-CQA,Flywheel,mechanical energy storing object in the form of kinetic energy
CCI,L-CQB,Spring,mechanical energy storing object in the form of elastic energy
CCI,L-CQC,Counterweight,mechanical energy storing object in the form of gravitational energy
CCI,L-D,Roof system,space system which terminates a construction entity upwards
CCI,L-D_,Rail track construction system,technical system which guides rail bound vehicles
CCI,L-DA,Ballasted railway track construction,"railway track construction system with two rails, on ballast"
CCI,L-DB,Non-ballasted railway track construction,"railway track construction system with two rails, without ballast"
CCI,L-DC,Monorail construction,railway track construction system with one rail
CCI,L-E,Gas and air system,installation system which supplies technical gases or technical air
CCI,L-E__,Emitting object,object for emitting
CCI,L-EA_,Light object,emitting object of light
CCI,L-EAA,Electric lamp,light object by electricity
CCI,L-EAB,Gas lamp,light object by gas combustion
CCI,L-EAC,Liqiud lamp,light object by liquid combustion
CCI,L-EB_,Electric heating object,emitting object of heat provided by electric energy
CCI,L-EBA,Electric boiler,electric heating object delivered by fluid
CCI,L-EBB,Electric heating surface,electric heating object delivered by a surface
CCI,L-EBC,Heating cable,electric heating object delivered by a cable
CCI,L-EBD,Electric hot air blower,electric heating object delivered by forced air
CCI,L-EBE,Arc heating object,electric heating object delivered by an electric arc
CCI,L-EBF,Induction heater,electric heating object delivered by a current flow
CCI,L-EBG,Infrared heater,electric heating object delivered by infrared radiation
CCI,L-EBH,Electric oven,electric heating object delivered by surrounding surfaces
CCI,L-EC_,Electric cooling object,emitting object of coldness provided by electric energy
CCI,L-ECA,Electric cooling surface,electric cooling object applying a cooling surface
CCI,L-ECB,Electric cold air blower,electric cooling object applying forced air
CCI,L-ECC,Compression chiller,electric cooling object utilizing phase changing
CCI,L-EE_,Wireless power object,emitting object of wireless power
CCI,L-EEA,Inductive power antenna,wireless power object utilizing inductive coupling
CCI,L-EEB,Magnetron,wireless power object utilizing microwaves
CCI,L-EEC,X-ray source,wireless power object utilizing x-rays
CCI,L-EED,Gamma ray source,wireless power object utilizing gamma rays
CCI,L-EEE,Capacitive coupler,wireless power object utilizing capacitive coupling
CCI,L-EG_,Thermal energy transfer object,emitting object of heat and coldness provided by transfer of thermal energy
CCI,L-EGA,Heat pump,thermal energy transfer object utilizing phase changing
CCI,L-EGB,Peltier element,thermal energy transfer object utilizing Peltier effect
CCI,L-EGC,Heat exchanger,thermal energy transfer object between flows by means of an intermediate material
CCI,L-EM_,Combustion heating object,emitting object of heat provided by combustion
CCI,L-EMA,Stove,combustion heating object for heating of space
CCI,L-EMB,Combustion boiler,combustion heating object for heating of fluid
CCI,L-EMC,Burner,combustion heating object for heating of solid matter
CCI,L-EP_,Thermal heating object,emitting object of heat provided by thermal energy
CCI,L-EPA,Heating surface,thermal heating object delivered by a permeable heated surface
CCI,L-EPB,Heating tube,thermal heating object delivered by heated fluid
CCI,L-EPC,Heating panel,thermal heating object delivered by a non-permeable heated surface
CCI,L-EPD,Hot air blower,thermal heating object delivered by forced air
CCI,L-EQ_,Thermal cooling object,emitting object of coldness provided by thermal energy
CCI,L-EQA,Cooling surface,thermal cooling object applying a permeable cold surface
CCI,L-EQB,Cooling panel,thermal cooling object applying a non-permeable cold surface
CCI,L-EQC,Chiller,thermal cooling object applying forced air
CCI,L-EQD,Cooler,thermal cooling object providing cold fluid
CCI,L-EQE,Cooling tube,thermal cooling object applying chilled liquid in tubes
CCI,L-ET_,Nuclear powered heating object,emitting object of heat provided by nuclear fission
CCI,L-ETA,Boiling water reactor,nuclear powered heating object providing hot water
CCI,L-ETB,Pressurized water reactor,nuclear powered heating object providing steam fluid
CCI,L-ETC,High-temperature gas-cooled reactor,nuclear powered heating object providing hot gas
CCI,L-EU_,Particle emitting object,emitting object of sub-atomic particles
CCI,L-EUA,Plasma generator,particle emitting object being ionized
CCI,L-EUB,Particle generator,particle emitting object being non-ionized
CCI,L-EV_,Acoustic wave emitting object,emitting object of acoustic waves
CCI,L-EVA,Sonar,acoustic wave emitting object utilizing ultrasonic frequencies
CCI,L-EVB,Anti-noise loudspeaker,acoustic wave emitting object utilizing audible frequencies for noise cancellation
CCI,L-F,Water and fluid system,"installation system which supplies domestic water, technical water or other liquid"
CCI,L-F__,Protecting object,object for protecting against the effects of dangerous or undesirable conditions
CCI,L-FA_,Overvoltage protecting object,protecting object related to overvoltages
CCI,L-FAA,Spark gap surge arrester,overvoltage protecting object by a spark gap
CCI,L-FAB,Varistor surge arrester,overvoltage protecting object by a varistor
CCI,L-FAC,Zener diode,overvoltage protecting object by a zener diode
CCI,L-FAD,Surge absorber,overvoltage protecting object by surge absorption
CCI,L-FB_,Earth fault current protecting object,protecting object related to earth fault currents
CCI,L-FBA,Residual current device,earth fault current protecting object that monitors an electric network and switches off in the event
CCI,L-FBB,Neutral earthing limiter,earth fault current protecting object that limits the value of an earth fault current
CCI,L-FC_,Overcurrent protecting object,protecting object related to overcurrents
CCI,L-FCA,Fuse,overcurrent protecting object that by fusing opens the circuit in which it is inserted by breaking th
CCI,L-FCB,Miniature circuit-breaker,"overcurrent protecting object capable of making, carrying and braking currents under normal circuit c"
CCI,L-FCC,Bimetal,overcurrent protecting object that opens the circuit in which it is inserted by interrupting the curr
CCI,L-FE_,Field protecting object,protecting object related to electric and/or magnetic fields
CCI,L-FEA,Electric field shield,field protecting object of electric fields
CCI,L-FEB,Magnetic field shield,field protecting object of magnetic fields
CCI,L-FEC,Electromagnetic field shield,field protecting object of electromagnetic fields
CCI,L-FL_,Pressure protecting object,protecting object related to pressure
CCI,L-FLA,Safety valve,pressure protecting object releasing steam or liquid when the pressure exceeds a set limit value
CCI,L-FLB,Safety damper,pressure protecting object opening or closing an air flow when the pressure is above or below a set l
CCI,L-FLC,Vacuum breaker,pressure protecting object preventing vacuum
CCI,L-FLD,Rupture disc,pressure protecting object that breaks open irreversibly in the event of excessive pressure differenc
CCI,L-FLE,Expansion tank,pressure protecting object provided by a volume expansion
CCI,L-FM_,Fire protecting object,protecting object related to fire
CCI,L-FMA,Fire damper,fire protecting object closing an air flow on detection of fire
CCI,L-FMB,Flue damper,fire protecting object opening or closing an air flow on detection of smoke
CCI,L-FMC,Fire-and-flue damper,fire protecting object closing an air flow on detection of smoke and/or fire
CCI,L-FMD,Fire extinguisher,fire protecting object for manual operation
CCI,L-FME,Fire blind,fire protecting object closing a passage for preventing spread of smoke and/or fire
CCI,L-FMF,Smoke curtain,fire protecting object dividing an area into smoke zones
CCI,L-FMG,Smoke closure,fire protecting object closing a hole for preventing spread of fire
CCI,L-FMH,Fire insulation,fire protecting object by a surface cover
CCI,L-FMJ,Fire retardant coating,fire protecting object by a surface coating
CCI,L-FMK,Fire impregnation,fire protecting object by impregnation
CCI,L-FN_,Mechanical force protecting object,protecting object related to mechanical force
CCI,L-FNA,Safety clutch,mechanical force protecting object providing an disconnection when a torque become too high
CCI,L-FNB,Impact protection,mechanical force protecting object absorbing impact
CCI,L-FQ_,Preventive protecting object,protecting object by barrier or obstacle
CCI,L-FQA,Protective mesh,preventive protecting object against objects passing
CCI,L-FQB,Glide protection,preventive protecting object against objects or matter sliding or drifting
CCI,L-FQC,Protective rod,preventive protecting object against falling
CCI,L-FQD,Protective rail,preventive protecting object against falling out or colliding
CCI,L-FQE,Protective fabric,preventive protecting object against physical penetration
CCI,L-FQF,Glare protection,preventive protecting object against glare
CCI,L-FQG,Splatter protection,preventive protecting object against splatter
CCI,L-FQH,Break protection,preventive protecting object against manual breakage
CCI,L-FQJ,Lock hatch cover,preventive protecting object against manual unlocking
CCI,L-FR_,Wear protection object,protecting object related to material erosion
CCI,L-FRA,Lubrication object,wear protection object providing liquid material between objects
CCI,L-FRB,Wear pad,wear protection object providing a solid separating material between objects
CCI,L-FS_,Environment protecting object,protecting object related to the local environment
CCI,L-FSA,Plaster,environment protecting object in the form of a solidified paste layer covering another object
CCI,L-FSB,Paint,environment protecting object in the form of a hardened liquid film on the surface of another object
CCI,L-FSC,Impregnation,environment protecting object in the form of an applied or induced liquid making the object resistant
CCI,L-FSD,Shelter,environment protecting object providing shelter against climatic effects
CCI,L-FSE,Seismic vibration control device,environment protecting object in the form of vibration control
CCI,L-FSF,Corrosion protection,environment protection object in the form of oxidation of metal
CCI,L-FSG,Protective seal,environment protecting object in the form of a seal on the surface of another object
CCI,L-FSH,Material separating layer,environment protecting object in the form of a capillary action breaking layer
CCI,L-G,Drainage and waste system,installation system which discharges liquid or disposes of waste
CCI,L-G__,Generating object,object for providing a controllable flow
CCI,L-GA_,Mechanical to electrical energy generating object,generating object of electric energy powered by mechanical energy
CCI,L-GAA,AC generator,mechanical to electrical energy generating object of alternating current
CCI,L-GAB,DC generator,mechanical to electrical energy generating object of direct current
CCI,L-GB_,Chemical to electrical energy generating object,generating object of electric energy powered by chemical reaction
CCI,L-GBA,Electric battery,Chemical to electrical energy generating object from a non-renewable source
CCI,L-GBB,Fuel cell,Chemical to electrical energy generating object continuously fed by fuel and oxidant
CCI,L-GC_,Solar to electrical energy generating object,generating object of electric energy from solar energy
CCI,L-GCA,Crystalline photovoltaic module,Solar to electrical energy generating object utilizing wafer based semiconducting material
CCI,L-GCB,Thin film photovoltaic module,Solar to electrical energy generating object utilizing thin film material
CCI,L-GF_,Signal generating object,generating object of signals for carrier of information
CCI,L-GFA,Electromagnetic wave transmitter,signal generating object by electromagnetic waves
CCI,L-GFB,Signal generator,signal generating object by wires
CCI,L-GL_,Continuous transfer object,generating object continuously of items
CCI,L-GLA,Belt conveyer,continuous transfer object on a belt
CCI,L-GLB,Chain conveyer,continuous transfer object on a chain
CCI,L-GLC,Roller conveyer,continuous transfer object on rollers
CCI,L-GLD,Screw conveyer,continuous transfer object propelled by a screw
CCI,L-GLE,Escalator,continuous transfer object consisting of a chain of steps
CCI,L-GLF,Paternoster,continuous transfer object consisting of chain of containers
CCI,L-GLG,Vibrating conveyor,continuous transfer object consisting on a vibrating surface
CCI,L-GM_,Discontinuous transfer object,generating object discontinuously of items
CCI,L-GMA,Wagon,discontinuous transfer object horizontally
CCI,L-GMB,Elevator,discontinuous transfer object vertically
CCI,L-GMC,Crane,discontinuous transfer object lifting and moving objects vertically and/or horizontally
CCI,L-GMD,Palletizer,discontinuous transfer object placing objects together
CCI,L-GME,Turntable,discontinuous transfer object turning a conveyed flow
CCI,L-GMF,Vibrating feeder,discontinuous transfer object moving objects in a linear flow by vibrating
CCI,L-GP_,Liquid flow generating object,generating object of liquid
CCI,L-GPA,Positive displacement pump,liquid flow generating object by forcing trapped liquid to the discharge side
CCI,L-GPB,Liquid velocity pump,liquid flow generating object by increasing the flow velocity through mechanical motion
CCI,L-GPC,Hydraulic ram pump,liquid flow generating object by transferring the kinetic energy of an input flow to an output flow
CCI,L-GPD,Lubricator,liquid flow generating object by converting potential energy to kinetic energy by gravity
CCI,L-GQ_,Gaseous flow generating object,generating object of gas
CCI,L-GQA,Gas compressor,gaseous flow generating object by forcing trapped gas to the discharge side
CCI,L-GQB,Mechanical fan,gaseous flow generating object by increasing the flow velocity through mechanical motion
CCI,L-GQC,Gas ejector,gaseous flow generating object by transferring the kinetic energy of an input flow to an output flow
CCI,L-GR_,Solar to thermal energy generating object,generating object of thermal energy from solar energy
CCI,L-GRA,Solar panel,Solar to thermal energy generating object into a fluid thermal flow
CCI,L-GRB,Solar tower,Solar to thermal energy generating object generating a fluid flow
CCI,L-H,Cooling and/or heating system,installation system which supplies cooling and/or heating
CCI,L-H_,Supply system,technical system supplying consumption
CCI,L-H__,Matter processing object,object for treating matter
CCI,L-HA,Gas and air supply system,supply system for process gas
CCI,L-HB,Liquid supply system,supply system for liquid
CCI,L-HC,Cooling supply system,supply system for cooling
CCI,L-HD,Heating supply system,supply system for heating
CCI,L-HE,Combined heating and cooling supply system,supply system for cooling and heating
CCI,L-HF,Ventilation supply system,supply system for ventilation
CCI,L-HG,Power supply system,supply system for electrical energy
CCI,L-HH,Lighting system,supply system for lighting
CCI,L-HJ,Signal supply system,supply system for signals
CCI,L-HJ_,Primary forming object,matter processing object by primary forming
CCI,L-HJA,Casting tool,primary forming object from liquid initial material state
CCI,L-HJB,Press,primary forming object from solid matter initial material state
CCI,L-HK_,Surface treatment object,matter processing object for surface treatment
CCI,L-HKA,Surface preparation machine,surface treatment object by preparation
CCI,L-HKB,Surface modification machine,surface treatment object by modification
CCI,L-HKC,Surface coating machine,surface treatment object by coating
CCI,L-HL_,Assembling object,matter processing object by joining or assembling
CCI,L-HLA,Assembly robot,assembling object by physical assembly
CCI,L-HLB,Mechanical joining machine,assembling object by mechanical joining
CCI,L-HLC,Thermal welding machine,assembling object by thermal joining
CCI,L-HLD,Chemical joining machine,assembling object by chemical joining
CCI,L-HM_,Force separating object,matter processing object by separating mixed substances by force
CCI,L-HMA,Settling tank,force separating object of particles by gravity
CCI,L-HMB,Centrifuge,force separating object of substances by rotation in a rotating chamber
CCI,L-HMC,Cyclone,force separating object of substances by rotation in a fixed chamber
CCI,L-HP_,Thermal separating object,matter processing object by thermally separating mixed substances
CCI,L-HPA,Dryer,thermal separating object removing moisture
CCI,L-HPB,Distillation column,thermal separating object generating the vaporized aggregation of a liquid
CCI,L-HQ_,Mechanical separating object,matter processing object by mechanically separating mixed substances
CCI,L-HQA,Skimmer,mechanical separating object by removing substance from the surface of a liquid
CCI,L-HQB,Separation grate,mechanical separating object of particles based on their size and/or shape
CCI,L-HR_,Electric or magnetic separating object,matter processing object by electromagnetically separating mixed substances
CCI,L-HRA,Electrostatic separator,electric or magnetic separating object utilising an electric field
CCI,L-HRB,Magnetic separator,electric or magnetic separating object separating object utilising a magnetic field
CCI,L-HS_,Chemical separating object,matter processing object by chemically separating mixed substances
CCI,L-HSA,Ion exchanger,chemical separating object utilising exchange of ions
CCI,L-HSB,Absorber,chemical separating object utilising absorption
CCI,L-HSC,Adsorber,chemical separating object utilising adsorption
CCI,L-HU_,Grinding and crushing object,matter processing object providing smaller forms of solid material
CCI,L-HUA,Cutter,"grinding and crushing object for soft, medium-hard, fibrous and tough matter"
CCI,L-HUB,Mill,grinding and crushing object for machining parts into precise sizes and shapes
CCI,L-HUC,Crusher,grinding and crushing object of rock kind
CCI,L-HV_,Agglomerating object,matter processing object providing larger forms of substances
CCI,L-HVA,Pelletizer,agglomerating object compressing or moulding a material into the shape of a pellet
CCI,L-HVB,Flocculator,agglomerating object enabling (a process wherein) colloids to come out of suspension in the form of f
CCI,L-HW_,Mixing object,matter processing object mixing different substances
CCI,L-HWA,Mixer,mixing object that provides a new property substance from different substances.
CCI,L-HWB,Humidifier,mixing object providing humid gaseous substance
CCI,L-HX_,Reacting object,matter processing object providing new material by chemical or biological reaction
CCI,L-HXA,Chemical reactor,reacting object enabling and controlling a chemical reaction
CCI,L-HXB,Fermenter,reacting object enabling and controlling a biological reaction
CCI,L-J,Ventilation system,installation system which supplies air exchange
CCI,L-J_,Transporting system,technical system which brings something from one place to another
CCI,L-JA,Gas distribution system,transport system for gas
CCI,L-JB,Water distribution system,transport system for water
CCI,L-JC,Chemical distribution system,transport system for flammable or other chemical liquids
CCI,L-JD,Liquids outflow system,transport system for liquid waste
CCI,L-JE,Solids outflow system,transport system for solid waste
CCI,L-JF,Cooling distribution system,transport system for cooling
CCI,L-JG,Heating distribution system,transport system for heating
CCI,L-JH,Combined heat and cooling distribution system,transport system for cooling and heating
CCI,L-JJ,Air distribution system,transport system for air
CCI,L-JK,Power distribution system,transport for electrical energy
CCI,L-JL,Signal distribution system,transport system for signals
CCI,L-JM,Passenger transportation system,transport system for persons
CCI,L-JN,Goods transportation system,transport system for solid goods or packets
CCI,L-K,Electrical system,installation system which supplies electrical energy
CCI,L-K_,Treatment system,technical system which provides treatment
CCI,L-K__,Information processing object,object for treating input signals and providing an appropriate output
CCI,L-KA,Solar screening system,treatment system limiting or excluding solar heat gain
CCI,L-KB,Opening control system,treatment system for automatic control of openings
CCI,L-KC,Filter system,treatment system for separating solid particles from liquid or air flow
CCI,L-KD,Separator system,treatment system for separating substances
CCI,L-KE,Mixing system,treatment system for adding substances
CCI,L-KE_,Electric signal processing object,information processing object for processing electric signals
CCI,L-KEA,Computer,electric signal processing object with human intervention
CCI,L-KEB,Control unit,electric signal processing object without human intervention for control of devices
CCI,L-KEC,Communication device,electric signal processing object without human intervention providing input/output to devices
CCI,L-KED,Router,electric signal processing object without human intervention forwarding signals between data networks
CCI,L-KEE,Card writer,electric signal processing object without human intervention saving the information provided by the i
CCI,L-KF,Pump system,treatment system for increasing pressure in a flow of liquid
CCI,L-KF_,Electric signal relaying object,information processing object for relaying electric signals
CCI,L-KFA,Relay,electric signal relaying object by forwarding without delay
CCI,L-KFB,Time relay,electric signal relaying object by forwarding with delay
CCI,L-KFC,Repeater,electric signal relaying object by repeating the input signal as an improved output signal
CCI,L-KFD,Electric network bridge,electric signal relaying object by bridging multiple data network segments
CCI,L-KFE,Electric network switch,electric signal relaying object by forwarding the input to specific devices within a data network
CCI,L-KG,Pressure and expansion system,treatment system for stabilizing pressure and volume in liquid or in gas flow
CCI,L-KG_,Optical signalling object,information processing object of optical signals
CCI,L-KGA,Optical network switch,optical signalling object actively by forwarding the input to specific devices within an optical netw
CCI,L-KGB,Optical router,optical signalling object forwarding data packages between computer networks
CCI,L-KGC,Optical repeater,optical signalling object by repeating the input signal as an improved output signal
CCI,L-KH,Transformer system,treatment system for transforming electrical energy
CCI,L-KH_,Fluid signalling object,information processing object of fluid signals
CCI,L-KHA,Fluid controller,fluid signalling object for feedback control
CCI,L-KHB,Pilot valve,fluid signalling object relaying signals
CCI,L-KJ,Antenna system,treatment system for bidirectional transforming between radio waves and electrical signals
CCI,L-KJ_,Mechanical signalling object,information processing object of mechanical signals
CCI,L-KJA,Mechanical regulator,mechanical signalling object adjusting an air or fluid flow
CCI,L-KJB,Locking cylinder,mechanical signalling object for locking/unlocking of a locking mechanism
CCI,L-KJC,Key coded device,mechanical signalling object providing a binary state of a mechanical device
CCI,L-KK,Weather station system,treatment system for transforming weather-related information into electrical signals
CCI,L-KL,Access control system,treatment system for physical separation of a flow of persons or items
CCI,L-KZ_,Multiple kind signalling object,information processing object of signals of multiple kinds
CCI,L-KZA,Multiple kind switch,multiple kind signalling object forwarding the input to specific devices
CCI,L-L,Automation system,"installation system which controls, adjusts and monitors technical systems in a context"
CCI,L-L_,Monitoring and control system,technical system which monitors and/or controls events and processes
CCI,L-LA,Gas alarm system,monitoring system which raises an alarm on the occurrence of hazardous gases
CCI,L-LB,Fire alarm system,monitoring system which raises an alarm in the presence smoke or fire
CCI,L-LC,Automation system,monitoring system which automates processes in buildings and process plants in a central unit
CCI,L-LD,Access monitor system,monitoring system which ensures authorized access for persons to an area or a construction entity
CCI,L-LE,Alarm system,monitoring technical system that raises an alarm in the presence of dangerous or undesirable conditio
CCI,L-LF,Video surveillance system,monitoring system which provides remote visual monitoring
CCI,L-M,Information and communication system,installation system which provides communications between persons or technical systems.
CCI,L-M_,Information presenting system,technical system which presents information
CCI,L-M__,Driving object,object for providing mechanical movement or force
CCI,L-MA,Warning system,information presenting system which produces a fixed sound or voice messages to warn of hazardous con
CCI,L-MA_,Electromagnetic rotational driving object,"driving object in the form of rotational torque, powered by electromagnetic force"
CCI,L-MAA,Electric motor,electromagnetic rotational driving object providing a continuous movement
CCI,L-MAB,Stepper motor,electromagnetic rotational driving object providing discrete steps
CCI,L-MB,Audio-Video system,information presenting system which produces images and/or sounds
CCI,L-MB_,Electromagnetic linear driving object,"driving object in the form of linear force, powered by electromagnetic force"
CCI,L-MBA,Linear motor,electromagnetic linear driving object providing a continuous movement
CCI,L-MBB,Electromagnet,electromagnetic linear driving object providing discrete steps
CCI,L-MC,Traffic control system,information presenting system which controls traffic
CCI,L-MC_,Magnetic force driving object,driving object powered by magnetic force
CCI,L-MCA,Permanent magnet,magnetic force driving object by permanent magnet
CCI,L-MD,Time system,information presenting system for time
CCI,L-MD_,Piezoelectric driving object,driving object powered by piezoelectric force
CCI,L-MDA,Piezoelectric motor,piezoelectric driving object by piezoelectric crystal
CCI,L-ME,Sign system,information presenting system which provides instruction in a written or symbolic form
CCI,L-ML_,Mechanical energy driving object,driving object powered by mechanical energy
CCI,L-MLA,Gravity energy drive,mechanical energy driving object releasing gravitational energy
CCI,L-MLB,Elastic energy drive,mechanical energy driving object releasing elastic energy
CCI,L-MLC,Wind turbine,mechanical energy driving object in the form of kinetic energy in blowing air
CCI,L-MLD,Water turbine,mechanical energy driving object in the form of kinetic energy in streaming water
CCI,L-MLE,Gas turbine,mechanical energy driving object in the form of kinetic energy and reaction force in streaming and/or
CCI,L-MM_,Fluid powered driving object,driving object powered by fluid displacement or pressure
CCI,L-MMA,Hydraulic cylinder,fluid powered driving object providing movement corresponding to a liquid volume
CCI,L-MMB,Pneumatic cylinder,fluid powered driving object providing movement to end positions depending on the gaseous pressure
CCI,L-MMC,Hydraulic motor,fluid powered driving object providing rotation by a flowing liquid
CCI,L-MMD,Pneumatic motor,fluid powered driving object providing rotation by a pressurized gas
CCI,L-MS_,Combustion engine,driving object powered by combustion of fuels
CCI,L-MSA,Otto cycle engine,combustion engine in cylinders with pistons powered by spark ignited combustion
CCI,L-MSB,Diesel cycle engine,combustion engine in cylinders with pistons powered by compressed ignited combustion
CCI,L-MSC,Wankel engine,combustion engine in circular compartment with eccentric rotary piston powered by spark ignited combu
CCI,L-MT_,Heat engine,driving object powered by an external heat source
CCI,L-MTA,Steam engine,heat engine utilizing expanding steam acting on one piston
CCI,L-MTB,Stirling Engine,heat engine utilizing two pistons within one heated and one cooled cylinder or cylinder part
CCI,L-N,Transportation system,installation system which transports goods or persons
CCI,L-N__,Covering object,object for enclosing partly or fully another object
CCI,L-NA_,Infilling object,covering object by filling an opening
CCI,L-NAA,Pane,infilling object permitting light entry
CCI,L-NAB,Panel,infilling object preventing entry of light and solid objects
CCI,L-NAC,Grating,infilling object permitting fluid entry
CCI,L-NAD,Sealing joint,infilling object preventing fluid entry
CCI,L-NB_,Closure object,covering object by closing an opening
CCI,L-NBA,Door leaf,closure object in a door
CCI,L-NBB,Leaf of large door,closure object in a large door
CCI,L-NBC,Cabinet door,closure object in an enclosure
CCI,L-NBD,Gate leaf,closure object in a gate
CCI,L-NBE,Hatch cover,closure object in a hatch
CCI,L-NC_,Finishing object,covering object by finishing structures
CCI,L-NCA,Paving,finishing object of a pavement
CCI,L-NCB,Wall covering,finishing object of a wall
CCI,L-NCC,Flooring,finishing object of a floor
CCI,L-NCD,Ceiling finish,finishing object of a ceiling
CCI,L-NCE,Roofing,finishing object of a roof
CCI,L-NCF,Window Sill,finishing object in an opening
CCI,L-NCG,Plant mat,finishing object of a vegetation area
CCI,L-NCH,Surface forming object,finishing object by forming the outer shape of an object
CCI,L-ND_,Terminating object,covering object by terminating another object
CCI,L-NDA,Curb,terminating object delimiting an edge of pavement or vegetation area
CCI,L-NDB,Crown,terminating object delimiting an edge of a wall
CCI,L-NDC,Raised floor edge,terminating object delimiting an edge of a floor
CCI,L-NDD,Ceiling edge,terminating object delimiting an edge of a ceiling
CCI,L-NDE,Fascia,terminating object delimiting an edge of a roof
CCI,L-NE_,Hiding object,covering object by hiding joints and transitions
CCI,L-NEA,Ceiling lining,hiding object between a wall and a ceiling
CCI,L-NEB,Skirting board,hiding object between a wall and a floor
CCI,L-NEC,Wall corner lining,hiding object between two walls
CCI,L-NED,Flashing,hiding object on a roof
CCI,L-NEE,Reveal liner,hiding object around an opening
CCI,L-P,Security and safety system,installation system which protects any object from danger and damage
CCI,L-P_,Protection system,self-acting technical system which protects against danger or unwanted conditions
CCI,L-P__,Presenting object,object for providing perceptible information
CCI,L-PA,Fire protection system,protection system by opening or closing doors and windows in the event of a fire
CCI,L-PB,Firefighting system,protection system against fire by extinguishing
CCI,L-PC,Earthing system,protection system against dangerous electrical currents by earthing of electrical systems
CCI,L-PD,Lightning protection system,protection system against lightning by earthing of electrical systems
CCI,L-PE,Cathodic protection system,protection system for metal constructions against corrosion by corrosion protection
CCI,L-PF_,Visible state indicator,presenting object in visible form of discrete states
CCI,L-PFA,Signal lamp,visible state indicator by light
CCI,L-PFB,Semaphore,visible state indicator by mechanical positions
CCI,L-PG_,Scalar display,presenting object in a visible form of a single scalar variable
CCI,L-PGA,Voltmeter,scalar display representing electric voltage
CCI,L-PGB,Resistivity indicator,scalar display representing resistivity or conductivity
CCI,L-PGC,Ampere meter,scalar display representing electric current
CCI,L-PGD,Density indicator,scalar display representing density
CCI,L-PGE,Field indicator,scalar display representing field
CCI,L-PGF,Flow meter,scalar display representing flow
CCI,L-PGG,Dimension indicator,scalar display representing spatial dimension and/or position
CCI,L-PGH,Energy meter,scalar display representing energy
CCI,L-PGJ,Wattmeter,scalar display representing electric power
CCI,L-PGK,Clock,scalar display representing time
CCI,L-PGL,Level indicator,scalar display representing level
CCI,L-PGM,Humidity indicator,scalar display representing humidity
CCI,L-PGP,Pressure indicator,scalar display representing pressure
CCI,L-PGQ,Concentration indicator,scalar display representing substance concentration
CCI,L-PGR,Electromagnetic wave indicator,scalar display representing radiation
CCI,L-PGS,Frequency meter,scalar display representing time-rate
CCI,L-PGT,Temperature indicator,scalar display representing temperature
CCI,L-PGV,Cos-phi meter,scalar display representing the offset between active power and reactive power
CCI,L-PGW,Force indicator,"scalar display representing weight, force to torque"
CCI,L-PGX,Audio spectrometer,scalar display representing sound
CCI,L-PGZ,Quantity meter,scalar display representing number of incidents
CCI,L-PH_,Graphical display,"presenting object in visible form by pictures, symbols, text or physical characteristics"
CCI,L-PHA,Display,graphical display dynamically on its surface
CCI,L-PHB,Projector,graphical display dynamically on another surface
CCI,L-PHC,Printer,graphical display on a printed media
CCI,L-PHD,Sign,graphical display statically on its surface
CCI,L-PHE,Marking,graphical display statically on the surface of another object
CCI,L-PHF,Marking post,graphical display statically by its physical characteristics
CCI,L-PJ_,Acoustic device,presenting object in audible form
CCI,L-PJA,Loudspeaker,acoustic device provided by the movement of a membrane
CCI,L-PJB,Horn,acoustic device provided by the stream of air
CCI,L-PJC,Bell,acoustic device provided by mechanical excitation of the object
CCI,L-PK_,Tactile device,presenting object in tactile form
CCI,L-PKA,Vibrator,tactile device of discrete states by vibration
CCI,L-PKB,Braille text sign,tactile device of static information
CCI,L-PKC,Free height warning,tactile device for suprajacent obstacles
CCI,L-PL_,Ornamental object,presenting object in an ornamental form
CCI,L-PLA,Cornice,ornamental object as a separation between two areas
CCI,L-PLB,Figure,ornamental object as a spatial representation of something
CCI,L-PLC,Frieze,ornamental object as protruding figures and/or decorative elements on a wall
CCI,L-PLD,Picture,"ornamental object representing, illustrating or reproducing something visibly on a surface"
CCI,L-PLE,Carpet,ornamental object by a fabric covering part of another object
CCI,L-PZ_,Multiple form presenting object,presenting object in multiple forms
CCI,L-PZA,Audio-visual alarm,multiple form presenting object for discrete states
CCI,L-PZB,Television set,multiple form presenting object for multiple information
CCI,L-Q,Lighting system,installation system for light management
CCI,L-Q_,Storage system,"technical system which stores information, energy or substances"
CCI,L-Q__,Controlling object,object for controlling access or flow
CCI,L-QA,Meter system,storage system for metered consumption information
CCI,L-QA_,Electric controlling object,controlling object of electric current in an electric circuit
CCI,L-QAA,Contactor,electric controlling object mechanically under normal service conditions only
CCI,L-QAB,Circuit breaker,electric controlling object mechanically under normal and abnormal service conditions
CCI,L-QAC,Electronic power switch,electric controlling object electronically
CCI,L-QB,Gas and air storage system,storage system for air and gases
CCI,L-QB_,Electric separating object,controlling object by separating electric circuits
CCI,L-QBA,Fuseless disconnector,electric separating object by mechanically isolating the downstream circuit from the upstream circuit
CCI,L-QC,Liquid storage system,storage system for liquids
CCI,L-QC_,Electric earthing object,controlling object by earthing electric circuits
CCI,L-QCA,Earthing switch,electric earthing object connecting electric circuits to earth
CCI,L-QD,Energy storage system,storage system for energy
CCI,L-QM_,Sealed fluid switching object,controlling object of fluids on/off in sealed enclosures
CCI,L-QMA,Liquid shutoff valve,sealed fluid switching object of a liquid flow
CCI,L-QMB,Gas shutoff valve,sealed fluid switching object of a gas flow
CCI,L-QN_,Sealed fluid varying object,controlling object for varying the flow of fluids in sealed enclosures
CCI,L-QNA,Liquid control valve,sealed fluid varying object of a liquid flow
CCI,L-QNB,Gas control valve,sealed fluid varying object of a gas flow
CCI,L-QP_,Open fluid controlling object,controlling object of fluids in open enclosures
CCI,L-QPA,Lock gate,open fluid controlling object for varying or switching on/off
CCI,L-QPB,Vortex generator,open fluid controlling object for directing a flow by a fixed means
CCI,L-QPC,Rudder,open fluid controlling object for directing a flow by a variable means
CCI,L-QQ_,Space access object,controlling object to a space
CCI,L-QQA,Window,space access object for light entry only
CCI,L-QQB,Window unit,space access object for entry of light and persons
CCI,L-QQC,Door,space access object for upright passage by persons
CCI,L-QQD,Hatch,space access object of restricted size for passage of persons and goods
CCI,L-QQE,Large door,space access object of extended size for transfer of objects
CCI,L-QQF,Gate,space access object partially
CCI,L-QQG,Rail scotch block,space access object by blocking entrance to a track
CCI,L-QR_,Solid substance flow varying object,controlling object of solid substance
CCI,L-QRA,Rotary air lock valve,solid substance flow varying object with rotating chambers
CCI,L-QRB,Iris valve,solid substance flow varying object with an iris opening
CCI,L-QRC,Flap gate valve,solid substance flow varying object with a hinged flap or disc
CCI,L-QS_,Mechanical movement controlling object,controlling object for mechanical movement
CCI,L-QSA,Lock,mechanical movement controlling object by blocking
CCI,L-QSB,Track switch,mechanical movement controlling object by switching between different tracks
CCI,L-QZ_,Multiple measure controlling object,controlling object in electrical circuits utilising different measures
CCI,L-QZA,Earthing and disconnecting switch,multiple measure controlling object for earthing or separating electrical circuit
CCI,L-R,Railroad system,installation system guiding and directing track-bound vehicles
CCI,L-R_,Furnishing system,technical system which fits out space or construction elements in a construction entity
CCI,L-R__,Restricting object,object for restricting or stabilising
CCI,L-RA,Planting system,furnishing system in the form of vegetation
CCI,L-RA_,Electricity restricting object,restricting object by restricting a flow of electric energy
CCI,L-RAA,Diode,electricity restricting object by blocking current flow in one direction
CCI,L-RAB,Reactor,electricity restricting object by providing an inductance in a circuit
CCI,L-RAC,Resistor,electricity restricting object by providing a resistance in a circuit
CCI,L-RB,Furniture system,furnishing system in the form of fixed or moveable construction elements
CCI,L-RB_,Electricity stabilising object,restricting object by stabilising a flow of electric energy
CCI,L-RBA,Uninterrupted power supply,electricity stabilising object ensuring a continuous power supply
CCI,L-RBB,Power filter,electricity stabilising object suppressing a defined frequency range within the flow
CCI,L-RBC,Phase compensator,electricity stabilising object providing reactive power
CCI,L-RBD,Power equaliser,electricity stabilising object suppressing or amplifying multiple frequency ranges within the flow
CCI,L-RC,Equipment system,furnishing system in the form of tools used in a particular situation
CCI,L-RF_,Signal stabilising object,restricting object by stabilising a signal
CCI,L-RFA,Signal equaliser,signal stabilising object suppressing or amplifying multiple frequency ranges of the signal
CCI,L-RFB,Signal filter,signal stabilising object suppressing a defined frequency range of the signal
CCI,L-RL_,Movement restricting object,restricting object by restricting movements
CCI,L-RLA,Security chain,movement restricting object by limiting movement of an object
CCI,L-RLB,Shock absorber,movement restricting object by settling and damping movements of an object
CCI,L-RLC,Brake,movement restricting object by reducing the speed of or stopping another object
CCI,L-RLD,Speed bump,movement restricting object by preventing high speed of another object
CCI,L-RM_,Return flow restricting object,restricting object by restricting a return flow of matter
CCI,L-RMA,Non-return valve,return flow restricting object of liquids
CCI,L-RMB,Check damper,return flow restricting object of gas
CCI,L-RMC,Flap,return flow restricting object of solid substances
CCI,L-RMD,Stench trap,return flow restricting object of odour
CCI,L-RN_,Flow restrictor,restricting object by restricting a guided flow of matter
CCI,L-RNA,Regulating valve,flow restrictor of liquids by an adjustable means
CCI,L-RNB,Regulating damper,flow restrictor of gas by an adjustable means
CCI,L-RNC,Soilds regulating valve,flow restrictor of soilds substances by an adjustable means
CCI,L-RND,Diffuser,flow restrictor by a fixed means
CCI,L-RQ_,Local climate stabilising object,restricting object of the local environment
CCI,L-RQA,Insulation,local climate stabilising object by restricting a thermal or sound transmission
CCI,L-RQB,Membrane,"local climate stabilising object by stabilising a flow of liquids, moisture, wind or material"
CCI,L-RQC,Noise barrier,local climate stabilising object by stabilising the propagation of sound
CCI,L-RQD,Screen,"local climate stabilising object by restricting wind, precipitation or radiation"
CCI,L-RQE,Curtain,local climate stabilising object by restricting transmission of light using textiles
CCI,L-RQF,Louvered blind,local climate stabilising object by restricting transmission of light using narrow adjustable louvers
CCI,L-RQG,Shutter,local climate stabilising object by restricting transmission of light using an external panel
CCI,L-RQH,Weed control fabric,local climate stabilising object preventing weed growth
CCI,L-RQJ,Screen wall,local climate stabilising object by restricting vision and sound
CCI,L-RU_,Access restricting object,restricting object by restricting access to an area
CCI,L-RUA,Fence,access restricting object by a horizontal elongated barrier with a vertical extent
CCI,L-RUB,Movable barrier,access restriction object by a movable horizontal bar
CCI,L-RUC,Turnstile,access restricting object by a rotational barrier
CCI,L-RUD,Bollard,access restricting object by a barrier with limited horizontal and vertical extent
CCI,L-RUE,Rodent barrier,access restricting object by shaping a path
CCI,L-RUF,Bird mesh,access restricting object by a mesh
CCI,L-S,Arrangement system,fit-out system which equips a construction entity and its spaces with fittings and equipment
CCI,L-S__,Human interacting object,object for detecting a human action and providing an appropriate response
CCI,L-SF_,Face interaction object,human interaction object by facial interaction
CCI,L-SFA,Eye focus reader,face interaction device by sensing of facial activity
CCI,L-SFB,Face recognition device,face interaction device by face recognition
CCI,L-SG_,Hand interaction device,human interacting object to a hand action
CCI,L-SGA,Turn handle,hand interaction device by turning
CCI,L-SGB,Grip handle,hand interaction device by gripping
CCI,L-SGC,Push handle,hand interaction device by pushing
