GlobalId,Name,Text
3zabDWVTjE5e1194ETqKie,Project Name,. Author: Author; Authorization: Authorization; Description: ViewDefinition[CoordinationView]; Implementation Level: 2;1; Organization: Organization; Originating System: IDEA Architecture 19; Preprocessor Version: 4M BIM IFC Engine; Schema Identifiers: IFC2X3; Time Stamp: 2019-04-16T12:36:25
0kyKIgyZHEIPvUuqedVMUS,The site,. Project: Project Name; Top Elevation: 10.4225; Bottom Elevation: -5; Global Top Elevation: 10.4225; Global Bottom Elevation: -5; Has Own Geometry: 0; Children Have Geometry: 1; Global X: -27.7624750266767; Global Y: -26.4175911519532; Global Z: -5; Bounding Box Length: 40.819975365553; Bounding Box Width: 55.4149463383118; Bounding Box Height: 15.4225
0f$K0vqADB1QayhzP8PH_7,Level 2,. Project: Project Name; Building: The building; Top Elevation: 3.55; Bottom Elevation: -5; Global Top Elevation: 3.55; Global Bottom Elevation: -5; Has Own Geometry: 0; Children Have Geometry: 1; Global X: -27.7624750266767; Global Y: -26.4175911519532; Global Z: -5; Bounding Box Length: 40.819975365553; Bounding Box Width: 55.4149463383118; Bounding Box Height: 8.55
2YYF8qh596jQ9mDIdCJZ36,Wall 50 cm,. IsExternal: 1; WAHG: 3.3; WHLR: 4360BCB873FB40F; Project: Project Name; Building: The building; Storey: Level 2; Top Elevation: 1.3; Bottom Elevation: -2; Global Top Elevation: 1.3; Global Bottom Elevation: -2; Has Own Geometry: 1; Children Have Geometry: 0; Global X: -27.7624750266767; Global Y: 20.6908534189387; Global Z: -2; Bounding Box Length: 6.10802456738808; Bounding Box Width: 0.527351430507412; Bounding Box Height: 3.3
2Q2yLCxvT8JAxwSE_WkVcv,Wall 50 cm,. IsExternal: 1; WAHG: 3.5; WHLR: 4360BCB873FB430; Project: Project Name; Building: The building; Storey: Level 2; Top Elevation: 1.5; Bottom Elevation: -2; Global Top Elevation: 1.5; Global Bottom Elevation: -2; Has Own Geometry: 1; Children Have Geometry: 0; Global X: -21.9719863545323; Global Y: 19.1820445231746; Global Z: -2; Bounding Box Length: 1.95980581673915; Bounding Box Width: 1.99201478305253; Bounding Box Height: 3.5
1OaXrqlkf38O434cmv_vU9,Wall 50 cm,. IsExternal: 1; WAHG: 5.3; WHLR: 4360BCB873FB5E7; Project: Project Name; Building: The building; Storey: Level 2; Top Elevation: 1.3; Bottom Elevation: -4; Global Top Elevation: 1.3; Global Bottom Elevation: -4; Has Own Geometry: 1; Children Have Geometry: 0; Global X: -27.6935476057333; Global Y: 6.70503311028332; Global Z: -4; Bounding Box Length: 2.20335321370776; Bounding Box Width: 14.010635209393; Bounding Box Height: 5.3
3384XrcxrEvhSGazjHMd7N,Wall 50 cm,. IsExternal: 1; WAHG: 2.05; WHLR: 4360BCB87387E1A; Project: Project Name; Building: The building; Storey: Level 2; Top Elevation: -1.45; Bottom Elevation: -3.5; Global Top Elevation: -1.45; Global Bottom Elevation: -3.5; Has Own Geometry: 1; Children Have Geometry: 0; Global X: -0.942920502696889; Global Y: -19.3654790703837; Global Z: -3.5; Bounding Box Length: 0.983781495235781; Bounding Box Width: 2.32718792816306; Bounding Box Height: 2.05
1bs47WhI16NgvX4Ns2cRF0,Wall 50 cm,. IsExternal: 1; WAHG: 3.9; WHLR: 4360BCB8738D17C; Project: Project Name; Building: The building; Storey: Level 2; Top Elevation: 0.9; Bottom Elevation: -3; Global Top Elevation: 0.9; Global Bottom Elevation: -3; Has Own Geometry: 1; Children Have Geometry: 0; Global X: 12.3611858479466; Global Y: -6.24916107602387; Global Z: -3; Bounding Box Length: 0.525215776306577; Bounding Box Width: 4.30277853841407; Bounding Box Height: 3.9
2pdhHrZPjA99RhcSSDOc0Q,Wall 50 cm,. IsExternal: 1; WAHG: 3.5; WHLR: 4360BCB873FB1A6; Project: Project Name; Building: The building; Storey: Level 2; Top Elevation: 1.5; Bottom Elevation: -2; Global Top Elevation: 1.5; Global Bottom Elevation: -2; Has Own Geometry: 1; Children Have Geometry: 0; Global X: -14.128957468207; Global Y: 22.9231747497684; Global Z: -2; Bounding Box Length: 4.95735782745004; Bounding Box Width: 2.16662388157513; Bounding Box Height: 3.5
1byS$yfhHEExHUqyZRgdFE,Wall 50 cm,. IsExternal: 1; WAHG: 3.5; WHLR: 4360BCB873FB1F1; Project: Project Name; Building: The building; Storey: Level 2; Top Elevation: 1.5; Bottom Elevation: -2; Global Top Elevation: 1.5; Global Bottom Elevation: -2; Has Own Geometry: 1; Children Have Geometry: 0; Global X: -16.2052189319424; Global Y: 20.2119193870201; Global Z: -2; Bounding Box Length: 2.38972146599276; Bounding Box Width: 3.12942845569382; Bounding Box Height: 3.5
1G2xbz6fD2YuhA0fWvxf$p,Wall 15 cm,. IsExternal: 0; WAHG: 1.6; WHLR: 4360BCB877301CE; Project: Project Name; Building: The building; Storey: Level 2; Top Elevation: -0.9; Bottom Elevation: -2.5; Global Top Elevation: -0.9; Global Bottom Elevation: -2.5; Has Own Geometry: 1; Children Have Geometry: 0; Global X: -6.17953602888514; Global Y: -13.0064244404712; Global Z: -2.5; Bounding Box Length: 0.220704770803539; Bounding Box Width: 0.203966283671827; Bounding Box Height: 1.6
0VGiEtg0P6xhw0iN__FnCq,Wall 15 cm,. IsExternal: 0; WAHG: 1.6; WHLR: 4360BCB8773025D; Project: Project Name; Building: The building; Storey: Level 2; Top Elevation: -0.9; Bottom Elevation: -2.5; Global Top Elevation: -0.9; Global Bottom Elevation: -2.5; Has Own Geometry: 1; Children Have Geometry: 0; Global X: -6.67321656241189; Global Y: -12.7939333268841; Global Z: -2.5; Bounding Box Length: 0.227645119859163; Bounding Box Width: 0.215037178967865; Bounding Box Height: 1.6
1CKni20cD6pPAV1JBGcCw3,Wall 15 cm,. IsExternal: 0; WAHG: 1.6; WHLR: 4360BCB877302DA; Project: Project Name; Building: The building; Storey: Level 2; Top Elevation: -0.9; Bottom Elevation: -2.5; Global Top Elevation: -0.9; Global Bottom Elevation: -2.5; Has Own Geometry: 1; Children Have Geometry: 0; Global X: -6.98728045039775; Global Y: -12.6227354369669; Global Z: -2.5; Bounding Box Length: 0.230801474222432; Bounding Box Width: 0.221031931361562; Bounding Box Height: 1.6
0IrPIzvyb9wOJcH8wvSlp$,Wall 15 cm,. IsExternal: 0; WAHG: 1.6; WHLR: 4360BCB87730502; Project: Project Name; Building: The building; Storey: Level 2; Top Elevation: -0.9; Bottom Elevation: -2.5; Global Top Elevation: -0.9; Global Bottom Elevation: -2.5; Has Own Geometry: 1; Children Have Geometry: 0; Global X: -8.60146961640678; Global Y: -11.3123259565614; Global Z: -2.5; Bounding Box Length: 0.258634205220281; Bounding Box Width: 0.24554892453256; Bounding Box Height: 1.6
1xSkqoBMP4GfzKQ4fNcBb_,Wall 15 cm,. IsExternal: 0; WAHG: 1.6; WHLR: 4360BCB87730562; Project: Project Name; Building: The building; Storey: Level 2; Top Elevation: -0.9; Bottom Elevation: -2.5; Global Top Elevation: -0.9; Global Bottom Elevation: -2.5; Has Own Geometry: 1; Children Have Geometry: 0; Global X: -8.95140159757931; Global Y: -11.0745354680367; Global Z: -2.5; Bounding Box Length: 0.257954723031258; Bounding Box Width: 0.237493575665679; Bounding Box Height: 1.6
1q2cQbFer6OgCsYIxMNqcX,Wall 15 cm,. IsExternal: 0; WAHG: 1.6; WHLR: 4360BCB8773043F; Project: Project Name; Building: The building; Storey: Level 2; Top Elevation: -0.9; Bottom Elevation: -2.5; Global Top Elevation: -0.9; Global Bottom Elevation: -2.5; Has Own Geometry: 1; Children Have Geometry: 0; Global X: -7.96660689439635; Global Y: -11.8523401319237; Global Z: -2.5; Bounding Box Length: 0.232375643544608; Bounding Box Width: 0.236536718840323; Bounding Box Height: 1.6
2n5Nf3My12qulmq2uKz8mG,Wall 15 cm,. IsExternal: 0; WAHG: 1.6; WHLR: 4360BCB877304A1; Project: Project Name; Building: The building; Storey: Level 2; Top Elevation: -0.9; Bottom Elevation: -2.5; Global Top Elevation: -0.9; Global Bottom Elevation: -2.5; Has Own Geometry: 1; Children Have Geometry: 0; Global X: -8.27236327606121; Global Y: -11.5789395089539; Global Z: -2.5; Bounding Box Length: 0.257329906297315; Bounding Box Width: 0.251720859261896; Bounding Box Height: 1.6
2dDarVKIz4QxzWkBT$hVnI,Wall 15 cm,. IsExternal: 0; WAHG: 1.6; WHLR: 4360BCB877301FE; Project: Project Name; Building: The building; Storey: Level 2; Top Elevation: -0.9; Bottom Elevation: -2.5; Global Top Elevation: -0.9; Global Bottom Elevation: -2.5; Has Own Geometry: 1; Children Have Geometry: 0; Global X: -6.34682671708261; Global Y: -12.9416317022171; Global Z: -2.5; Bounding Box Length: 0.223308708862959; Bounding Box Width: 0.207927726423652; Bounding Box Height: 1.6
10wcs1ZqjDsgBfZiMiZMM3,Wall 15 cm,. IsExternal: 0; WAHG: 1.6; WHLR: 4360BCB87730592; Project: Project Name; Building: The building; Storey: Level 2; Top Elevation: -0.9; Bottom Elevation: -2.5; Global Top Elevation: -0.9; Global Bottom Elevation: -2.5; Has Own Geometry: 1; Children Have Geometry: 0; Global X: -9.13334412075581; Global Y: -10.967027873631; Global Z: -2.5; Bounding Box Length: 0.256872098619107; Bounding Box Width: 0.232778377058702; Bounding Box Height: 1.6
3O5FQC_sf3_x56qt_jIImC,Wall 15 cm,. IsExternal: 0; WAHG: 1.6; WHLR: 4360BCB8773017D; Project: Project Name; Building: The building; Storey: Level 2; Top Elevation: -0.9; Bottom Elevation: -2.5; Global Top Elevation: -0.9; Global Bottom Elevation: -2.5; Has Own Geometry: 1; Children Have Geometry: 0; Global X: -5.83784718423266; Global Y: -13.1174771537945; Global Z: -2.5; Bounding Box Length: 0.214642303378896; Bounding Box Width: 0.195255635811408; Bounding Box Height: 1.6
2i9yj3ZpH3pgS5UO0C5r_H,Wall 15 cm,. IsExternal: 0; WAHG: 1.6; WHLR: 4360BCB87730316; Project: Project Name; Building: The building; Storey: Level 2; Top Elevation: -0.9; Bottom Elevation: -2.5; Global Top Elevation: -0.9; Global Bottom Elevation: -2.5; Has Own Geometry: 1; Children Have Geometry: 0; Global X: -7.13917867177853; Global Y: -12.5285968646845; Global Z: -2.5; Bounding Box Length: 0.231931775625472; Bounding Box Width: 0.223601353631663; Bounding Box Height: 1.6
3FlBnngdf6IeZs7YmHsgkC,Wall 15 cm,. IsExternal: 0; WAHG: 1.6; WHLR: 4360BCB8773029C; Project: Project Name; Building: The building; Storey: Level 2; Top Elevation: -0.9; Bottom Elevation: -2.5; Global Top Elevation: -0.9; Global Bottom Elevation: -2.5; Has Own Geometry: 1; Children Have Geometry: 0; Global X: -6.83189260112984; Global Y: -12.7112191599238; Global Z: -2.5; Bounding Box Length: 0.229371971250727; Bounding Box Width: 0.218175972357677; Bounding Box Height: 1.6
21ppxkOTT9Dgm9_z7lml_W,Wall 15 cm,. IsExternal: 0; WAHG: 1.6; WHLR: 4360BCB877303DD; Project: Project Name; Building: The building; Storey: Level 2; Top Elevation: -0.9; Bottom Elevation: -2.5; Global Top Elevation: -0.9; Global Bottom Elevation: -2.5; Has Own Geometry: 1; Children Have Geometry: 0; Global X: -7.70801016007851; Global Y: -12.0980414035732; Global Z: -2.5; Bounding Box Length: 0.233437514463368; Bounding Box Width: 0.230952716580182; Bounding Box Height: 1.6
2eSENBCaz6hhpkZpvtuCC2,Wall 15 cm,. IsExternal: 0; WAHG: 1.6; WHLR: 4360BCB87730470; Project: Project Name; Building: The building; Storey: Level 2; Top Elevation: -0.9; Bottom Elevation: -2.5; Global Top Elevation: -0.9; Global Bottom Elevation: -2.5; Has Own Geometry: 1; Children Have Geometry: 0; Global X: -8.11641534873729; Global Y: -11.7224240945459; Global Z: -2.5; Bounding Box Length: 0.25534575241012; Bounding Box Width: 0.254085177541327; Bounding Box Height: 1.6
25VFVFKLT00xXyX4LFT5$b,Wall 15 cm,. IsExternal: 0; WAHG: 1.6; WHLR: 4360BCB877305C1; Project: Project Name; Building: The building; Storey: Level 2; Top Elevation: -0.9; Bottom Elevation: -2.5; Global Top Elevation: -0.9; Global Bottom Elevation: -2.5; Has Own Geometry: 1; Children Have Geometry: 0; Global X: -9.31947516448961; Global Y: -10.8673919486106; Global Z: -2.5; Bounding Box Length: 0.255296671507615; Bounding Box Width: 0.227616598954802; Bounding Box Height: 1.6
0oiVgnmxT5cQt1II7ehAB7,Wall 15 cm,. IsExternal: 0; WAHG: 1.6; WHLR: 4360BCB877304D2; Project: Project Name; Building: The building; Storey: Level 2; Top Elevation: -0.9; Bottom Elevation: -2.5; Global Top Elevation: -0.9; Global Bottom Elevation: -2.5; Has Own Geometry: 1; Children Have Geometry: 0; Global X: -8.43415149416831; Global Y: -11.442152655573; Global Z: -2.5; Bounding Box Length: 0.258229759427691; Bounding Box Width: 0.248873620807085; Bounding Box Height: 1.6
1Osfuo7P92k8Bqa5fTN_oS,Wall 15 cm,. IsExternal: 0; WAHG: 1.6; WHLR: 4360BCB877305F2; Project: Project Name; Building: The building; Storey: Level 2; Top Elevation: -0.9; Bottom Elevation: -2.5; Global Top Elevation: -0.9; Global Bottom Elevation: -2.5; Has Own Geometry: 1; Children Have Geometry: 0; Global X: -9.50943764102665; Global Y: -10.7758188420068; Global Z: -2.5; Bounding Box Length: 0.253231464114382; Bounding Box Width: 0.22201814409628; Bounding Box Height: 1.6
2WNcwUNQnEVBPWoe40X3UV,Wall 15 cm,. IsExternal: 0; WAHG: 1.6; WHLR: 4360BCB87730623; Project: Project Name; Building: The building; Storey: Level 2; Top Elevation: -0.9; Bottom Elevation: -2.5; Global Top Elevation: -0.9; Global Bottom Elevation: -2.5; Has Own Geometry: 1; Children Have Geometry: 0; Global X: -9.70286711210465; Global Y: -10.6924842345353; Global Z: -2.5; Bounding Box Length: 0.250680438487922; Bounding Box Width: 0.215993752978777; Bounding Box Height: 1.6
3GNCraEyX9LPZxbqcnbQQq,Wall 15 cm,. IsExternal: 0; WAHG: 1.6; WHLR: 4360BCB8773022D; Project: Project Name; Building: The building; Storey: Level 2; Top Elevation: -0.9; Bottom Elevation: -2.5; Global Top Elevation: -0.9; Global Bottom Elevation: -2.5; Has Own Geometry: 1; Children Have Geometry: 0; Global X: -6.51145803535544; Global Y: -12.8707707105933; Global Z: -2.5; Bounding Box Length: 0.225623158667508; Bounding Box Width: 0.211619620195563; Bounding Box Height: 1.6
0ETnKGuHXCjvWAclDOsp8p,Wall 15 cm,. IsExternal: 0; WAHG: 1.6; WHLR: 4360BCB87730380; Project: Project Name; Building: The building; Storey: Level 2; Top Elevation: -0.9; Bottom Elevation: -2.5; Global Top Elevation: -0.9; Global Bottom Elevation: -2.5; Has Own Geometry: 1; Children Have Geometry: 0; Global X: -7.43172335145503; Global Y: -12.3238504941957; Global Z: -2.5; Bounding Box Length: 0.233289302392; Bounding Box Width: 0.227867640167934; Bounding Box Height: 1.6
1vmBlWEqz4OgsFuh_7vwab,Wall 15 cm,. IsExternal: 0; WAHG: 1.6; WHLR: 4360BCB87730531; Project: Project Name; Building: The building; Storey: Level 2; Top Elevation: -0.9; Bottom Elevation: -2.5; Global Top Elevation: -0.9; Global Bottom Elevation: -2.5; Has Own Geometry: 1; Children Have Geometry: 0; Global X: -8.77399664714226; Global Y: -11.1897084811957; Global Z: -2.5; Bounding Box Length: 0.258542467756218; Bounding Box Width: 0.241753148785191; Bounding Box Height: 1.6
1owVxBpCP8ueBk4bIjFTMA,Wall 15 cm,. IsExternal: 0; WAHG: 1.6; WHLR: 4360BCB877303AE; Project: Project Name; Building: The building; Storey: Level 2; Top Elevation: -0.9; Bottom Elevation: -2.5; Global Top Elevation: -0.9; Global Bottom Elevation: -2.5; Has Own Geometry: 1; Children Have Geometry: 0; Global X: -7.57199056682177; Global Y: -12.2135081207897; Global Z: -2.5; Bounding Box Length: 0.233514767913441; Bounding Box Width: 0.229558973795099; Bounding Box Height: 1.6
3mimCMRlzE2RfH_WhQAY13,Wall 15 cm,. IsExternal: 0; WAHG: 1.6; WHLR: 4360BCB8773019E; Project: Project Name; Building: The building; Storey: Level 2; Top Elevation: -0.9; Bottom Elevation: -2.5; Global Top Elevation: -0.9; Global Bottom Elevation: -2.5; Has Own Geometry: 1; Children Have Geometry: 0; Global X: -6.00980283955256; Global Y: -13.0650649307062; Global Z: -2.5; Bounding Box Length: 0.217814720127792; Bounding Box Width: 0.199740427392152; Bounding Box Height: 1.6
35g0BW$6bBXf1nIHAHrTv8,Wall 15 cm,. IsExternal: 0; WAHG: 1.6; WHLR: 4360BCB87730352; Project: Project Name; Building: The building; Storey: Level 2; Top Elevation: -0.9; Bottom Elevation: -2.5; Global Top Elevation: -0.9; Global Bottom Elevation: -2.5; Has Own Geometry: 1; Children Have Geometry: 0; Global X: -7.28739035064565; Global Y: -12.428925480462; Global Z: -2.5; Bounding Box Length: 0.232761410183386; Bounding Box Width: 0.225880908274181; Bounding Box Height: 1.6
3hIB7sBmDCO8kkPTkmzQdw,Wall 15 cm,. IsExternal: 0; WAHG: 1.6; WHLR: 4360BCB8773040E; Project: Project Name; Building: The building; Storey: Level 2; Top Elevation: -0.9; Bottom Elevation: -2.5; Global Top Elevation: -0.9; Global Bottom Elevation: -2.5; Has Own Geometry: 1; Children Have Geometry: 0; Global X: -7.8396058010013; Global Y: -11.9776000288645; Global Z: -2.5; Bounding Box Length: 0.233057642190207; Bounding Box Width: 0.232047061732244; Bounding Box Height: 1.6
1X_lcGGn50qPLbhFG90a7v,Wall 50 cm,. IsExternal: 1; WAHG: 2.8; WHLR: 4360BCB87294A76; Project: Project Name; Building: The building; Storey: Level 2; Top Elevation: -0.7; Bottom Elevation: -3.5; Global Top Elevation: -0.7; Global Bottom Elevation: -3.5; Has Own Geometry: 1; Children Have Geometry: 0; Global X: -22.6098631103416; Global Y: -18.9598229883953; Global Z: -3.5; Bounding Box Length: 6.90678098334229; Bounding Box Width: 2.94975181091826; Bounding Box Height: 2.8
3n$zzL0QnCqwtpOg9ERHkA,Wall 30 cm,. IsExternal: 1; WAHG: 0.06; WHLR: 4360BCB87304CC6; Project: Project Name; Building: The building; Storey: Level 2; Top Elevation: 0.02; Bottom Elevation: -0.04; Global Top Elevation: 0.02; Global Bottom Elevation: -0.04; Has Own Geometry: 1; Children Have Geometry: 0; Global X: 2.35; Global Y: -1.95; Global Z: -0.04; Bounding Box Length: 0.300000000000001; Bounding Box Width: 3.3; Bounding Box Height: 0.0600000000000001
2$G9sgee16n8PDXUYpi74t,Wall 30 cm,. IsExternal: 1; WAHG: 0.06; WHLR: 4360BCB87304599; Project: Project Name; Building: The building; Storey: Level 2; Top Elevation: 0.02; Bottom Elevation: -0.04; Global Top Elevation: 0.02; Global Bottom Elevation: -0.04; Has Own Geometry: 1; Children Have Geometry: 0; Global X: 2.35; Global Y: -1.95; Global Z: -0.04; Bounding Box Length: 8.1; Bounding Box Width: 0.3; Bounding Box Height: 0.0600000000000001
1Rw6adgGz0T9fVIB$EArhO,Wall 30 cm,. IsExternal: 1; WAHG: 0.06; WHLR: 4360BCB87304D82; Project: Project Name; Building: The building; Storey: Level 2; Top Elevation: 0.02; Bottom Elevation: -0.04; Global Top Elevation: 0.02; Global Bottom Elevation: -0.04; Has Own Geometry: 1; Children Have Geometry: 0; Global X: 2.35; Global Y: 1.05; Global Z: -0.04; Bounding Box Length: 8.1; Bounding Box Width: 0.3; Bounding Box Height: 0.0600000000000001
0fA43dx4fEjwPSfUs9SNPu,Wall 30 cm,. IsExternal: 1; WAHG: 0.06; WHLR: 4360BCB87304DA7; Project: Project Name; Building: The building; Storey: Level 2; Top Elevation: 0.02; Bottom Elevation: -0.04; Global Top Elevation: 0.02; Global Bottom Elevation: -0.04; Has Own Geometry: 1; Children Have Geometry: 0; Global X: 10.15; Global Y: -1.95; Global Z: -0.04; Bounding Box Length: 0.300000000000001; Bounding Box Width: 3.3; Bounding Box Height: 0.0600000000000001
3kAmm_gLL1De2IcOOo5BiB,Wall 50 cm,. IsExternal: 1; WAHG: 3.55; WHLR: 4360BCB873159C0; Project: Project Name; Building: The building; Storey: Level 2; Top Elevation: -1.45; Bottom Elevation: -5; Global Top Elevation: -1.45; Global Bottom Elevation: -5; Has Own Geometry: 1; Children Have Geometry: 0; Global X: -1.04940653752878; Global Y: -22.6739207678683; Global Z: -5; Bounding Box Length: 13.5438900091786; Bounding Box Width: 3.41751687301264; Bounding Box Height: 3.55
1PjEFcmnLFUgGN619t2819,Wall 30 cm,. IsExternal: 1; WAHG: 1.8; WHLR: 4360BCB873876E9; Project: Project Name; Building: The building; Storey: Level 2; Top Elevation: -1.7; Bottom Elevation: -3.5; Global Top Elevation: -1.7; Global Bottom Elevation: -3.5; Has Own Geometry: 1; Children Have Geometry: 0; Global X: -2.68478285859603; Global Y: -19.3987630676613; Global Z: -3.5; Bounding Box Length: 1.20649264079851; Bounding Box Width: 4.69067771479511; Bounding Box Height: 1.8
1ExX84jGPEJxkT$kU7A58x,Wall 50 cm,. IsExternal: 1; WAHG: 2.5; WHLR: 4360BCB87294A97; Project: Project Name; Building: The building; Storey: Level 2; Top Elevation: -1; Bottom Elevation: -3.5; Global Top Elevation: -1; Global Bottom Elevation: -3.5; Has Own Geometry: 1; Children Have Geometry: 0; Global X: -15.7374590730095; Global Y: -16.7165464276387; Global Z: -3.5; Bounding Box Length: 0.896351198073601; Bounding Box Width: 0.70647525016167; Bounding Box Height: 2.5
2EUVtKiDDCFw59suTFeD$n,Wall 50 cm,. IsExternal: 1; WAHG: 1.9; WHLR: 4360BCB8728A9DE; Project: Project Name; Building: The building; Storey: Level 2; Top Elevation: -3.1; Bottom Elevation: -5; Global Top Elevation: -3.1; Global Bottom Elevation: -5; Has Own Geometry: 1; Children Have Geometry: 0; Global X: -15.3375464347942; Global Y: -26.303783159796; Global Z: -5; Bounding Box Length: 27.2694586339219; Bounding Box Width: 6.63925301747516; Bounding Box Height: 1.9
3IVUnJF8v59RM2$Z54Fnwe,Wall 50 cm,. IsExternal: 1; WAHG: 3.5; WHLR: 4360BCB872A416B; Project: Project Name; Building: The building; Storey: Level 2; Top Elevation: 1.5; Bottom Elevation: -2; Global Top Elevation: 1.5; Global Bottom Elevation: -2; Has Own Geometry: 1; Children Have Geometry: 0; Global X: -9.30895180089269; Global Y: 24.6077426476518; Global Z: -2; Bounding Box Length: 10.7989446858823; Bounding Box Width: 2.732987849409; Bounding Box Height: 3.5
1uepZWDr9849AwvUJEItFw,Wall 15 cm,. IsExternal: 0; WAHG: 1.6; WHLR: 4360BCB87730892; Project: Project Name; Building: The building; Storey: Level 2; Top Elevation: -0.9; Bottom Elevation: -2.5; Global Top Elevation: -0.9; Global Bottom Elevation: -2.5; Has Own Geometry: 1; Children Have Geometry: 0; Global X: -12.4314338437048; Global Y: -10.4176456865701; Global Z: -2.5; Bounding Box Length: 0.254189010856759; Bounding Box Width: 0.209026743412545; Bounding Box Height: 1.6
3OKBOWoB19WPL$X_2p0EIt,Wall 15 cm,. IsExternal: 0; WAHG: 1.6; WHLR: 4360BCB877309E0; Project: Project Name; Building: The building; Storey: Level 2; Top Elevation: -0.9; Bottom Elevation: -2.5; Global Top Elevation: -0.9; Global Bottom Elevation: -2.5; Has Own Geometry: 1; Children Have Geometry: 0; Global X: -13.6675697184846; Global Y: -11.3086289653503; Global Z: -2.5; Bounding Box Length: 0.252682448829733; Bounding Box Width: 0.265177260863334; Bounding Box Height: 1.6
1yHG1Xd7502v5L1EuYkIqr,Wall 15 cm,. IsExternal: 0; WAHG: 1.6; WHLR: 4360BCB87730A11; Project: Project Name; Building: The building; Storey: Level 2; Top Elevation: -0.9; Bottom Elevation: -2.5; Global Top Elevation: -0.9; Global Bottom Elevation: -2.5; Has Own Geometry: 1; Children Have Geometry: 0; Global X: -13.7894829108847; Global Y: -11.4876262174979; Global Z: -2.5; Bounding Box Length: 0.244633427584411; Bounding Box Width: 0.265496878756469; Bounding Box Height: 1.6
1mUi7yjjDCR9eSpvX4OOeL,Wall 15 cm,. IsExternal: 0; WAHG: 1.6; WHLR: 4360BCB87730A42; Project: Project Name; Building: The building; Storey: Level 2; Top Elevation: -0.9; Bottom Elevation: -2.5; Global Top Elevation: -0.9; Global Bottom Elevation: -2.5; Has Own Geometry: 1; Children Have Geometry: 0; Global X: -13.9010089658953; Global Y: -11.6759091186386; Global Z: -2.5; Bounding Box Length: 0.24128365067968; Bounding Box Width: 0.263817051651028; Bounding Box Height: 1.6
0ks2ggT8HE1h25QP4tvfuq,Wall 15 cm,. IsExternal: 0; WAHG: 1.6; WHLR: 4360BCB877308F1; Project: Project Name; Building: The building; Storey: Level 2; Top Elevation: -0.9; Bottom Elevation: -2.5; Global Top Elevation: -0.9; Global Bottom Elevation: -2.5; Has Own Geometry: 1; Children Have Geometry: 0; Global X: -12.8402574524861; Global Y: -10.5971095555846; Global Z: -2.5; Bounding Box Length: 0.263679245083338; Bounding Box Width: 0.234194585228671; Bounding Box Height: 1.6
3d_3N5ZC18AeONvygz65P3,Wall 15 cm,. IsExternal: 0; WAHG: 1.6; WHLR: 4360BCB87730654; Project: Project Name; Building: The building; Storey: Level 2; Top Elevation: -0.9; Bottom Elevation: -2.5; Global Top Elevation: -0.9; Global Bottom Elevation: -2.5; Has Own Geometry: 1; Children Have Geometry: 0; Global X: -9.89939248811927; Global Y: -10.6175480015572; Global Z: -2.5; Bounding Box Length: 0.247648488707387; Bounding Box Width: 0.20955498324612; Bounding Box Height: 1.6
1fS$oOcJT86xWN5Eo$bMUb,Wall 15 cm,. IsExternal: 0; WAHG: 1.6; WHLR: 4360BCB87730951; Project: Project Name; Building: The building; Storey: Level 2; Top Elevation: -0.9; Bottom Elevation: -2.5; Global Top Elevation: -0.9; Global Bottom Elevation: -2.5; Has Own Geometry: 1; Children Have Geometry: 0; Global X: -13.210034191072; Global Y: -10.8404213478534; Global Z: -2.5; Bounding Box Length: 0.265241408026034; Bounding Box Width: 0.252320874095124; Bounding Box Height: 1.6
2MfytUtCbC_8ingVDpEWFX,Wall 15 cm,. IsExternal: 0; WAHG: 1.6; WHLR: 4360BCB87730921; Project: Project Name; Building: The building; Storey: Level 2; Top Elevation: -0.9; Bottom Elevation: -2.5; Global Top Elevation: -0.9; Global Bottom Elevation: -2.5; Has Own Geometry: 1; Children Have Geometry: 0; Global X: -13.030753194683; Global Y: -10.7111990081052; Global Z: -2.5; Bounding Box Length: 0.26545990984846; Bounding Box Width: 0.244177173291925; Bounding Box Height: 1.6
0DpBhuY69B89n3JRB4Lnt4,Wall 15 cm,. IsExternal: 0; WAHG: 1.6; WHLR: 4360BCB877306B5; Project: Project Name; Building: The building; Storey: Level 2; Top Elevation: -0.9; Bottom Elevation: -2.5; Global Top Elevation: -0.9; Global Bottom Elevation: -2.5; Has Own Geometry: 1; Children Have Geometry: 0; Global X: -10.30021762278; Global Y: -10.4934293243612; Global Z: -2.5; Bounding Box Length: 0.240165995044952; Bounding Box Width: 0.195484489687008; Bounding Box Height: 1.6
149T34d0T40O6BWMfgQ249,Wall 15 cm,. IsExternal: 0; WAHG: 1.6; WHLR: 4360BCB87730717; Project: Project Name; Building: The building; Storey: Level 2; Top Elevation: -0.9; Bottom Elevation: -2.5; Global Top Elevation: -0.9; Global Bottom Elevation: -2.5; Has Own Geometry: 1; Children Have Geometry: 0; Global X: -10.7140103669222; Global Y: -10.4044148279113; Global Z: -2.5; Bounding Box Length: 0.236013114153932; Bounding Box Width: 0.179914587192362; Bounding Box Height: 1.6
07J5R6wK55OAtWuWrIiFte,Wall 15 cm,. IsExternal: 0; WAHG: 1.6; WHLR: 4360BCB87730A73; Project: Project Name; Building: The building; Storey: Level 2; Top Elevation: -0.9; Bottom Elevation: -2.5; Global Top Elevation: -0.9; Global Bottom Elevation: -2.5; Has Own Geometry: 1; Children Have Geometry: 0; Global X: -14.8164168445418; Global Y: -15.896627126669; Global Z: -2.5; Bounding Box Length: 1.05776720384114; Bounding Box Width: 4.2722672571244; Bounding Box Height: 1.6
1Cs2HiMLP9nui_jmRUrVvT,Wall 15 cm,. IsExternal: 0; WAHG: 1.6; WHLR: 4360BCB877308C1; Project: Project Name; Building: The building; Storey: Level 2; Top Elevation: -0.9; Bottom Elevation: -2.5; Global Top Elevation: -0.9; Global Bottom Elevation: -2.5; Has Own Geometry: 1; Children Have Geometry: 0; Global X: -12.6399815793093; Global Y: -10.4990121928039; Global Z: -2.5; Bounding Box Length: 0.259912823836704; Bounding Box Width: 0.222448288325133; Bounding Box Height: 1.6
1jDxSIAvrCWed$H0GE1Huu,Wall 15 cm,. IsExternal: 0; WAHG: 1.6; WHLR: 4360BCB87730AB3; Project: Project Name; Building: The building; Storey: Level 2; Top Elevation: -0.9; Bottom Elevation: -2.5; Global Top Elevation: -0.9; Global Bottom Elevation: -2.5; Has Own Geometry: 1; Children Have Geometry: 0; Global X: -14.8164168445418; Global Y: -18.3271001184194; Global Z: -2.5; Bounding Box Length: 11.2377381839176; Bounding Box Width: 2.54535279648367; Bounding Box Height: 1.6
27jUGlDLb77PGQyajG5Xtr,Wall 15 cm,. IsExternal: 0; WAHG: 1.6; WHLR: 4360BCB87730747; Project: Project Name; Building: The building; Storey: Level 2; Top Elevation: -0.9; Bottom Elevation: -2.5; Global Top Elevation: -0.9; Global Bottom Elevation: -2.5; Has Own Geometry: 1; Children Have Geometry: 0; Global X: -10.9089894576086; Global Y: -10.3725109573845; Global Z: -2.5; Bounding Box Length: 0.219404717217802; Bounding Box Width: 0.182814976958808; Bounding Box Height: 1.6
00u0Pu$bz6rObq5o$SU8iq,Wall 15 cm,. IsExternal: 0; WAHG: 1.6; WHLR: 4360BCB87730AF2; Project: Project Name; Building: The building; Storey: Level 2; Top Elevation: -0.9; Bottom Elevation: -2.5; Global Top Elevation: -0.9; Global Bottom Elevation: -2.5; Has Own Geometry: 1; Children Have Geometry: 0; Global X: -2.81259714266997; Global Y: -17.6970208938538; Global Z: -2.5; Bounding Box Length: 0.797458954634567; Bounding Box Width: 3.06739626299282; Bounding Box Height: 1.6
0Q53igXLD3gA54Ug4sHG03,Wall 15 cm,. IsExternal: 0; WAHG: 1.6; WHLR: 4360BCB87730803; Project: Project Name; Building: The building; Storey: Level 2; Top Elevation: -0.9; Bottom Elevation: -2.5; Global Top Elevation: -0.9; Global Bottom Elevation: -2.5; Has Own Geometry: 1; Children Have Geometry: 0; Global X: -11.7721052260557; Global Y: -10.2794022806521; Global Z: -2.5; Bounding Box Length: 0.225775928094858; Bounding Box Width: 0.159779815669669; Bounding Box Height: 1.6
0CovSFx1n68B3maS$aFJU8,Wall 15 cm,. IsExternal: 0; WAHG: 1.6; WHLR: 4360BCB877307D5; Project: Project Name; Building: The building; Storey: Level 2; Top Elevation: -0.9; Bottom Elevation: -2.5; Global Top Elevation: -0.9; Global Bottom Elevation: -2.5; Has Own Geometry: 1; Children Have Geometry: 0; Global X: -11.5466190205991; Global Y: -10.2785822178692; Global Z: -2.5; Bounding Box Length: 0.225524003853284; Bounding Box Width: 0.158959752886741; Bounding Box Height: 1.6
0$xoRaMNXEMf$z6Imws07b,Wall 15 cm,. IsExternal: 0; WAHG: 1.6; WHLR: 4360BCB87730981; Project: Project Name; Building: The building; Storey: Level 2; Top Elevation: -0.9; Bottom Elevation: -2.5; Global Top Elevation: -0.9; Global Bottom Elevation: -2.5; Has Own Geometry: 1; Children Have Geometry: 0; Global X: -13.3767502845695; Global Y: -10.9838034072269; Global Z: -2.5; Bounding Box Length: 0.2630253851436; Bounding Box Width: 0.258564357795541; Bounding Box Height: 1.6
14io4P3NH5ZRVadwtiNd4k,Wall 15 cm,. IsExternal: 0; WAHG: 1.6; WHLR: 4360BCB87730777; Project: Project Name; Building: The building; Storey: Level 2; Top Elevation: -0.9; Bottom Elevation: -2.5; Global Top Elevation: -0.9; Global Bottom Elevation: -2.5; Has Own Geometry: 1; Children Have Geometry: 0; Global X: -11.1179401525068; Global Y: -10.3377315172706; Global Z: -2.5; Bounding Box Length: 0.233237175543723; Bounding Box Width: 0.17987378686707; Bounding Box Height: 1.6
1$cpfa8BLCyfwKc11D__wj,Wall 15 cm,. IsExternal: 0; WAHG: 1.6; WHLR: 4360BCB877309B0; Project: Project Name; Building: The building; Storey: Level 2; Top Elevation: -0.9; Bottom Elevation: -2.5; Global Top Elevation: -0.9; Global Bottom Elevation: -2.5; Has Own Geometry: 1; Children Have Geometry: 0; Global X: -13.5296459438077; Global Y: -11.1402653824146; Global Z: -2.5; Bounding Box Length: 0.258828529969271; Bounding Box Width: 0.26286060499949; Bounding Box Height: 1.6
3zbK5sSNT8y935XGqdqDDb,Wall 15 cm,. IsExternal: 0; WAHG: 1.6; WHLR: 4360BCB877306E6; Project: Project Name; Building: The building; Storey: Level 2; Top Elevation: -0.9; Bottom Elevation: -2.5; Global Top Elevation: -0.9; Global Bottom Elevation: -2.5; Has Own Geometry: 1; Children Have Geometry: 0; Global X: -10.503748408426; Global Y: -10.4444849987226; Global Z: -2.5; Bounding Box Length: 0.235729806140071; Bounding Box Width: 0.187879759750711; Bounding Box Height: 1.6
28tnWNNpzC9QIEaTeXxnY3,Wall 15 cm,. IsExternal: 0; WAHG: 1.6; WHLR: 4360BCB877307A7; Project: Project Name; Building: The building; Storey: Level 2; Top Elevation: -0.9; Bottom Elevation: -2.5; Global Top Elevation: -0.9; Global Bottom Elevation: -2.5; Has Own Geometry: 1; Children Have Geometry: 0; Global X: -11.333823521929; Global Y: -10.3064292692689; Global Z: -2.5; Bounding Box Length: 0.236591896349488; Bounding Box Width: 0.177447942717111; Bounding Box Height: 1.6
1WZQBvNuv8wg8KxuFPR2hB,Wall 15 cm,. IsExternal: 0; WAHG: 1.6; WHLR: 4360BCB87730863; Project: Project Name; Building: The building; Storey: Level 2; Top Elevation: -0.9; Bottom Elevation: -2.5; Global Top Elevation: -0.9; Global Bottom Elevation: -2.5; Has Own Geometry: 1; Children Have Geometry: 0; Global X: -12.2161848092471; Global Y: -10.3536228043654; Global Z: -2.5; Bounding Box Length: 0.246550911920476; Bounding Box Width: 0.194031027539273; Bounding Box Height: 1.6
3OjrFuAQ1ACAcxu4BTEgos,Wall 15 cm,. IsExternal: 0; WAHG: 1.6; WHLR: 4360BCB87730832; Project: Project Name; Building: The building; Storey: Level 2; Top Elevation: -0.9; Bottom Elevation: -2.5; Global Top Elevation: -0.9; Global Bottom Elevation: -2.5; Has Own Geometry: 1; Children Have Geometry: 0; Global X: -11.9958555066897; Global Y: -10.3074256996232; Global Z: -2.5; Bounding Box Length: 0.237056049205773; Bounding Box Width: 0.177574072764013; Bounding Box Height: 1.6
3D$jXz3WL6j98YlUTaxLXx,Wall 15 cm,. IsExternal: 0; WAHG: 1.6; WHLR: 4360BCB87730684; Project: Project Name; Building: The building; Storey: Level 2; Top Elevation: -0.9; Bottom Elevation: -2.5; Global Top Elevation: -0.9; Global Bottom Elevation: -2.5; Has Own Geometry: 1; Children Have Geometry: 0; Global X: -10.0986367400498; Global Y: -10.5511539063619; Global Z: -2.5; Bounding Box Length: 0.244141431492549; Bounding Box Width: 0.202714187517005; Bounding Box Height: 1.6
1WNmSadg95BRRKKPE6bpTd,Wall 50 cm,. IsExternal: 1; WAHG: 3; WHLR: 4360BCB8727E62B; Project: Project Name; Building: The building; Storey: Level 2; Top Elevation: 3; Bottom Elevation: 0; Global Top Elevation: 3; Global Bottom Elevation: 0; Has Own Geometry: 1; Children Have Geometry: 1; Global X: 9.95; Global Y: 1.35; Global Z: 0; Bounding Box Length: 0.5; Bounding Box Width: 10.8; Bounding Box Height: 3
34XxzunIbDufasPhtE1H9C,Opening Shape:Orthogonal,. Project: Project Name; Building: The building; Storey: Level 2; Top Elevation: 2; Bottom Elevation: 1; Global Top Elevation: 2; Global Bottom Elevation: 1; Has Own Geometry: 1; Children Have Geometry: 0; Global X: 9.95; Global Y: 2.5; Global Z: 1; Bounding Box Length: 0.5; Bounding Box Width: 0.900000000000001; Bounding Box Height: 1
1mKzYBAWr1MfbxX5U6QN4J,Opening Shape:Orthogonal,. Project: Project Name; Building: The building; Storey: Level 2; Top Elevation: 2; Bottom Elevation: 1; Global Top Elevation: 2; Global Bottom Elevation: 1; Has Own Geometry: 1; Children Have Geometry: 0; Global X: 9.95; Global Y: 10.1; Global Z: 1; Bounding Box Length: 0.5; Bounding Box Width: 0.900000000000002; Bounding Box Height: 1
0AjXxXzXPFcO0t8VgVkOPJ,Wall 50 cm,. IsExternal: 1; WAHG: 3; WHLR: 4360BCB8727E674; Project: Project Name; Building: The building; Storey: Level 2; Top Elevation: 3; Bottom Elevation: 0; Global Top Elevation: 3; Global Bottom Elevation: 0; Has Own Geometry: 1; Children Have Geometry: 1; Global X: 2.35; Global Y: 1.35; Global Z: 0; Bounding Box Length: 0.500000000000002; Bounding Box Width: 10.8; Bounding Box Height: 3
1ZzUazQTH1i9JJEmNgzjL$,Opening Shape:Orthogonal,. Project: Project Name; Building: The building; Storey: Level 2; Top Elevation: 2.2; Bottom Elevation: 1.2; Global Top Elevation: 2.2; Global Bottom Elevation: 1.2; Has Own Geometry: 1; Children Have Geometry: 0; Global X: 2.35; Global Y: 2.5; Global Z: 1.2; Bounding Box Length: 0.5; Bounding Box Width: 0.9; Bounding Box Height: 1
3VAyqK$fv44OUJYBPW57t6,Opening Shape:Orthogonal,. Project: Project Name; Building: The building; Storey: Level 2; Top Elevation: 2.2; Bottom Elevation: 1.2; Global Top Elevation: 2.2; Global Bottom Elevation: 1.2; Has Own Geometry: 1; Children Have Geometry: 0; Global X: 2.35; Global Y: 10.1; Global Z: 1.2; Bounding Box Length: 0.5; Bounding Box Width: 0.899999999999999; Bounding Box Height: 1
0ryRm50BL9eBPw1cdzVkwI,Opening Shape:Orthogonal,. Project: Project Name; Building: The building; Storey: Level 2; Top Elevation: 2.2; Bottom Elevation: 1.2; Global Top Elevation: 2.2; Global Bottom Elevation: 1.2; Has Own Geometry: 1; Children Have Geometry: 0; Global X: 2.35; Global Y: 6.95; Global Z: 1.2; Bounding Box Length: 0.5; Bounding Box Width: 0.899999999999999; Bounding Box Height: 1
0wkqZ1p$P0Uw1phwAI6moV,Wall 50 cm,. IsExternal: 1; WAHG: 3.5; WHLR: 4360BCB8728A943; Project: Project Name; Building: The building; Storey: Level 2; Top Elevation: 1.5; Bottom Elevation: -2; Global Top Elevation: 1.5; Global Bottom Elevation: -2; Has Own Geometry: 1; Children Have Geometry: 0; Global X: 1.4007374421954; Global Y: 26.8485656828285; Global Z: -2; Bounding Box Length: 10.0970289354051; Bounding Box Width: 2.02362188918783; Bounding Box Height: 3.5
1U5o$c7jT18xc__x_tvpRw,Wall 50 cm,. IsExternal: 1; WAHG: 3; WHLR: 4360BCB8727E612; Project: Project Name; Building: The building; Storey: Level 2; Top Elevation: 3; Bottom Elevation: 0; Global Top Elevation: 3; Global Bottom Elevation: 0; Has Own Geometry: 1; Children Have Geometry: 1; Global X: 2.65; Global Y: 1.35; Global Z: 0; Bounding Box Length: 7.5; Bounding Box Width: 0.5; Bounding Box Height: 3
0_vZzN7Sv0ahMOQXgR8cu6,Opening Shape:Arc,. Project: Project Name; Building: The building; Storey: Level 2; Top Elevation: 2.3; Bottom Elevation: 0.1; Global Top Elevation: 2.3; Global Bottom Elevation: 0.1; Has Own Geometry: 1; Children Have Geometry: 0; Global X: 3.51295098775062; Global Y: 1.35; Global Z: 0.1; Bounding Box Length: 1.2; Bounding Box Width: 0.5; Bounding Box Height: 2.2
2MIgPnIK1DVgWcchS1a658,Opening Shape:Orthogonal,. Project: Project Name; Building: The building; Storey: Level 2; Top Elevation: 2.3; Bottom Elevation: 0.1; Global Top Elevation: 2.3; Global Bottom Elevation: 0.1; Has Own Geometry: 1; Children Have Geometry: 0; Global X: 7.75; Global Y: 1.35; Global Z: 0.1; Bounding Box Length: 1.2; Bounding Box Width: 0.5; Bounding Box Height: 2.2
3mKL6ZbIr7XPe$UVGRZe$4,Wall 50 cm,. IsExternal: 1; WAHG: 3; WHLR: 4360BCB8727E64F; Project: Project Name; Building: The building; Storey: Level 2; Top Elevation: 3; Bottom Elevation: 0; Global Top Elevation: 3; Global Bottom Elevation: 0; Has Own Geometry: 1; Children Have Geometry: 1; Global X: 2.65; Global Y: 11.65; Global Z: 0; Bounding Box Length: 7.8; Bounding Box Width: 0.5; Bounding Box Height: 3
1O9P_VbOT2AxqF97SoAMX4,Opening Shape:Orthogonal,. Project: Project Name; Building: The building; Storey: Level 2; Top Elevation: 2.35; Bottom Elevation: 0.15; Global Top Elevation: 2.35; Global Bottom Elevation: 0.15; Has Own Geometry: 1; Children Have Geometry: 0; Global X: 3.95; Global Y: 11.65; Global Z: 0.15; Bounding Box Length: 0.9; Bounding Box Width: 0.5; Bounding Box Height: 2.2
2d4PIbHhDDgPIbJV9tH4ji,Wall 50 cm,. IsExternal: 1; WAHG: 4.5; WHLR: 4360BCB8728A60E; Project: Project Name; Building: The building; Storey: Level 2; Top Elevation: 1.5; Bottom Elevation: -3; Global Top Elevation: 1.5; Global Bottom Elevation: -3; Has Own Geometry: 1; Children Have Geometry: 0; Global X: 11.4490330666549; Global Y: -1.96128461682475; Global Z: -3; Bounding Box Length: 1.41214417801084; Bounding Box Width: 30.6133499258914; Bounding Box Height: 4.5
1oOPJBUBr0_hPfyXFmY5T2,Wall 15 cm,. IsExternal: 0; WAHG: 0.3; WHLR: 4360BCB876E0645; Project: Project Name; Building: The building; Storey: Level 2; Top Elevation: -0.7; Bottom Elevation: -1; Global Top Elevation: -0.7; Global Bottom Elevation: -1; Has Own Geometry: 1; Children Have Geometry: 0; Global X: 11.6; Global Y: -13.85; Global Z: -1; Bounding Box Length: 0.900000000000002; Bounding Box Width: 0.150000000000004; Bounding Box Height: 0.3
3l3MxhzuP4FhzmdhaHOmCT,Wall 30 cm,. IsExternal: 1; WAHG: 1.2; WHLR: 4360BCB8746E636; Project: Project Name; Building: The building; Storey: Level 2; Top Elevation: 0.2; Bottom Elevation: -1; Global Top Elevation: 0.2; Global Bottom Elevation: -1; Has Own Geometry: 1; Children Have Geometry: 0; Global X: -13.97074653149; Global Y: -1.99436585374059; Global Z: -1; Bounding Box Length: 0.308037708160821; Bounding Box Width: 3.50612608881462; Bounding Box Height: 1.2
3GQpm1N$nF6xsPIeLH3f2U,Wall 15 cm,. IsExternal: 0; WAHG: 0.3; WHLR: 4360BCB876E069A; Project: Project Name; Building: The building; Storey: Level 2; Top Elevation: -0.7; Bottom Elevation: -1; Global Top Elevation: -0.7; Global Bottom Elevation: -1; Has Own Geometry: 1; Children Have Geometry: 0; Global X: 11.6; Global Y: -13.85; Global Z: -1; Bounding Box Length: 0.149999999999999; Bounding Box Width: 2.55; Bounding Box Height: 0.3
1uz7kmEoj6zQK0odijpiI4,Wall 15 cm,. IsExternal: 0; WAHG: 0.3; WHLR: 4360BCB876E06BD; Project: Project Name; Building: The building; Storey: Level 2; Top Elevation: -0.7; Bottom Elevation: -1; Global Top Elevation: -0.7; Global Bottom Elevation: -1; Has Own Geometry: 1; Children Have Geometry: 0; Global X: 11.6; Global Y: -11.45; Global Z: -1; Bounding Box Length: 0.850000000000001; Bounding Box Width: 0.150000000000002; Bounding Box Height: 0.3
1cyAiYHTj2APQ99QQj4D9I,Wall 30 cm,. IsExternal: 1; WAHG: 2; WHLR: 4360BCB874593D4; Project: Project Name; Building: The building; Storey: Level 2; Top Elevation: -0.1; Bottom Elevation: -2.1; Global Top Elevation: -0.1; Global Bottom Elevation: -2.1; Has Own Geometry: 1; Children Have Geometry: 1; Global X: 2.35; Global Y: -6.25439478723485; Global Z: -2.1; Bounding Box Length: 10.0557222086071; Bounding Box Width: 0.3; Bounding Box Height: 2
0NCob9nSr2Buk38v1Orp41,Opening Shape:Orthogonal,. Project: Project Name; Building: The building; Storey: Level 2; Top Elevation: -0.3; Bottom Elevation: -2.1; Global Top Elevation: -0.3; Global Bottom Elevation: -2.1; Has Own Geometry: 1; Children Have Geometry: 0; Global X: 11.3245358939918; Global Y: -6.25439478723485; Global Z: -2.1; Bounding Box Length: 0.849999999999994; Bounding Box Width: 0.3; Bounding Box Height: 1.8
366tpAlA110ePJFXqMKoV0,Wall 30 cm,. IsExternal: 1; WAHG: 3; WHLR: 4360BCB875F1AF3; Project: Project Name; Building: The building; Storey: Level 2; Top Elevation: -0.5; Bottom Elevation: -3.5; Global Top Elevation: -0.5; Global Bottom Elevation: -3.5; Has Own Geometry: 1; Children Have Geometry: 0; Global X: -0.0104739028845531; Global Y: -15.1587526621989; Global Z: -3.5; Bounding Box Length: 0.515565576226641; Bounding Box Width: 1.07493283065664; Bounding Box Height: 3
1O3_YoJ_T1RApdWloDV2pp,Wall 30 cm,. IsExternal: 1; WAHG: 3; WHLR: 4360BCB8742F2D5; Project: Project Name; Building: The building; Storey: Level 2; Top Elevation: -0.5; Bottom Elevation: -3.5; Global Top Elevation: -0.5; Global Bottom Elevation: -3.5; Has Own Geometry: 1; Children Have Geometry: 0; Global X: 0.371305157901026; Global Y: -14.7590010335025; Global Z: -3.5; Bounding Box Length: 12.3474848393322; Bounding Box Width: 0.303333181403316; Bounding Box Height: 3
0NTnr43Uf9k8wfQnwpIEOC,Wall 10 cm,. IsExternal: 0; WAHG: 0.45; WHLR: 4360BCB8761C123; Project: Project Name; Building: The building; Storey: Level 2; Top Elevation: 0.1; Bottom Elevation: -0.35; Global Top Elevation: 0.1; Global Bottom Elevation: -0.35; Has Own Geometry: 1; Children Have Geometry: 0; Global X: -24.6819970468615; Global Y: 17.0495021252011; Global Z: -0.35; Bounding Box Length: 2.94563469109261; Bounding Box Width: 3.63333925320421; Bounding Box Height: 0.45
0ozKjjmOv6RBj0BytJPjZo,Wall 15 cm,. IsExternal: 0; WAHG: 1.1; WHLR: 4360BCB875BE5CB; Project: Project Name; Building: The building; Storey: Level 2; Top Elevation: -0.9; Bottom Elevation: -2; Global Top Elevation: -0.9; Global Bottom Elevation: -2; Has Own Geometry: 1; Children Have Geometry: 0; Global X: -2.0151381880354; Global Y: -14.7080853528662; Global Z: -2; Bounding Box Length: 0.57092079388346; Bounding Box Width: 0.195600673956468; Bounding Box Height: 1.1
0E4_BhEg12pwqWVsgv3YFO,Wall 50 cm,. IsExternal: 1; WAHG: 4.3; WHLR: 4360BCB874896A5; Project: Project Name; Building: The building; Storey: Level 2; Top Elevation: 0.3; Bottom Elevation: -4; Global Top Elevation: 0.3; Global Bottom Elevation: -4; Has Own Geometry: 1; Children Have Geometry: 0; Global X: 12.3864401597982; Global Y: -14.5722017905987; Global Z: -4; Bounding Box Length: 0.603260669303342; Bounding Box Width: 8.32597383694575; Bounding Box Height: 4.3
32sup4uyn51fdsTGTYAvnq,Wall 30 cm,. IsExternal: 1; WAHG: 1.2; WHLR: 4360BCB8746B275; Project: Project Name; Building: The building; Storey: Level 2; Top Elevation: 0.2; Bottom Elevation: -1; Global Top Elevation: 0.2; Global Bottom Elevation: -1; Has Own Geometry: 1; Children Have Geometry: 0; Global X: -13.97074653149; Global Y: -1.99436585374059; Global Z: -1; Bounding Box Length: 9.02074653148995; Bounding Box Width: 0.3; Bounding Box Height: 1.2
1pMqNNfUPBTvbKmhgknOrZ,Wall 50 cm,. IsExternal: 1; WAHG: 4.2; WHLR: 4360BCB8744739E; Project: Project Name; Building: The building; Storey: Level 2; Top Elevation: 0.2; Bottom Elevation: -4; Global Top Elevation: 0.2; Global Bottom Elevation: -4; Has Own Geometry: 1; Children Have Geometry: 0; Global X: -24.7679039220432; Global Y: -19.1264784613945; Global Z: -4; Bounding Box Length: 2.36237535836921; Bounding Box Width: 15.9316862194584; Bounding Box Height: 4.2
3GXiI$HrL83uWYMuS8pZIs,Wall 30 cm,. IsExternal: 1; WAHG: 2.1; WHLR: 4360BCB874598B6; Project: Project Name; Building: The building; Storey: Level 2; Top Elevation: -0.1; Bottom Elevation: -2.2; Global Top Elevation: -0.1; Global Bottom Elevation: -2.2; Has Own Geometry: 1; Children Have Geometry: 0; Global X: 2.35; Global Y: -5.95439478723485; Global Z: -2.2; Bounding Box Length: 0.299999999999999; Bounding Box Width: 3.98330167121784; Bounding Box Height: 2.1
1zCbij0gH8S9z8N7nl7ByL,Wall 10 cm,. IsExternal: 0; WAHG: 0.17; WHLR: 4360BCB87574A56; Project: Project Name; Building: The building; Storey: Level 2; Top Elevation: -0.83; Bottom Elevation: -1; Global Top Elevation: -0.83; Global Bottom Elevation: -1; Has Own Geometry: 1; Children Have Geometry: 0; Global X: -3.65000186427281; Global Y: -6.6; Global Z: -1; Bounding Box Length: 0.100010151196739; Bounding Box Width: 0.644520824309916; Bounding Box Height: 0.17
2s23$KX_570QPzz3TXWGcq,Wall 10 cm,. IsExternal: 0; WAHG: 0.45; WHLR: 4360BCB8761BEC2; Project: Project Name; Building: The building; Storey: Level 2; Top Elevation: 0.1; Bottom Elevation: -0.35; Global Top Elevation: 0.1; Global Bottom Elevation: -0.35; Has Own Geometry: 1; Children Have Geometry: 0; Global X: -24.6584119251175; Global Y: 9.10514497853111; Global Z: -0.35; Bounding Box Length: 0.956124364279418; Bounding Box Width: 7.95660390987286; Bounding Box Height: 0.45
0zGiMjNHb8ZPVkv2$xR2Wh,Wall 10 cm,. IsExternal: 0; WAHG: 0.17; WHLR: 4360BCB87574A73; Project: Project Name; Building: The building; Storey: Level 2; Top Elevation: -0.83; Bottom Elevation: -1; Global Top Elevation: -0.83; Global Bottom Elevation: -1; Has Own Geometry: 1; Children Have Geometry: 0; Global X: -3.65000186427281; Global Y: -6.6; Global Z: -1; Bounding Box Length: 3.43853457457966; Bounding Box Width: 0.100000000000001; Bounding Box Height: 0.17
063GpBb$XA4uMf2rX0TOfO,Wall 30 cm,. IsExternal: 1; WAHG: 1.05; WHLR: 4360BCB875F184E; Project: Project Name; Building: The building; Storey: Level 2; Top Elevation: -0.95; Bottom Elevation: -2; Global Top Elevation: -0.95; Global Bottom Elevation: -2; Has Own Geometry: 1; Children Have Geometry: 0; Global X: -1.77066777313929; Global Y: -14.7708204185803; Global Z: -2; Bounding Box Length: 0.519194732353188; Bounding Box Width: 1.08018068149625; Bounding Box Height: 1.05
1luT1gFkT4CvtOPa_5IAJh,Wall 10 cm,. IsExternal: 0; WAHG: 0.45; WHLR: 4360BCB8761C8BB; Project: Project Name; Building: The building; Storey: Level 2; Top Elevation: 0.1; Bottom Elevation: -0.35; Global Top Elevation: 0.1; Global Bottom Elevation: -0.35; Has Own Geometry: 1; Children Have Geometry: 0; Global X: -25.7981725997855; Global Y: 9.10514497853111; Global Z: -0.35; Bounding Box Length: 2.09588503894739; Bounding Box Width: 0.0999999999999996; Bounding Box Height: 0.45
2tALT1CIX9$f_g5lPQK30s,Wall 50 cm,. IsExternal: 1; WAHG: 3; WHLR: 4360BCB87405D88; Project: Project Name; Building: The building; Storey: Level 2; Top Elevation: -2; Bottom Elevation: -5; Global Top Elevation: -2; Global Bottom Elevation: -5; Has Own Geometry: 1; Children Have Geometry: 0; Global X: -22.9021098711229; Global Y: -22.5447792050604; Global Z: -5; Bounding Box Length: 0.906438648733115; Bounding Box Width: 3.47784482278539; Bounding Box Height: 3
2_C2MuoFbENRei8aMd$EVe,Wall 20 cm,. IsExternal: 0; WAHG: 0.6; WHLR: 4360BCB8762F972; Project: Project Name; Building: The building; Storey: Level 2; Top Elevation: -3.1; Bottom Elevation: -3.7; Global Top Elevation: -3.1; Global Bottom Elevation: -3.7; Has Own Geometry: 1; Children Have Geometry: 0; Global X: 10.0067690054348; Global Y: -25.4301266803657; Global Z: -3.7; Bounding Box Length: 0.650619840672775; Bounding Box Width: 3.17650616126709; Bounding Box Height: 0.600000000000001
3G5D8RSoP1ggyrnXxoKVP4,Wall 10 cm,. IsExternal: 0; WAHG: 0.17; WHLR: 4360BCB87672344; Project: Project Name; Building: The building; Storey: Level 2; Top Elevation: -0.83; Bottom Elevation: -1; Global Top Elevation: -0.83; Global Bottom Elevation: -1; Has Own Geometry: 1; Children Have Geometry: 0; Global X: -0.315423894449482; Global Y: -6.5; Global Z: -1; Bounding Box Length: 0.100008284294572; Bounding Box Width: 0.44437830603414; Bounding Box Height: 0.17
3SdCUcLazEUvL8pMIMXhP5,Wall 50 cm,. IsExternal: 1; WAHG: 3.5; WHLR: 4360BCB874D72DF; Project: Project Name; Building: The building; Storey: Level 2; Top Elevation: -0.5; Bottom Elevation: -4; Global Top Elevation: -0.5; Global Bottom Elevation: -4; Has Own Geometry: 1; Children Have Geometry: 0; Global X: 12.3666355723996; Global Y: -22.8089430502636; Global Z: -4; Bounding Box Length: 0.623065256701928; Bounding Box Width: 8.23735229460631; Bounding Box Height: 3.5
3c1zxkYC5A1QUQbv0eKpio,Wall 20 cm,. IsExternal: 0; WAHG: 0.6; WHLR: 4360BCB8762D377; Project: Project Name; Building: The building; Storey: Level 2; Top Elevation: -3.1; Bottom Elevation: -3.7; Global Top Elevation: -3.1; Global Bottom Elevation: -3.7; Has Own Geometry: 1; Children Have Geometry: 0; Global X: -21.6612060502316; Global Y: -21.5; Global Z: -3.7; Bounding Box Length: 1.19963312140608; Bounding Box Width: 2.90893200825142; Bounding Box Height: 0.600000000000001
1X1$uiMP1BYPBxKCVVb3KN,Wall 10 cm,. IsExternal: 0; WAHG: 0.17; WHLR: 4360BCB87576BE2; Project: Project Name; Building: The building; Storey: Level 2; Top Elevation: -0.83; Bottom Elevation: -1; Global Top Elevation: -0.83; Global Bottom Elevation: -1; Has Own Geometry: 1; Children Have Geometry: 0; Global X: -3.64998984875834; Global Y: -6.05562615355494; Global Z: -1; Bounding Box Length: 3.43892190505645; Bounding Box Width: 0.100146977864854; Bounding Box Height: 0.17
0uwolxaTr0v8uBC52H0CZ7,Wall 30 cm,. IsExternal: 1; WAHG: 2.1; WHLR: 4360BCB87459337; Project: Project Name; Building: The building; Storey: Level 2; Top Elevation: -0.1; Bottom Elevation: -2.2; Global Top Elevation: -0.1; Global Bottom Elevation: -2.2; Has Own Geometry: 1; Children Have Geometry: 0; Global X: 2.35; Global Y: -2.27109311601701; Global Z: -2.2; Bounding Box Length: 10.0113993659685; Bounding Box Width: 0.3; Bounding Box Height: 2.1
1Mxh9gznP3Du7Ij1sxyDqc,Wall 15 cm,. IsExternal: 0; WAHG: 1.6; WHLR: 4360BCB87730B5C; Project: Project Name; Building: The building; Storey: Level 2; Top Elevation: -0.9; Bottom Elevation: -2.5; Global Top Elevation: -0.9; Global Bottom Elevation: -2.5; Has Own Geometry: 1; Children Have Geometry: 0; Global X: -5.33559639194601; Global Y: -13.768950866546; Global Z: -2.5; Bounding Box Length: 2.71046085725074; Bounding Box Width: 0.717231467731271; Bounding Box Height: 1.6
3GRqSFAUf8gw_uv3D48D18,Wall 15 cm,. IsExternal: 0; WAHG: 1.6; WHLR: 4360BCB87730CFC; Project: Project Name; Building: The building; Storey: Level 2; Top Elevation: -0.4; Bottom Elevation: -2; Global Top Elevation: -0.4; Global Bottom Elevation: -2; Has Own Geometry: 1; Children Have Geometry: 0; Global X: -2.6686934325531; Global Y: -14.5124846789097; Global Z: -2; Bounding Box Length: 0.675318566439608; Bounding Box Width: 0.888845180516746; Bounding Box Height: 1.6
3QYzP1oNPF7gA5WD_i8VdV,Wall 50 cm,. IsExternal: 1; WAHG: 1.8; WHLR: 4360BCB877D4230; Project: Project Name; Building: The building; Storey: Level 2; Top Elevation: -1.7; Bottom Elevation: -3.5; Global Top Elevation: -1.7; Global Bottom Elevation: -3.5; Has Own Geometry: 1; Children Have Geometry: 0; Global X: -14.8411078749359; Global Y: -19.3987630676613; Global Z: -3.5; Bounding Box Length: 12.3417112151377; Bounding Box Width: 3.17081110009559; Bounding Box Height: 1.8
2Qc5w61g9FERnLG9T9UOAP,Wall 50 cm,. IsExternal: 1; WAHG: 1.9; WHLR: 4360BCB877E8F9D; Project: Project Name; Building: The building; Storey: Level 2; Top Elevation: -3.1; Bottom Elevation: -5; Global Top Elevation: -3.1; Global Bottom Elevation: -5; Has Own Geometry: 1; Children Have Geometry: 0; Global X: -22.162766198392; Global Y: -22.469362720256; Global Z: -5; Bounding Box Length: 6.85316599857654; Bounding Box Width: 2.80483257793511; Bounding Box Height: 1.9
3QnMeJlcH6NP6QhF$JEtL8,Wall 50 cm,. IsExternal: 1; WAHG: 2.5; WHLR: 4360BCB877EB03B; Project: Project Name; Building: The building; Storey: Level 2; Top Elevation: -2.5; Bottom Elevation: -5; Global Top Elevation: -2.5; Global Bottom Elevation: -5; Has Own Geometry: 1; Children Have Geometry: 0; Global X: 11.8548426803855; Global Y: -26.409052399942; Global Z: -5; Bounding Box Length: 1.02986628763767; Bounding Box Width: 3.74832451296931; Bounding Box Height: 2.5
0ovnh0pvn81Q9zrMHjh2T_,Wall 30 cm,. IsExternal: 1; WAHG: 2.05; WHLR: 4360BCB87807D13; Project: Project Name; Building: The building; Storey: Level 2; Top Elevation: 1.85; Bottom Elevation: -0.2; Global Top Elevation: 1.85; Global Bottom Elevation: -0.2; Has Own Geometry: 1; Children Have Geometry: 0; Global X: 2.35; Global Y: 12.15; Global Z: -0.2; Bounding Box Length: 0.299999999999999; Bounding Box Width: 2.9; Bounding Box Height: 2.05
3ecPVC0efFPOpUErxnK9iR,Wall 20 cm,. IsExternal: 1; WAHG: 2; WHLR: 4360BCB87807DB3; Project: Project Name; Building: The building; Storey: Level 2; Top Elevation: 1.8; Bottom Elevation: -0.2; Global Top Elevation: 1.8; Global Bottom Elevation: -0.2; Has Own Geometry: 1; Children Have Geometry: 0; Global X: 3.85; Global Y: 13.75; Global Z: -0.2; Bounding Box Length: 1.4; Bounding Box Width: 0.199999999999998; Bounding Box Height: 2
1FaVKT55nBHAs70cvVDes$,Wall 40 cm,. IsExternal: 1; WAHG: 1.65; WHLR: 4360BCB87888042; Project: Project Name; Building: The building; Storey: Level 2; Top Elevation: 1.45; Bottom Elevation: -0.2; Global Top Elevation: 1.45; Global Bottom Elevation: -0.2; Has Own Geometry: 1; Children Have Geometry: 0; Global X: 5.25; Global Y: 13.75; Global Z: -0.2; Bounding Box Length: 1.2; Bounding Box Width: 0.4; Bounding Box Height: 1.65
1RVSJpLSH47uTpiKojJCIX,Wall 50 cm,. IsExternal: 1; WAHG: 1.3; WHLR: 4360BCB8790800C; Project: Project Name; Building: The building; Storey: Level 2; Top Elevation: 1.1; Bottom Elevation: -0.2; Global Top Elevation: 1.1; Global Bottom Elevation: -0.2; Has Own Geometry: 1; Children Have Geometry: 0; Global X: -0.748026229350658; Global Y: 4.07182951569729; Global Z: -0.2; Bounding Box Length: 0.798026229350658; Bounding Box Width: 5.92817048430271; Bounding Box Height: 1.3
0mGkhDJITF$wEDgilBcwWj,Wall 40 cm,. IsExternal: 1; WAHG: 1.85; WHLR: 4360BCB87884561; Project: Project Name; Building: The building; Storey: Level 2; Top Elevation: 1.65; Bottom Elevation: -0.2; Global Top Elevation: 1.65; Global Bottom Elevation: -0.2; Has Own Geometry: 1; Children Have Geometry: 0; Global X: 6.45; Global Y: 13.75; Global Z: -0.2; Bounding Box Length: 5.5; Bounding Box Width: 0.4; Bounding Box Height: 1.85
1HwhH4nBb1UxkZSbDGA_KA,Wall 15 cm,. IsExternal: 0; WAHG: 2.5; WHLR: 4360BCB877C0C6E; Project: Project Name; Building: The building; Storey: Level 2; Top Elevation: -1; Bottom Elevation: -3.5; Global Top Elevation: -1; Global Bottom Elevation: -3.5; Has Own Geometry: 1; Children Have Geometry: 0; Global X: -14.8815002742183; Global Y: -16.2279519675657; Global Z: -3.5; Bounding Box Length: 0.21166176769847; Bounding Box Width: 0.331324840896691; Bounding Box Height: 2.5
3y8RPEf052DfIcpt0ANqiQ,Wall 20 cm,. IsExternal: 1; WAHG: 2; WHLR: 4360BCB8782D5C0; Project: Project Name; Building: The building; Storey: Level 2; Top Elevation: 1.8; Bottom Elevation: -0.2; Global Top Elevation: 1.8; Global Bottom Elevation: -0.2; Has Own Geometry: 1; Children Have Geometry: 0; Global X: 3.85; Global Y: 13.75; Global Z: -0.2; Bounding Box Length: 0.199999999999999; Bounding Box Width: 1.3; Bounding Box Height: 2
13zblVsD1BvPkSTSPeVHJ9,Wall 15 cm,. IsExternal: 0; WAHG: 1.6; WHLR: 4360BCB87730BAC; Project: Project Name; Building: The building; Storey: Level 2; Top Elevation: -0.9; Bottom Elevation: -2.5; Global Top Elevation: -0.9; Global Bottom Elevation: -2.5; Has Own Geometry: 1; Children Have Geometry: 0; Global X: -5.66389197918719; Global Y: -13.1635931646792; Global Z: -2.5; Bounding Box Length: 0.211373108315175; Bounding Box Width: 0.190517722829545; Bounding Box Height: 1.6
2lgo7j79n6FgGfy_KRplfI,Wall 50 cm,. IsExternal: 1; WAHG: 4.8; WHLR: 4360BCB8787E010; Project: Project Name; Building: The building; Storey: Level 2; Top Elevation: 0.8; Bottom Elevation: -4; Global Top Elevation: 0.8; Global Bottom Elevation: -4; Has Own Geometry: 1; Children Have Geometry: 0; Global X: -25.986492289278; Global Y: -3.25316179814749; Global Z: -4; Bounding Box Length: 1.71488626448721; Bounding Box Width: 10.0189270842755; Bounding Box Height: 4.8
3_0osZOBD7tgZhLD6EjsvO,Wall 15 cm,. IsExternal: 0; WAHG: 1.6; WHLR: 4360BCB87733B85; Project: Project Name; Building: The building; Storey: Level 2; Top Elevation: -0.9; Bottom Elevation: -2.5; Global Top Elevation: -0.9; Global Bottom Elevation: -2.5; Has Own Geometry: 1; Children Have Geometry: 0; Global X: -3.60936249390374; Global Y: -18.3429249295691; Global Z: -2.5; Bounding Box Length: 0.943714823535233; Bounding Box Width: 0.674854567613068; Bounding Box Height: 1.6
1Ye1FesU94MhbwLJHRgBid,Wall 50 cm,. IsExternal: 1; WAHG: 1; WHLR: 4360BCB8790616A; Project: Project Name; Building: The building; Storey: Level 2; Top Elevation: 0.8; Bottom Elevation: -0.2; Global Top Elevation: 0.8; Global Bottom Elevation: -0.2; Has Own Geometry: 1; Children Have Geometry: 0; Global X: -0.449213551230097; Global Y: -2.38094829666955; Global Z: -0.2; Bounding Box Length: 0.899213551230098; Bounding Box Width: 6.48094829666955; Bounding Box Height: 1
2uRn8Q9xb1GO0knyGADLSf,Wall 30 cm,. IsExternal: 1; WAHG: 1.2; WHLR: 4360BCB8773AA48; Project: Project Name; Building: The building; Storey: Level 2; Top Elevation: 0.45; Bottom Elevation: -0.75; Global Top Elevation: 0.45; Global Bottom Elevation: -0.75; Has Own Geometry: 1; Children Have Geometry: 0; Global X: 12.1491015247878; Global Y: -13.1726003325181; Global Z: -0.75; Bounding Box Length: 0.300000000000001; Bounding Box Width: 1.2; Bounding Box Height: 1.2
3LVOoYO8b5jhU7nx1hemtv,Wall 50 cm,. IsExternal: 1; WAHG: 1.6; WHLR: 4360BCB8790806A; Project: Project Name; Building: The building; Storey: Level 2; Top Elevation: 1.4; Bottom Elevation: -0.2; Global Top Elevation: 1.4; Global Bottom Elevation: -0.2; Has Own Geometry: 1; Children Have Geometry: 0; Global X: -1.3939776158423; Global Y: 9.94847885206832; Global Z: -0.2; Bounding Box Length: 1.1439776158423; Bounding Box Width: 4.20152114793168; Bounding Box Height: 1.6
3aJEzwexL1aeNX_RHeF9TB,Wall 15 cm,. IsExternal: 0; WAHG: 1.6; WHLR: 4360BCB87730B7D; Project: Project Name; Building: The building; Storey: Level 2; Top Elevation: -0.9; Bottom Elevation: -2.5; Global Top Elevation: -0.9; Global Bottom Elevation: -2.5; Has Own Geometry: 1; Children Have Geometry: 0; Global X: -5.48816273281204; Global Y: -13.1982122846376; Global Z: -2.5; Bounding Box Length: 0.184826973584303; Bounding Box Width: 0.180344310773355; Bounding Box Height: 1.6
0an1Zh9Jz06OQs6iHOsPSq,Storey 2 - Slab 10 (15 cm),. HWPO: 1; SC2D: 6; SC3D1: 11; SC3D2: 8; SCSC: 252; Project: Project Name; Building: The building; Storey: Level 2; Top Elevation: -0.85; Bottom Elevation: -1; Global Top Elevation: -0.85; Global Bottom Elevation: -1; Has Own Geometry: 1; Children Have Geometry: 0; Global X: -24.069097635385; Global Y: -5.95355933473185; Global Z: -1; Bounding Box Length: 10.1313140551703; Bounding Box Width: 1.01386101782994; Bounding Box Height: 0.15
2TXiIVFJ11C9And4N9ulFE,Storey 2 - Slab 11 (15 cm),. HWPO: 1; SC2D: 6; SC3D1: 11; SC3D2: 8; SCSC: 252; Project: Project Name; Building: The building; Storey: Level 2; Top Elevation: -0.53; Bottom Elevation: -0.68; Global Top Elevation: -0.53; Global Bottom Elevation: -0.68; Has Own Geometry: 1; Children Have Geometry: 0; Global X: -24.3951329193074; Global Y: 0.283474202645749; Global Z: -0.68; Bounding Box Length: 9.24513291930743; Bounding Box Width: 1.2; Bounding Box Height: 0.15
3YsP6bJ1TBtBkIIiAnlBEW,Storey 2 - Slab 8 (34 cm),. HWPO: 1; SC2D: 6; SC3D1: 24; SC3D2: 24; SCSC: 24; Project: Project Name; Building: The building; Storey: Level 2; Top Elevation: -0.34; Bottom Elevation: -0.68; Global Top Elevation: -0.34; Global Bottom Elevation: -0.68; Has Own Geometry: 1; Children Have Geometry: 0; Global X: -25.630035964393; Global Y: 1.48347420264575; Global Z: -0.68; Bounding Box Length: 1.15808715345178; Bounding Box Width: 6.42317251954766; Bounding Box Height: 0.34
0GGPN4VJbEu8TOw6gVikeC,Storey 2 - Slab 9 (34 cm),. HWPO: 1; SC2D: 6; SC3D1: 8; SC3D2: 8; SCSC: 8; Project: Project Name; Building: The building; Storey: Level 2; Top Elevation: -0.665; Bottom Elevation: -1; Global Top Elevation: -0.665; Global Bottom Elevation: -1; Has Own Geometry: 1; Children Have Geometry: 0; Global X: -24.841944041824; Global Y: -1.63421284087543; Global Z: -1; Bounding Box Length: 0.369995230882729; Bounding Box Width: 3.11768704352118; Bounding Box Height: 0.335
0vxHfE6jrDU916H9dbsj5z,Storey 2 - Slab 12 (15 cm),. HWPO: 1; SC2D: 6; SC3D1: 11; SC3D2: 8; SCSC: 252; Project: Project Name; Building: The building; Storey: Level 2; Top Elevation: -0.19; Bottom Elevation: -0.34; Global Top Elevation: -0.19; Global Bottom Elevation: -0.34; Has Own Geometry: 1; Children Have Geometry: 0; Global X: -25.630035964393; Global Y: 6.70664672219341; Global Z: -0.34; Bounding Box Length: 11.6922523841783; Bounding Box Width: 1.2; Bounding Box Height: 0.15
0nND8ivBvB3B2Xkoaegbm2,Storey 2 - Slab 13 (15 cm),. HWPO: 1; SC2D: 6; SC3D1: 8; SC3D2: 8; SCSC: 8; Project: Project Name; Building: The building; Storey: Level 2; Top Elevation: -2.05; Bottom Elevation: -2.2; Global Top Elevation: -2.05; Global Bottom Elevation: -2.2; Has Own Geometry: 1; Children Have Geometry: 0; Global X: 2.35; Global Y: -6.25439478723485; Global Z: -2.2; Bounding Box Length: 10.1068313863628; Bounding Box Width: 4.30439478723485; Bounding Box Height: 0.149999999999999
3TOydMY1D7O8Zc0cF5dPYm,Storey 2 - Slab 4 (20 cm),. HWPO: 1; SC2D: 6; SC3D1: 28; SC3D2: 8; SCSC: 28; Project: Project Name; Building: The building; Storey: Level 2; Top Elevation: -3.5; Bottom Elevation: -3.7; Global Top Elevation: -3.5; Global Bottom Elevation: -3.7; Has Own Geometry: 1; Children Have Geometry: 0; Global X: -22.45; Global Y: -25.8089020359879; Global Z: -3.7; Bounding Box Length: 34.8459222933705; Bounding Box Width: 9.28677241180414; Bounding Box Height: 0.2
2HYzEFTlL95v86SpunNq5K,Storey 2 - Slab 5 (15 cm),. HWPO: 1; SC2D: 6; SC3D1: 35; SC3D2: 8; SCSC: 8; Project: Project Name; Building: The building; Storey: Level 2; Top Elevation: 1.4; Bottom Elevation: 1.25; Global Top Elevation: 1.4; Global Bottom Elevation: 1.25; Has Own Geometry: 1; Children Have Geometry: 0; Global X: 5.83491561564431; Global Y: 19.112583397353; Global Z: 1.25; Bounding Box Length: 5.7758497720396; Bounding Box Width: 8.85996865386986; Bounding Box Height: 0.15
2FJybgbafFquInFfUfHiLi,Storey 2 - Slab 6 (15 cm),. HWPO: 1; SC2D: 6; SC3D1: 8; SC3D2: 8; SCSC: 8; Project: Project Name; Building: The building; Storey: Level 2; Top Elevation: -1; Bottom Elevation: -1.15; Global Top Elevation: -1; Global Bottom Elevation: -1.15; Has Own Geometry: 1; Children Have Geometry: 1; Global X: -23.9482980763131; Global Y: -18.442884150935; Global Z: -1.15; Bounding Box Length: 36.5171000707804; Bounding Box Width: 12.5311849085601; Bounding Box Height: 0.15
26838RX4HEaBmgK_nfXfCl,Storey 2 - Slab 6 (15 cm) - Opening 1,. Project: Project Name; Building: The building; Storey: Level 2; Top Elevation: -1; Bottom Elevation: -1.15; Global Top Elevation: -1; Global Bottom Elevation: -1.15; Has Own Geometry: 1; Children Have Geometry: 0; Global X: 11.2049754123613; Global Y: -8.25; Global Z: -1.15; Bounding Box Length: 1.20421584691282; Bounding Box Width: 2.28854123658123; Bounding Box Height: 0.15
1lVKrsBrrEjuE2zw_ueTDl,Storey 2 - Slab 6 (15 cm) - Opening 2,. Project: Project Name; Building: The building; Storey: Level 2; Top Elevation: -1; Bottom Elevation: -1.15; Global Top Elevation: -1; Global Bottom Elevation: -1.15; Has Own Geometry: 1; Children Have Geometry: 0; Global X: -15.1952163671589; Global Y: -15.0410232961534; Global Z: -1.15; Bounding Box Length: 0.985242804255638; Bounding Box Width: 3.46039989230007; Bounding Box Height: 0.15
28MmvEYOn3cewcCeDTqQNU,Storey 2 - Slab 6 (15 cm) - Opening 3,. Project: Project Name; Building: The building; Storey: Level 2; Top Elevation: -1; Bottom Elevation: -1.15; Global Top Elevation: -1; Global Bottom Elevation: -1.15; Has Own Geometry: 1; Children Have Geometry: 0; Global X: -5.952714987422; Global Y: -13.3037881747836; Global Z: -1.15; Bounding Box Length: 3.56287298950111; Bounding Box Width: 1.03852506720651; Bounding Box Height: 0.15
0iFiGtp8P2pOWAQlnVVK5T,Storey 2 - Slab 7 (15 cm),. HWPO: 1; SC2D: 6; SC3D1: 39; SC3D2: 8; SCSC: 8; Project: Project Name; Building: The building; Storey: Level 2; Top Elevation: -1.8; Bottom Elevation: -1.95; Global Top Elevation: -1.8; Global Bottom Elevation: -1.95; Has Own Geometry: 1; Children Have Geometry: 1; Global X: -0.45435394673133; Global Y: -22.2504935551; Global Z: -1.95; Bounding Box Length: 13.0231559411986; Bounding Box Width: 7.64077333802579; Bounding Box Height: 0.15
0uNPW_2ub8pxkxhmLEj6Ss,Storey 2 - Slab 7 (15 cm) - Opening 1,. Project: Project Name; Building: The building; Storey: Level 2; Top Elevation: -1.8; Bottom Elevation: -1.95; Global Top Elevation: -1.8; Global Bottom Elevation: -1.95; Has Own Geometry: 1; Children Have Geometry: 0; Global X: -0.207931162916196; Global Y: -19.6553542231794; Global Z: -1.95; Bounding Box Length: 2.3769622780959; Bounding Box Width: 2.41813368014144; Bounding Box Height: 0.15
0jnLpWHqj8GfTG8o0xWdsZ,Storey 2 - Slab 1 (14 cm),. HWPO: 1; SC2D: 6; SC3D1: 36; SC3D2: 132; SCSC: 132; Project: Project Name; Building: The building; Storey: Level 2; Top Elevation: 0; Bottom Elevation: -0.14; Global Top Elevation: 0; Global Bottom Elevation: -0.14; Has Own Geometry: 1; Children Have Geometry: 0; Global X: 2.35; Global Y: 1.35; Global Z: -0.14; Bounding Box Length: 8.1; Bounding Box Width: 10.8; Bounding Box Height: 0.14
0304WOunrEEOzUz4ybsxGs,Storey 2 - Slab 2 (14 cm),. HWPO: 1; SC2D: 6; SC3D1: 35; SC3D2: 132; SCSC: 35; Project: Project Name; Building: The building; Storey: Level 2; Top Elevation: 0; Bottom Elevation: -0.14; Global Top Elevation: 0; Global Bottom Elevation: -0.14; Has Own Geometry: 1; Children Have Geometry: 0; Global X: 2.35; Global Y: -1.95; Global Z: -0.14; Bounding Box Length: 10.4041353507598; Bounding Box Width: 3.3; Bounding Box Height: 0.14
0rfWYVOEL6IBoiGC6Ggbel,Storey 2 - Slab 3 (20 cm),. HWPO: 1; SC2D: 6; SC3D1: 35; SC3D2: 132; SCSC: 252; Project: Project Name; Building: The building; Storey: Level 2; Top Elevation: -0.1; Bottom Elevation: -0.3; Global Top Elevation: -0.1; Global Bottom Elevation: -0.3; Has Own Geometry: 1; Children Have Geometry: 0; Global X: 2.35; Global Y: -6.25447075701719; Global Z: -0.3; Bounding Box Length: 10.4041353507598; Bounding Box Width: 4.30447075701719; Bounding Box Height: 0.2
3uFMIJIZr74w08m4FjnvLn,Storey 2 - Slab 46 (17 cm),. HWPO: 1; SC2D: 6; SC3D1: 35; SC3D2: 8; SCSC: 35; Project: Project Name; Building: The building; Storey: Level 2; Top Elevation: -1.78; Bottom Elevation: -1.95; Global Top Elevation: -1.78; Global Bottom Elevation: -1.95; Has Own Geometry: 1; Children Have Geometry: 0; Global X: 3.86198003393242; Global Y: -18.022492787615; Global Z: -1.95; Bounding Box Length: 0.861144115044567; Bounding Box Width: 0.543880493712358; Bounding Box Height: 0.17
1YKJk2QzPAcO7gGFuEpQX6,Storey 2 - Slab 35 (5 cm),. HWPO: 1; SC2D: 6; SC3D1: 21; SC3D2: 8; SCSC: 21; Project: Project Name; Building: The building; Storey: Level 2; Top Elevation: -1.85; Bottom Elevation: -1.9; Global Top Elevation: -1.85; Global Bottom Elevation: -1.9; Has Own Geometry: 1; Children Have Geometry: 0; Global X: -14.6451053668657; Global Y: -18.1880902319776; Global Z: -1.9; Bounding Box Length: 12.5135549866048; Bounding Box Width: 7.93362704080069; Bounding Box Height: 0.0500000000000007
2ep4dv$Vv3HQ5zlXWXm9xo,Storey 2 - Slab 51 (17 cm),. HWPO: 1; SC2D: 6; SC3D1: 35; SC3D2: 8; SCSC: 35; Project: Project Name; Building: The building; Storey: Level 2; Top Elevation: -1.78; Bottom Elevation: -1.95; Global Top Elevation: -1.78; Global Bottom Elevation: -1.95; Has Own Geometry: 1; Children Have Geometry: 0; Global X: 2.7800308753632; Global Y: -17.1630787444172; Global Z: -1.95; Bounding Box Length: 0.54388049371236; Bounding Box Width: 0.861144115044567; Bounding Box Height: 0.17
2UYXrd3ijBnQ9lzWvFHNkH,Storey 2 - Slab 33 (13 cm),. HWPO: 1; SC2D: 6; SC3D1: 24; SC3D2: 8; SCSC: 24; Project: Project Name; Building: The building; Storey: Level 2; Top Elevation: -0.87; Bottom Elevation: -1; Global Top Elevation: -0.87; Global Bottom Elevation: -1; Has Own Geometry: 1; Children Have Geometry: 0; Global X: -3.55; Global Y: -6.5; Global Z: -1; Bounding Box Length: 3.35; Bounding Box Width: 0.446193886840732; Bounding Box Height: 0.13
38V8bfc99BwP9Ttmgkwulj,Storey 2 - Slab 52 (17 cm),. HWPO: 1; SC2D: 6; SC3D1: 35; SC3D2: 8; SCSC: 35; Project: Project Name; Building: The building; Storey: Level 2; Top Elevation: -1.78; Bottom Elevation: -1.95; Global Top Elevation: -1.78; Global Bottom Elevation: -1.95; Has Own Geometry: 1; Children Have Geometry: 0; Global X: 3.36487687924977; Global Y: -17.2755815540448; Global Z: -1.95; Bounding Box Length: 0.54388049371236; Bounding Box Width: 0.861144115044567; Bounding Box Height: 0.17
1U3YvlkJn4sex0oZ09MeLA,Storey 2 - Slab 42 (58 cm),. HWPO: 1; SC2D: 6; SC3D1: 24; SC3D2: 8; SCSC: 8; Project: Project Name; Building: The building; Storey: Level 2; Top Elevation: -3.12; Bottom Elevation: -3.7; Global Top Elevation: -3.12; Global Bottom Elevation: -3.7; Has Own Geometry: 1; Children Have Geometry: 0; Global X: 10.2047329757069; Global Y: -25.8089020359879; Global Z: -3.7; Bounding Box Length: 2.19035605847117; Bounding Box Width: 3.5268163368597; Bounding Box Height: 0.58
374KhjsFTFUAQj_XhRMh$C,Storey 2 - Slab 48 (17 cm),. HWPO: 1; SC2D: 6; SC3D1: 35; SC3D2: 8; SCSC: 35; Project: Project Name; Building: The building; Storey: Level 2; Top Elevation: -1.78; Bottom Elevation: -1.95; Global Top Elevation: -1.78; Global Bottom Elevation: -1.95; Has Own Geometry: 1; Children Have Geometry: 0; Global X: 1.01881933096967; Global Y: -16.8221553871953; Global Z: -1.95; Bounding Box Length: 0.543880493712358; Bounding Box Width: 0.861144115044571; Bounding Box Height: 0.17
02x_7UHS17pBH_LpAV0UJ$,Storey 2 - Slab 36 (120 cm),. HWPO: 1; SC2D: 6; SC3D1: 40; SC3D2: 40; SCSC: 40; Project: Project Name; Building: The building; Storey: Level 2; Top Elevation: -0.9; Bottom Elevation: -2.1; Global Top Elevation: -0.9; Global Bottom Elevation: -2.1; Has Own Geometry: 1; Children Have Geometry: 0; Global X: -14.6451053668657; Global Y: -18.1886208241136; Global Z: -2.1; Bounding Box Length: 12.5090527217962; Bounding Box Width: 7.93415763293666; Bounding Box Height: 1.2
1mKqERXUH8gOQKc4CpVjwm,Storey 2 - Slab 50 (17 cm),. HWPO: 1; SC2D: 6; SC3D1: 35; SC3D2: 8; SCSC: 35; Project: Project Name; Building: The building; Storey: Level 2; Top Elevation: -1.78; Bottom Elevation: -1.95; Global Top Elevation: -1.78; Global Bottom Elevation: -1.95; Has Own Geometry: 1; Children Have Geometry: 0; Global X: 2.1885113387428; Global Y: -17.0505238268082; Global Z: -1.95; Bounding Box Length: 0.54388049371236; Bounding Box Width: 0.861144115044567; Bounding Box Height: 0.17
29UEG9iFj6dQmVDBqrO$1k,Storey 2 - Slab 53 (17 cm),. HWPO: 1; SC2D: 6; SC3D1: 35; SC3D2: 8; SCSC: 35; Project: Project Name; Building: The building; Storey: Level 2; Top Elevation: -1.78; Bottom Elevation: -1.95; Global Top Elevation: -1.78; Global Bottom Elevation: -1.95; Has Own Geometry: 1; Children Have Geometry: 0; Global X: 3.97646912205316; Global Y: -17.3958614671983; Global Z: -1.95; Bounding Box Length: 0.543880493712358; Bounding Box Width: 0.861144115044567; Bounding Box Height: 0.17
2cmjMYxkLDmA$leKOQYwNf,Storey 2 - Slab 47 (17 cm),. HWPO: 1; SC2D: 6; SC3D1: 35; SC3D2: 8; SCSC: 35; Project: Project Name; Building: The building; Storey: Level 2; Top Elevation: -1.78; Bottom Elevation: -1.95; Global Top Elevation: -1.78; Global Bottom Elevation: -1.95; Has Own Geometry: 1; Children Have Geometry: 0; Global X: 0.439543289024878; Global Y: -16.7107561483598; Global Z: -1.95; Bounding Box Length: 0.543880493712359; Bounding Box Width: 0.861144115044567; Bounding Box Height: 0.17
0CWQCxkYv2vwW4TuoX5pUN,Storey 2 - Slab 54 (17 cm),. HWPO: 1; SC2D: 6; SC3D1: 35; SC3D2: 8; SCSC: 35; Project: Project Name; Building: The building; Storey: Level 2; Top Elevation: -1.78; Bottom Elevation: -1.95; Global Top Elevation: -1.78; Global Bottom Elevation: -1.95; Has Own Geometry: 1; Children Have Geometry: 0; Global X: 4.36927170084542; Global Y: -17.4714004246584; Global Z: -1.95; Bounding Box Length: 0.54388049371236; Bounding Box Width: 0.861144115044567; Bounding Box Height: 0.17
3OnenOHjf86uQ1y4pcQSCC,Storey 2 - Slab 40 (90 cm),. HWPO: 1; SC2D: 6; SC3D1: 8; SC3D2: 8; SCSC: 252; Project: Project Name; Building: The building; Storey: Level 2; Top Elevation: -0.1; Bottom Elevation: -1; Global Top Elevation: -0.1; Global Bottom Elevation: -1; Has Own Geometry: 1; Children Have Geometry: 0; Global X: -13.9377835802147; Global Y: -1.9; Global Z: -1; Bounding Box Length: 10.1877835802147; Bounding Box Width: 9.80664672219341; Bounding Box Height: 0.9
1_m_xER5DFdgYG4RMHOs2R,Storey 2 - Slab 55 (17 cm),. HWPO: 1; SC2D: 6; SC3D1: 35; SC3D2: 8; SCSC: 35; Project: Project Name; Building: The building; Storey: Level 2; Top Elevation: -1.78; Bottom Elevation: -1.95; Global Top Elevation: -1.78; Global Bottom Elevation: -1.95; Has Own Geometry: 1; Children Have Geometry: 0; Global X: 3.75985222409436; Global Y: -18.5908562510616; Global Z: -1.95; Bounding Box Length: 0.861144115044567; Bounding Box Width: 0.543880493712358; Bounding Box Height: 0.17
3d3MC4t056DgRfLqCp7Cqz,Storey 2 - Slab 56 (17 cm),. HWPO: 1; SC2D: 6; SC3D1: 35; SC3D2: 8; SCSC: 35; Project: Project Name; Building: The building; Storey: Level 2; Top Elevation: -1.78; Bottom Elevation: -1.95; Global Top Elevation: -1.78; Global Bottom Elevation: -1.95; Has Own Geometry: 1; Children Have Geometry: 0; Global X: 3.6577244142563; Global Y: -19.1192566584847; Global Z: -1.95; Bounding Box Length: 0.861144115044567; Bounding Box Width: 0.543880493712354; Bounding Box Height: 0.17
3SAaLUavvDyeVIZbpXLm7i,Storey 2 - Slab 38 (15 cm),. HWPO: 1; SC2D: 6; SC3D1: 24; SC3D2: 14; SCSC: 24; Project: Project Name; Building: The building; Storey: Level 2; Top Elevation: -1.75; Bottom Elevation: -1.9; Global Top Elevation: -1.75; Global Bottom Elevation: -1.9; Has Own Geometry: 1; Children Have Geometry: 0; Global X: -14.7349219361964; Global Y: -18.88457773065; Global Z: -1.9; Bounding Box Length: 13.1336666987277; Bounding Box Width: 4.22340270425654; Bounding Box Height: 0.15
3ncoTsiuzBp8r55hWuNu4K,Storey 2 - Slab 34 (36 cm),. HWPO: 1; SC2D: 6; SC3D1: 8; SC3D2: 8; SCSC: 8; Project: Project Name; Building: The building; Storey: Level 2; Top Elevation: 0.00999999999999979; Bottom Elevation: -0.35; Global Top Elevation: 0.00999999999999979; Global Bottom Elevation: -0.35; Has Own Geometry: 1; Children Have Geometry: 0; Global X: -25.7769761958471; Global Y: 7.90664672219341; Global Z: -0.35; Bounding Box Length: 22.0504509240679; Bounding Box Width: 1.2; Bounding Box Height: 0.36
05WI0YF0b5pulnrWvup6gK,Storey 2 - Slab 39 (35 cm),. HWPO: 1; SC2D: 6; SC3D1: 8; SC3D2: 8; SCSC: 8; Project: Project Name; Building: The building; Storey: Level 2; Top Elevation: 0; Bottom Elevation: -0.35; Global Top Elevation: 0; Global Bottom Elevation: -0.35; Has Own Geometry: 1; Children Have Geometry: 0; Global X: -24.6194406145686; Global Y: 9.10514497853111; Global Z: -0.35; Bounding Box Length: 20.8929153427894; Bounding Box Width: 14.0129028777569; Bounding Box Height: 0.35
0iSlD_ZAfEDRco57ILRodl,Storey 2 - Slab 37 (16 cm),. HWPO: 1; SC2D: 6; SC3D1: 14; SC3D2: 14; SCSC: 14; Project: Project Name; Building: The building; Storey: Level 2; Top Elevation: -1.74; Bottom Elevation: -1.9; Global Top Elevation: -1.74; Global Bottom Elevation: -1.9; Has Own Geometry: 1; Children Have Geometry: 0; Global X: -14.7349219361964; Global Y: -18.88457773065; Global Z: -1.9; Bounding Box Length: 13.1336666987277; Bounding Box Width: 4.22535491460181; Bounding Box Height: 0.16
0cu_BB7mzDAfPpUIuMYNjd,Storey 2 - Slab 41 (58 cm),. HWPO: 1; SC2D: 6; SC3D1: 24; SC3D2: 8; SCSC: 8; Project: Project Name; Building: The building; Storey: Level 2; Top Elevation: -3.12; Bottom Elevation: -3.7; Global Top Elevation: -3.12; Global Bottom Elevation: -3.7; Has Own Geometry: 1; Children Have Geometry: 0; Global X: -22.45; Global Y: -21.956884064612; Global Z: -3.7; Bounding Box Length: 1.85; Bounding Box Width: 3.35688406461195; Bounding Box Height: 0.58
3E3tusmLTFs8wLu7QIlDSk,Storey 2 - Slab 44 (10 cm),. HWPO: 1; SC2D: 6; SC3D1: 27; SC3D2: 27; SCSC: 27; Project: Project Name; Building: The building; Storey: Level 2; Top Elevation: 1.3; Bottom Elevation: 1.2; Global Top Elevation: 1.3; Global Bottom Elevation: 1.2; Has Own Geometry: 1; Children Have Geometry: 0; Global X: -1.27886431099111; Global Y: 18.8947347318586; Global Z: 1.2; Bounding Box Length: 13.2288643109911; Bounding Box Width: 9.47695318786441; Bounding Box Height: 0.1
1Sm6XvT4TB4vF5qDyMVbvT,Storey 2 - Slab 45 (17 cm),. HWPO: 1; SC2D: 6; SC3D1: 35; SC3D2: 8; SCSC: 35; Project: Project Name; Building: The building; Storey: Level 2; Top Elevation: -1.78; Bottom Elevation: -1.95; Global Top Elevation: -1.78; Global Bottom Elevation: -1.95; Has Own Geometry: 1; Children Have Geometry: 0; Global X: -0.142802578792259; Global Y: -16.6; Global Z: -1.95; Bounding Box Length: 0.543880493712359; Bounding Box Width: 0.861144115044571; Bounding Box Height: 0.17
2SvOXl91j9DfOSGDQev$Nd,Storey 2 - Slab 43 (36 cm),. HWPO: 1; SC2D: 6; SC3D1: 39; SC3D2: 8; SCSC: 8; Project: Project Name; Building: The building; Storey: Level 2; Top Elevation: 0.00999999999999979; Bottom Elevation: -0.35; Global Top Elevation: 0.00999999999999979; Global Bottom Elevation: -0.35; Has Own Geometry: 1; Children Have Geometry: 0; Global X: -24.5782947358292; Global Y: 9.10514497853111; Global Z: -0.35; Bounding Box Length: 10.2431451041849; Bounding Box Width: 11.4793854232324; Bounding Box Height: 0.36
1VYmQh07j9d8MIrwPL_Al8,Storey 2 - Slab 49 (17 cm),. HWPO: 1; SC2D: 6; SC3D1: 35; SC3D2: 8; SCSC: 35; Project: Project Name; Building: The building; Storey: Level 2; Top Elevation: -1.78; Bottom Elevation: -1.95; Global Top Elevation: -1.78; Global Bottom Elevation: -1.95; Has Own Geometry: 1; Children Have Geometry: 0; Global X: 1.59252541097268; Global Y: -16.9350475171582; Global Z: -1.95; Bounding Box Length: 0.54388049371236; Bounding Box Width: 0.861144115044571; Bounding Box Height: 0.17
3Oy07ani1Cmh40PLhSSAVr,Storey 2 - Slab 16 (100 cm),. HWPO: 1; SC2D: 6; SC3D1: 14; SC3D2: 14; SCSC: 14; Project: Project Name; Building: The building; Storey: Level 2; Top Elevation: -1.48874924211802; Bottom Elevation: -2.48874924211802; Global Top Elevation: -1.48874924211802; Global Bottom Elevation: -2.48874924211802; Has Own Geometry: 1; Children Have Geometry: 0; Global X: -0.215136488448005; Global Y: -19.6552513577538; Global Z: -2.48874924211802; Bounding Box Length: 2.38410095644361; Bounding Box Width: 2.37936922089652; Bounding Box Height: 1
1AbhEOkP12fByasiFmxy9x,Storey 2 - Slab 20 (45 cm),. HWPO: 1; SC2D: 6; SC3D1: 11; SC3D2: 8; SCSC: 252; Project: Project Name; Building: The building; Storey: Level 2; Top Elevation: -0.55; Bottom Elevation: -1; Global Top Elevation: -0.55; Global Bottom Elevation: -1; Has Own Geometry: 1; Children Have Geometry: 0; Global X: 4.15; Global Y: -7.65734187373943; Global Z: -1; Bounding Box Length: 5.15; Bounding Box Width: 0.399999999999999; Bounding Box Height: 0.45
0LGzx2lp9FCPq4pC$sFRss,Storey 2 - Slab 28 (70 cm),. HWPO: 1; SC2D: 6; SC3D1: 24; SC3D2: 8; SCSC: 8; Project: Project Name; Building: The building; Storey: Level 2; Top Elevation: 0.2; Bottom Elevation: -0.5; Global Top Elevation: 0.2; Global Bottom Elevation: -0.5; Has Own Geometry: 1; Children Have Geometry: 0; Global X: -14.95; Global Y: -0.75; Global Z: -0.5; Bounding Box Length: 0.799999999999999; Bounding Box Width: 2.05; Bounding Box Height: 0.7
3$lPwOOS112h$JGRKEU7sJ,Storey 2 - Slab 30 (70 cm),. HWPO: 1; SC2D: 6; SC3D1: 24; SC3D2: 8; SCSC: 8; Project: Project Name; Building: The building; Storey: Level 2; Top Elevation: 0.2; Bottom Elevation: -0.5; Global Top Elevation: 0.2; Global Bottom Elevation: -0.5; Has Own Geometry: 1; Children Have Geometry: 0; Global X: -24.45; Global Y: -0.75; Global Z: -0.5; Bounding Box Length: 0.650000000000006; Bounding Box Width: 2.05; Bounding Box Height: 0.7
0wiC2tPsT7ouygoAAwUUgd,Storey 2 - Slab 26 (19 cm),. HWPO: 1; SC2D: 6; SC3D1: 8; SC3D2: 8; SCSC: 8; Project: Project Name; Building: The building; Storey: Level 2; Top Elevation: -0.96; Bottom Elevation: -1.15; Global Top Elevation: -0.96; Global Bottom Elevation: -1.15; Has Own Geometry: 1; Children Have Geometry: 0; Global X: -21.3080483394086; Global Y: -13.3546288924595; Global Z: -1.15; Bounding Box Length: 0.686838135775563; Bounding Box Width: 1.20859589587976; Bounding Box Height: 0.19
0B99llLAn2nA8R$yAstIKK,Storey 2 - Slab 25 (19 cm),. HWPO: 1; SC2D: 6; SC3D1: 8; SC3D2: 8; SCSC: 8; Project: Project Name; Building: The building; Storey: Level 2; Top Elevation: -0.96; Bottom Elevation: -1.15; Global Top Elevation: -0.96; Global Bottom Elevation: -1.15; Has Own Geometry: 1; Children Have Geometry: 0; Global X: -21.9334707034294; Global Y: -13.4306147871537; Global Z: -1.15; Bounding Box Length: 0.686838135775563; Bounding Box Width: 1.20859589587977; Bounding Box Height: 0.19
0RKqGn63T4beARwPuOTMbw,Storey 2 - Slab 31 (100 cm),. HWPO: 1; SC2D: 6; SC3D1: 8; SC3D2: 8; SCSC: 8; Project: Project Name; Building: The building; Storey: Level 2; Top Elevation: -0.1; Bottom Elevation: -1.1; Global Top Elevation: -0.1; Global Bottom Elevation: -1.1; Has Own Geometry: 1; Children Have Geometry: 1; Global X: 10.5091912592741; Global Y: -8.25; Global Z: -1.1; Bounding Box Length: 0.699999999999999; Bounding Box Width: 2; Bounding Box Height: 1
0h8M5DuiP4eBXykEFcy4rc,Storey 2 - Slab 31 (100 cm) - Opening 1,. Project: Project Name; Building: The building; Storey: Level 2; Top Elevation: -0.1; Bottom Elevation: -1.1; Global Top Elevation: -0.1; Global Bottom Elevation: -1.1; Has Own Geometry: 1; Children Have Geometry: 0; Global X: 10.7091912592741; Global Y: -7.9; Global Z: -1.1; Bounding Box Length: 0.299999999999997; Bounding Box Width: 1.35; Bounding Box Height: 1
12ywWmrfLF1hb$dYf0P_f1,Storey 2 - Slab 21 (75 cm),. HWPO: 1; SC2D: 6; SC3D1: 11; SC3D2: 8; SCSC: 252; Project: Project Name; Building: The building; Storey: Level 2; Top Elevation: -0.25; Bottom Elevation: -1; Global Top Elevation: -0.25; Global Bottom Elevation: -1; Has Own Geometry: 1; Children Have Geometry: 0; Global X: 4.15; Global Y: -6.65; Global Z: -1; Bounding Box Length: 5.15; Bounding Box Width: 0.4; Bounding Box Height: 0.75
0Bgs78m2D1ewq4aLyUl4ZE,Storey 2 - Slab 15 (15 cm),. HWPO: 1; SC2D: 6; SC3D1: 11; SC3D2: 8; SCSC: 252; Project: Project Name; Building: The building; Storey: Level 2; Top Elevation: -0.19; Bottom Elevation: -0.34; Global Top Elevation: -0.19; Global Bottom Elevation: -0.34; Has Own Geometry: 1; Children Have Geometry: 0; Global X: -15.15; Global Y: 1.48036725376147; Global Z: -0.34; Bounding Box Length: 1.21221641978529; Bounding Box Width: 5.22627946843194; Bounding Box Height: 0.15
37mToW0tb4KxAfZQcHVV4U,Storey 2 - Slab 32 (10 cm),. HWPO: 1; SC2D: 6; SC3D1: 24; SC3D2: 8; SCSC: 8; Project: Project Name; Building: The building; Storey: Level 2; Top Elevation: -0.1; Bottom Elevation: -0.2; Global Top Elevation: -0.1; Global Bottom Elevation: -0.2; Has Own Geometry: 1; Children Have Geometry: 0; Global X: 10.7091912592741; Global Y: -7.9; Global Z: -0.2; Bounding Box Length: 0.299999999999997; Bounding Box Width: 1.35; Bounding Box Height: 0.1
1VQ8Al_WTB$OEn7m6dFp9y,Storey 2 - Slab 17 (30 cm),. HWPO: 1; SC2D: 6; SC3D1: 35; SC3D2: 35; SCSC: 252; Project: Project Name; Building: The building; Storey: Level 2; Top Elevation: -0.7; Bottom Elevation: -1; Global Top Elevation: -0.7; Global Bottom Elevation: -1; Has Own Geometry: 1; Children Have Geometry: 1; Global X: -0.211084164882989; Global Y: -8.25689336329855; Global Z: -1; Bounding Box Length: 10.7202754241571; Bounding Box Width: 2.30294454624188; Bounding Box Height: 0.3
0Vh0rXOgv1CeNK1GPOFvVR,Storey 2 - Slab 17 (30 cm) - Opening 1,. Project: Project Name; Building: The building; Storey: Level 2; Top Elevation: -0.7; Bottom Elevation: -1; Global Top Elevation: -0.7; Global Bottom Elevation: -1; Has Own Geometry: 1; Children Have Geometry: 0; Global X: 0.138916039138295; Global Y: -7.86196817060363; Global Z: -1; Bounding Box Length: 1.1007314347876; Bounding Box Width: 1.55801935354696; Bounding Box Height: 0.3
1JNervyzfBHuWizZYgPanZ,Storey 2 - Slab 23 (30 cm),. HWPO: 1; SC2D: 6; SC3D1: 24; SC3D2: 8; SCSC: 8; Project: Project Name; Building: The building; Storey: Level 2; Top Elevation: -0.7; Bottom Elevation: -1; Global Top Elevation: -0.7; Global Bottom Elevation: -1; Has Own Geometry: 1; Children Have Geometry: 0; Global X: 0.138916039138295; Global Y: -7.86196817060363; Global Z: -1; Bounding Box Length: 1.1007314347876; Bounding Box Width: 1.55801935354696; Bounding Box Height: 0.3
1oppg3Oq9EXRkSm76XjSzn,Storey 2 - Slab 24 (17 cm),. HWPO: 1; SC2D: 6; SC3D1: 39; SC3D2: 8; SCSC: 39; Project: Project Name; Building: The building; Storey: Level 2; Top Elevation: -0.98; Bottom Elevation: -1.15; Global Top Elevation: -0.98; Global Bottom Elevation: -1.15; Has Own Geometry: 1; Children Have Geometry: 0; Global X: -23.6702386855223; Global Y: -17.4024440263369; Global Z: -1.15; Bounding Box Length: 3.4945085517456; Bounding Box Width: 9.07612128376049; Bounding Box Height: 0.17
1jyt$Bsv12e9ID9pZHWmJ5,Storey 2 - Slab 19 (15 cm),. HWPO: 1; SC2D: 6; SC3D1: 11; SC3D2: 8; SCSC: 252; Project: Project Name; Building: The building; Storey: Level 2; Top Elevation: -0.85; Bottom Elevation: -1; Global Top Elevation: -0.85; Global Bottom Elevation: -1; Has Own Geometry: 1; Children Have Geometry: 0; Global X: 4.15; Global Y: -8.65689336329855; Global Z: -1; Bounding Box Length: 5.15; Bounding Box Width: 0.406893363298552; Bounding Box Height: 0.15
1yUVOcUJ14tPTIqXn0gn_H,Storey 2 - Slab 27 (90 cm),. HWPO: 1; SC2D: 6; SC3D1: 35; SC3D2: 35; SCSC: 35; Project: Project Name; Building: The building; Storey: Level 2; Top Elevation: 0.2; Bottom Elevation: -0.7; Global Top Elevation: 0.2; Global Bottom Elevation: -0.7; Has Own Geometry: 1; Children Have Geometry: 1; Global X: -15.15; Global Y: -0.936158543592783; Global Z: -0.7; Bounding Box Length: 1.21221641978529; Bounding Box Width: 2.41652579735425; Bounding Box Height: 0.9
2KQ$LAp7b3tBtmhnZnhCX$,Storey 2 - Slab 27 (90 cm) - Opening 1,. Project: Project Name; Building: The building; Storey: Level 2; Top Elevation: 0.2; Bottom Elevation: -0.7; Global Top Elevation: 0.2; Global Bottom Elevation: -0.7; Has Own Geometry: 1; Children Have Geometry: 0; Global X: -14.95; Global Y: -0.75; Global Z: -0.7; Bounding Box Length: 0.799999999999999; Bounding Box Width: 2.05; Bounding Box Height: 0.9
2e94jZBOn229TeKA_6KKl2,Storey 2 - Slab 29 (90 cm),. HWPO: 1; SC2D: 6; SC3D1: 35; SC3D2: 35; SCSC: 35; Project: Project Name; Building: The building; Storey: Level 2; Top Elevation: 0.2; Bottom Elevation: -0.7; Global Top Elevation: 0.2; Global Bottom Elevation: -0.7; Has Own Geometry: 1; Children Have Geometry: 1; Global X: -24.8377351492873; Global Y: -0.936158543592783; Global Z: -0.7; Bounding Box Length: 1.18773514928731; Bounding Box Width: 2.41652579735425; Bounding Box Height: 0.9
3E2BbdKqj0lPlNqL4d5Zlh,Storey 2 - Slab 29 (90 cm) - Opening 1,. Project: Project Name; Building: The building; Storey: Level 2; Top Elevation: 0.2; Bottom Elevation: -0.7; Global Top Elevation: 0.2; Global Bottom Elevation: -0.7; Has Own Geometry: 1; Children Have Geometry: 0; Global X: -24.45; Global Y: -0.75; Global Z: -0.7; Bounding Box Length: 0.650000000000006; Bounding Box Width: 2.05; Bounding Box Height: 0.9
0DBc9qq1v0YeYP7spTTS5Z,Storey 2 - Slab 14 (17 cm),. HWPO: 1; SC2D: 6; SC3D1: 27; SC3D2: 8; SCSC: 252; Project: Project Name; Building: The building; Storey: Level 2; Top Elevation: -0.83; Bottom Elevation: -1; Global Top Elevation: -0.83; Global Bottom Elevation: -1; Has Own Geometry: 1; Children Have Geometry: 0; Global X: -13.9377835802147; Global Y: -5.95394881705667; Global Z: -1; Bounding Box Length: 13.7267113625584; Bounding Box Width: 4.0888228380789; Bounding Box Height: 0.17
33qfE00jXCEgn95aan9N82,Storey 2 - Slab 18 (60 cm),. HWPO: 1; SC2D: 6; SC3D1: 35; SC3D2: 35; SCSC: 252; Project: Project Name; Building: The building; Storey: Level 2; Top Elevation: -0.4; Bottom Elevation: -1; Global Top Elevation: -0.4; Global Bottom Elevation: -1; Has Own Geometry: 1; Children Have Geometry: 1; Global X: 0.789647474150941; Global Y: -7.25734187373943; Global Z: -1; Bounding Box Length: 9.71954378512315; Bounding Box Width: 1.3028347139518; Bounding Box Height: 0.6
1VQRty7eT4jBzU0sSX2gjy,Storey 2 - Slab 18 (60 cm) - Opening 1,. Project: Project Name; Building: The building; Storey: Level 2; Top Elevation: -0.4; Bottom Elevation: -1; Global Top Elevation: -0.4; Global Bottom Elevation: -1; Has Own Geometry: 1; Children Have Geometry: 0; Global X: 1.18964770731812; Global Y: -6.85734187373943; Global Z: -1; Bounding Box Length: 0.766329773267927; Bounding Box Width: 0.502773928223448; Bounding Box Height: 0.6
0GKo4CECL4LR3vviR_iP6C,Storey 2 - Slab 22 (60 cm),. HWPO: 1; SC2D: 6; SC3D1: 24; SC3D2: 8; SCSC: 8; Project: Project Name; Building: The building; Storey: Level 2; Top Elevation: -0.4; Bottom Elevation: -1; Global Top Elevation: -0.4; Global Bottom Elevation: -1; Has Own Geometry: 1; Children Have Geometry: 0; Global X: 1.18964770731812; Global Y: -6.85734187373943; Global Z: -1; Bounding Box Length: 0.766329773267927; Bounding Box Width: 0.502773928223448; Bounding Box Height: 0.6
1iA4w84rnAlfTn_U2mcOO8,Storey 2 - Slab 74 (85 cm),. HWPO: 1; SC2D: 6; SC3D1: 35; SC3D2: 35; SCSC: 35; Project: Project Name; Building: The building; Storey: Level 2; Top Elevation: 0.0499999999999998; Bottom Elevation: -0.8; Global Top Elevation: 0.0499999999999998; Global Bottom Elevation: -0.8; Has Own Geometry: 1; Children Have Geometry: 0; Global X: -5.81644984242641; Global Y: -3.45912427634408; Global Z: -0.8; Bounding Box Length: 0.19444521535293; Bounding Box Width: 0.308720535537567; Bounding Box Height: 0.85
2HweT6CBTBP8gUUu$MgWPO,Storey 2 - Slab 81 (4 cm),. HWPO: 1; SC2D: 6; SC3D1: 253; SC3D2: 38; SCSC: 253; Project: Project Name; Building: The building; Storey: Level 2; Top Elevation: -0.56; Bottom Elevation: -0.6; Global Top Elevation: -0.56; Global Bottom Elevation: -0.6; Has Own Geometry: 1; Children Have Geometry: 0; Global X: 4.08684971108912; Global Y: -14.4264310607444; Global Z: -0.6; Bounding Box Length: 1.2; Bounding Box Width: 0.549999999999999; Bounding Box Height: 0.04
3yEhwtQGXDQBgDodnM_I18,Storey 2 - Slab 92 (17 cm),. HWPO: 1; SC2D: 6; SC3D1: 24; SC3D2: 254; SCSC: 254; Project: Project Name; Building: The building; Storey: Level 2; Top Elevation: -0.98; Bottom Elevation: -1.15; Global Top Elevation: -0.98; Global Bottom Elevation: -1.15; Has Own Geometry: 1; Children Have Geometry: 0; Global X: -5.952714987422; Global Y: -13.3037881747836; Global Z: -1.15; Bounding Box Length: 3.56287298950111; Bounding Box Width: 1.03852506720651; Bounding Box Height: 0.17
0P06EaMkv0muIw2uishKwp,Storey 2 - Slab 99 (6 cm),. HWPO: 1; SC2D: 6; SC3D1: 9; SC3D2: 9; SCSC: 9; Project: Project Name; Building: The building; Storey: Level 2; Top Elevation: 2.01; Bottom Elevation: 1.95; Global Top Elevation: 2.01; Global Bottom Elevation: 1.95; Has Own Geometry: 1; Children Have Geometry: 0; Global X: 11.3533897501035; Global Y: 28.3214318493067; Global Z: 1.95; Bounding Box Length: 0.675923337051906; Bounding Box Width: 0.675923337051902; Bounding Box Height: 0.0599999999999998
0zVv9YO6j8zALGWmHw5eIg,Storey 2 - Slab 75 (40 cm),. HWPO: 1; SC2D: 6; SC3D1: 35; SC3D2: 35; SCSC: 35; Project: Project Name; Building: The building; Storey: Level 2; Top Elevation: -0.6; Bottom Elevation: -1; Global Top Elevation: -0.6; Global Bottom Elevation: -1; Has Own Geometry: 1; Children Have Geometry: 0; Global X: 4.05; Global Y: -14.45; Global Z: -1; Bounding Box Length: 8.45; Bounding Box Width: 0.6; Bounding Box Height: 0.4
3tXa4ixsf3FAm09p946bDg,Storey 2 - Slab 97 (6 cm),. HWPO: 1; SC2D: 6; SC3D1: 9; SC3D2: 9; SCSC: 9; Project: Project Name; Building: The building; Storey: Level 2; Top Elevation: 2.01; Bottom Elevation: 1.95; Global Top Elevation: 2.01; Global Bottom Elevation: 1.95; Has Own Geometry: 1; Children Have Geometry: 0; Global X: -1.87296572309831; Global Y: 26.1150592309155; Global Z: 1.95; Bounding Box Length: 0.712709738387272; Bounding Box Width: 0.712709738387275; Bounding Box Height: 0.0599999999999998
1Gva6Wo3LBRB$UWuZi2F1H,Storey 2 - Slab 87 (24 cm),. HWPO: 1; SC2D: 6; SC3D1: 251; SC3D2: 251; SCSC: 251; Project: Project Name; Building: The building; Storey: Level 2; Top Elevation: -3.00097125585154; Bottom Elevation: -3.24097125585154; Global Top Elevation: -3.00097125585154; Global Bottom Elevation: -3.24097125585154; Has Own Geometry: 1; Children Have Geometry: 0; Global X: 5.89496846588111; Global Y: -23.6688318553508; Global Z: -3.24097125585154; Bounding Box Length: 0.450403415011598; Bounding Box Width: 2.05434470684155; Bounding Box Height: 0.24
0879QFK4P2Zf9sYVWUmPAu,Storey 2 - Slab 100 (16 cm),. HWPO: 1; SC2D: 6; SC3D1: 9; SC3D2: 9; SCSC: 9; Project: Project Name; Building: The building; Storey: Level 2; Top Elevation: -3.09; Bottom Elevation: -3.25; Global Top Elevation: -3.09; Global Bottom Elevation: -3.25; Has Own Geometry: 1; Children Have Geometry: 0; Global X: -22.1722019039481; Global Y: -26.3402666301907; Global Z: -3.25; Bounding Box Length: 34.1367312502074; Bounding Box Width: 6.70686599491063; Bounding Box Height: 0.16
3w10FygC526hAqutRqVckS,Storey 2 - Slab 101 (16 cm),. HWPO: 1; SC2D: 6; SC3D1: 9; SC3D2: 9; SCSC: 9; Project: Project Name; Building: The building; Storey: Level 2; Top Elevation: -0.69; Bottom Elevation: -0.85; Global Top Elevation: -0.69; Global Bottom Elevation: -0.85; Has Own Geometry: 1; Children Have Geometry: 0; Global X: -22.4990301330155; Global Y: -18.9698821067554; Global Z: -0.85; Bounding Box Length: 6.85398518905139; Bounding Box Width: 2.9564820824166; Bounding Box Height: 0.16
2cFxfiFVH6Jh2iDEtNyZMh,Storey 2 - Slab 104 (16 cm),. HWPO: 1; SC2D: 6; SC3D1: 9; SC3D2: 9; SCSC: 9; Project: Project Name; Building: The building; Storey: Level 2; Top Elevation: -0.49; Bottom Elevation: -0.65; Global Top Elevation: -0.49; Global Bottom Elevation: -0.65; Has Own Geometry: 1; Children Have Geometry: 0; Global X: -0.0462256690933716; Global Y: -15.1945044284078; Global Z: -0.65; Bounding Box Length: 12.7950238072727; Bounding Box Width: 1.14643636307427; Bounding Box Height: 0.16
00nCu6I8X8TfebZFbgXY8Q,Storey 2 - Slab 88 (35 cm),. HWPO: 1; SC2D: 6; SC3D1: 35; SC3D2: 35; SCSC: 35; Project: Project Name; Building: The building; Storey: Level 2; Top Elevation: 0.252624316129729; Bottom Elevation: -0.0973756838702706; Global Top Elevation: 0.252624316129729; Global Bottom Elevation: -0.0973756838702706; Has Own Geometry: 1; Children Have Geometry: 0; Global X: -5.26346132280376; Global Y: 6.93501864547552; Global Z: -0.0973756838702706; Bounding Box Length: 0.520083347985601; Bounding Box Width: 0.248824190016641; Bounding Box Height: 0.35
0I6j94kqz1yeGUJ4ta2WE_,Storey 2 - Slab 77 (4 cm),. HWPO: 1; SC2D: 6; SC3D1: 253; SC3D2: 38; SCSC: 253; Project: Project Name; Building: The building; Storey: Level 2; Top Elevation: -0.56; Bottom Elevation: -0.6; Global Top Elevation: -0.56; Global Bottom Elevation: -0.6; Has Own Geometry: 1; Children Have Geometry: 0; Global X: 9.10961899465555; Global Y: -14.4264310607444; Global Z: -0.6; Bounding Box Length: 1.2; Bounding Box Width: 0.549999999999999; Bounding Box Height: 0.04
3KlCeFYWL43QWseZ7jfL5$,Storey 2 - Slab 78 (4 cm),. HWPO: 1; SC2D: 6; SC3D1: 253; SC3D2: 38; SCSC: 253; Project: Project Name; Building: The building; Storey: Level 2; Top Elevation: -0.56; Bottom Elevation: -0.6; Global Top Elevation: -0.56; Global Bottom Elevation: -0.6; Has Own Geometry: 1; Children Have Geometry: 0; Global X: 7.85392667376394; Global Y: -14.4264310607444; Global Z: -0.6; Bounding Box Length: 1.2; Bounding Box Width: 0.549999999999999; Bounding Box Height: 0.04
33WKMIgF9CoQncmTwtFK8e,Storey 2 - Slab 79 (4 cm),. HWPO: 1; SC2D: 6; SC3D1: 253; SC3D2: 38; SCSC: 253; Project: Project Name; Building: The building; Storey: Level 2; Top Elevation: -0.56; Bottom Elevation: -0.6; Global Top Elevation: -0.56; Global Bottom Elevation: -0.6; Has Own Geometry: 1; Children Have Geometry: 0; Global X: 6.59302401129187; Global Y: -14.4264310607444; Global Z: -0.6; Bounding Box Length: 1.2; Bounding Box Width: 0.549999999999999; Bounding Box Height: 0.04
0ZzNVxjwfC5Qf16RLbBUm1,Storey 2 - Slab 103 (21 cm),. HWPO: 1; SC2D: 6; SC3D1: 9; SC3D2: 9; SCSC: 9; Project: Project Name; Building: The building; Storey: Level 2; Top Elevation: -0.99; Bottom Elevation: -1.2; Global Top Elevation: -0.99; Global Bottom Elevation: -1.2; Has Own Geometry: 1; Children Have Geometry: 0; Global X: -15.911167203087; Global Y: -16.7522332515674; Global Z: -1.2; Bounding Box Length: 1.21193209081928; Bounding Box Width: 0.773310648502644; Bounding Box Height: 0.21
2l4dSUDJbFCfOSG1XVlmeZ,Storey 2 - Slab 76 (4 cm),. HWPO: 1; SC2D: 6; SC3D1: 253; SC3D2: 38; SCSC: 253; Project: Project Name; Building: The building; Storey: Level 2; Top Elevation: -0.56; Bottom Elevation: -0.6; Global Top Elevation: -0.56; Global Bottom Elevation: -0.6; Has Own Geometry: 1; Children Have Geometry: 0; Global X: 10.3601009739667; Global Y: -14.4264310607444; Global Z: -0.6; Bounding Box Length: 1.2; Bounding Box Width: 0.549999999999999; Bounding Box Height: 0.04
3Wy$JctS9DkeTRJ4uCLyRc,Storey 2 - Slab 83 (100 cm),. HWPO: 1; SC2D: 6; SC3D1: 21; SC3D2: 254; SCSC: 21; Project: Project Name; Building: The building; Storey: Level 2; Top Elevation: -1.1; Bottom Elevation: -2.1; Global Top Elevation: -1.1; Global Bottom Elevation: -2.1; Has Own Geometry: 1; Children Have Geometry: 0; Global X: -12.4266135874711; Global Y: -11.285873604144; Global Z: -2.1; Bounding Box Length: 3.95636643954655; Bounding Box Width: 1.01611001358978; Bounding Box Height: 1
02Fa_p36b45vBKR4E$zrmm,Storey 2 - Slab 84 (78 cm),. HWPO: 1; SC2D: 6; SC3D1: 21; SC3D2: 254; SCSC: 21; Project: Project Name; Building: The building; Storey: Level 2; Top Elevation: -1.32; Bottom Elevation: -2.1; Global Top Elevation: -1.32; Global Bottom Elevation: -2.1; Has Own Geometry: 1; Children Have Geometry: 0; Global X: -12.9689205538783; Global Y: -11.8225275357899; Global Z: -2.1; Bounding Box Length: 5.09308530900336; Bounding Box Width: 1.38560954284593; Bounding Box Height: 0.779999999999999
1vxYfjDm51_vNPFDeAHQqo,Storey 2 - Slab 91 (17 cm),. HWPO: 1; SC2D: 6; SC3D1: 24; SC3D2: 254; SCSC: 254; Project: Project Name; Building: The building; Storey: Level 2; Top Elevation: -0.98; Bottom Elevation: -1.15; Global Top Elevation: -0.98; Global Bottom Elevation: -1.15; Has Own Geometry: 1; Children Have Geometry: 0; Global X: -15.1952163671589; Global Y: -15.0410232961534; Global Z: -1.15; Bounding Box Length: 0.985242804255638; Bounding Box Width: 3.46039989230007; Bounding Box Height: 0.17
24g_OStPT6sRNAxhlxfZXE,Storey 2 - Slab 93 (6 cm),. HWPO: 1; SC2D: 6; SC3D1: 9; SC3D2: 9; SCSC: 9; Project: Project Name; Building: The building; Storey: Level 2; Top Elevation: 2.01; Bottom Elevation: 1.95; Global Top Elevation: 2.01; Global Bottom Elevation: 1.95; Has Own Geometry: 1; Children Have Geometry: 0; Global X: -27.7518098449216; Global Y: 20.6649853222865; Global Z: 1.95; Bounding Box Length: 0.600000000000001; Bounding Box Width: 0.600000000000001; Bounding Box Height: 0.0599999999999998
1_s8rGgV1ADf$umucXMCa8,Storey 2 - Slab 89 (35 cm),. HWPO: 1; SC2D: 6; SC3D1: 35; SC3D2: 35; SCSC: 35; Project: Project Name; Building: The building; Storey: Level 2; Top Elevation: 0.252624316129729; Bottom Elevation: -0.0973756838702706; Global Top Elevation: 0.252624316129729; Global Bottom Elevation: -0.0973756838702706; Has Own Geometry: 1; Children Have Geometry: 0; Global X: -4.94733222893015; Global Y: 5.41759899488223; Global Z: -0.0973756838702706; Bounding Box Length: 0.520083347985601; Bounding Box Width: 0.248824190016641; Bounding Box Height: 0.35
0dVOHrdpL3aOBV7elyW436,Storey 2 - Slab 94 (6 cm),. HWPO: 1; SC2D: 6; SC3D1: 9; SC3D2: 9; SCSC: 9; Project: Project Name; Building: The building; Storey: Level 2; Top Elevation: 2.01; Bottom Elevation: 1.95; Global Top Elevation: 2.01; Global Bottom Elevation: 1.95; Has Own Geometry: 1; Children Have Geometry: 0; Global X: -22.180905213888; Global Y: 20.6407452070167; Global Z: 1.95; Bounding Box Length: 0.600000000000001; Bounding Box Width: 0.600000000000001; Bounding Box Height: 0.0599999999999998
2kcZtEGcfEYRS2nJ_sbeSl,Storey 2 - Slab 98 (6 cm),. HWPO: 1; SC2D: 6; SC3D1: 9; SC3D2: 9; SCSC: 9; Project: Project Name; Building: The building; Storey: Level 2; Top Elevation: 2.01; Bottom Elevation: 1.95; Global Top Elevation: 2.01; Global Bottom Elevation: 1.95; Has Own Geometry: 1; Children Have Geometry: 0; Global X: 4.74183330853787; Global Y: 27.3096750141913; Global Z: 1.95; Bounding Box Length: 0.682400228721953; Bounding Box Width: 0.682400228721956; Bounding Box Height: 0.0599999999999998
0OFnggof98NR$L$KuZEeEE,Storey 2 - Slab 82 (25 cm),. HWPO: 1; SC2D: 6; SC3D1: 24; SC3D2: 254; SCSC: 24; Project: Project Name; Building: The building; Storey: Level 2; Top Elevation: -0.75; Bottom Elevation: -1; Global Top Elevation: -0.75; Global Bottom Elevation: -1; Has Own Geometry: 1; Children Have Geometry: 0; Global X: 11.75; Global Y: -13.7; Global Z: -1; Bounding Box Length: 0.75; Bounding Box Width: 2.24999999999999; Bounding Box Height: 0.25
2fg3SvCoP4AxjD9rAkYCCD,Storey 2 - Slab 86 (34 cm),. HWPO: 1; SC2D: 6; SC3D1: 21; SC3D2: 254; SCSC: 21; Project: Project Name; Building: The building; Storey: Level 2; Top Elevation: -1.76; Bottom Elevation: -2.1; Global Top Elevation: -1.76; Global Bottom Elevation: -2.1; Has Own Geometry: 1; Children Have Geometry: 0; Global X: -13.6100890835597; Global Y: -13.1070727944271; Global Z: -2.1; Bounding Box Length: 7.9075019547201; Bounding Box Width: 2.04797102366756; Bounding Box Height: 0.34
2rRWxgR_jBgPvPL8iIVQV_,Storey 2 - Slab 90 (10 cm),. HWPO: 1; SC2D: 6; SC3D1: 35; SC3D2: 35; SCSC: 35; Project: Project Name; Building: The building; Storey: Level 2; Top Elevation: 0.352624316129729; Bottom Elevation: 0.252624316129729; Global Top Elevation: 0.352624316129729; Global Bottom Elevation: 0.252624316129729; Has Own Geometry: 1; Children Have Geometry: 0; Global X: -5.26346132280376; Global Y: 5.41759899488223; Global Z: 0.252624316129729; Bounding Box Length: 0.836212441859202; Bounding Box Width: 1.76624384060993; Bounding Box Height: 0.1
2maQEEYJPCOwuXCgM$Ep8Y,Storey 2 - Slab 95 (6 cm),. HWPO: 1; SC2D: 6; SC3D1: 9; SC3D2: 9; SCSC: 9; Project: Project Name; Building: The building; Storey: Level 2; Top Elevation: 2.01; Bottom Elevation: 1.95; Global Top Elevation: 2.01; Global Bottom Elevation: 1.95; Has Own Geometry: 1; Children Have Geometry: 0; Global X: -14.1950103029286; Global Y: 22.815772438849; Global Z: 1.95; Bounding Box Length: 0.759560670518756; Bounding Box Width: 0.759560670518759; Bounding Box Height: 0.0599999999999998
0NhFNJvrX189aS05OTJyN9,Storey 2 - Slab 96 (6 cm),. HWPO: 1; SC2D: 6; SC3D1: 9; SC3D2: 9; SCSC: 9; Project: Project Name; Building: The building; Storey: Level 2; Top Elevation: 2.01; Bottom Elevation: 1.95; Global Top Elevation: 2.01; Global Bottom Elevation: 1.95; Has Own Geometry: 1; Children Have Geometry: 0; Global X: -9.3318828445197; Global Y: 24.5495642856232; Global Z: 1.95; Bounding Box Length: 0.712709738387272; Bounding Box Width: 0.712709738387272; Bounding Box Height: 0.0599999999999998
3L8CT_nJL4X99D24Ewizgq,Storey 2 - Slab 102 (16 cm),. HWPO: 1; SC2D: 6; SC3D1: 9; SC3D2: 9; SCSC: 9; Project: Project Name; Building: The building; Storey: Level 2; Top Elevation: -1.44; Bottom Elevation: -1.6; Global Top Elevation: -1.44; Global Bottom Elevation: -1.6; Has Own Geometry: 1; Children Have Geometry: 0; Global X: -1.08785398455599; Global Y: -22.7287542327464; Global Z: -1.6; Bounding Box Length: 13.7705773783979; Bounding Box Width: 5.72366315879219; Bounding Box Height: 0.159999999999999
3y5YD9N0T3UwaFDK$HgGMX,Storey 2 - Slab 85 (56 cm),. HWPO: 1; SC2D: 6; SC3D1: 21; SC3D2: 254; SCSC: 21; Project: Project Name; Building: The building; Storey: Level 2; Top Elevation: -1.54; Bottom Elevation: -2.1; Global Top Elevation: -1.54; Global Bottom Elevation: -2.1; Has Own Geometry: 1; Children Have Geometry: 0; Global X: -13.3401519877139; Global Y: -12.3615842267222; Global Z: -2.1; Bounding Box Length: 6.06992616443719; Bounding Box Width: 1.63192900634269; Bounding Box Height: 0.56
2w2aajpbD9dPohVzF7fzAO,Storey 2 - Slab 73 (85 cm),. HWPO: 1; SC2D: 6; SC3D1: 35; SC3D2: 35; SCSC: 35; Project: Project Name; Building: The building; Storey: Level 2; Top Elevation: 0.0499999999999998; Bottom Elevation: -0.8; Global Top Elevation: 0.0499999999999998; Global Bottom Elevation: -0.8; Has Own Geometry: 1; Children Have Geometry: 0; Global X: -6.92329915032979; Global Y: -2.70600163368724; Global Z: -0.8; Bounding Box Length: 0.295739270036619; Bounding Box Width: 0.248904988524202; Bounding Box Height: 0.85
2h5vATpqn8xPx9gCmsX1rS,Storey 2 - Slab 80 (4 cm),. HWPO: 1; SC2D: 6; SC3D1: 253; SC3D2: 38; SCSC: 253; Project: Project Name; Building: The building; Storey: Level 2; Top Elevation: -0.56; Bottom Elevation: -0.6; Global Top Elevation: -0.56; Global Bottom Elevation: -0.6; Has Own Geometry: 1; Children Have Geometry: 0; Global X: 5.34254203198073; Global Y: -14.4264310607444; Global Z: -0.6; Bounding Box Length: 1.2; Bounding Box Width: 0.549999999999999; Bounding Box Height: 0.04
23PasQ9WT1RQy7jLlMSA0D,Storey 2 - Slab 58 (17 cm),. HWPO: 1; SC2D: 6; SC3D1: 35; SC3D2: 8; SCSC: 35; Project: Project Name; Building: The building; Storey: Level 2; Top Elevation: -1.78; Bottom Elevation: -1.95; Global Top Elevation: -1.78; Global Bottom Elevation: -1.95; Has Own Geometry: 1; Children Have Geometry: 0; Global X: 2.97302342733816; Global Y: -19.3214484631823; Global Z: -1.95; Bounding Box Length: 0.543880493712358; Bounding Box Width: 0.861144115044567; Bounding Box Height: 0.17
217gE9NGjBHxOY6Oyiq1AO,Storey 2 - Slab 60 (38 cm),. HWPO: 1; SC2D: 6; SC3D1: 35; SC3D2: 8; SCSC: 35; Project: Project Name; Building: The building; Storey: Level 2; Top Elevation: 0.0300000000000002; Bottom Elevation: -0.35; Global Top Elevation: 0.0300000000000002; Global Bottom Elevation: -0.35; Has Own Geometry: 1; Children Have Geometry: 0; Global X: -21.65; Global Y: 9.9; Global Z: -0.35; Bounding Box Length: 4.61319385657274; Bounding Box Width: 1.65708066271617; Bounding Box Height: 0.38
04px3Nd_D8YOv7yiVkB2lV,Storey 2 - Slab 61 (38 cm),. HWPO: 1; SC2D: 6; SC3D1: 35; SC3D2: 8; SCSC: 35; Project: Project Name; Building: The building; Storey: Level 2; Top Elevation: 0.0300000000000002; Bottom Elevation: -0.35; Global Top Elevation: 0.0300000000000002; Global Bottom Elevation: -0.35; Has Own Geometry: 1; Children Have Geometry: 0; Global X: -21.3528661264966; Global Y: 10.4836497762728; Global Z: -0.35; Bounding Box Length: 4.42925383964204; Bounding Box Width: 2.28051154915951; Bounding Box Height: 0.38
2_FAgxo4b09hwizUUYIRJd,Storey 2 - Slab 63 (38 cm),. HWPO: 1; SC2D: 6; SC3D1: 35; SC3D2: 8; SCSC: 35; Project: Project Name; Building: The building; Storey: Level 2; Top Elevation: 0.0300000000000002; Bottom Elevation: -0.35; Global Top Elevation: 0.0300000000000002; Global Bottom Elevation: -0.35; Has Own Geometry: 1; Children Have Geometry: 0; Global X: -20.4857555325297; Global Y: 11.6032353067166; Global Z: -0.35; Bounding Box Length: 3.99641122317113; Bounding Box Width: 3.3245887281132; Bounding Box Height: 0.38
24TOJqALr1487Dmh35TDsH,Storey 2 - Slab 71 (10 cm),. HWPO: 1; SC2D: 6; SC3D1: 35; SC3D2: 35; SCSC: 35; Project: Project Name; Building: The building; Storey: Level 2; Top Elevation: 0.15; Bottom Elevation: 0.0499999999999998; Global Top Elevation: 0.15; Global Bottom Elevation: 0.0499999999999998; Has Own Geometry: 1; Children Have Geometry: 0; Global X: -7.18450378239645; Global Y: -3.55937740308339; Global Z: 0.0499999999999998; Bounding Box Length: 1.95979459131046; Bounding Box Width: 1.52109992358572; Bounding Box Height: 0.1
0$77M6banF$wgBBVDlkoGX,Storey 2 - Slab 72 (40 cm),. HWPO: 1; SC2D: 6; SC3D1: 35; SC3D2: 24; SCSC: 35; Project: Project Name; Building: The building; Storey: Level 2; Top Elevation: -0.6; Bottom Elevation: -1; Global Top Elevation: -0.6; Global Bottom Elevation: -1; Has Own Geometry: 1; Children Have Geometry: 0; Global X: -7.91578336719081; Global Y: -4.11916813310552; Global Z: -1; Bounding Box Length: 2.96059514187114; Bounding Box Width: 2.13691382218988; Bounding Box Height: 0.4
0ceQElSs5DahRPiFD$Aq_R,Storey 2 - Slab 65 (38 cm),. HWPO: 1; SC2D: 6; SC3D1: 35; SC3D2: 8; SCSC: 35; Project: Project Name; Building: The building; Storey: Level 2; Top Elevation: 0.0300000000000002; Bottom Elevation: -0.35; Global Top Elevation: 0.0300000000000002; Global Bottom Elevation: -0.35; Has Own Geometry: 1; Children Have Geometry: 0; Global X: -19.1195554791373; Global Y: 12.5999296692634; Global Z: -0.35; Bounding Box Length: 3.23685751867704; Bounding Box Width: 4.09687705953945; Bounding Box Height: 0.38
0H11_XHKv9WeuGRJyRMjZs,Storey 2 - Slab 66 (45 cm),. HWPO: 1; SC2D: 6; SC3D1: 14; SC3D2: 14; SCSC: 14; Project: Project Name; Building: The building; Storey: Level 2; Top Elevation: -0.3; Bottom Elevation: -0.75; Global Top Elevation: -0.3; Global Bottom Elevation: -0.75; Has Own Geometry: 1; Children Have Geometry: 0; Global X: 12.0308369609212; Global Y: -12.6386108746728; Global Z: -0.75; Bounding Box Length: 0.011168276538438; Bounding Box Width: 0.142183622296127; Bounding Box Height: 0.45
2k_99Bqdj7Lf4tVUAz$BZi,Storey 2 - Slab 62 (38 cm),. HWPO: 1; SC2D: 6; SC3D1: 35; SC3D2: 8; SCSC: 35; Project: Project Name; Building: The building; Storey: Level 2; Top Elevation: 0.0300000000000002; Bottom Elevation: -0.35; Global Top Elevation: 0.0300000000000002; Global Bottom Elevation: -0.35; Has Own Geometry: 1; Children Have Geometry: 0; Global X: -21.0557322529931; Global Y: 11.0672995525457; Global Z: -0.35; Bounding Box Length: 4.34925395488655; Bounding Box Width: 2.77869312758542; Bounding Box Height: 0.38
2Agjv4Gg91sOuCKIUzvpZQ,Storey 2 - Slab 59 (38 cm),. HWPO: 1; SC2D: 6; SC3D1: 35; SC3D2: 8; SCSC: 35; Project: Project Name; Building: The building; Storey: Level 2; Top Elevation: 0.0300000000000002; Bottom Elevation: -0.35; Global Top Elevation: 0.0300000000000002; Global Bottom Elevation: -0.35; Has Own Geometry: 1; Children Have Geometry: 0; Global X: -21.65; Global Y: 9.3; Global Z: -0.35; Bounding Box Length: 4.5; Bounding Box Width: 1.05; Bounding Box Height: 0.38
3Wz2F_LZb7JvXFv9BDUen_,Storey 2 - Slab 64 (38 cm),. HWPO: 1; SC2D: 6; SC3D1: 35; SC3D2: 8; SCSC: 35; Project: Project Name; Building: The building; Storey: Level 2; Top Elevation: 0.0300000000000002; Bottom Elevation: -0.35; Global Top Elevation: 0.0300000000000002; Global Bottom Elevation: -0.35; Has Own Geometry: 1; Children Have Geometry: 0; Global X: -19.9157788120664; Global Y: 12.1391710608876; Global Z: -0.35; Bounding Box Length: 3.7297576771569; Bounding Box Width: 3.67314432092876; Bounding Box Height: 0.38
1RwdC74qHCX8wY89oRVWWJ,Storey 2 - Slab 67 (4 cm),. HWPO: 1; SC2D: 6; SC3D1: 14; SC3D2: 14; SCSC: 14; Project: Project Name; Building: The building; Storey: Level 2; Top Elevation: -0.74; Bottom Elevation: -0.78; Global Top Elevation: -0.74; Global Bottom Elevation: -0.78; Has Own Geometry: 1; Children Have Geometry: 0; Global X: 11.9991015247878; Global Y: -12.722600332518; Global Z: -0.78; Bounding Box Length: 0.150000000000002; Bounding Box Width: 0.300000000000002; Bounding Box Height: 0.04
2acof$VjDDhvNycw5v_74K,Storey 2 - Slab 68 (36 cm),. HWPO: 1; SC2D: 6; SC3D1: 10; SC3D2: 10; SCSC: 10; Project: Project Name; Building: The building; Storey: Level 2; Top Elevation: 0.00999999999999979; Bottom Elevation: -0.35; Global Top Elevation: 0.00999999999999979; Global Bottom Elevation: -0.35; Has Own Geometry: 1; Children Have Geometry: 0; Global X: -27.1972102238407; Global Y: 9.20514497853111; Global Z: -0.35; Bounding Box Length: 5.54054950309948; Bounding Box Width: 11.5102006762041; Bounding Box Height: 0.36
0$Zj5NqMzFnvFdD2Pdf040,Storey 2 - Slab 69 (40 cm),. HWPO: 1; SC2D: 6; SC3D1: 27; SC3D2: 27; SCSC: 27; Project: Project Name; Building: The building; Storey: Level 2; Top Elevation: 0.0499999999999998; Bottom Elevation: -0.35; Global Top Elevation: 0.0499999999999998; Global Bottom Elevation: -0.35; Has Own Geometry: 1; Children Have Geometry: 0; Global X: -13.278285046853; Global Y: 12.6406241652494; Global Z: -0.35; Bounding Box Length: 6.61602121208321; Bounding Box Width: 11.9671184824024; Bounding Box Height: 0.4
1g7VDCpZzDWO_BwK3cGu4C,Storey 2 - Slab 70 (31 cm),. HWPO: 1; SC2D: 6; SC3D1: 24; SC3D2: 24; SCSC: 24; Project: Project Name; Building: The building; Storey: Level 2; Top Elevation: -0.69; Bottom Elevation: -1; Global Top Elevation: -0.69; Global Bottom Elevation: -1; Has Own Geometry: 1; Children Have Geometry: 0; Global X: -24.5517091174447; Global Y: -4.94280526578619; Global Z: -1; Bounding Box Length: 0.751709117444719; Bounding Box Width: 4.00664672219341; Bounding Box Height: 0.31
2wJO9IAmf4HgcAKlcii_KD,Storey 2 - Slab 57 (17 cm),. HWPO: 1; SC2D: 6; SC3D1: 35; SC3D2: 8; SCSC: 35; Project: Project Name; Building: The building; Storey: Level 2; Top Elevation: -1.78; Bottom Elevation: -1.95; Global Top Elevation: -1.78; Global Bottom Elevation: -1.95; Has Own Geometry: 1; Children Have Geometry: 0; Global X: 3.58218545679625; Global Y: -19.5120592372769; Global Z: -1.95; Bounding Box Length: 0.861144115044567; Bounding Box Width: 0.543880493712354; Bounding Box Height: 0.17
3sj8L83knDbAQofNKCk9hm,Storey 2 - Slab 127 (6 cm),. HWPO: 1; SC2D: 6; SC3D1: 9; SC3D2: 9; SCSC: 9; Project: Project Name; Building: The building; Storey: Level 2; Top Elevation: 2.01; Bottom Elevation: 1.95; Global Top Elevation: 2.01; Global Bottom Elevation: 1.95; Has Own Geometry: 1; Children Have Geometry: 0; Global X: -26.9020392350784; Global Y: 13.1394865195428; Global Z: 1.95; Bounding Box Length: 0.663783998617475; Bounding Box Width: 0.663783998617474; Bounding Box Height: 0.0599999999999998
0vQnb$d9LCYAKo1aIon3WV,Storey 2 - Slab 128 (6 cm),. HWPO: 1; SC2D: 6; SC3D1: 9; SC3D2: 9; SCSC: 9; Project: Project Name; Building: The building; Storey: Level 2; Top Elevation: 2.01; Bottom Elevation: 1.95; Global Top Elevation: 2.01; Global Bottom Elevation: 1.95; Has Own Geometry: 1; Children Have Geometry: 0; Global X: -26.0991169431164; Global Y: 6.57983899003087; Global Z: 1.95; Bounding Box Length: 0.668314610529094; Bounding Box Width: 0.668314610529078; Bounding Box Height: 0.0599999999999998
11E0TXYknFlhtVsQWcrOAy,Storey 2 - Slab 133 (24 cm),. HWPO: 1; SC2D: 6; SC3D1: 251; SC3D2: 251; SCSC: 251; Project: Project Name; Building: The building; Storey: Level 2; Top Elevation: -3.00097125585154; Bottom Elevation: -3.24097125585154; Global Top Elevation: -3.00097125585154; Global Bottom Elevation: -3.24097125585154; Has Own Geometry: 1; Children Have Geometry: 0; Global X: 3.47655654195185; Global Y: -23.1644673320465; Global Z: -3.24097125585154; Bounding Box Length: 0.4504034150116; Bounding Box Width: 2.05434470684154; Bounding Box Height: 0.24
1OHMY3NOP2XQdqrocWICee,Storey 2 - Slab 123 (6 cm),. HWPO: 1; SC2D: 6; SC3D1: 9; SC3D2: 9; SCSC: 9; Project: Project Name; Building: The building; Storey: Level 2; Top Elevation: 2.01; Bottom Elevation: 1.95; Global Top Elevation: 2.01; Global Bottom Elevation: 1.95; Has Own Geometry: 1; Children Have Geometry: 0; Global X: 12.2898025885123; Global Y: -2.00224682713129; Global Z: 1.95; Bounding Box Length: 0.622238710795187; Bounding Box Width: 0.622238710795191; Bounding Box Height: 0.0599999999999998
174TVpogz19O8J5WvJ6KFa,Storey 2 - Slab 134 (6 cm),. HWPO: 1; SC2D: 6; SC3D1: 9; SC3D2: 9; SCSC: 9; Project: Project Name; Building: The building; Storey: Level 2; Top Elevation: 2.01; Bottom Elevation: 1.95; Global Top Elevation: 2.01; Global Bottom Elevation: 1.95; Has Own Geometry: 1; Children Have Geometry: 0; Global X: 12.080298123898; Global Y: 5.08861706627837; Global Z: 1.95; Bounding Box Length: 0.622238710795187; Bounding Box Width: 0.622238710795191; Bounding Box Height: 0.0599999999999998
2aPENu6_HFa8$_4kcTllm$,Storey 2 - Slab 136 (20 cm),. HWPO: 1; SC2D: 6; SC3D1: 35; SC3D2: 35; SCSC: 35; Project: Project Name; Building: The building; Storey: Level 2; Top Elevation: -0.6; Bottom Elevation: -0.8; Global Top Elevation: -0.6; Global Bottom Elevation: -0.8; Has Own Geometry: 1; Children Have Geometry: 1; Global X: 7.05; Global Y: -13.55; Global Z: -0.8; Bounding Box Length: 1.5; Bounding Box Width: 1.1; Bounding Box Height: 0.2
2av0Dxeq55lwZjIYX8uTTO,Storey 2 - Slab 136 (20 cm) - Opening 1,. Project: Project Name; Building: The building; Storey: Level 2; Top Elevation: -0.6; Bottom Elevation: -0.8; Global Top Elevation: -0.6; Global Bottom Elevation: -0.8; Has Own Geometry: 1; Children Have Geometry: 0; Global X: 7.55000000000001; Global Y: -13.25; Global Z: -0.8; Bounding Box Length: 0.499999999999995; Bounding Box Width: 0.500000000000002; Bounding Box Height: 0.2
1hB_Ihl2r57h9$d9r2bpre,Storey 2 - Slab 126 (6 cm),. HWPO: 1; SC2D: 6; SC3D1: 9; SC3D2: 9; SCSC: 9; Project: Project Name; Building: The building; Storey: Level 2; Top Elevation: 0.00999999999999979; Bottom Elevation: -0.0499999999999998; Global Top Elevation: 0.00999999999999979; Global Bottom Elevation: -0.0499999999999998; Has Own Geometry: 1; Children Have Geometry: 0; Global X: 12.3171683714999; Global Y: -22.7629398766372; Global Z: -0.0499999999999998; Bounding Box Length: 0.610532024137534; Bounding Box Width: 0.610532024137537; Bounding Box Height: 0.0599999999999996
224xbpFLb3ahEr1wxeYnFt,Storey 2 - Slab 139 (16 cm),. HWPO: 1; SC2D: 6; SC3D1: 43; SC3D2: 43; SCSC: 43; Project: Project Name; Building: The building; Storey: Level 2; Top Elevation: -0.99; Bottom Elevation: -1.15; Global Top Elevation: -0.99; Global Bottom Elevation: -1.15; Has Own Geometry: 1; Children Have Geometry: 0; Global X: -17.917113110655; Global Y: -16.7647378043131; Global Z: -1.15; Bounding Box Length: 16.9662674042915; Bounding Box Width: 9.20939003491056; Bounding Box Height: 0.16
2CLj4kQ4j2uQyIqShKsSfw,Storey 2 - Slab 124 (6 cm),. HWPO: 1; SC2D: 6; SC3D1: 9; SC3D2: 9; SCSC: 9; Project: Project Name; Building: The building; Storey: Level 2; Top Elevation: 1.51; Bottom Elevation: 1.45; Global Top Elevation: 1.51; Global Bottom Elevation: 1.45; Has Own Geometry: 1; Children Have Geometry: 0; Global X: 12.3227382817705; Global Y: -6.30757037090729; Global Z: 1.45; Bounding Box Length: 0.622238710795191; Bounding Box Width: 0.622238710795191; Bounding Box Height: 0.0600000000000001
2N_rr4PlD7ffCdPnNhRSnY,Storey 2 - Slab 125 (6 cm),. HWPO: 1; SC2D: 6; SC3D1: 9; SC3D2: 9; SCSC: 9; Project: Project Name; Building: The building; Storey: Level 2; Top Elevation: 1.01; Bottom Elevation: 0.95; Global Top Elevation: 1.01; Global Bottom Elevation: 0.95; Has Own Geometry: 1; Children Have Geometry: 0; Global X: 12.4352616280812; Global Y: -14.6468005919255; Global Z: 0.95; Bounding Box Length: 0.622238710795191; Bounding Box Width: 0.622238710795191; Bounding Box Height: 0.0600000000000001
1hyezDA0f5VQrt54VfSTvT,Storey 2 - Slab 131 (6 cm),. HWPO: 1; SC2D: 6; SC3D1: 9; SC3D2: 9; SCSC: 9; Project: Project Name; Building: The building; Storey: Level 2; Top Elevation: 0.81; Bottom Elevation: 0.75; Global Top Elevation: 0.81; Global Bottom Elevation: 0.75; Has Own Geometry: 1; Children Have Geometry: 0; Global X: -23.0151807554866; Global Y: -19.1791502181871; Global Z: 0.75; Bounding Box Length: 0.660637433244222; Bounding Box Width: 0.660637433244212; Bounding Box Height: 0.0600000000000001
1smMgUFcr7jBMq5pe75N_A,Storey 2 - Slab 121 (6 cm),. HWPO: 1; SC2D: 6; SC3D1: 9; SC3D2: 9; SCSC: 9; Project: Project Name; Building: The building; Storey: Level 2; Top Elevation: 2.01; Bottom Elevation: 1.95; Global Top Elevation: 2.01; Global Bottom Elevation: 1.95; Has Own Geometry: 1; Children Have Geometry: 0; Global X: 11.6418648972268; Global Y: 19.788198883134; Global Z: 1.95; Bounding Box Length: 0.622238710795191; Bounding Box Width: 0.622238710795195; Bounding Box Height: 0.0599999999999998
1exCBCRxv3xx4UnxjWibWP,Storey 2 - Slab 122 (6 cm),. HWPO: 1; SC2D: 6; SC3D1: 9; SC3D2: 9; SCSC: 9; Project: Project Name; Building: The building; Storey: Level 2; Top Elevation: 2.01; Bottom Elevation: 1.95; Global Top Elevation: 2.01; Global Bottom Elevation: 1.95; Has Own Geometry: 1; Children Have Geometry: 0; Global X: 11.8868798499921; Global Y: 11.6264545752809; Global Z: 1.95; Bounding Box Length: 0.622238710795187; Bounding Box Width: 0.622238710795189; Bounding Box Height: 0.0599999999999998
1f9b4Ypoz4_QYu_n9i8mPO,Storey 2 - Slab 135 (35 cm),. HWPO: 1; SC2D: 6; SC3D1: 35; SC3D2: 35; SCSC: 35; Project: Project Name; Building: The building; Storey: Level 2; Top Elevation: -0.65; Bottom Elevation: -1; Global Top Elevation: -0.65; Global Bottom Elevation: -1; Has Own Geometry: 1; Children Have Geometry: 0; Global X: 7.60000000000001; Global Y: -13.2; Global Z: -1; Bounding Box Length: 0.399999999999997; Bounding Box Width: 0.400000000000002; Bounding Box Height: 0.35
2NWvYAnMj8b8xwx0zKkCo9,Storey 2 - Slab 138 (12 cm),. HWPO: 1; SC2D: 6; SC3D1: 24; SC3D2: 35; SCSC: 35; Project: Project Name; Building: The building; Storey: Level 2; Top Elevation: -0.63; Bottom Elevation: -0.75; Global Top Elevation: -0.63; Global Bottom Elevation: -0.75; Has Own Geometry: 1; Children Have Geometry: 0; Global X: 7.56; Global Y: -13.24; Global Z: -0.75; Bounding Box Length: 0.479999999999999; Bounding Box Width: 0.48; Bounding Box Height: 0.12
38sCgkL9TCfedEehmiGu3q,Storey 2 - Slab 137 (15 cm),. HWPO: 1; SC2D: 6; SC3D1: 35; SC3D2: 35; SCSC: 35; Project: Project Name; Building: The building; Storey: Level 2; Top Elevation: -0.65; Bottom Elevation: -0.8; Global Top Elevation: -0.65; Global Bottom Elevation: -0.8; Has Own Geometry: 1; Children Have Geometry: 0; Global X: 7.55000000000001; Global Y: -13.25; Global Z: -0.8; Bounding Box Length: 0.499999999999998; Bounding Box Width: 0.5; Bounding Box Height: 0.15
3gd116vC51c9iF18zo$ZKb,Storey 2 - Slab 130 (6 cm),. HWPO: 1; SC2D: 6; SC3D1: 9; SC3D2: 9; SCSC: 9; Project: Project Name; Building: The building; Storey: Level 2; Top Elevation: 0.81; Bottom Elevation: 0.75; Global Top Elevation: 0.81; Global Bottom Elevation: 0.75; Has Own Geometry: 1; Children Have Geometry: 0; Global X: -23.8891608164113; Global Y: -11.7531969791185; Global Z: 0.75; Bounding Box Length: 0.664328333891035; Bounding Box Width: 0.664328333891028; Bounding Box Height: 0.0600000000000001
0A8p6CNcr6w8DACoKaescQ,Storey 2 - Slab 129 (6 cm),. HWPO: 1; SC2D: 6; SC3D1: 9; SC3D2: 9; SCSC: 9; Project: Project Name; Building: The building; Storey: Level 2; Top Elevation: 1.41; Bottom Elevation: 1.35; Global Top Elevation: 1.41; Global Bottom Elevation: 1.35; Has Own Geometry: 1; Children Have Geometry: 0; Global X: -24.8862635197883; Global Y: -3.30588470965174; Global Z: 1.35; Bounding Box Length: 0.667488873984098; Bounding Box Width: 0.667488873984088; Bounding Box Height: 0.0600000000000001
3zYAJWHuv3YuFEC2jGGCmU,Storey 2 - Slab 132 (10 cm),. HWPO: 1; SC2D: 6; SC3D1: 9; SC3D2: 9; SCSC: 9; Project: Project Name; Building: The building; Storey: Level 2; Top Elevation: 2.45; Bottom Elevation: 2.35; Global Top Elevation: 2.45; Global Bottom Elevation: 2.35; Has Own Geometry: 1; Children Have Geometry: 0; Global X: 3.88162471034477; Global Y: 11.88; Global Z: 2.35; Bounding Box Length: 1.04; Bounding Box Width: 0.289999999999999; Bounding Box Height: 0.1
0FCG4CsFn3bxzVo5q9I_E6,Storey 2 - Slab 108 (16 cm),. HWPO: 1; SC2D: 6; SC3D1: 9; SC3D2: 9; SCSC: 9; Project: Project Name; Building: The building; Storey: Level 2; Top Elevation: -1.99; Bottom Elevation: -2.15; Global Top Elevation: -1.99; Global Bottom Elevation: -2.15; Has Own Geometry: 1; Children Have Geometry: 0; Global X: -22.9130124035744; Global Y: -22.5558961145007; Global Z: -2.15; Bounding Box Length: 0.928509478004472; Bounding Box Width: 3.59933603647915; Bounding Box Height: 0.16
3EQ9OQr_D22PgH6kBYncfs,Storey 2 - Slab 116 (10 cm),. HWPO: 1; SC2D: 6; SC3D1: 9; SC3D2: 9; SCSC: 9; Project: Project Name; Building: The building; Storey: Level 2; Top Elevation: 2.05; Bottom Elevation: 1.95; Global Top Elevation: 2.05; Global Bottom Elevation: 1.95; Has Own Geometry: 1; Children Have Geometry: 0; Global X: 10.18; Global Y: 2.43; Global Z: 1.95; Bounding Box Length: 0.290000000000003; Bounding Box Width: 1.04; Bounding Box Height: 0.0999999999999999
1Brxa6egb85hwq2ts3zz6Z,Storey 2 - Slab 117 (10 cm),. HWPO: 1; SC2D: 6; SC3D1: 9; SC3D2: 9; SCSC: 9; Project: Project Name; Building: The building; Storey: Level 2; Top Elevation: 2.05; Bottom Elevation: 1.95; Global Top Elevation: 2.05; Global Bottom Elevation: 1.95; Has Own Geometry: 1; Children Have Geometry: 0; Global X: 10.18; Global Y: 10.0283752896552; Global Z: 1.95; Bounding Box Length: 0.290000000000003; Bounding Box Width: 1.04; Bounding Box Height: 0.0999999999999999
0WIP7Eac93ZBjqu0imTR7X,Storey 2 - Slab 112 (17 cm),. HWPO: 1; SC2D: 6; SC3D1: 35; SC3D2: 35; SCSC: 35; Project: Project Name; Building: The building; Storey: Level 2; Top Elevation: 0.17; Bottom Elevation: 0; Global Top Elevation: 0.17; Global Bottom Elevation: 0; Has Own Geometry: 1; Children Have Geometry: 0; Global X: 2.65; Global Y: 12.15; Global Z: 0; Bounding Box Length: 1.2; Bounding Box Width: 1.45; Bounding Box Height: 0.17
19vtOTuo10ngnErW8fc6cP,Storey 2 - Slab 113 (20 cm),. HWPO: 1; SC2D: 6; SC3D1: 27; SC3D2: 27; SCSC: 27; Project: Project Name; Building: The building; Storey: Level 2; Top Elevation: 1.35; Bottom Elevation: 1.15; Global Top Elevation: 1.35; Global Bottom Elevation: 1.15; Has Own Geometry: 1; Children Have Geometry: 0; Global X: -1.27886431099111; Global Y: 12.05; Global Z: 1.15; Bounding Box Length: 13.229089055304; Bounding Box Width: 16.3225075457921; Bounding Box Height: 0.2
37VMiMLMDB_vlWj$EBW5R2,Storey 2 - Slab 118 (10 cm),. HWPO: 1; SC2D: 6; SC3D1: 9; SC3D2: 9; SCSC: 9; Project: Project Name; Building: The building; Storey: Level 2; Top Elevation: 2.25; Bottom Elevation: 2.15; Global Top Elevation: 2.25; Global Bottom Elevation: 2.15; Has Own Geometry: 1; Children Have Geometry: 0; Global X: 2.33; Global Y: 10.0283752896552; Global Z: 2.15; Bounding Box Length: 0.289999999999999; Bounding Box Width: 1.04; Bounding Box Height: 0.1
1xN4dM51zDwvNISU0KoYgc,Storey 2 - Slab 107 (16 cm),. HWPO: 1; SC2D: 6; SC3D1: 9; SC3D2: 9; SCSC: 9; Project: Project Name; Building: The building; Storey: Level 2; Top Elevation: 0.21; Bottom Elevation: 0.0499999999999998; Global Top Elevation: 0.21; Global Bottom Elevation: 0.0499999999999998; Has Own Geometry: 1; Children Have Geometry: 0; Global X: -13.9807694847761; Global Y: -2.00436585374059; Global Z: 0.0499999999999998; Bounding Box Length: 9.04076948477613; Bounding Box Width: 3.52614898947594; Bounding Box Height: 0.16
2yhzdnJbb2M9GTctIihG7w,Storey 2 - Slab 115 (35 cm),. HWPO: 1; SC2D: 6; SC3D1: 27; SC3D2: 27; SCSC: 27; Project: Project Name; Building: The building; Storey: Level 2; Top Elevation: 1.25; Bottom Elevation: 0.9; Global Top Elevation: 1.25; Global Bottom Elevation: 0.9; Has Own Geometry: 1; Children Have Geometry: 0; Global X: -1.43221309699041; Global Y: 12.05; Global Z: 0.9; Bounding Box Length: 3.18221309699041; Bounding Box Width: 2.2774680795137; Bounding Box Height: 0.35
1DLSg6yzD9fhcvcihH3HDu,Storey 2 - Slab 119 (10 cm),. HWPO: 1; SC2D: 6; SC3D1: 9; SC3D2: 9; SCSC: 9; Project: Project Name; Building: The building; Storey: Level 2; Top Elevation: 2.25; Bottom Elevation: 2.15; Global Top Elevation: 2.25; Global Bottom Elevation: 2.15; Has Own Geometry: 1; Children Have Geometry: 0; Global X: 2.33; Global Y: 6.87837528965523; Global Z: 2.15; Bounding Box Length: 0.289999999999999; Bounding Box Width: 1.04; Bounding Box Height: 0.1
2jy_4VtGr9o9ugSdR0625L,Storey 2 - Slab 106 (16 cm),. HWPO: 1; SC2D: 6; SC3D1: 9; SC3D2: 9; SCSC: 9; Project: Project Name; Building: The building; Storey: Level 2; Top Elevation: -1.69; Bottom Elevation: -1.85; Global Top Elevation: -1.69; Global Bottom Elevation: -1.85; Has Own Geometry: 1; Children Have Geometry: 0; Global X: -14.8428591453794; Global Y: -19.400461766989; Global Z: -1.85; Bounding Box Length: 13.366390465006; Bounding Box Width: 4.69495868734123; Bounding Box Height: 0.159999999999999
3ezKp5eBH2bxOiFL__bgPB,Storey 2 - Slab 120 (10 cm),. HWPO: 1; SC2D: 6; SC3D1: 9; SC3D2: 9; SCSC: 9; Project: Project Name; Building: The building; Storey: Level 2; Top Elevation: 2.25; Bottom Elevation: 2.15; Global Top Elevation: 2.25; Global Bottom Elevation: 2.15; Has Own Geometry: 1; Children Have Geometry: 0; Global X: 2.33; Global Y: 2.42837528965523; Global Z: 2.15; Bounding Box Length: 0.289999999999999; Bounding Box Width: 1.04; Bounding Box Height: 0.1
0SBWppvw5D8B5El_B8xTVT,Storey 2 - Slab 109 (16 cm),. HWPO: 1; SC2D: 6; SC3D1: 9; SC3D2: 9; SCSC: 9; Project: Project Name; Building: The building; Storey: Level 2; Top Elevation: -2.49; Bottom Elevation: -2.65; Global Top Elevation: -2.49; Global Bottom Elevation: -2.65; Has Own Geometry: 1; Children Have Geometry: 0; Global X: 11.8475780134522; Global Y: -26.4175911519532; Global Z: -2.65; Bounding Box Length: 1.03713095457096; Bounding Box Width: 3.75703495835236; Bounding Box Height: 0.16
3vpFdznTj9ZeQ4Zwlk6lH1,Storey 2 - Slab 111 (6 cm),. HWPO: 1; SC2D: 6; SC3D1: 9; SC3D2: 9; SCSC: 9; Project: Project Name; Building: The building; Storey: Level 2; Top Elevation: 2.51; Bottom Elevation: 2.45; Global Top Elevation: 2.51; Global Bottom Elevation: 2.45; Has Own Geometry: 1; Children Have Geometry: 0; Global X: -16.5889930046607; Global Y: 19.9749456492384; Global Z: 2.45; Bounding Box Length: 0.914889128978873; Bounding Box Width: 0.914889128978874; Bounding Box Height: 0.0600000000000001
20waE0nVn6cAS8srvQ5xJU,Storey 2 - Slab 105 (16 cm),. HWPO: 1; SC2D: 6; SC3D1: 9; SC3D2: 9; SCSC: 9; Project: Project Name; Building: The building; Storey: Level 2; Top Elevation: -0.94; Bottom Elevation: -1.1; Global Top Elevation: -0.94; Global Bottom Elevation: -1.1; Has Own Geometry: 1; Children Have Geometry: 0; Global X: -1.79391383368733; Global Y: -14.8042166355581; Global Z: -1.1; Bounding Box Length: 0.578420741812535; Bounding Box Width: 1.14935724771158; Bounding Box Height: 0.16
26ga5ZWh9EpQIyE1wAkICG,Storey 2 - Slab 110 (6 cm),. HWPO: 1; SC2D: 6; SC3D1: 9; SC3D2: 9; SCSC: 9; Project: Project Name; Building: The building; Storey: Level 2; Top Elevation: 2.51; Bottom Elevation: 2.45; Global Top Elevation: 2.51; Global Bottom Elevation: 2.45; Has Own Geometry: 1; Children Have Geometry: 0; Global X: -20.6961693785925; Global Y: 18.8507941097999; Global Z: 2.45; Bounding Box Length: 0.914889128978878; Bounding Box Width: 0.914889128978874; Bounding Box Height: 0.0600000000000001
0369jk$W90PBn0OAs0dBel,Storey 2 - Slab 114 (20 cm),. HWPO: 1; SC2D: 6; SC3D1: 35; SC3D2: 35; SCSC: 35; Project: Project Name; Building: The building; Storey: Level 2; Top Elevation: 0; Bottom Elevation: -0.2; Global Top Elevation: 0; Global Bottom Elevation: -0.2; Has Own Geometry: 1; Children Have Geometry: 0; Global X: 2.35; Global Y: 12.15; Global Z: -0.2; Bounding Box Length: 9.60022474431285; Bounding Box Width: 2; Bounding Box Height: 0.2
3SM$vaX7P7yAevYxtJDheY,Storey 2 - Beam 23 (15 cm),. Project: Project Name; Building: The building; Storey: Level 2; Top Elevation: 3.55; Bottom Elevation: 3.4; Global Top Elevation: 3.55; Global Bottom Elevation: 3.4; Has Own Geometry: 1; Children Have Geometry: 0; Global X: 5.97204237534823; Global Y: 22.768862145715; Global Z: 3.4; Bounding Box Length: 5.57544875072044; Bounding Box Width: 0.369912760013634; Bounding Box Height: 0.15
1VZjPpFfP05xX0eVrvo0jJ,Storey 2 - Beam 25 (15 cm),. Project: Project Name; Building: The building; Storey: Level 2; Top Elevation: 3.55; Bottom Elevation: 3.4; Global Top Elevation: 3.55; Global Bottom Elevation: 3.4; Has Own Geometry: 1; Children Have Geometry: 0; Global X: 6.16324151434124; Global Y: 19.4109272671502; Global Z: 3.4; Bounding Box Length: 5.57544875072044; Bounding Box Width: 0.36991276001363; Bounding Box Height: 0.15
0fCJxfMo13rR$HDG$l_OwW,Storey 2 - Beam 24 (15 cm),. Project: Project Name; Building: The building; Storey: Level 2; Top Elevation: 3.35; Bottom Elevation: 3.2; Global Top Elevation: 3.35; Global Bottom Elevation: 3.2; Has Own Geometry: 1; Children Have Geometry: 0; Global X: 10.6242599588131; Global Y: 19.1290088683283; Global Z: 3.2; Bounding Box Length: 0.764727645013991; Bounding Box Width: 8.85425293973782; Bounding Box Height: 0.15
3NjW6XP_nAMACmMgRQ5f2q,Storey 2 - Beam 26 (15 cm),. Project: Project Name; Building: The building; Storey: Level 2; Top Elevation: 3.55; Bottom Elevation: 3.4; Global Top Elevation: 3.55; Global Bottom Elevation: 3.4; Has Own Geometry: 1; Children Have Geometry: 0; Global X: 6.09154183721886; Global Y: 20.2952232849929; Global Z: 3.4; Bounding Box Length: 5.57544875072043; Bounding Box Width: 0.369912760013623; Bounding Box Height: 0.15
0j4OMxXJj5gBRFjBVJnsmY,Storey 2 - Beam 16 (15 cm),. Project: Project Name; Building: The building; Storey: Level 2; Top Elevation: -1.34945692495953; Bottom Elevation: -1.49945692495953; Global Top Elevation: -1.34945692495953; Global Bottom Elevation: -1.49945692495953; Has Own Geometry: 1; Children Have Geometry: 0; Global X: -20.5473733769574; Global Y: -18.436231729581; Global Z: -1.49945692495953; Bounding Box Length: 4.19467920960286; Bounding Box Width: 1.63093526232201; Bounding Box Height: 0.15
3esjPheqL9_vq99$0hnMYU,Storey 2 - Beam 21 (15 cm),. Project: Project Name; Building: The building; Storey: Level 2; Top Elevation: -1.20048024785577; Bottom Elevation: -1.35048024785577; Global Top Elevation: -1.20048024785577; Global Bottom Elevation: -1.35048024785577; Has Own Geometry: 1; Children Have Geometry: 0; Global X: -16.9376299625533; Global Y: -19.7362066583427; Global Z: -1.35048024785577; Bounding Box Length: 1.0472185287962; Bounding Box Width: 2.78506303450429; Bounding Box Height: 0.15
1txJV7gnfFevIZhKYHQz0A,Storey 2 - Beam 27 (15 cm),. Project: Project Name; Building: The building; Storey: Level 2; Top Elevation: 3.55; Bottom Elevation: 3.4; Global Top Elevation: 3.55; Global Bottom Elevation: 3.4; Has Own Geometry: 1; Children Have Geometry: 0; Global X: 6.04594226772235; Global Y: 21.1436694642744; Global Z: 3.4; Bounding Box Length: 5.57544875072044; Bounding Box Width: 0.369912760013626; Bounding Box Height: 0.15
25xu52f610Ffl03jS1HQgX,Storey 2 - Beam 28 (15 cm),. Project: Project Name; Building: The building; Storey: Level 2; Top Elevation: 3.55; Bottom Elevation: 3.4; Global Top Elevation: 3.55; Global Bottom Elevation: 3.4; Has Own Geometry: 1; Children Have Geometry: 0; Global X: 6.03179210628354; Global Y: 21.9562658049947; Global Z: 3.4; Bounding Box Length: 5.57544875072044; Bounding Box Width: 0.369912760013623; Bounding Box Height: 0.15
3dsQxygNL6uPWBWKYL0ig$,Storey 2 - Beam 19 (15 cm),. Project: Project Name; Building: The building; Storey: Level 2; Top Elevation: -1.20048024785577; Bottom Elevation: -1.35048024785577; Global Top Elevation: -1.20048024785577; Global Bottom Elevation: -1.35048024785577; Has Own Geometry: 1; Children Have Geometry: 0; Global X: -18.1712254150487; Global Y: -20.1760122229013; Global Z: -1.35048024785577; Bounding Box Length: 1.0472185287962; Bounding Box Width: 2.78506303450429; Bounding Box Height: 0.15
0ubvXAqqDCefbcIKpKzNXY,Storey 2 - Beam 29 (3 cm),. Project: Project Name; Building: The building; Storey: Level 2; Top Elevation: -0.76373276367389; Bottom Elevation: -0.91373276367389; Global Top Elevation: -0.76373276367389; Global Bottom Elevation: -0.91373276367389; Has Own Geometry: 1; Children Have Geometry: 0; Global X: -23.2770945063743; Global Y: -14.2005204431747; Global Z: -0.91373276367389; Bounding Box Length: 0.334724158292651; Bounding Box Width: 2.44724263905073; Bounding Box Height: 0.15
1O06PM6w9D3Q1O7ukmI24b,Storey 2 - Beam 30 (3 cm),. Project: Project Name; Building: The building; Storey: Level 2; Top Elevation: -0.579848314343034; Bottom Elevation: -0.729848314343033; Global Top Elevation: -0.579848314343034; Global Bottom Elevation: -0.729848314343033; Has Own Geometry: 1; Children Have Geometry: 0; Global X: -23.2770945063743; Global Y: -14.2005204431747; Global Z: -0.729848314343033; Bounding Box Length: 0.334724158292651; Bounding Box Width: 2.44724263905073; Bounding Box Height: 0.15
35Fli5HP59NQugytuhqIHZ,Storey 2 - Beam 31 (3 cm),. Project: Project Name; Building: The building; Storey: Level 2; Top Elevation: -0.395963865012177; Bottom Elevation: -0.545963865012177; Global Top Elevation: -0.395963865012177; Global Bottom Elevation: -0.545963865012177; Has Own Geometry: 1; Children Have Geometry: 0; Global X: -23.2770945063743; Global Y: -14.2005204431747; Global Z: -0.545963865012177; Bounding Box Length: 0.334724158292651; Bounding Box Width: 2.44724263905073; Bounding Box Height: 0.15
1SVirPdJv3ZOIgNeti93MQ,Storey 2 - Beam 10 (15 cm),. Project: Project Name; Building: The building; Storey: Level 2; Top Elevation: 2.85; Bottom Elevation: 2.7; Global Top Elevation: 2.85; Global Bottom Elevation: 2.7; Has Own Geometry: 1; Children Have Geometry: 0; Global X: 4.7; Global Y: -1.95; Global Z: 2.7; Bounding Box Length: 0.15; Bounding Box Width: 3.3; Bounding Box Height: 0.15
3BG4N51CrB5vVkkr8gd_We,Storey 2 - Beam 14 (15 cm),. Project: Project Name; Building: The building; Storey: Level 2; Top Elevation: -1.35048024785577; Bottom Elevation: -1.50048024785577; Global Top Elevation: -1.35048024785577; Global Bottom Elevation: -1.50048024785577; Has Own Geometry: 1; Children Have Geometry: 0; Global X: -19.8131889625849; Global Y: -20.5712458686839; Global Z: -1.50048024785577; Bounding Box Length: 4.18741527197994; Bounding Box Width: 1.65277699156828; Bounding Box Height: 0.149999999999999
0ZedF045n0iucWZYUxvcXP,Storey 2 - Beam 7 (15 cm),. Project: Project Name; Building: The building; Storey: Level 2; Top Elevation: 2.85; Bottom Elevation: 2.7; Global Top Elevation: 2.85; Global Bottom Elevation: 2.7; Has Own Geometry: 1; Children Have Geometry: 0; Global X: 7.9; Global Y: -1.95; Global Z: 2.7; Bounding Box Length: 0.15; Bounding Box Width: 3.3; Bounding Box Height: 0.15
3MEU06imD53BhBOEc6cFGB,Storey 2 - Beam 8 (15 cm),. Project: Project Name; Building: The building; Storey: Level 2; Top Elevation: 2.85; Bottom Elevation: 2.7; Global Top Elevation: 2.85; Global Bottom Elevation: 2.7; Has Own Geometry: 1; Children Have Geometry: 0; Global X: 7.1; Global Y: -1.95; Global Z: 2.7; Bounding Box Length: 0.150000000000002; Bounding Box Width: 3.3; Bounding Box Height: 0.15
2YK_KzTlr4xhXj75lz3Qo$,Storey 2 - Beam 9 (15 cm),. Project: Project Name; Building: The building; Storey: Level 2; Top Elevation: 2.85; Bottom Elevation: 2.7; Global Top Elevation: 2.85; Global Bottom Elevation: 2.7; Has Own Geometry: 1; Children Have Geometry: 0; Global X: 5.5; Global Y: -1.95; Global Z: 2.7; Bounding Box Length: 0.15; Bounding Box Width: 3.3; Bounding Box Height: 0.15
3vYA9fxqLB2u5uQgWZHUr6,Storey 2 - Beam 12 (15 cm),. Project: Project Name; Building: The building; Storey: Level 2; Top Elevation: 2.85; Bottom Elevation: 2.7; Global Top Elevation: 2.85; Global Bottom Elevation: 2.7; Has Own Geometry: 1; Children Have Geometry: 0; Global X: 3.1; Global Y: -1.95; Global Z: 2.7; Bounding Box Length: 0.15; Bounding Box Width: 3.3; Bounding Box Height: 0.15
3RJ8qWf49BjuZ9E4CbASP0,Storey 2 - Beam 13 (15 cm),. Project: Project Name; Building: The building; Storey: Level 2; Top Elevation: 2.7; Bottom Elevation: 2.55; Global Top Elevation: 2.7; Global Bottom Elevation: 2.55; Has Own Geometry: 1; Children Have Geometry: 0; Global X: 2.3589449725791; Global Y: 1.2; Global Z: 2.55; Bounding Box Length: 8.08113981584187; Bounding Box Width: 0.15; Bounding Box Height: 0.15
12sPBsV6j2bfpvUoFrBf1u,Storey 2 - Beam 15 (15 cm),. Project: Project Name; Building: The building; Storey: Level 2; Top Elevation: -1.20048024785577; Bottom Elevation: -1.35048024785577; Global Top Elevation: -1.20048024785577; Global Bottom Elevation: -1.35048024785577; Has Own Geometry: 1; Children Have Geometry: 0; Global X: -20.0908929579331; Global Y: -20.8633295082135; Global Z: -1.35048024785577; Bounding Box Length: 1.0472185287962; Bounding Box Width: 2.78506303450429; Bounding Box Height: 0.15
2nrinNetH4TQke3cdwCL6i,Storey 2 - Beam 17 (15 cm),. Project: Project Name; Building: The building; Storey: Level 2; Top Elevation: -1.20048024785577; Bottom Elevation: -1.35048024785577; Global Top Elevation: -1.20048024785577; Global Bottom Elevation: -1.35048024785577; Has Own Geometry: 1; Children Have Geometry: 0; Global X: -19.43178610748; Global Y: -20.6309932637132; Global Z: -1.35048024785577; Bounding Box Length: 1.0472185287962; Bounding Box Width: 2.78506303450429; Bounding Box Height: 0.15
00aabTrAnAMfBh$f5tvUII,Storey 2 - Beam 11 (15 cm),. Project: Project Name; Building: The building; Storey: Level 2; Top Elevation: 2.85; Bottom Elevation: 2.7; Global Top Elevation: 2.85; Global Bottom Elevation: 2.7; Has Own Geometry: 1; Children Have Geometry: 0; Global X: 3.9; Global Y: -1.95; Global Z: 2.7; Bounding Box Length: 0.149999999999999; Bounding Box Width: 3.3; Bounding Box Height: 0.15
0H2l6eDUz01e7vJv$1GdWL,Storey 2 - Beam 18 (15 cm),. Project: Project Name; Building: The building; Storey: Level 2; Top Elevation: -1.20048024785577; Bottom Elevation: -1.35048024785577; Global Top Elevation: -1.20048024785577; Global Bottom Elevation: -1.35048024785577; Has Own Geometry: 1; Children Have Geometry: 0; Global X: -18.801917464958; Global Y: -20.4006315598568; Global Z: -1.35048024785577; Bounding Box Length: 1.0472185287962; Bounding Box Width: 2.78506303450429; Bounding Box Height: 0.15
3f3TW_SmHEGhzVeSTSBVAd,Storey 2 - Beam 22 (15 cm),. Project: Project Name; Building: The building; Storey: Level 2; Top Elevation: 3.35; Bottom Elevation: 3.2; Global Top Elevation: 3.35; Global Bottom Elevation: 3.2; Has Own Geometry: 1; Children Have Geometry: 0; Global X: 6.1172031085956; Global Y: 18.9692447865578; Global Z: 3.2; Bounding Box Length: 0.72893009458263; Bounding Box Width: 8.7641226951635; Bounding Box Height: 0.15
31Qgjc0E99zAeMFzzra$3D,Storey 2 - Beam 20 (15 cm),. Project: Project Name; Building: The building; Storey: Level 2; Top Elevation: -1.20048024785577; Bottom Elevation: -1.35048024785577; Global Top Elevation: -1.20048024785577; Global Bottom Elevation: -1.35048024785577; Has Own Geometry: 1; Children Have Geometry: 0; Global X: -17.5217182833365; Global Y: -19.9467190174877; Global Z: -1.35048024785577; Bounding Box Length: 1.0472185287962; Bounding Box Width: 2.7850630345043; Bounding Box Height: 0.15
1rXSt5id94qBM$yS4s_$qJ,Storey 2 - Beam 61 (10 cm),. Project: Project Name; Building: The building; Storey: Level 2; Top Elevation: 2.9; Bottom Elevation: 2.8; Global Top Elevation: 2.9; Global Bottom Elevation: 2.8; Has Own Geometry: 1; Children Have Geometry: 0; Global X: 8.25; Global Y: 13.9; Global Z: 2.8; Bounding Box Length: 0.0999999999999996; Bounding Box Width: 1.05; Bounding Box Height: 0.1
3GOLQXexz64vOlnj0xEtK2,Storey 2 - Beam 58 (10 cm),. Project: Project Name; Building: The building; Storey: Level 2; Top Elevation: 2.9; Bottom Elevation: 2.8; Global Top Elevation: 2.9; Global Bottom Elevation: 2.8; Has Own Geometry: 1; Children Have Geometry: 0; Global X: 7.65; Global Y: 12.25; Global Z: 2.8; Bounding Box Length: 0.100000000000003; Bounding Box Width: 1.55; Bounding Box Height: 0.1
22aui4gQTCvO6fCGvMHwM8,Storey 2 - Beam 59 (10 cm),. Project: Project Name; Building: The building; Storey: Level 2; Top Elevation: 2.9; Bottom Elevation: 2.8; Global Top Elevation: 2.9; Global Bottom Elevation: 2.8; Has Own Geometry: 1; Children Have Geometry: 0; Global X: 7.05; Global Y: 12.25; Global Z: 2.8; Bounding Box Length: 0.100000000000001; Bounding Box Width: 1.55; Bounding Box Height: 0.1
0rJ4ZTqC136eXyy6O_8dzw,Storey 2 - Beam 60 (10 cm),. Project: Project Name; Building: The building; Storey: Level 2; Top Elevation: 2.9; Bottom Elevation: 2.8; Global Top Elevation: 2.9; Global Bottom Elevation: 2.8; Has Own Geometry: 1; Children Have Geometry: 0; Global X: 8.25; Global Y: 12.25; Global Z: 2.8; Bounding Box Length: 0.100000000000001; Bounding Box Width: 1.55; Bounding Box Height: 0.1
09fNXDuP91fg8AJGOxC1SL,Storey 2 - Beam 57 (10 cm),. Project: Project Name; Building: The building; Storey: Level 2; Top Elevation: 2.9; Bottom Elevation: 2.8; Global Top Elevation: 2.9; Global Bottom Elevation: 2.8; Has Own Geometry: 1; Children Have Geometry: 0; Global X: 7.65; Global Y: 13.9; Global Z: 2.8; Bounding Box Length: 0.100000000000001; Bounding Box Width: 1.05; Bounding Box Height: 0.1
3StzPZ3W19hexQPZFB_ucT,Storey 2 - Beam 1 (15 cm),. Project: Project Name; Building: The building; Storey: Level 2; Top Elevation: 2.7; Bottom Elevation: 2.55; Global Top Elevation: 2.7; Global Bottom Elevation: 2.55; Has Own Geometry: 1; Children Have Geometry: 0; Global X: 2.3589449725791; Global Y: -1.85; Global Z: 2.55; Bounding Box Length: 8.08113981584187; Bounding Box Width: 0.15; Bounding Box Height: 0.15
2G1GJUdo16UACxPxUQI7Kc,Storey 2 - Beam 2 (15 cm),. Project: Project Name; Building: The building; Storey: Level 2; Top Elevation: 2.85; Bottom Elevation: 2.7; Global Top Elevation: 2.85; Global Bottom Elevation: 2.7; Has Own Geometry: 1; Children Have Geometry: 0; Global X: 2.36736778781115; Global Y: -1.93637581380208; Global Z: 2.7; Bounding Box Length: 0.15; Bounding Box Width: 3.28637581380208; Bounding Box Height: 0.15
3_2p_B9UH1GvjfPkgzbvEL,Storey 2 - Beam 3 (15 cm),. Project: Project Name; Building: The building; Storey: Level 2; Top Elevation: 2.85; Bottom Elevation: 2.7; Global Top Elevation: 2.85; Global Bottom Elevation: 2.7; Has Own Geometry: 1; Children Have Geometry: 0; Global X: 6.3; Global Y: -1.93652544119441; Global Z: 2.7; Bounding Box Length: 0.15; Bounding Box Width: 3.28652544119441; Bounding Box Height: 0.15
2uN2KAl0LEvfN4e2jK9Fq4,Storey 2 - Beam 4 (15 cm),. Project: Project Name; Building: The building; Storey: Level 2; Top Elevation: 2.85; Bottom Elevation: 2.7; Global Top Elevation: 2.85; Global Bottom Elevation: 2.7; Has Own Geometry: 1; Children Have Geometry: 0; Global X: 10.2891243651906; Global Y: -1.93363453556301; Global Z: 2.7; Bounding Box Length: 0.149999999999999; Bounding Box Width: 3.28363453556301; Bounding Box Height: 0.15
3tqNovbmD9FQ3_mu9OwTRO,Storey 2 - Beam 5 (15 cm),. Project: Project Name; Building: The building; Storey: Level 2; Top Elevation: 2.85; Bottom Elevation: 2.7; Global Top Elevation: 2.85; Global Bottom Elevation: 2.7; Has Own Geometry: 1; Children Have Geometry: 0; Global X: 9.5; Global Y: -1.95; Global Z: 2.7; Bounding Box Length: 0.150000000000002; Bounding Box Width: 3.3; Bounding Box Height: 0.15
1X4sYSop9B8PzsDYuXYFeS,Storey 2 - Beam 6 (15 cm),. Project: Project Name; Building: The building; Storey: Level 2; Top Elevation: 2.85; Bottom Elevation: 2.7; Global Top Elevation: 2.85; Global Bottom Elevation: 2.7; Has Own Geometry: 1; Children Have Geometry: 0; Global X: 8.7; Global Y: -1.95; Global Z: 2.7; Bounding Box Length: 0.149999999999999; Bounding Box Width: 3.3; Bounding Box Height: 0.15
3z1mTs8M14Dw_y1labIBim,Storey 2 - Beam 42 (3 cm),. Project: Project Name; Building: The building; Storey: Level 2; Top Elevation: -1.69980910601401; Bottom Elevation: -1.84980910601401; Global Top Elevation: -1.69980910601401; Global Bottom Elevation: -1.84980910601401; Has Own Geometry: 1; Children Have Geometry: 0; Global X: 0.0789823154638878; Global Y: -17.6613762127257; Global Z: -1.84980910601401; Bounding Box Length: 2.1858919211607; Bounding Box Width: 0.512615726380957; Bounding Box Height: 0.15
2SbSYmeYX0ogPo6_aiOMfy,Storey 2 - Beam 55 (10 cm),. Project: Project Name; Building: The building; Storey: Level 2; Top Elevation: 2.9; Bottom Elevation: 2.8; Global Top Elevation: 2.9; Global Bottom Elevation: 2.8; Has Own Geometry: 1; Children Have Geometry: 0; Global X: 7.65; Global Y: 14.95; Global Z: 2.8; Bounding Box Length: 1.3; Bounding Box Width: 0.0999999999999961; Bounding Box Height: 0.1
0290xFkMb5Mf4OnDHu83T8,Storey 2 - Beam 56 (10 cm),. Project: Project Name; Building: The building; Storey: Level 2; Top Elevation: 2.9; Bottom Elevation: 2.8; Global Top Elevation: 2.9; Global Bottom Elevation: 2.8; Has Own Geometry: 1; Children Have Geometry: 0; Global X: 8.85; Global Y: 13.9; Global Z: 2.8; Bounding Box Length: 0.0999999999999979; Bounding Box Width: 1.05; Bounding Box Height: 0.1
2NMlt7I_TBBO0htHslmNJx,Storey 2 - Beam 39 (3 cm),. Project: Project Name; Building: The building; Storey: Level 2; Top Elevation: -1.70216306872573; Bottom Elevation: -1.85216306872573; Global Top Elevation: -1.70216306872573; Global Bottom Elevation: -1.85216306872573; Has Own Geometry: 1; Children Have Geometry: 0; Global X: 1.80827099733051; Global Y: -19.7457825364403; Global Z: -1.85216306872573; Bounding Box Length: 0.495870942636941; Bounding Box Width: 2.10026293756773; Bounding Box Height: 0.15
0qejalCa1Axf_mlbr8Q6oC,Storey 2 - Beam 48 (15 cm),. Project: Project Name; Building: The building; Storey: Level 2; Top Elevation: 3.55; Bottom Elevation: 3.4; Global Top Elevation: 3.55; Global Bottom Elevation: 3.4; Has Own Geometry: 1; Children Have Geometry: 0; Global X: 5.79594226772235; Global Y: 25.0436694642744; Global Z: 3.4; Bounding Box Length: 5.57544875072044; Bounding Box Width: 0.36991276001363; Bounding Box Height: 0.15
37oyVc25H0nQuf2h$iECua,Storey 2 - Beam 47 (15 cm),. Project: Project Name; Building: The building; Storey: Level 2; Top Elevation: 3.55; Bottom Elevation: 3.4; Global Top Elevation: 3.55; Global Bottom Elevation: 3.4; Has Own Geometry: 1; Children Have Geometry: 0; Global X: 5.84154183721886; Global Y: 24.1952232849929; Global Z: 3.4; Bounding Box Length: 5.57544875072043; Bounding Box Width: 0.36991276001363; Bounding Box Height: 0.15
3CPsJHR291kQAhZ8K5_k0G,Storey 2 - Beam 49 (15 cm),. Project: Project Name; Building: The building; Storey: Level 2; Top Elevation: 3.55; Bottom Elevation: 3.4; Global Top Elevation: 3.55; Global Bottom Elevation: 3.4; Has Own Geometry: 1; Children Have Geometry: 0; Global X: 5.78179210628354; Global Y: 25.8562658049947; Global Z: 3.4; Bounding Box Length: 5.57544875072044; Bounding Box Width: 0.369912760013623; Bounding Box Height: 0.15
30IUzn77X4cOJrif78mJXr,Storey 2 - Beam 34 (20 cm),. Project: Project Name; Building: The building; Storey: Level 2; Top Elevation: -0.931654278593995; Bottom Elevation: -0.971654278593995; Global Top Elevation: -0.931654278593995; Global Bottom Elevation: -0.971654278593995; Has Own Geometry: 1; Children Have Geometry: 0; Global X: -22.9824271444654; Global Y: -14.1676054721278; Global Z: -0.971654278593995; Bounding Box Length: 0.495405334504674; Bounding Box Width: 2.47074230192492; Bounding Box Height: 0.04
03c503GAr6eQtpC88uRVmb,Storey 2 - Beam 33 (20 cm),. Project: Project Name; Building: The building; Storey: Level 2; Top Elevation: -0.931654278593995; Bottom Elevation: -0.971654278593995; Global Top Elevation: -0.931654278593995; Global Bottom Elevation: -0.971654278593995; Has Own Geometry: 1; Children Have Geometry: 0; Global X: -23.2140466496038; Global Y: -14.1960417415265; Global Z: -0.971654278593995; Bounding Box Length: 0.487304169042389; Bounding Box Width: 2.46520373686305; Bounding Box Height: 0.04
2i4S3RP1f3jwgNJdsLMW$q,Storey 2 - Beam 38 (3 cm),. Project: Project Name; Building: The building; Storey: Level 2; Top Elevation: -1.52810597371051; Bottom Elevation: -1.67810597371051; Global Top Elevation: -1.52810597371051; Global Bottom Elevation: -1.67810597371051; Has Own Geometry: 1; Children Have Geometry: 0; Global X: 1.80827099733051; Global Y: -19.7457825364403; Global Z: -1.67810597371051; Bounding Box Length: 0.495870942636941; Bounding Box Width: 2.10026293756773; Bounding Box Height: 0.149999999999999
3qyfnOIFr0y8J1gPovuD7l,Storey 2 - Beam 46 (15 cm),. Project: Project Name; Building: The building; Storey: Level 2; Top Elevation: 3.55; Bottom Elevation: 3.4; Global Top Elevation: 3.55; Global Bottom Elevation: 3.4; Has Own Geometry: 1; Children Have Geometry: 0; Global X: 5.91324151434124; Global Y: 23.4609272671502; Global Z: 3.4; Bounding Box Length: 5.57544875072044; Bounding Box Width: 0.36991276001363; Bounding Box Height: 0.15
1mvKo_HX17ceevmARLFdMS,Storey 2 - Beam 37 (20 cm),. Project: Project Name; Building: The building; Storey: Level 2; Top Elevation: -0.931654278593995; Bottom Elevation: -0.971654278593995; Global Top Elevation: -0.931654278593995; Global Bottom Elevation: -0.971654278593995; Has Own Geometry: 1; Children Have Geometry: 0; Global X: -22.2605166707578; Global Y: -14.0844291000729; Global Z: -0.971654278593995; Bounding Box Length: 0.481063554293865; Bounding Box Width: 2.48561569645229; Bounding Box Height: 0.04
3k5BHQQivB8O_ck4DX5uyw,Storey 2 - Beam 32 (3 cm),. Project: Project Name; Building: The building; Storey: Level 2; Top Elevation: -0.212079415681321; Bottom Elevation: -0.362079415681321; Global Top Elevation: -0.212079415681321; Global Bottom Elevation: -0.362079415681321; Has Own Geometry: 1; Children Have Geometry: 0; Global X: -23.2770945063743; Global Y: -14.2005204431747; Global Z: -0.362079415681321; Bounding Box Length: 0.334724158292651; Bounding Box Width: 2.44724263905073; Bounding Box Height: 0.15
3QncgJCev1M9cXFlJqUJrw,Storey 2 - Beam 50 (15 cm),. Project: Project Name; Building: The building; Storey: Level 2; Top Elevation: 3.55; Bottom Elevation: 3.4; Global Top Elevation: 3.55; Global Bottom Elevation: 3.4; Has Own Geometry: 1; Children Have Geometry: 0; Global X: 5.62204237534823; Global Y: 27.368862145715; Global Z: 3.4; Bounding Box Length: 5.57544875072044; Bounding Box Width: 0.36991276001363; Bounding Box Height: 0.15
3Wdb2vC81ABwg5RW4Cf2o5,Storey 2 - Beam 51 (10 cm),. Project: Project Name; Building: The building; Storey: Level 2; Top Elevation: 2.9; Bottom Elevation: 2.8; Global Top Elevation: 2.9; Global Bottom Elevation: 2.8; Has Own Geometry: 1; Children Have Geometry: 0; Global X: 6.45; Global Y: 12.15; Global Z: 2.8; Bounding Box Length: 2.5; Bounding Box Width: 0.100000000000001; Bounding Box Height: 0.1
1r6iZERuz3j9g20uOfFLUi,Storey 2 - Beam 52 (10 cm),. Project: Project Name; Building: The building; Storey: Level 2; Top Elevation: 2.9; Bottom Elevation: 2.8; Global Top Elevation: 2.9; Global Bottom Elevation: 2.8; Has Own Geometry: 1; Children Have Geometry: 0; Global X: 6.45; Global Y: 13.8; Global Z: 2.8; Bounding Box Length: 2.5; Bounding Box Width: 0.100000000000001; Bounding Box Height: 0.1
0ElH6asYT59fO9zvyARZCC,Storey 2 - Beam 43 (3 cm),. Project: Project Name; Building: The building; Storey: Level 2; Top Elevation: -1.86419636241727; Bottom Elevation: -2.01419636241727; Global Top Elevation: -1.86419636241727; Global Bottom Elevation: -2.01419636241727; Has Own Geometry: 1; Children Have Geometry: 0; Global X: 0.0789823154638878; Global Y: -17.6613762127257; Global Z: -2.01419636241727; Bounding Box Length: 2.1858919211607; Bounding Box Width: 0.512615726380957; Bounding Box Height: 0.15
20TbGEB8H7buN4arJENQwS,Storey 2 - Beam 41 (3 cm),. Project: Project Name; Building: The building; Storey: Level 2; Top Elevation: -1.52575201099879; Bottom Elevation: -1.67575201099879; Global Top Elevation: -1.52575201099879; Global Bottom Elevation: -1.67575201099879; Has Own Geometry: 1; Children Have Geometry: 0; Global X: 0.0789823154638878; Global Y: -17.6613762127257; Global Z: -1.67575201099879; Bounding Box Length: 2.1858919211607; Bounding Box Width: 0.512615726380957; Bounding Box Height: 0.149999999999999
10ZdgdikT2ReLhmEVO4k08,Storey 2 - Beam 53 (10 cm),. Project: Project Name; Building: The building; Storey: Level 2; Top Elevation: 2.9; Bottom Elevation: 2.8; Global Top Elevation: 2.9; Global Bottom Elevation: 2.8; Has Own Geometry: 1; Children Have Geometry: 0; Global X: 6.45; Global Y: 12.25; Global Z: 2.8; Bounding Box Length: 0.0999999999999996; Bounding Box Width: 1.55; Bounding Box Height: 0.1
3mI7PBpyD6LhuH0QHapYHs,Storey 2 - Beam 54 (10 cm),. Project: Project Name; Building: The building; Storey: Level 2; Top Elevation: 2.9; Bottom Elevation: 2.8; Global Top Elevation: 2.9; Global Bottom Elevation: 2.8; Has Own Geometry: 1; Children Have Geometry: 0; Global X: 8.85; Global Y: 12.25; Global Z: 2.8; Bounding Box Length: 0.100000000000001; Bounding Box Width: 1.55; Bounding Box Height: 0.1
1LN3UM_W10CR_Q1mRx3PLJ,Storey 2 - Beam 40 (3 cm),. Project: Project Name; Building: The building; Storey: Level 2; Top Elevation: -1.866550325129; Bottom Elevation: -2.016550325129; Global Top Elevation: -1.866550325129; Global Bottom Elevation: -2.016550325129; Has Own Geometry: 1; Children Have Geometry: 0; Global X: 1.80827105953129; Global Y: -19.7457825364403; Global Z: -2.016550325129; Bounding Box Length: 0.495891007782372; Bounding Box Width: 2.1002595326414; Bounding Box Height: 0.15
0W4U7e69X2VA_5$GBJ0vxa,Storey 2 - Beam 44 (3 cm),. Project: Project Name; Building: The building; Storey: Level 2; Top Elevation: -0.0294365080976933; Bottom Elevation: -0.179436508097694; Global Top Elevation: -0.0294365080976933; Global Bottom Elevation: -0.179436508097694; Has Own Geometry: 1; Children Have Geometry: 0; Global X: -23.2770945063743; Global Y: -14.2005204431747; Global Z: -0.179436508097694; Bounding Box Length: 0.334724158292651; Bounding Box Width: 2.44724263905073; Bounding Box Height: 0.15
2HTlpAoZL04g5vlWAmW4G9,Storey 2 - Beam 45 (15 cm),. Project: Project Name; Building: The building; Storey: Level 2; Top Elevation: 3.55; Bottom Elevation: 3.4; Global Top Elevation: 3.55; Global Bottom Elevation: 3.4; Has Own Geometry: 1; Children Have Geometry: 0; Global X: 5.72204237534823; Global Y: 26.668862145715; Global Z: 3.4; Bounding Box Length: 5.57544875072043; Bounding Box Width: 0.369912760013626; Bounding Box Height: 0.15
2Qs_DpLl11hOzr5yU_e6EW,Storey 2 - Beam 35 (20 cm),. Project: Project Name; Building: The building; Storey: Level 2; Top Elevation: -0.931654278593995; Bottom Elevation: -0.971654278593995; Global Top Elevation: -0.931654278593995; Global Bottom Elevation: -0.971654278593995; Has Own Geometry: 1; Children Have Geometry: 0; Global X: -22.7408218965175; Global Y: -14.1381287638101; Global Z: -0.971654278593995; Bounding Box Length: 0.483499247999507; Bounding Box Width: 2.47181353777666; Bounding Box Height: 0.04
03LsuWRGjEPxVAPdcaHcZs,Storey 2 - Beam 36 (20 cm),. Project: Project Name; Building: The building; Storey: Level 2; Top Elevation: -0.931654278593995; Bottom Elevation: -0.971654278593995; Global Top Elevation: -0.931654278593995; Global Bottom Elevation: -0.971654278593995; Has Own Geometry: 1; Children Have Geometry: 0; Global X: -22.5045923020083; Global Y: -14.1123083213734; Global Z: -0.971654278593995; Bounding Box Length: 0.482580384382683; Bounding Box Width: 2.48139045677833; Bounding Box Height: 0.04
1tD2oWHun0jx8yZ89IasJK,"Window:2 panels, casement, orthogonal, muntins",O1. DST: 0; EDP: 2.6; JUF: 1; JUFD: 0.02; JUK: 1; LBM: 0; OTI: OTI; SRP: 2.6; SSL: 4; STR3D: 3; WDI: WDI; Project: Project Name; Building: The building; Storey: Level 2; Top Elevation: 2.2; Bottom Elevation: 1.2; Global Top Elevation: 2.2; Global Bottom Elevation: 1.2; Has Own Geometry: 1; Children Have Geometry: 0; Global X: 2.3495; Global Y: 10.1; Global Z: 1.2; Bounding Box Length: 0.501000000000001; Bounding Box Width: 0.899999999999999; Bounding Box Height: 1
3xiItDYUjBcu6IZ$CD6oEU,"Window:2 panels, casement, orthogonal, muntins",O1. DST: 0; EDP: 2.6; JUF: 1; JUFD: 0.02; JUK: 1; LBM: 0; OTI: OTI; SRP: 2.6; SSL: 4; STR3D: 3; WDI: WDI; Project: Project Name; Building: The building; Storey: Level 2; Top Elevation: 2.2; Bottom Elevation: 1.2; Global Top Elevation: 2.2; Global Bottom Elevation: 1.2; Has Own Geometry: 1; Children Have Geometry: 0; Global X: 2.3495; Global Y: 6.95; Global Z: 1.2; Bounding Box Length: 0.501000000000001; Bounding Box Width: 0.899999999999999; Bounding Box Height: 1
2Hz2vC7YbDMh4qdmaQWFM$,"Window:2 panels, casement, orthogonal, muntins",O1. DST: 0; EDP: 10.2; JUF: 1; JUFD: 0.02; JUK: 1; LBM: 0; OTI: OTI; SRP: 10.2; SSL: 4; STR3D: 3; WDI: WDI; Project: Project Name; Building: The building; Storey: Level 2; Top Elevation: 2; Bottom Elevation: 1; Global Top Elevation: 2; Global Bottom Elevation: 1; Has Own Geometry: 1; Children Have Geometry: 0; Global X: 9.9495; Global Y: 10.1; Global Z: 1; Bounding Box Length: 0.500999999999998; Bounding Box Width: 0.900000000000002; Bounding Box Height: 1
1TPXaZY5r3JPwCM5gGLhtl,"Window:2 panels, casement, orthogonal, muntins",O1. DST: 0; EDP: 2.6; JUF: 1; JUFD: 0.02; JUK: 1; LBM: 0; OTI: OTI; SRP: 2.6; SSL: 4; STR3D: 3; WDI: WDI; Project: Project Name; Building: The building; Storey: Level 2; Top Elevation: 2.2; Bottom Elevation: 1.2; Global Top Elevation: 2.2; Global Bottom Elevation: 1.2; Has Own Geometry: 1; Children Have Geometry: 0; Global X: 2.3495; Global Y: 2.5; Global Z: 1.2; Bounding Box Length: 0.501000000000001; Bounding Box Width: 0.9; Bounding Box Height: 1
34yEZCuk15O9vUZPkyiiDS,"Window:2 panels, casement, orthogonal, muntins",O1. DST: 0; EDP: 10.2; JUF: 1; JUFD: 0.02; JUK: 1; LBM: 0; OTI: OTI; SRP: 10.2; SSL: 4; STR3D: 3; WDI: WDI; Project: Project Name; Building: The building; Storey: Level 2; Top Elevation: 2; Bottom Elevation: 1; Global Top Elevation: 2; Global Bottom Elevation: 1; Has Own Geometry: 1; Children Have Geometry: 0; Global X: 9.9495; Global Y: 2.5; Global Z: 1; Bounding Box Length: 0.500999999999998; Bounding Box Width: 0.900000000000001; Bounding Box Height: 1
3zziSTUnv7DAZYMKO4n9sp,"Door:1 panel, casement, orthogonal, compact",O1. DST: 0; EDP: 11.3245358939918; JUF: 1; JUFD: 0.02; JUK: 1; LBM: 0; OTI: OTI; SRP: 12.1745358939918; SSL: 1; STR3D: 1; WDI: WDI; Project: Project Name; Building: The building; Storey: Level 2; Top Elevation: -0.3; Bottom Elevation: -2.1; Global Top Elevation: -0.3; Global Bottom Elevation: -2.1; Has Own Geometry: 1; Children Have Geometry: 0; Global X: 11.3245358939918; Global Y: -6.25489478723485; Global Z: -2.1; Bounding Box Length: 0.849999999999998; Bounding Box Width: 0.301000000000001; Bounding Box Height: 1.8
1b5e7m7XH4NgVvBc2xVau0,"Door:2 panels, casement, orthogonal, with glass",O1. DST: 0; EDP: 8.95; JUF: 1; JUFD: 0.02; JUK: 1; LBM: 0; OTI: OTI; SRP: 7.75; SSL: 9; STR3D: 1; WDI: WDI; Project: Project Name; Building: The building; Storey: Level 2; Top Elevation: 2.3; Bottom Elevation: 0.1; Global Top Elevation: 2.3; Global Bottom Elevation: 0.1; Has Own Geometry: 1; Children Have Geometry: 0; Global X: 7.75; Global Y: 1.3495; Global Z: 0.1; Bounding Box Length: 1.2; Bounding Box Width: 0.501; Bounding Box Height: 2.2
2phWjW_FH7xAOxoafjQa5S,"Door:1 panel, casement, orthogonal, compact",O1. DST: 0; EDP: 3.95; JUF: 1; JUFD: 0.02; JUK: 1; LBM: 0; OTI: OTI; SRP: 4.85; SSL: 1; STR3D: 3; WDI: WDI; Project: Project Name; Building: The building; Storey: Level 2; Top Elevation: 2.35; Bottom Elevation: 0.15; Global Top Elevation: 2.35; Global Bottom Elevation: 0.15; Has Own Geometry: 1; Children Have Geometry: 0; Global X: 3.95; Global Y: 11.6495; Global Z: 0.15; Bounding Box Length: 0.900000000000002; Bounding Box Width: 0.500999999999999; Bounding Box Height: 2.2
3f0$DFx017L8gnxjFgc5cH,"Door:2 panels, casement, curved, with glass",O1. DST: 0; EDP: 4.71295098775062; JUF: 1; JUFD: 0.02; JUK: 1; LBM: 0; OTI: OTI; SRP: 3.51295098775062; SSL: 72; STR3D: 1; WDI: WDI; Project: Project Name; Building: The building; Storey: Level 2; Top Elevation: 2.3; Bottom Elevation: 0.0999999999999996; Global Top Elevation: 2.3; Global Bottom Elevation: 0.0999999999999996; Has Own Geometry: 1; Children Have Geometry: 0; Global X: 3.51295098775062; Global Y: 1.3495; Global Z: 0.0999999999999996; Bounding Box Length: 1.2; Bounding Box Width: 0.501; Bounding Box Height: 2.2
0_wtdti2v2yw85yaD2tjoK,gW9_a60_4MMAT_1,3D - ÐåñéâÜëëùí ÷þñïò. Project: Project Name; Building: The building; Storey: Level 2; Top Elevation: -2.84253464781407; Bottom Elevation: -3.48637631975774; Global Top Elevation: -2.84253464781407; Global Bottom Elevation: -3.48637631975774; Has Own Geometry: 1; Children Have Geometry: 0; Global X: -11.1060901382742; Global Y: -19.2762329332158; Global Z: -3.48637631975774; Bounding Box Length: 0.851424511853024; Bounding Box Width: 0.953568658264825; Bounding Box Height: 0.643841671943665
3T_ECVpxj2Z9RNbtggKsdn,gW9_a60_4MMAT_1,3D - ÐåñéâÜëëùí ÷þñïò. Project: Project Name; Building: The building; Storey: Level 2; Top Elevation: -2.84253464781407; Bottom Elevation: -3.48637631975774; Global Top Elevation: -2.84253464781407; Global Bottom Elevation: -3.48637631975774; Has Own Geometry: 1; Children Have Geometry: 0; Global X: -9.09579713987235; Global Y: -19.683461409182; Global Z: -3.48637631975774; Bounding Box Length: 0.851424511853022; Bounding Box Width: 0.953568658264821; Bounding Box Height: 0.643841671943665
20nXyZSlDBjgP3Bo2CX5qC,gW9_a88_4MMAT_3,3D - ÐåñéâÜëëùí ÷þñïò. Project: Project Name; Building: The building; Storey: Level 2; Top Elevation: 2.64354184709831; Bottom Elevation: 1.35068129009831; Global Top Elevation: 2.64354184709831; Global Bottom Elevation: 1.35068129009831; Has Own Geometry: 1; Children Have Geometry: 0; Global X: 6.58129096061454; Global Y: 24.3145244261895; Global Z: 1.35068129009831; Bounding Box Length: 4.55110834872831; Bounding Box Width: 2.10706541181024; Bounding Box Height: 1.292860557
0DczA03Q918vcaMn0Wx0l2,gW9_a85_4MMAT_8,3D - ÐåñéâÜëëùí ÷þñïò. Project: Project Name; Building: The building; Storey: Level 2; Top Elevation: -0.371855852801971; Bottom Elevation: -1.07505360480087; Global Top Elevation: -0.371855852801971; Global Bottom Elevation: -1.07505360480087; Has Own Geometry: 1; Children Have Geometry: 0; Global X: -16.9915845339949; Global Y: -15.4232733596063; Global Z: -1.07505360480087; Bounding Box Length: 1.30029337562456; Bounding Box Width: 0.862637670603618; Bounding Box Height: 0.703197751998901
3tfZB2W3LCFBEyrPhDxGGE,gW9_a85_4MMAT_8,3D - ÐåñéâÜëëùí ÷þñïò. Project: Project Name; Building: The building; Storey: Level 2; Top Elevation: -0.371855852801971; Bottom Elevation: -1.07505360480087; Global Top Elevation: -0.371855852801971; Global Bottom Elevation: -1.07505360480087; Has Own Geometry: 1; Children Have Geometry: 0; Global X: -16.7033844035253; Global Y: -14.0571350021307; Global Z: -1.07505360480087; Bounding Box Length: 1.30029337562455; Bounding Box Width: 0.862637670603615; Bounding Box Height: 0.703197751998901
3Kl$bJJaLAogmozIEhUu0S,gW9_a85_4MMAT_8,3D - ÐåñéâÜëëùí ÷þñïò. Project: Project Name; Building: The building; Storey: Level 2; Top Elevation: -0.371855852801971; Bottom Elevation: -1.07505360480087; Global Top Elevation: -0.371855852801971; Global Bottom Elevation: -1.07505360480087; Has Own Geometry: 1; Children Have Geometry: 0; Global X: -16.4456431007113; Global Y: -12.5185961977602; Global Z: -1.07505360480087; Bounding Box Length: 1.31194892278072; Bounding Box Width: 0.917333446181532; Bounding Box Height: 0.703197751998901
24l7qLNRLB8h2TesTn4l97,gW9_a85_4MMAT_8,3D - ÐåñéâÜëëùí ÷þñïò. Project: Project Name; Building: The building; Storey: Level 2; Top Elevation: -0.371855852801971; Bottom Elevation: -1.07505360480087; Global Top Elevation: -0.371855852801971; Global Bottom Elevation: -1.07505360480087; Has Own Geometry: 1; Children Have Geometry: 0; Global X: -16.0762955398218; Global Y: -11.1423153447025; Global Z: -1.07505360480087; Bounding Box Length: 1.31194892278072; Bounding Box Width: 0.917333446181532; Bounding Box Height: 0.703197751998901
1di8TKlcH6yRc384wn0uvE,gW9_a20,3D - ÐåñéâÜëëùí ÷þñïò. Project: Project Name; Building: The building; Storey: Level 2; Top Elevation: -0.367126480023769; Bottom Elevation: -0.959935430436063; Global Top Elevation: -0.367126480023769; Global Bottom Elevation: -0.959935430436063; Has Own Geometry: 1; Children Have Geometry: 0; Global X: 11.9265405252037; Global Y: -13.6382870110743; Global Z: -0.959935430436063; Bounding Box Length: 0.521305456621612; Bounding Box Width: 0.427675946412617; Bounding Box Height: 0.592808950412294
1Hwe1lZRLDrhPKI0ZFGWRf,gW9_a20_4MMAT_1,3D - ÐåñéâÜëëùí ÷þñïò. Project: Project Name; Building: The building; Storey: Level 2; Top Elevation: -0.109126534194307; Bottom Elevation: -0.809718930136109; Global Top Elevation: -0.109126534194307; Global Bottom Elevation: -0.809718930136109; Has Own Geometry: 1; Children Have Geometry: 0; Global X: 7.62436071797725; Global Y: -13.1582453738064; Global Z: -0.809718930136109; Bounding Box Length: 0.379131241179355; Bounding Box Width: 0.311037051936447; Bounding Box Height: 0.700592395941802
24siw8hVvBGx$ymFOzvION,gW9_a20,3D - ÐåñéâÜëëùí ÷þñïò. Project: Project Name; Building: The building; Storey: Level 2; Top Elevation: 2.43834890903689; Bottom Elevation: 1.09105583991804; Global Top Elevation: 2.43834890903689; Global Bottom Elevation: 1.09105583991804; Has Own Geometry: 1; Children Have Geometry: 0; Global X: -1.78808734330181; Global Y: -0.0508743988230105; Global Z: 1.09105583991804; Bounding Box Length: 1.18478512868548; Bounding Box Width: 0.971990787301395; Bounding Box Height: 1.34729306911885
0jzpsrCO1AleGXUWedEMkA,gW9_a20,3D - ÐåñéâÜëëùí ÷þñïò. Project: Project Name; Building: The building; Storey: Level 2; Top Elevation: 0.747407177210807; Bottom Elevation: -0.599885891908043; Global Top Elevation: 0.747407177210807; Global Bottom Elevation: -0.599885891908043; Has Own Geometry: 1; Children Have Geometry: 0; Global X: 0.976128824073006; Global Y: -6.99480838164503; Global Z: -0.599885891908043; Bounding Box Length: 1.18478512868548; Bounding Box Width: 0.971990787301396; Bounding Box Height: 1.34729306911885
2eRJXCvffCNPPIXSigEjWb,gW9_a64_4MMAT_1,3D - ÐåñéâÜëëùí ÷þñïò. Project: Project Name; Building: The building; Storey: Level 2; Top Elevation: 0.62; Bottom Elevation: 0; Global Top Elevation: 0.62; Global Bottom Elevation: 0; Has Own Geometry: 1; Children Have Geometry: 0; Global X: -11.7501891565525; Global Y: -1.01185435886482; Global Z: 0; Bounding Box Length: 2.01600000000001; Bounding Box Width: 1.44; Bounding Box Height: 0.62
0K1eVAx_b6ggciaiXNAC$W,gW9_a20,3D - ÐåñéâÜëëùí ÷þñïò. Project: Project Name; Building: The building; Storey: Level 2; Top Elevation: 2.59634243888293; Bottom Elevation: 1.24904936976408; Global Top Elevation: 2.59634243888293; Global Bottom Elevation: 1.24904936976408; Has Own Geometry: 1; Children Have Geometry: 0; Global X: -4.02387117592699; Global Y: 2.44421403359959; Global Z: 1.24904936976408; Bounding Box Length: 1.18478512868548; Bounding Box Width: 0.971990787301396; Bounding Box Height: 1.34729306911885
1N$9j$3XbCbxdQ$4u4SOa4,gW9_a20,3D - ÐåñéâÜëëùí ÷þñïò. Project: Project Name; Building: The building; Storey: Level 2; Top Elevation: 1.18834890903689; Bottom Elevation: -0.15894416008196; Global Top Elevation: 1.18834890903689; Global Bottom Elevation: -0.15894416008196; Has Own Geometry: 1; Children Have Geometry: 0; Global X: 10.2149091075263; Global Y: -7.71248917049506; Global Z: -0.15894416008196; Bounding Box Length: 1.18478512868548; Bounding Box Width: 0.971990787301394; Bounding Box Height: 1.34729306911885
3xobHu5G93Gf_$LHQFFTAw,gW9_a20,3D - ÐåñéâÜëëùí ÷þñïò. Project: Project Name; Building: The building; Storey: Level 2; Top Elevation: 2.43834890903689; Bottom Elevation: 1.09105583991804; Global Top Elevation: 2.43834890903689; Global Bottom Elevation: 1.09105583991804; Has Own Geometry: 1; Children Have Geometry: 0; Global X: -3.06655664204106; Global Y: 4.22836009292025; Global Z: 1.09105583991804; Bounding Box Length: 1.18478512868548; Bounding Box Width: 0.971990787301396; Bounding Box Height: 1.34729306911885
0Wmx22DoT0lAsMZaGuTulF,gW9_a20,3D - ÐåñéâÜëëùí ÷þñïò. Project: Project Name; Building: The building; Storey: Level 2; Top Elevation: -0.226990654577866; Bottom Elevation: -1.03536649604918; Global Top Elevation: -0.226990654577866; Global Bottom Elevation: -1.03536649604918; Has Own Geometry: 1; Children Have Geometry: 0; Global X: -3.09807207339855; Global Y: -6.61396353993035; Global Z: -1.03536649604918; Bounding Box Length: 0.710871077211286; Bounding Box Width: 0.583194472380836; Bounding Box Height: 0.80837584147131
3U1f2JTab0_AX92hT6U8xx,gW9_a85_4MMAT_8,3D - ÐåñéâÜëëùí ÷þñïò. Project: Project Name; Building: The building; Storey: Level 2; Top Elevation: -0.371855852801971; Bottom Elevation: -1.07505360480087; Global Top Elevation: -0.371855852801971; Global Bottom Elevation: -1.07505360480087; Has Own Geometry: 1; Children Have Geometry: 0; Global X: -4.92899967499689; Global Y: -12.1532758604943; Global Z: -1.07505360480087; Bounding Box Length: 0.881219604789277; Bounding Box Width: 1.30465323705296; Bounding Box Height: 0.703197751998901
39FqAytmT9PhInLmcsyWk$,gW9_a20,3D - ÐåñéâÜëëùí ÷þñïò. Project: Project Name; Building: The building; Storey: Level 2; Top Elevation: 2.89634243888293; Bottom Elevation: 1.54904936976408; Global Top Elevation: 2.89634243888293; Global Bottom Elevation: 1.54904936976408; Has Own Geometry: 1; Children Have Geometry: 0; Global X: -2.42387117592699; Global Y: 2.80519161835497; Global Z: 1.54904936976408; Bounding Box Length: 1.18478512868548; Bounding Box Width: 0.971990787301395; Bounding Box Height: 1.34729306911885
3OB80PT0L1VA1rCaBQEnk8,gW9_a20,3D - ÐåñéâÜëëùí ÷þñïò. Project: Project Name; Building: The building; Storey: Level 2; Top Elevation: 2.43834890903689; Bottom Elevation: 1.09105583991804; Global Top Elevation: 2.43834890903689; Global Bottom Elevation: 1.09105583991804; Has Own Geometry: 1; Children Have Geometry: 0; Global X: -3.52387117592699; Global Y: 1.10519161835497; Global Z: 1.09105583991804; Bounding Box Length: 1.18478512868548; Bounding Box Width: 0.971990787301395; Bounding Box Height: 1.34729306911885
3aAitxTfL6uxwlwnF_h6m7,gW9_a20,3D - ÐåñéâÜëëùí ÷þñïò. Project: Project Name; Building: The building; Storey: Level 2; Top Elevation: -0.367126480023769; Bottom Elevation: -0.959935430436063; Global Top Elevation: -0.367126480023769; Global Bottom Elevation: -0.959935430436063; Has Own Geometry: 1; Children Have Geometry: 0; Global X: 11.9265405252037; Global Y: -11.9307644998848; Global Z: -0.959935430436063; Bounding Box Length: 0.521305456621612; Bounding Box Width: 0.427675946412615; Bounding Box Height: 0.592808950412294
2fpugOMFzDPOmLvq0koLzA,gW9_a20,3D - ÐåñéâÜëëùí ÷þñïò. Project: Project Name; Building: The building; Storey: Level 2; Top Elevation: 2.32147290245298; Bottom Elevation: 0.974179833334128; Global Top Elevation: 2.32147290245298; Global Bottom Elevation: 0.974179833334128; Has Own Geometry: 1; Children Have Geometry: 0; Global X: -1.56170591900512; Global Y: 1.61204244216897; Global Z: 0.974179833334128; Bounding Box Length: 1.18478512868548; Bounding Box Width: 0.971990787301396; Bounding Box Height: 1.34729306911885
26k__Ddxj6XvpYAh0fZuG6,gW9_a20,3D - ÐåñéâÜëëùí ÷þñïò. Project: Project Name; Building: The building; Storey: Level 2; Top Elevation: 2.59634243888293; Bottom Elevation: 1.24904936976408; Global Top Elevation: 2.59634243888293; Global Bottom Elevation: 1.24904936976408; Has Own Geometry: 1; Children Have Geometry: 0; Global X: -2.53643848347515; Global Y: 0.910742663576114; Global Z: 1.24904936976408; Bounding Box Length: 1.18478512868548; Bounding Box Width: 0.971990787301395; Bounding Box Height: 1.34729306911885
0PWzUEL2r7hu_E9jhNddCk,gW9_a20,3D - ÐåñéâÜëëùí ÷þñïò. Project: Project Name; Building: The building; Storey: Level 2; Top Elevation: -0.226990654577866; Bottom Elevation: -1.03536649604918; Global Top Elevation: -0.226990654577866; Global Bottom Elevation: -1.03536649604918; Has Own Geometry: 1; Children Have Geometry: 0; Global X: -1.03143647603688; Global Y: -6.61396353993035; Global Z: -1.03536649604918; Bounding Box Length: 0.710871077211285; Bounding Box Width: 0.583194472380836; Bounding Box Height: 0.80837584147131
3iYdYKpf91LO8UEeGlNvel,gW9_a85_4MMAT_8,3D - ÐåñéâÜëëùí ÷þñïò. Project: Project Name; Building: The building; Storey: Level 2; Top Elevation: -1.09051114784115; Bottom Elevation: -1.79370889984005; Global Top Elevation: -1.09051114784115; Global Bottom Elevation: -1.79370889984005; Has Own Geometry: 1; Children Have Geometry: 0; Global X: 8.95838621186244; Global Y: -17.8725600778592; Global Z: -1.79370889984005; Bounding Box Length: 0.646227430212246; Bounding Box Width: 1.22416239586631; Bounding Box Height: 0.703197751998902
1LCs5fH$vBQ8uw2u7_B7B7,gW9_a20,3D - ÐåñéâÜëëùí ÷þñïò. Project: Project Name; Building: The building; Storey: Level 2; Top Elevation: 2.59634243888293; Bottom Elevation: 1.24904936976408; Global Top Elevation: 2.59634243888293; Global Bottom Elevation: 1.24904936976408; Has Own Geometry: 1; Children Have Geometry: 0; Global X: -4.123871175927; Global Y: -0.494808381645028; Global Z: 1.24904936976408; Bounding Box Length: 1.18478512868548; Bounding Box Width: 0.971990787301395; Bounding Box Height: 1.34729306911885
2b4tNcbajD7wSPj0sArZiS,gW9_a85_4MMAT_8,3D - ÐåñéâÜëëùí ÷þñïò. Project: Project Name; Building: The building; Storey: Level 2; Top Elevation: -0.371855852801971; Bottom Elevation: -1.07505360480087; Global Top Elevation: -0.371855852801971; Global Bottom Elevation: -1.07505360480087; Has Own Geometry: 1; Children Have Geometry: 0; Global X: -3.53981008509609; Global Y: -12.4706382567222; Global Z: -1.07505360480087; Bounding Box Length: 0.881219604789278; Bounding Box Width: 1.30465323705296; Bounding Box Height: 0.703197751998901
3P9EXvxHr9swV4Mh7iSzAX,gW9_a55,3D - ÐåñéâÜëëùí ÷þñïò. Project: Project Name; Building: The building; Storey: Level 2; Top Elevation: 1.38989297485351; Bottom Elevation: 0.0149181060790977; Global Top Elevation: 1.38989297485351; Global Bottom Elevation: 0.0149181060790977; Has Own Geometry: 1; Children Have Geometry: 0; Global X: -19.9195862953031; Global Y: 19.3611967162232; Global Z: 0.0149181060790977; Bounding Box Length: 3.47630493942729; Bounding Box Width: 1.03751821651632; Bounding Box Height: 1.37497486877441
1MUXOhUnb1JApFVTlktGEf,gW9_a85_4MMAT_8,3D - ÐåñéâÜëëùí ÷þñïò. Project: Project Name; Building: The building; Storey: Level 2; Top Elevation: -1.09051114784115; Bottom Elevation: -1.79370889984005; Global Top Elevation: -1.09051114784115; Global Bottom Elevation: -1.79370889984005; Has Own Geometry: 1; Children Have Geometry: 0; Global X: 7.30040361259705; Global Y: -17.7946378618726; Global Z: -1.79370889984005; Bounding Box Length: 0.646227430212246; Bounding Box Width: 1.22416239586631; Bounding Box Height: 0.703197751998902
1E8KKgto93vw3ayMnsnV99,Storey 2 - Stair 1,. AGL: 0; ALD: 0.9; CL2D: 256; CL3D: CL3D; COEF: 0; ELV1: -1.85; ELV2: -1.45; FRI: 0; FRK: 1; LR: LR; MTL: MTL; NSTP: 3; PTS: PTS; RR: RR; RZR1: 0.13; RZR2: 0.2; SBL: SBL; SSI: 1; STPW: 0.4; TRD1: 0.25; TRD2: 0.3; TYP: 1; VSB: VSB; WTH: 1.8; Project: Project Name; Building: The building; Storey: Level 2; Top Elevation: -1.45; Bottom Elevation: -1.98333333333333; Global Top Elevation: -1.45; Global Bottom Elevation: -1.98333333333333; Has Own Geometry: 1; Children Have Geometry: 0; Global X: 1.93440266163009; Global Y: -19.7701114226782; Global Z: -1.98333333333333; Bounding Box Length: 1.07230513216172; Bounding Box Width: 1.90882165923843; Bounding Box Height: 0.533333333333333
3qYvH152rFZAJwZBo8BogO,Storey 2 - Stair 2,. AGL: 0; ALD: 5.275; CL2D: 256; CL3D: CL3D; COEF: 0; ELV1: -1; ELV2: -0.1; FRI: 0; FRK: 1; LR: LR; MTL: MTL; NSTP: 3; PTS: PTS; RR: RR; RZR1: 0.13; RZR2: 0.2; SBL: SBL; SSI: 1; STPW: 1; TRD1: 0.25; TRD2: 0.3; TYP: 1; VSB: VSB; WTH: 10.55; Project: Project Name; Building: The building; Storey: Level 2; Top Elevation: -0.1; Bottom Elevation: -1.4; Global Top Elevation: -0.1; Global Bottom Elevation: -1.4; Has Own Geometry: 1; Children Have Geometry: 0; Global X: -24.4772265126664; Global Y: -4.94280526578619; Global Z: -1.4; Bounding Box Length: 10.55; Bounding Box Width: 12.8463450390953; Bounding Box Height: 1.3
3LQbkmfCHBhuTB6zJSUx8q,Storey 2 - Stair 3,. AGL: 0; ALD: 0.6; CL2D: 256; CL3D: CL3D; COEF: 0; ELV1: 0.2; ELV2: 1.35; FRI: 0; FRK: 1; LR: LR; MTL: MTL; NSTP: 6; PTS: PTS; RR: RR; RZR1: 0.13; RZR2: 0.2; SBL: SBL; SSI: 1; STPW: 1; TRD1: 0.25; TRD2: 0.3; TYP: 1; VSB: VSB; WTH: 1.2; Project: Project Name; Building: The building; Storey: Level 2; Top Elevation: 1.35; Bottom Elevation: 0.158333333333333; Global Top Elevation: 1.35; Global Bottom Elevation: 0.158333333333333; Has Own Geometry: 1; Children Have Geometry: 0; Global X: 2.65; Global Y: 13.6; Global Z: 0.158333333333333; Bounding Box Length: 1.2; Bounding Box Width: 1.45; Bounding Box Height: 1.19166666666667
10Fhl8dILBzeKLhDli280O,Storey 2 - Ramp 1 (73 cm),. CL2D: 256; CL3D: 27; ELV: -0.83; HGT: 0.73; PT1: -7.91578336719081; PT2: 2.35; SPT: -2.7828916835954; THK: 0.73; TYP: 65; WTH: 4.15; Project: Project Name; Building: The building; Storey: Level 2; Top Elevation: -0.1; Bottom Elevation: -0.83; Global Top Elevation: -0.1; Global Bottom Elevation: -0.83; Has Own Geometry: 1; Children Have Geometry: 0; Global X: -7.91578336719081; Global Y: -5.95429666137863; Global Z: -0.83; Bounding Box Length: 10.2657833671908; Bounding Box Width: 4.15; Bounding Box Height: 0.73
11muZIsefEwg7dNafD3MXf,Storey 2 - Ramp 2 (150 cm),. CL2D: 256; CL3D: 27; ELV: -0.2; HGT: 1.5; PT1: -1; PT2: -0.849999999999999; SPT: 2.42481101647522; THK: 1.5; TYP: 65; WTH: 3.35; Project: Project Name; Building: The building; Storey: Level 2; Top Elevation: 1.3; Bottom Elevation: -0.2; Global Top Elevation: 1.3; Global Bottom Elevation: -0.2; Has Own Geometry: 1; Children Have Geometry: 0; Global X: -1; Global Y: -2.00667617239537; Global Z: -0.2; Bounding Box Length: 3.49981101647522; Bounding Box Width: 14.1566761723954; Bounding Box Height: 1.5
0UGhEWLx52DxVDaCR2AjqO,Storey 2 - Column 2 (W8 - 300 cm),. Project: Project Name; Building: The building; Storey: Level 2; Top Elevation: 3; Bottom Elevation: 0; Global Top Elevation: 3; Global Bottom Elevation: 0; Has Own Geometry: 1; Children Have Geometry: 0; Global X: 10.05; Global Y: -1.95; Global Z: 0; Bounding Box Length: 0.399999999999999; Bounding Box Width: 0.35; Bounding Box Height: 3
002yc67EP2mghnC8Hd0TZ6,Storey 2 - Column 16 (W8 - 400 cm),. Project: Project Name; Building: The building; Storey: Level 2; Top Elevation: 2; Bottom Elevation: -2; Global Top Elevation: 2; Global Bottom Elevation: -2; Has Own Geometry: 1; Children Have Geometry: 0; Global X: -22.130905213888; Global Y: 20.6907452070167; Global Z: -2; Bounding Box Length: 0.5; Bounding Box Width: 0.5; Bounding Box Height: 4
0U1XyAx0rBCAK0ReA0s$nP,Storey 2 - Column 6 (W8 - 200 cm),. Project: Project Name; Building: The building; Storey: Level 2; Top Elevation: 3.2; Bottom Elevation: 1.2; Global Top Elevation: 3.2; Global Bottom Elevation: 1.2; Has Own Geometry: 1; Children Have Geometry: 0; Global X: 6.11669135295549; Global Y: 27.3601441227013; Global Z: 1.2; Bounding Box Length: 0.208618125349048; Bounding Box Width: 0.208618125349052; Bounding Box Height: 2
2TO0vN2i1CAvLJX$ztRGZM,Storey 2 - Column 10 (W8 - 200 cm),. Project: Project Name; Building: The building; Storey: Level 2; Top Elevation: 3.2; Bottom Elevation: 1.2; Global Top Elevation: 3.2; Global Bottom Elevation: 1.2; Has Own Geometry: 1; Children Have Geometry: 0; Global X: 6.62377563994248; Global Y: 19.3900102428592; Global Z: 1.2; Bounding Box Length: 0.208618125349048; Bounding Box Width: 0.208618125349052; Bounding Box Height: 2
2epD9tlxrCmfNezrOcfE_l,Storey 2 - Column 18 (W8 - 400 cm),. Project: Project Name; Building: The building; Storey: Level 2; Top Elevation: 2; Bottom Elevation: -2; Global Top Elevation: 2; Global Bottom Elevation: -2; Has Own Geometry: 1; Children Have Geometry: 0; Global X: -9.27249036632076; Global Y: 24.6089567638222; Global Z: -2; Bounding Box Length: 0.593924781989392; Bounding Box Width: 0.59392478198939; Bounding Box Height: 4
3o1PDXca92LfAbnZViryVY,Storey 2 - Column 21 (W8 - 400 cm),. Project: Project Name; Building: The building; Storey: Level 2; Top Elevation: 2; Bottom Elevation: -2; Global Top Elevation: 2; Global Bottom Elevation: -2; Has Own Geometry: 1; Children Have Geometry: 0; Global X: 11.4097166948579; Global Y: 28.377758794061; Global Z: -2; Bounding Box Length: 0.563269447543252; Bounding Box Width: 0.563269447543249; Bounding Box Height: 4
2X7pYqz6L4$A2LRkJyg7J9,Storey 2 - Column 7 (W8 - 200 cm),. Project: Project Name; Building: The building; Storey: Level 2; Top Elevation: 3.2; Bottom Elevation: 1.2; Global Top Elevation: 3.2; Global Bottom Elevation: 1.2; Has Own Geometry: 1; Children Have Geometry: 0; Global X: 6.3750269852659; Global Y: 23.4114903320727; Global Z: 1.2; Bounding Box Length: 0.208618125349048; Bounding Box Width: 0.208618125349048; Bounding Box Height: 2
04xpjTWDHEugxoYmBXDaq1,Storey 2 - Column 8 (W8 - 200 cm),. Project: Project Name; Building: The building; Storey: Level 2; Top Elevation: 3.2; Bottom Elevation: 1.2; Global Top Elevation: 3.2; Global Bottom Elevation: 1.2; Has Own Geometry: 1; Children Have Geometry: 0; Global X: 10.6393387611848; Global Y: 27.5516243167807; Global Z: 1.2; Bounding Box Length: 0.208618125349048; Bounding Box Width: 0.208618125349048; Bounding Box Height: 2
3BgAtM00D3IRGhZc61fmWd,Storey 2 - Column 15 (W8 - 400 cm),. Project: Project Name; Building: The building; Storey: Level 2; Top Elevation: 2; Bottom Elevation: -2; Global Top Elevation: 2; Global Bottom Elevation: -2; Has Own Geometry: 1; Children Have Geometry: 0; Global X: -27.7018098449216; Global Y: 20.7149853222865; Global Z: -2; Bounding Box Length: 0.5; Bounding Box Width: 0.5; Bounding Box Height: 4
3WI3SiFdX8u9bXTBvoMP88,Storey 2 - Column 4 (W8 - 200 cm),. Project: Project Name; Building: The building; Storey: Level 2; Top Elevation: -1.50048024785577; Bottom Elevation: -3.50048024785577; Global Top Elevation: -1.50048024785577; Global Bottom Elevation: -3.50048024785577; Has Own Geometry: 1; Children Have Geometry: 0; Global X: -19.4101170553158; Global Y: -20.446534113946; Global Z: -3.50048024785577; Bounding Box Length: 0.252148969257185; Bounding Box Width: 0.252148969257188; Bounding Box Height: 2
202P8safX9pAubpuQOVY$s,Storey 2 - Column 5 (W8 - 200 cm),. Project: Project Name; Building: The building; Storey: Level 2; Top Elevation: -1.50048024785577; Bottom Elevation: -3.50048024785577; Global Top Elevation: -1.50048024785577; Global Bottom Elevation: -3.50048024785577; Has Own Geometry: 1; Children Have Geometry: 0; Global X: -16.2699133469899; Global Y: -19.306359004169; Global Z: -3.50048024785577; Bounding Box Length: 0.252148969257185; Bounding Box Width: 0.252148969257185; Bounding Box Height: 2
0HniRK62T0qBzFSwYrQgep,Storey 2 - Column 19 (W8 - 400 cm),. Project: Project Name; Building: The building; Storey: Level 2; Top Elevation: 2; Bottom Elevation: -2; Global Top Elevation: 2; Global Bottom Elevation: -2; Has Own Geometry: 1; Children Have Geometry: 0; Global X: -1.81357324489937; Global Y: 26.1744517091144; Global Z: -2; Bounding Box Length: 0.593924781989392; Bounding Box Width: 0.59392478198939; Bounding Box Height: 4
0MKAMDTgbEwvJtULelWlAO,Storey 2 - Column 3 (W8 - 300 cm),. Project: Project Name; Building: The building; Storey: Level 2; Top Elevation: 2.859; Bottom Elevation: -0.141; Global Top Elevation: 2.859; Global Bottom Elevation: -0.141; Has Own Geometry: 1; Children Have Geometry: 0; Global X: 6.2; Global Y: -1.95; Global Z: -0.141; Bounding Box Length: 0.399999999999999; Bounding Box Width: 0.35; Bounding Box Height: 3
0cuI2Qu4H8RvrI2ipeXgOE,Storey 2 - Column 12 (W8 - 450 cm),. Project: Project Name; Building: The building; Storey: Level 2; Top Elevation: 2.5; Bottom Elevation: -2; Global Top Elevation: 2.5; Global Bottom Elevation: -2; Has Own Geometry: 1; Children Have Geometry: 0; Global X: -20.6487376428558; Global Y: 18.8971021420053; Global Z: -2; Bounding Box Length: 0.830750900585446; Bounding Box Width: 0.830750900585446; Bounding Box Height: 4.5
0MH1m9$rD7Fx8xMBH2hkAl,Storey 2 - Column 13 (W8 - 450 cm),. Project: Project Name; Building: The building; Storey: Level 2; Top Elevation: 2.5; Bottom Elevation: -2; Global Top Elevation: 2.5; Global Bottom Elevation: -2; Has Own Geometry: 1; Children Have Geometry: 0; Global X: -16.5419063793576; Global Y: 20.0169809519251; Global Z: -2; Bounding Box Length: 0.830750900585445; Bounding Box Width: 0.83075090058545; Bounding Box Height: 4.5
2PvbggDtnCXPny2Dq_9_nN,Storey 2 - Column 9 (W8 - 200 cm),. Project: Project Name; Building: The building; Storey: Level 2; Top Elevation: 3.2; Bottom Elevation: 1.2; Global Top Elevation: 3.2; Global Bottom Elevation: 1.2; Has Own Geometry: 1; Children Have Geometry: 0; Global X: 10.9201890175155; Global Y: 23.6192998962657; Global Z: 1.2; Bounding Box Length: 0.208618125349048; Bounding Box Width: 0.208618125349048; Bounding Box Height: 2
3iybIvYOzCkvZmUEYA$yCP,Storey 2 - Column 20 (W8 - 400 cm),. Project: Project Name; Building: The building; Storey: Level 2; Top Elevation: 2; Bottom Elevation: -2; Global Top Elevation: 2; Global Bottom Elevation: -2; Has Own Geometry: 1; Children Have Geometry: 0; Global X: 4.7986999942647; Global Y: 27.3665416999181; Global Z: -2; Bounding Box Length: 0.568666857268294; Bounding Box Width: 0.568666857268298; Bounding Box Height: 4
0Wq9SVdd1CavQz8JDxdeQN,Storey 2 - Column 14 (W8 - 470 cm),. Project: Project Name; Building: The building; Storey: Level 2; Top Elevation: 1.7; Bottom Elevation: -3; Global Top Elevation: 1.7; Global Bottom Elevation: -3; Has Own Geometry: 1; Children Have Geometry: 0; Global X: 10.45; Global Y: 11.75; Global Z: -3; Bounding Box Length: 1.55; Bounding Box Width: 0.4; Bounding Box Height: 4.7
1Ktp$qeUnCAfm07Yrxr5pf,Storey 2 - Column 22 (W8 - 400 cm),. Project: Project Name; Building: The building; Storey: Level 2; Top Elevation: 2; Bottom Elevation: -2; Global Top Elevation: 2; Global Bottom Elevation: -2; Has Own Geometry: 1; Children Have Geometry: 0; Global X: 11.6937181231264; Global Y: 19.8400521090336; Global Z: -2; Bounding Box Length: 0.51853225899599; Bounding Box Width: 0.51853225899599; Bounding Box Height: 4
0yQH4sHSv76uGFzJFVikWs,Storey 2 - Column 17 (W8 - 400 cm),. Project: Project Name; Building: The building; Storey: Level 2; Top Elevation: 2; Bottom Elevation: -2; Global Top Elevation: 2; Global Bottom Elevation: -2; Has Own Geometry: 1; Children Have Geometry: 0; Global X: -14.1317135803854; Global Y: 22.8790691613922; Global Z: -2; Bounding Box Length: 0.632967225432298; Bounding Box Width: 0.632967225432296; Bounding Box Height: 4
0EMLIiISrCHBhWmpTgdHut,Storey 2 - Column 23 (W8 - 400 cm),. Project: Project Name; Building: The building; Storey: Level 2; Top Elevation: 2; Bottom Elevation: -2; Global Top Elevation: 2; Global Bottom Elevation: -2; Has Own Geometry: 1; Children Have Geometry: 0; Global X: 11.9387330758917; Global Y: 11.6783078011805; Global Z: -2; Bounding Box Length: 0.51853225899599; Bounding Box Width: 0.518532258995993; Bounding Box Height: 4
2lAKC3hr1AFPa6$z910vbh,Storey 2 - Column 24 (W8 - 400 cm),. Project: Project Name; Building: The building; Storey: Level 2; Top Elevation: 2; Bottom Elevation: -2; Global Top Elevation: 2; Global Bottom Elevation: -2; Has Own Geometry: 1; Children Have Geometry: 0; Global X: 12.3416558144119; Global Y: -1.95039360123168; Global Z: -2; Bounding Box Length: 0.51853225899599; Bounding Box Width: 0.51853225899599; Bounding Box Height: 4
2BlvDS_jvAGePcyLA2hHiW,Storey 2 - Column 26 (W8 - 300 cm),. Project: Project Name; Building: The building; Storey: Level 2; Top Elevation: 1; Bottom Elevation: -2; Global Top Elevation: 1; Global Bottom Elevation: -2; Has Own Geometry: 1; Children Have Geometry: 0; Global X: 12.4871148539808; Global Y: -14.5949473660259; Global Z: -2; Bounding Box Length: 0.51853225899599; Bounding Box Width: 0.518532258995991; Bounding Box Height: 3
2$jye9YzP5duIpC0Ka0vjA,Storey 2 - Column 27 (W8 - 200 cm),. Project: Project Name; Building: The building; Storey: Level 2; Top Elevation: 0; Bottom Elevation: -2; Global Top Elevation: 0; Global Bottom Elevation: -2; Has Own Geometry: 1; Children Have Geometry: 0; Global X: 12.368046040178; Global Y: -22.712062207959; Global Z: -2; Bounding Box Length: 0.508776686781282; Bounding Box Width: 0.508776686781278; Bounding Box Height: 2
35lVTH23v2GPtg9WaINNQJ,Storey 2 - Column 25 (W8 - 350 cm),. Project: Project Name; Building: The building; Storey: Level 2; Top Elevation: 1.5; Bottom Elevation: -2; Global Top Elevation: 1.5; Global Bottom Elevation: -2; Has Own Geometry: 1; Children Have Geometry: 0; Global X: 12.3745915076701; Global Y: -6.25571714500769; Global Z: -2; Bounding Box Length: 0.51853225899599; Bounding Box Width: 0.51853225899599; Bounding Box Height: 3.5
17lEXJUUT96OTy1eaVEZhV,Storey 2 - Column 1 (W8 - 300 cm),. Project: Project Name; Building: The building; Storey: Level 2; Top Elevation: 3; Bottom Elevation: 0; Global Top Elevation: 3; Global Bottom Elevation: 0; Has Own Geometry: 1; Children Have Geometry: 0; Global X: 2.35; Global Y: -1.95; Global Z: 0; Bounding Box Length: 0.399999999999999; Bounding Box Width: 0.35; Bounding Box Height: 3
3g3b0hJAX7IvxLObHvEKp3,Storey 2 - Column 11 (W8 - 200 cm),. Project: Project Name; Building: The building; Storey: Level 2; Top Elevation: 3.2; Bottom Elevation: 1.2; Global Top Elevation: 3.2; Global Bottom Elevation: 1.2; Has Own Geometry: 1; Children Have Geometry: 0; Global X: 11.1689376721921; Global Y: 19.5978198070523; Global Z: 1.2; Bounding Box Length: 0.208618125349048; Bounding Box Width: 0.208618125349052; Bounding Box Height: 2
1UFvKWArT4LOHONtgq8XAB,Storey 2 - Column 32 (W8 - 280 cm),. Project: Project Name; Building: The building; Storey: Level 2; Top Elevation: 0.8; Bottom Elevation: -2; Global Top Elevation: 0.8; Global Bottom Elevation: -2; Has Own Geometry: 1; Children Have Geometry: 0; Global X: -22.9601276360495; Global Y: -19.1240970987501; Global Z: -2; Bounding Box Length: 0.550531194370176; Bounding Box Width: 0.55053119437018; Bounding Box Height: 2.8
1h9LCuuV9EM9GjZc2IQOQd,Storey 2 - Column 39 (W8 - 300 cm),. Project: Project Name; Building: The building; Storey: Level 2; Top Elevation: 2.8; Bottom Elevation: -0.2; Global Top Elevation: 2.8; Global Bottom Elevation: -0.2; Has Own Geometry: 1; Children Have Geometry: 0; Global X: 7.65; Global Y: 13.75; Global Z: -0.2; Bounding Box Length: 0.149999999999999; Bounding Box Width: 0.15; Bounding Box Height: 3
1yWz_zz5H7xPAZptbqZJ7u,Storey 2 - Column 36 (W8 - 300 cm),. Project: Project Name; Building: The building; Storey: Level 2; Top Elevation: 2.8; Bottom Elevation: -0.2; Global Top Elevation: 2.8; Global Bottom Elevation: -0.2; Has Own Geometry: 1; Children Have Geometry: 0; Global X: 8.8; Global Y: 13.75; Global Z: -0.2; Bounding Box Length: 0.149999999999999; Bounding Box Width: 0.15; Bounding Box Height: 3
1TyYAuocL6D8Cg$rONea4h,Storey 2 - Column 28 (W8 - 400 cm),. Project: Project Name; Building: The building; Storey: Level 2; Top Elevation: 2; Bottom Elevation: -2; Global Top Elevation: 2; Global Bottom Elevation: -2; Has Own Geometry: 1; Children Have Geometry: 0; Global X: -26.8467239018603; Global Y: 13.1948018527609; Global Z: -2; Bounding Box Length: 0.553153332181232; Bounding Box Width: 0.553153332181227; Bounding Box Height: 4
3y7wNTjOP98vcPQeApnwcg,Storey 2 - Column 35 (W8 - 300 cm),. Project: Project Name; Building: The building; Storey: Level 2; Top Elevation: 2.8; Bottom Elevation: -0.2; Global Top Elevation: 2.8; Global Bottom Elevation: -0.2; Has Own Geometry: 1; Children Have Geometry: 0; Global X: 6.45; Global Y: 13.75; Global Z: -0.2; Bounding Box Length: 0.149999999999999; Bounding Box Width: 0.15; Bounding Box Height: 3
3g9RXeGYbCqxv6otOobCMP,Storey 2 - Column 30 (W8 - 340 cm),. Project: Project Name; Building: The building; Storey: Level 2; Top Elevation: 1.4; Bottom Elevation: -2; Global Top Elevation: 1.4; Global Bottom Elevation: -2; Has Own Geometry: 1; Children Have Geometry: 0; Global X: -24.8306394469563; Global Y: -3.25026063681973; Global Z: -2; Bounding Box Length: 0.55624072832007; Bounding Box Width: 0.556240728320072; Bounding Box Height: 3.4
0DpHHHd3D0chX5Zp3esQn6,Storey 2 - Column 31 (W8 - 280 cm),. Project: Project Name; Building: The building; Storey: Level 2; Top Elevation: 0.8; Bottom Elevation: -2; Global Top Elevation: 0.8; Global Bottom Elevation: -2; Has Own Geometry: 1; Children Have Geometry: 0; Global X: -23.8338001219204; Global Y: -11.6978362846276; Global Z: -2; Bounding Box Length: 0.553606944909184; Bounding Box Width: 0.553606944909191; Bounding Box Height: 2.8
32WC_RpoL2TfyUptfLJCbA,Storey 2 - Column 29 (W8 - 400 cm),. Project: Project Name; Building: The building; Storey: Level 2; Top Elevation: 2; Bottom Elevation: -2; Global Top Elevation: 2; Global Bottom Elevation: -2; Has Own Geometry: 1; Children Have Geometry: 0; Global X: -26.0434240589056; Global Y: 6.63553187424163; Global Z: -2; Bounding Box Length: 0.556928842107567; Bounding Box Width: 0.556928842107562; Bounding Box Height: 4
1U1Lw_syrC385VUJBtag_7,Storey 2 - Column 33 (W8 - 300 cm),. Project: Project Name; Building: The building; Storey: Level 2; Top Elevation: 2.8; Bottom Elevation: -0.2; Global Top Elevation: 2.8; Global Bottom Elevation: -0.2; Has Own Geometry: 1; Children Have Geometry: 0; Global X: 7.65; Global Y: 14.9; Global Z: -0.2; Bounding Box Length: 0.149999999999999; Bounding Box Width: 0.15; Bounding Box Height: 3
3v$bHJar1ELQetoV6CEP1S,Storey 2 - Column 34 (W8 - 300 cm),. Project: Project Name; Building: The building; Storey: Level 2; Top Elevation: 2.8; Bottom Elevation: -0.2; Global Top Elevation: 2.8; Global Bottom Elevation: -0.2; Has Own Geometry: 1; Children Have Geometry: 0; Global X: 8.8; Global Y: 14.9; Global Z: -0.2; Bounding Box Length: 0.149999999999999; Bounding Box Width: 0.15; Bounding Box Height: 3
28JR6z4in4eRuuDULSjh1b,Storey 2 - Column 38 (W8 - 300 cm),. Project: Project Name; Building: The building; Storey: Level 2; Top Elevation: 2.8; Bottom Elevation: -0.2; Global Top Elevation: 2.8; Global Bottom Elevation: -0.2; Has Own Geometry: 1; Children Have Geometry: 0; Global X: 8.8; Global Y: 12.15; Global Z: -0.2; Bounding Box Length: 0.149999999999999; Bounding Box Width: 0.15; Bounding Box Height: 3
2ZP3p$I5T0ah7kB_CGo340,Storey 2 - Column 40 (W8 - 400 cm),. Project: Project Name; Building: The building; Storey: Level 2; Top Elevation: 2; Bottom Elevation: -2; Global Top Elevation: 2; Global Bottom Elevation: -2; Has Own Geometry: 1; Children Have Geometry: 0; Global X: 12.1321513497976; Global Y: 5.14047029217797; Global Z: -2; Bounding Box Length: 0.518532258995993; Bounding Box Width: 0.51853225899599; Bounding Box Height: 4
2j6OimkTXC_AjGX7nVDU53,Storey 2 - Column 37 (W8 - 300 cm),. Project: Project Name; Building: The building; Storey: Level 2; Top Elevation: 2.8; Bottom Elevation: -0.2; Global Top Elevation: 2.8; Global Bottom Elevation: -0.2; Has Own Geometry: 1; Children Have Geometry: 0; Global X: 6.45; Global Y: 12.15; Global Z: -0.2; Bounding Box Length: 0.149999999999999; Bounding Box Width: 0.15; Bounding Box Height: 3
0C7r5Mjx17rvDt9$T7$iLU,gW3_a52_4MMAT_1,3D - Eðéðëá Êáèéóôéêïý. Project: Project Name; Building: The building; Storey: Level 2; Top Elevation: 0.0500000000000003; Bottom Elevation: -0.7; Global Top Elevation: 0.0500000000000003; Global Bottom Elevation: -0.7; Has Own Geometry: 1; Children Have Geometry: 0; Global X: -6.98643667112028; Global Y: -3.19021214159414; Global Z: -0.7; Bounding Box Length: 0.4; Bounding Box Width: 0.399999999999999; Bounding Box Height: 0.75
3e9QTNz4j3NPUGoHtk3Bat,gW4_a61_4MMAT_1,3D - Åðéðëá Ôñáðåæáñßáò. Project: Project Name; Building: The building; Storey: Level 2; Top Elevation: -2.58048024785577; Bottom Elevation: -3.50048024785577; Global Top Elevation: -2.58048024785577; Global Bottom Elevation: -3.50048024785577; Has Own Geometry: 1; Children Have Geometry: 0; Global X: -18.9507351350069; Global Y: -19.6949793368974; Global Z: -3.50048024785577; Bounding Box Length: 1.47652966447865; Bounding Box Width: 1.47652966447864; Bounding Box Height: 0.919999999999997
0TswfH5DHESg0vkVzjyU8l,gW3_a52_4MMAT_1,3D - Eðéðëá Êáèéóôéêïý. Project: Project Name; Building: The building; Storey: Level 2; Top Elevation: 0.0500000000000003; Bottom Elevation: -0.7; Global Top Elevation: 0.0500000000000003; Global Bottom Elevation: -0.7; Has Own Geometry: 1; Children Have Geometry: 0; Global X: -7.35637092333316; Global Y: -2.70565037461107; Global Z: -0.7; Bounding Box Length: 0.4; Bounding Box Width: 0.399999999999999; Bounding Box Height: 0.75
2P2jkxZDf6vfEtoSJE4P7i,gW3_a52_4MMAT_1,3D - Eðéðëá Êáèéóôéêïý. Project: Project Name; Building: The building; Storey: Level 2; Top Elevation: 0.0500000000000003; Bottom Elevation: -0.7; Global Top Elevation: 0.0500000000000003; Global Bottom Elevation: -0.7; Has Own Geometry: 1; Children Have Geometry: 0; Global X: -6.43935080517165; Global Y: -3.57577741854841; Global Z: -0.7; Bounding Box Length: 0.4; Bounding Box Width: 0.4; Bounding Box Height: 0.75
2awlgs34r5ZBcUPalGbUNM,gW3_a52_4MMAT_1,3D - Eðéðëá Êáèéóôéêïý. Project: Project Name; Building: The building; Storey: Level 2; Top Elevation: 0.0500000000000003; Bottom Elevation: -0.7; Global Top Elevation: 0.0500000000000003; Global Bottom Elevation: -0.7; Has Own Geometry: 1; Children Have Geometry: 0; Global X: -5.73754969433377; Global Y: -3.87383022365123; Global Z: -0.7; Bounding Box Length: 0.4; Bounding Box Width: 0.399999999999999; Bounding Box Height: 0.75
1o4VtgekPF$wswvnhPlRlm,gW3_a26_4MMAT_2,3D - Eðéðëá Êáèéóôéêïý. Project: Project Name; Building: The building; Storey: Level 2; Top Elevation: -0.630681326220185; Bottom Elevation: -1.00068132883818; Global Top Elevation: -0.630681326220185; Global Bottom Elevation: -1.00068132883818; Has Own Geometry: 1; Children Have Geometry: 0; Global X: 9.75469324606477; Global Y: -13.4294311783447; Global Z: -1.00068132883818; Bounding Box Length: 0.75; Bounding Box Width: 0.799999999999995; Bounding Box Height: 0.370000002617994
2OUi4$q5XBTPTpySX1vECw,gW3_a26_4MMAT_2,3D - Eðéðëá Êáèéóôéêïý. Project: Project Name; Building: The building; Storey: Level 2; Top Elevation: -0.630681326220185; Bottom Elevation: -1.00068132883818; Global Top Elevation: -0.630681326220185; Global Bottom Elevation: -1.00068132883818; Has Own Geometry: 1; Children Have Geometry: 0; Global X: 5.05831433150656; Global Y: -13.4218625697297; Global Z: -1.00068132883818; Bounding Box Length: 0.75; Bounding Box Width: 0.799999999999997; Bounding Box Height: 0.370000002617994
11_2WI9KL8$eGnD5T$8__4,gW7_a75_4MMAT_2,3D - ÕäñáõëéêÜ. Project: Project Name; Building: The building; Storey: Level 2; Top Elevation: 0.686099020473652; Bottom Elevation: -0.570263779526348; Global Top Elevation: 0.686099020473652; Global Bottom Elevation: -0.570263779526348; Has Own Geometry: 1; Children Have Geometry: 0; Global X: -23.1156991788212; Global Y: -13.1501592767635; Global Z: -0.570263779526348; Bounding Box Length: 0.259316207374699; Bounding Box Width: 0.383228781892658; Bounding Box Height: 1.2563628
2mgvQxGt90BPEXYhMr2N4L,Level 1,. Project: Project Name; Building: The building; Has Own Geometry: 0; Children Have Geometry: 0
1jZ686NvXE3OhFFGtGxfTb,Level 4,. Project: Project Name; Building: The building; Top Elevation: 10.4225; Bottom Elevation: 5.86; Global Top Elevation: 10.4225; Global Bottom Elevation: 5.86; Has Own Geometry: 0; Children Have Geometry: 1; Global X: 2.05; Global Y: 1.05; Global Z: 5.86; Bounding Box Length: 8.7; Bounding Box Width: 11.4; Bounding Box Height: 4.5625
0EW1xtXsH27wBNaLYvTOon,Wall 50 cm,. IsExternal: 1; WAHG: 2.2; WHLR: 4360BCB87285C73; Project: Project Name; Building: The building; Storey: Level 4; Top Elevation: 8.5; Bottom Elevation: 6; Global Top Elevation: 8.5; Global Bottom Elevation: 6; Has Own Geometry: 1; Children Have Geometry: 1; Global X: 2.35; Global Y: 11.65; Global Z: 6; Bounding Box Length: 8.1; Bounding Box Width: 0.5; Bounding Box Height: 2.5
3A5X46IoLAPfHp51eLweVX,Opening Shape:Orthogonal,. Project: Project Name; Building: The building; Storey: Level 4; Top Elevation: 8.4; Bottom Elevation: 7.2; Global Top Elevation: 8.4; Global Bottom Elevation: 7.2; Has Own Geometry: 1; Children Have Geometry: 0; Global X: 7.45; Global Y: 11.65; Global Z: 7.2; Bounding Box Length: 0.799999999999999; Bounding Box Width: 0.5; Bounding Box Height: 1.2
0B4vm4ScnA688etjhgTHM1,Wall 50 cm,. IsExternal: 1; WAHG: 2.2; WHLR: 4360BCB87285C36; Project: Project Name; Building: The building; Storey: Level 4; Top Elevation: 8.5; Bottom Elevation: 6; Global Top Elevation: 8.5; Global Bottom Elevation: 6; Has Own Geometry: 1; Children Have Geometry: 1; Global X: 2.35; Global Y: 1.34999999999999; Global Z: 6; Bounding Box Length: 8.1; Bounding Box Width: 0.500000000000014; Bounding Box Height: 2.5
1UGL_njsr9QQTLFiW110mI,Opening Shape:Orthogonal,. Project: Project Name; Building: The building; Storey: Level 4; Top Elevation: 8.4; Bottom Elevation: 7; Global Top Elevation: 8.4; Global Bottom Elevation: 7; Has Own Geometry: 1; Children Have Geometry: 0; Global X: 2.85; Global Y: 1.35; Global Z: 7; Bounding Box Length: 3.8; Bounding Box Width: 0.5; Bounding Box Height: 1.4
2BcGgznJ17VP8CDMl3S_JY,Opening Shape:Orthogonal,. Project: Project Name; Building: The building; Storey: Level 4; Top Elevation: 8.2; Bottom Elevation: 7; Global Top Elevation: 8.2; Global Bottom Elevation: 7; Has Own Geometry: 1; Children Have Geometry: 0; Global X: 8.15; Global Y: 1.35; Global Z: 7; Bounding Box Length: 1; Bounding Box Width: 0.5; Bounding Box Height: 1.2
2tzqcY8b1DwQ$VnYhPCHB9,Wall 50 cm,. IsExternal: 1; WAHG: 2.2; WHLR: 4360BCB87285C95; Project: Project Name; Building: The building; Storey: Level 4; Top Elevation: 8.5; Bottom Elevation: 6; Global Top Elevation: 8.5; Global Bottom Elevation: 6; Has Own Geometry: 1; Children Have Geometry: 1; Global X: 2.35; Global Y: 1.35; Global Z: 6; Bounding Box Length: 0.5; Bounding Box Width: 10.8; Bounding Box Height: 2.5
14Do14jSb49ALR4Xt_wQoV,Opening Shape:Orthogonal,. Project: Project Name; Building: The building; Storey: Level 4; Top Elevation: 8.4; Bottom Elevation: 7; Global Top Elevation: 8.4; Global Bottom Elevation: 7; Has Own Geometry: 1; Children Have Geometry: 0; Global X: 2.35; Global Y: 1.85; Global Z: 7; Bounding Box Length: 0.5; Bounding Box Width: 3.8; Bounding Box Height: 1.4
3t$O2YxqPDkfrtKGS_zjIz,Opening Shape:Orthogonal,. Project: Project Name; Building: The building; Storey: Level 4; Top Elevation: 8.2; Bottom Elevation: 7.2; Global Top Elevation: 8.2; Global Bottom Elevation: 7.2; Has Own Geometry: 1; Children Have Geometry: 0; Global X: 2.35; Global Y: 10.1; Global Z: 7.2; Bounding Box Length: 0.5; Bounding Box Width: 0.899999999999999; Bounding Box Height: 0.999999999999999
1JMVEzg7DBUvRQBo0Iyw0f,Opening Shape:Orthogonal,. Project: Project Name; Building: The building; Storey: Level 4; Top Elevation: 8.2; Bottom Elevation: 7.2; Global Top Elevation: 8.2; Global Bottom Elevation: 7.2; Has Own Geometry: 1; Children Have Geometry: 0; Global X: 2.35; Global Y: 6.95; Global Z: 7.2; Bounding Box Length: 0.5; Bounding Box Width: 0.899999999999999; Bounding Box Height: 0.999999999999999
3_jGgq7wj97vRs19Mmm4eU,Wall 50 cm,. IsExternal: 1; WAHG: 2.2; WHLR: 4360BCB87285C50; Project: Project Name; Building: The building; Storey: Level 4; Top Elevation: 8.5; Bottom Elevation: 6; Global Top Elevation: 8.5; Global Bottom Elevation: 6; Has Own Geometry: 1; Children Have Geometry: 1; Global X: 9.94999999999999; Global Y: 1.35; Global Z: 6; Bounding Box Length: 0.500000000000007; Bounding Box Width: 10.8; Bounding Box Height: 2.5
1HAWbgnPX2lhDNjtCOR5j$,Opening Shape:Orthogonal,. Project: Project Name; Building: The building; Storey: Level 4; Top Elevation: 8.2; Bottom Elevation: 7.2; Global Top Elevation: 8.2; Global Bottom Elevation: 7.2; Has Own Geometry: 1; Children Have Geometry: 0; Global X: 9.95; Global Y: 2.5; Global Z: 7.2; Bounding Box Length: 0.5; Bounding Box Width: 0.900000000000001; Bounding Box Height: 0.999999999999999
09bqGkcXz7_u4sAiPeatLs,Opening Shape:Orthogonal,. Project: Project Name; Building: The building; Storey: Level 4; Top Elevation: 8.2; Bottom Elevation: 7.2; Global Top Elevation: 8.2; Global Bottom Elevation: 7.2; Has Own Geometry: 1; Children Have Geometry: 0; Global X: 9.95; Global Y: 10.1; Global Z: 7.2; Bounding Box Length: 0.5; Bounding Box Width: 0.900000000000002; Bounding Box Height: 0.999999999999999
0m_WF6GWX13QYwrApd720K,"Window:2 panels, casement, orthogonal",O1. DST: 0; EDP: 9.15; JUF: 1; JUFD: 0.02; JUK: 1; LBM: 0; OTI: OTI; SRP: 8.15; SSL: 3; STR3D: 1; WDI: WDI; Project: Project Name; Building: The building; Storey: Level 4; Top Elevation: 8.2; Bottom Elevation: 7; Global Top Elevation: 8.2; Global Bottom Elevation: 7; Has Own Geometry: 1; Children Have Geometry: 0; Global X: 8.15; Global Y: 1.3495; Global Z: 7; Bounding Box Length: 1; Bounding Box Width: 0.501; Bounding Box Height: 1.2
2aqLnuREb0iuOOKS9HytRE,"Window:2 panels, casement, orthogonal",O1. DST: 0; EDP: 10.2; JUF: 1; JUFD: 0.02; JUK: 1; LBM: 0; OTI: OTI; SRP: 10.2; SSL: 3; STR3D: 3; WDI: WDI; Project: Project Name; Building: The building; Storey: Level 4; Top Elevation: 8.2; Bottom Elevation: 7.2; Global Top Elevation: 8.2; Global Bottom Elevation: 7.2; Has Own Geometry: 1; Children Have Geometry: 0; Global X: 9.9495; Global Y: 2.5; Global Z: 7.2; Bounding Box Length: 0.500999999999998; Bounding Box Width: 0.900000000000001; Bounding Box Height: 0.999999999999999
0jsk5c4Yv6XvlwmyiyVeLn,"Window:1 panel, sliding, orthogonal",O1. DST: 0; EDP: 2.6; JUF: 1; JUFD: 0.02; JUK: 1; LBM: 0; OTI: OTI; SRP: 2.6; SSL: 26; STR3D: 3; WDI: WDI; Project: Project Name; Building: The building; Storey: Level 4; Top Elevation: 8.4; Bottom Elevation: 7; Global Top Elevation: 8.4; Global Bottom Elevation: 7; Has Own Geometry: 1; Children Have Geometry: 0; Global X: 2.3495; Global Y: 1.85; Global Z: 7; Bounding Box Length: 0.501000000000001; Bounding Box Width: 3.8; Bounding Box Height: 1.4
2kUMtXXn13Uw8D0loaxwiB,"Window:1 panel, sliding, orthogonal",O1. DST: 0; EDP: 6.65; JUF: 1; JUFD: 0.02; JUK: 1; LBM: 0; OTI: OTI; SRP: 2.85; SSL: 26; STR3D: 1; WDI: WDI; Project: Project Name; Building: The building; Storey: Level 4; Top Elevation: 8.4; Bottom Elevation: 7; Global Top Elevation: 8.4; Global Bottom Elevation: 7; Has Own Geometry: 1; Children Have Geometry: 0; Global X: 2.85; Global Y: 1.3495; Global Z: 7; Bounding Box Length: 3.8; Bounding Box Width: 0.501000000000001; Bounding Box Height: 1.4
30Qs2EWYX5yf$UqHFqJsqj,"Window:2 panels, casement, orthogonal",O1. DST: 0; EDP: 10.2; JUF: 1; JUFD: 0.02; JUK: 1; LBM: 0; OTI: OTI; SRP: 10.2; SSL: 3; STR3D: 3; WDI: WDI; Project: Project Name; Building: The building; Storey: Level 4; Top Elevation: 8.2; Bottom Elevation: 7.2; Global Top Elevation: 8.2; Global Bottom Elevation: 7.2; Has Own Geometry: 1; Children Have Geometry: 0; Global X: 9.9495; Global Y: 10.1; Global Z: 7.2; Bounding Box Length: 0.500999999999998; Bounding Box Width: 0.900000000000002; Bounding Box Height: 0.999999999999999
24T0cMJ395zgSZHh0z60oq,"Window:2 panels, casement, orthogonal",O1. DST: 0; EDP: 2.6; JUF: 1; JUFD: 0.02; JUK: 1; LBM: 0; OTI: OTI; SRP: 2.6; SSL: 3; STR3D: 3; WDI: WDI; Project: Project Name; Building: The building; Storey: Level 4; Top Elevation: 8.2; Bottom Elevation: 7.2; Global Top Elevation: 8.2; Global Bottom Elevation: 7.2; Has Own Geometry: 1; Children Have Geometry: 0; Global X: 2.3495; Global Y: 10.1; Global Z: 7.2; Bounding Box Length: 0.501000000000001; Bounding Box Width: 0.899999999999999; Bounding Box Height: 1
23h9ueS$X2x9XR9ixxtsIo,"Window:2 panels, casement, orthogonal",O1. DST: 0; EDP: 2.6; JUF: 1; JUFD: 0.02; JUK: 1; LBM: 0; OTI: OTI; SRP: 2.6; SSL: 3; STR3D: 3; WDI: WDI; Project: Project Name; Building: The building; Storey: Level 4; Top Elevation: 8.2; Bottom Elevation: 7.2; Global Top Elevation: 8.2; Global Bottom Elevation: 7.2; Has Own Geometry: 1; Children Have Geometry: 0; Global X: 2.3495; Global Y: 6.95; Global Z: 7.2; Bounding Box Length: 0.500999999999999; Bounding Box Width: 0.899999999999999; Bounding Box Height: 1
00jRyHYGDB4emaWP_WpyDi,"Window:2 panels, casement, orthogonal",O1. DST: 0; EDP: 7.45; JUF: 1; JUFD: 0.02; JUK: 1; LBM: 0; OTI: OTI; SRP: 8.25; SSL: 3; STR3D: 3; WDI: WDI; Project: Project Name; Building: The building; Storey: Level 4; Top Elevation: 8.4; Bottom Elevation: 7.2; Global Top Elevation: 8.4; Global Bottom Elevation: 7.2; Has Own Geometry: 1; Children Have Geometry: 0; Global X: 7.45; Global Y: 11.6495; Global Z: 7.2; Bounding Box Length: 0.799999999999999; Bounding Box Width: 0.500999999999999; Bounding Box Height: 1.2
2yUJXear9FmfFiLa0YrrSh,Storey 4 - Slab 1 (14 cm),. HWPO: 1; SC2D: 6; SC3D1: 36; SC3D2: 132; SCSC: 5; Project: Project Name; Building: The building; Storey: Level 4; Top Elevation: 6; Bottom Elevation: 5.86; Global Top Elevation: 6; Global Bottom Elevation: 5.86; Has Own Geometry: 1; Children Have Geometry: 0; Global X: 2.35; Global Y: 1.35; Global Z: 5.86; Bounding Box Length: 8.1; Bounding Box Width: 10.8; Bounding Box Height: 0.14
0fyEP1dULCUR6jhxINaQRq,Storey 4 - Roof 1,. C2R: 1; CL2D: 256; CL3D: 17; DBS: 50; ELV: 2.5; FRM: FRM; HDBS: 0; HLR: 4360BCB87287C06; HTC: HTC; ICLS: ICLS; LTP: Continuous; OFS: 1; THK: 0.1; WDT: 0.3; WHLR: WHLR; Project: Project Name; Building: The building; Storey: Level 4; Top Elevation: 10.4225; Bottom Elevation: 8.365; Global Top Elevation: 10.4225; Global Bottom Elevation: 8.365; Has Own Geometry: 0; Children Have Geometry: 1; Global X: 2.05; Global Y: 1.05; Global Z: 8.365; Bounding Box Length: 8.7; Bounding Box Width: 11.4; Bounding Box Height: 2.0575
0_m85bZEvBIPu2PpVF8orG,Storey 4 - Roof 1 - Slab 1,. Project: Project Name; Building: The building; Storey: Level 4; Top Elevation: 10.4225; Bottom Elevation: 8.365; Global Top Elevation: 10.4225; Global Bottom Elevation: 8.365; Has Own Geometry: 1; Children Have Geometry: 0; Global X: 2.05; Global Y: 1.05; Global Z: 8.365; Bounding Box Length: 8.7; Bounding Box Width: 4.35; Bounding Box Height: 2.0575
1n9MF9KPD8OvSrj_PwN8gK,Storey 4 - Roof 1 - Slab 3,. Project: Project Name; Building: The building; Storey: Level 4; Top Elevation: 10.4225; Bottom Elevation: 8.365; Global Top Elevation: 10.4225; Global Bottom Elevation: 8.365; Has Own Geometry: 1; Children Have Geometry: 0; Global X: 2.05; Global Y: 8.1; Global Z: 8.365; Bounding Box Length: 8.7; Bounding Box Width: 4.35; Bounding Box Height: 2.0575
2ls5LdwQPEHvFZeaArB5XN,Storey 4 - Roof 1 - Slab 2,. Project: Project Name; Building: The building; Storey: Level 4; Top Elevation: 10.4225; Bottom Elevation: 8.365; Global Top Elevation: 10.4225; Global Bottom Elevation: 8.365; Has Own Geometry: 1; Children Have Geometry: 0; Global X: 6.4; Global Y: 1.05; Global Z: 8.365; Bounding Box Length: 4.35; Bounding Box Width: 11.4; Bounding Box Height: 2.0575
0bmQxJUIL0xPdY_EZXRTjE,Storey 4 - Roof 1 - Slab 4,. Project: Project Name; Building: The building; Storey: Level 4; Top Elevation: 10.4225; Bottom Elevation: 8.365; Global Top Elevation: 10.4225; Global Bottom Elevation: 8.365; Has Own Geometry: 1; Children Have Geometry: 0; Global X: 2.05; Global Y: 1.05; Global Z: 8.365; Bounding Box Length: 4.35; Bounding Box Width: 11.4; Bounding Box Height: 2.0575
1w7VbBP958KBUZCRP2rXbd,Level 3,. Project: Project Name; Building: The building; Top Elevation: 6.47; Bottom Elevation: 1.3; Global Top Elevation: 6.47; Global Bottom Elevation: 1.3; Has Own Geometry: 0; Children Have Geometry: 1; Global X: 2.15; Global Y: -2.15; Global Z: 1.3; Bounding Box Length: 8.5; Bounding Box Width: 17.2; Bounding Box Height: 5.17
3eTli2_Gr9FQLaKNjGMfYR,Storey 3 - Beam 1 (15 cm),. Project: Project Name; Building: The building; Storey: Level 3; Top Elevation: 6; Bottom Elevation: 5.85; Global Top Elevation: 6; Global Bottom Elevation: 5.85; Has Own Geometry: 1; Children Have Geometry: 0; Global X: 2.3589449725791; Global Y: -1.85; Global Z: 5.85; Bounding Box Length: 8.08113981584187; Bounding Box Width: 0.15; Bounding Box Height: 0.15
0VrtujHzD9$htTkLk$bU9P,Storey 3 - Beam 2 (15 cm),. Project: Project Name; Building: The building; Storey: Level 3; Top Elevation: 6.25644055243605; Bottom Elevation: 6.10644055243605; Global Top Elevation: 6.25644055243605; Global Bottom Elevation: 6.10644055243605; Has Own Geometry: 1; Children Have Geometry: 0; Global X: 2.3589449725791; Global Y: 1.2; Global Z: 6.10644055243605; Bounding Box Length: 8.08113981584187; Bounding Box Width: 0.15; Bounding Box Height: 0.15
1IHtDJBVz0mxOVgV3spHKJ,Storey 3 - Column 2 (W8 - 285 cm),. Project: Project Name; Building: The building; Storey: Level 3; Top Elevation: 5.85; Bottom Elevation: 3; Global Top Elevation: 5.85; Global Bottom Elevation: 3; Has Own Geometry: 1; Children Have Geometry: 0; Global X: 10.05; Global Y: -1.95; Global Z: 3; Bounding Box Length: 0.399999999999999; Bounding Box Width: 0.35; Bounding Box Height: 2.85
2txo0OAzH2juL2KWyLnA_y,Storey 3 - Column 3 (W8 - 285 cm),. Project: Project Name; Building: The building; Storey: Level 3; Top Elevation: 5.85; Bottom Elevation: 3; Global Top Elevation: 5.85; Global Bottom Elevation: 3; Has Own Geometry: 1; Children Have Geometry: 0; Global X: 6.2; Global Y: -1.95; Global Z: 3; Bounding Box Length: 0.399999999999999; Bounding Box Width: 0.35; Bounding Box Height: 2.85
0sOCHxydf4iwax$LWiSlt7,Storey 3 - Column 1 (W8 - 285 cm),. Project: Project Name; Building: The building; Storey: Level 3; Top Elevation: 5.85; Bottom Elevation: 3; Global Top Elevation: 5.85; Global Bottom Elevation: 3; Has Own Geometry: 1; Children Have Geometry: 0; Global X: 2.35; Global Y: -1.95; Global Z: 3; Bounding Box Length: 0.399999999999999; Bounding Box Width: 0.35; Bounding Box Height: 2.85
23aDmMz7P4Hu4Lcp99s6A$,Storey 3 - Vert Slab 9 (20 cm),. CL2D: 256; CL3D: 19; ELV: 10.45; MFRM: MFRM; PEXT: 1; THK: 0.2; ZAXS: 1; IsExternal: 1; Project: Project Name; Building: The building; Storey: Level 3; Top Elevation: 6.4; Bottom Elevation: 6; Global Top Elevation: 6.4; Global Bottom Elevation: 6; Has Own Geometry: 1; Children Have Geometry: 1; Global X: 10.45; Global Y: -2.15; Global Z: 6; Bounding Box Length: 0.199999999999999; Bounding Box Width: 3.49999999999999; Bounding Box Height: 0.4
3igQusZMr1eAVG8A4k$R65,Storey 3 - Vert Slab 9 (20 cm) - Opening 1,. Project: Project Name; Building: The building; Storey: Level 3; Top Elevation: 6.4; Bottom Elevation: 6.1; Global Top Elevation: 6.4; Global Bottom Elevation: 6.1; Has Own Geometry: 1; Children Have Geometry: 0; Global X: 10.45; Global Y: -2.15; Global Z: 6.1; Bounding Box Length: 0.199999999999999; Bounding Box Width: 3.49999999999999; Bounding Box Height: 0.300000000000001
0_9EKJ72v8xhT8mVgxjQeQ,Storey 3 - Vert Slab 9 (20 cm) - Opening 2,. Project: Project Name; Building: The building; Storey: Level 3; Top Elevation: 6.3; Bottom Elevation: 6; Global Top Elevation: 6.3; Global Bottom Elevation: 6; Has Own Geometry: 1; Children Have Geometry: 0; Global X: 10.45; Global Y: -2.15; Global Z: 6; Bounding Box Length: 0.199999999999999; Bounding Box Width: 3.49999999999999; Bounding Box Height: 0.3
0Fr7HKcrvDweiYchc5Bcvq,Wall 30 cm,. IsExternal: 1; WAHG: 0.05; WHLR: 4360BCB87306CBB; Project: Project Name; Building: The building; Storey: Level 3; Top Elevation: 3.02; Bottom Elevation: 2.97; Global Top Elevation: 3.02; Global Bottom Elevation: 2.97; Has Own Geometry: 1; Children Have Geometry: 0; Global X: 10.15; Global Y: -1.95; Global Z: 2.97; Bounding Box Length: 0.300000000000001; Bounding Box Width: 3.15; Bounding Box Height: 0.0499999999999998
3giipl4vj1HgcIyfdWBfVU,Wall 30 cm,. IsExternal: 1; WAHG: 0.05; WHLR: 4360BCB87306CDD; Project: Project Name; Building: The building; Storey: Level 3; Top Elevation: 3.02; Bottom Elevation: 2.97; Global Top Elevation: 3.02; Global Bottom Elevation: 2.97; Has Own Geometry: 1; Children Have Geometry: 0; Global X: 2.35; Global Y: -1.95; Global Z: 2.97; Bounding Box Length: 8.1; Bounding Box Width: 0.3; Bounding Box Height: 0.0499999999999998
3KcVBuq$X0ZRVlhferHuMX,Wall 30 cm,. IsExternal: 1; WAHG: 0.05; WHLR: 4360BCB87306C7F; Project: Project Name; Building: The building; Storey: Level 3; Top Elevation: 3.02; Bottom Elevation: 2.97; Global Top Elevation: 3.02; Global Bottom Elevation: 2.97; Has Own Geometry: 1; Children Have Geometry: 0; Global X: 2.35; Global Y: -1.6; Global Z: 2.97; Bounding Box Length: 0.300000000000001; Bounding Box Width: 2.8; Bounding Box Height: 0.0499999999999998
3m0VgDjPb2yfn9YRovg$N3,Wall 50 cm,. IsExternal: 1; WAHG: 3; WHLR: 4360BCB87281063; Project: Project Name; Building: The building; Storey: Level 3; Top Elevation: 6; Bottom Elevation: 3; Global Top Elevation: 6; Global Bottom Elevation: 3; Has Own Geometry: 1; Children Have Geometry: 1; Global X: 2.35; Global Y: 1.35; Global Z: 3; Bounding Box Length: 8.1; Bounding Box Width: 0.5; Bounding Box Height: 3
1viQinJkrD0htPUgFpqeKL,Opening Shape:Orthogonal,. Project: Project Name; Building: The building; Storey: Level 3; Top Elevation: 5.2; Bottom Elevation: 3; Global Top Elevation: 5.2; Global Bottom Elevation: 3; Has Own Geometry: 1; Children Have Geometry: 0; Global X: 7.75; Global Y: 1.35; Global Z: 3; Bounding Box Length: 1.2; Bounding Box Width: 0.5; Bounding Box Height: 2.2
3uLDmJW3P9K9PuxdthegeC,Opening Shape:Orthogonal,. Project: Project Name; Building: The building; Storey: Level 3; Top Elevation: 5.2; Bottom Elevation: 3; Global Top Elevation: 5.2; Global Bottom Elevation: 3; Has Own Geometry: 1; Children Have Geometry: 0; Global X: 3.9; Global Y: 1.35; Global Z: 3; Bounding Box Length: 1.2; Bounding Box Width: 0.5; Bounding Box Height: 2.2
3XGRQlEtTFrRpd05EFrYiv,Wall 50 cm,. IsExternal: 1; WAHG: 3; WHLR: 4360BCB8728109F; Project: Project Name; Building: The building; Storey: Level 3; Top Elevation: 6; Bottom Elevation: 3; Global Top Elevation: 6; Global Bottom Elevation: 3; Has Own Geometry: 1; Children Have Geometry: 1; Global X: 2.35; Global Y: 11.65; Global Z: 3; Bounding Box Length: 8.1; Bounding Box Width: 0.5; Bounding Box Height: 3
0JZZJNmen4HefKr5fo9OfX,Opening Shape:Orthogonal,. Project: Project Name; Building: The building; Storey: Level 3; Top Elevation: 5.2; Bottom Elevation: 4.2; Global Top Elevation: 5.2; Global Bottom Elevation: 4.2; Has Own Geometry: 1; Children Have Geometry: 0; Global X: 3.95; Global Y: 11.65; Global Z: 4.2; Bounding Box Length: 0.800000000000001; Bounding Box Width: 0.5; Bounding Box Height: 1
0cfQYmxdj14wxUKjUqiSFg,Opening Shape:Arc,. Project: Project Name; Building: The building; Storey: Level 3; Top Elevation: 5.2; Bottom Elevation: 3; Global Top Elevation: 5.2; Global Bottom Elevation: 3; Has Own Geometry: 1; Children Have Geometry: 0; Global X: 7.15; Global Y: 11.65; Global Z: 3; Bounding Box Length: 1.1; Bounding Box Width: 0.5; Bounding Box Height: 2.2
07e6RstfX0khuR7MAJXpKk,Wall 50 cm,. IsExternal: 1; WAHG: 3; WHLR: 4360BCB872810C1; Project: Project Name; Building: The building; Storey: Level 3; Top Elevation: 6; Bottom Elevation: 3; Global Top Elevation: 6; Global Bottom Elevation: 3; Has Own Geometry: 1; Children Have Geometry: 1; Global X: 2.35; Global Y: 1.35; Global Z: 3; Bounding Box Length: 0.5; Bounding Box Width: 10.8; Bounding Box Height: 3
0zMuK0XsT2FAkrmJLrzafg,Opening Shape:Orthogonal,. Project: Project Name; Building: The building; Storey: Level 3; Top Elevation: 5.2; Bottom Elevation: 4.2; Global Top Elevation: 5.2; Global Bottom Elevation: 4.2; Has Own Geometry: 1; Children Have Geometry: 0; Global X: 2.35; Global Y: 2.5; Global Z: 4.2; Bounding Box Length: 0.5; Bounding Box Width: 0.9; Bounding Box Height: 1
3Qt2nhNen4KgNNNgE7AS2O,Opening Shape:Orthogonal,. Project: Project Name; Building: The building; Storey: Level 3; Top Elevation: 5.2; Bottom Elevation: 4.2; Global Top Elevation: 5.2; Global Bottom Elevation: 4.2; Has Own Geometry: 1; Children Have Geometry: 0; Global X: 2.35; Global Y: 10.1; Global Z: 4.2; Bounding Box Length: 0.5; Bounding Box Width: 0.899999999999999; Bounding Box Height: 1
2jKN_4OnX279DDikS9$TU9,Opening Shape:Orthogonal,. Project: Project Name; Building: The building; Storey: Level 3; Top Elevation: 5.2; Bottom Elevation: 4.2; Global Top Elevation: 5.2; Global Bottom Elevation: 4.2; Has Own Geometry: 1; Children Have Geometry: 0; Global X: 2.35; Global Y: 6.95; Global Z: 4.2; Bounding Box Length: 0.5; Bounding Box Width: 0.899999999999999; Bounding Box Height: 1
2DxMH7$T19cemgulM1Qrsu,Wall 50 cm,. IsExternal: 1; WAHG: 3; WHLR: 4360BCB8728107C; Project: Project Name; Building: The building; Storey: Level 3; Top Elevation: 6; Bottom Elevation: 3; Global Top Elevation: 6; Global Bottom Elevation: 3; Has Own Geometry: 1; Children Have Geometry: 1; Global X: 9.95; Global Y: 1.35; Global Z: 3; Bounding Box Length: 0.5; Bounding Box Width: 10.8; Bounding Box Height: 3
3ciG57i553mA0xeTkAG$ZC,Opening Shape:Orthogonal,. Project: Project Name; Building: The building; Storey: Level 3; Top Elevation: 5.2; Bottom Elevation: 4.2; Global Top Elevation: 5.2; Global Bottom Elevation: 4.2; Has Own Geometry: 1; Children Have Geometry: 0; Global X: 9.95; Global Y: 2.5; Global Z: 4.2; Bounding Box Length: 0.5; Bounding Box Width: 0.900000000000001; Bounding Box Height: 1
1XrTpbhcL1PffJgRCM_tKx,Opening Shape:Orthogonal,. Project: Project Name; Building: The building; Storey: Level 3; Top Elevation: 5.2; Bottom Elevation: 4.2; Global Top Elevation: 5.2; Global Bottom Elevation: 4.2; Has Own Geometry: 1; Children Have Geometry: 0; Global X: 9.95; Global Y: 10.1; Global Z: 4.2; Bounding Box Length: 0.5; Bounding Box Width: 0.900000000000002; Bounding Box Height: 1
07wp3atDH1d8HCs9Mye$Vx,Wall 30 cm,. IsExternal: 1; WAHG: 0.0499999999999998; WHLR: 4360BCB87306C98; Project: Project Name; Building: The building; Storey: Level 3; Top Elevation: 3.02; Bottom Elevation: 2.97; Global Top Elevation: 3.02; Global Bottom Elevation: 2.97; Has Own Geometry: 1; Children Have Geometry: 0; Global X: 2.35; Global Y: 1.05; Global Z: 2.97; Bounding Box Length: 8.1; Bounding Box Width: 0.3; Bounding Box Height: 0.0499999999999998
2LXaA1NkH7APVd9IH3Eavc,Storey 3 - Slab 7 (10 cm),. HWPO: 1; SC2D: 6; SC3D1: 9; SC3D2: 9; SCSC: 9; Project: Project Name; Building: The building; Storey: Level 3; Top Elevation: 5.25; Bottom Elevation: 5.15; Global Top Elevation: 5.25; Global Bottom Elevation: 5.15; Has Own Geometry: 1; Children Have Geometry: 0; Global X: 2.33; Global Y: 2.42837528965523; Global Z: 5.15; Bounding Box Length: 0.289999999999999; Bounding Box Width: 1.04; Bounding Box Height: 0.0999999999999996
17D1fUen14XQPa2t8AK4JV,Storey 3 - Slab 9 (10 cm),. HWPO: 1; SC2D: 6; SC3D1: 9; SC3D2: 9; SCSC: 9; Project: Project Name; Building: The building; Storey: Level 3; Top Elevation: 5.25; Bottom Elevation: 5.15; Global Top Elevation: 5.25; Global Bottom Elevation: 5.15; Has Own Geometry: 1; Children Have Geometry: 0; Global X: 10.18; Global Y: 10.0283752896552; Global Z: 5.15; Bounding Box Length: 0.290000000000003; Bounding Box Width: 1.04; Bounding Box Height: 0.0999999999999996
3ln1XPELr8N9G0tJVuTAvF,Storey 3 - Slab 8 (10 cm),. HWPO: 1; SC2D: 6; SC3D1: 9; SC3D2: 9; SCSC: 9; Project: Project Name; Building: The building; Storey: Level 3; Top Elevation: 5.25; Bottom Elevation: 5.15; Global Top Elevation: 5.25; Global Bottom Elevation: 5.15; Has Own Geometry: 1; Children Have Geometry: 0; Global X: 10.18; Global Y: 2.42837528965523; Global Z: 5.15; Bounding Box Length: 0.290000000000003; Bounding Box Width: 1.04; Bounding Box Height: 0.0999999999999996
23_i0wbh90qerKkCSLKfgn,Storey 3 - Slab 11 (19 cm),. HWPO: 1; SC2D: 6; SC3D1: 35; SC3D2: 35; SCSC: 35; Project: Project Name; Building: The building; Storey: Level 3; Top Elevation: 1.49; Bottom Elevation: 1.3; Global Top Elevation: 1.49; Global Bottom Elevation: 1.3; Has Own Geometry: 1; Children Have Geometry: 0; Global X: 4.042; Global Y: 13.85; Global Z: 1.3; Bounding Box Length: 1.2; Bounding Box Width: 1.2; Bounding Box Height: 0.19
1xFYFSY9fBpPKbALkytULd,Storey 3 - Slab 10 (10 cm),. HWPO: 1; SC2D: 6; SC3D1: 9; SC3D2: 9; SCSC: 9; Project: Project Name; Building: The building; Storey: Level 3; Top Elevation: 5.25; Bottom Elevation: 5.15; Global Top Elevation: 5.25; Global Bottom Elevation: 5.15; Has Own Geometry: 1; Children Have Geometry: 0; Global X: 3.88775636679506; Global Y: 11.88; Global Z: 5.15; Bounding Box Length: 0.918375289655231; Bounding Box Width: 0.290000000000001; Bounding Box Height: 0.0999999999999996
2rSw$Njxv93g4cguIVKBEr,Storey 3 - Slab 6 (10 cm),. HWPO: 1; SC2D: 6; SC3D1: 9; SC3D2: 9; SCSC: 9; Project: Project Name; Building: The building; Storey: Level 3; Top Elevation: 5.25; Bottom Elevation: 5.15; Global Top Elevation: 5.25; Global Bottom Elevation: 5.15; Has Own Geometry: 1; Children Have Geometry: 0; Global X: 2.33; Global Y: 6.87837528965523; Global Z: 5.15; Bounding Box Length: 0.289999999999999; Bounding Box Width: 1.04; Bounding Box Height: 0.0999999999999996
3KQcW7nnrBZ93th7JQyQDv,Storey 3 - Slab 2 (14 cm),. HWPO: 1; SC2D: 6; SC3D1: 35; SC3D2: 132; SCSC: 29; Project: Project Name; Building: The building; Storey: Level 3; Top Elevation: 3; Bottom Elevation: 2.86; Global Top Elevation: 3; Global Bottom Elevation: 2.86; Has Own Geometry: 1; Children Have Geometry: 0; Global X: 2.35; Global Y: -1.95; Global Z: 2.86; Bounding Box Length: 8.1; Bounding Box Width: 3.3; Bounding Box Height: 0.14
0f2yflOrz9YuVJmHVFVDyX,Storey 3 - Slab 4 (10 cm),. HWPO: 1; SC2D: 6; SC3D1: 35; SC3D2: 35; SCSC: 29; Project: Project Name; Building: The building; Storey: Level 3; Top Elevation: 3; Bottom Elevation: 2.9; Global Top Elevation: 3; Global Bottom Elevation: 2.9; Has Own Geometry: 1; Children Have Geometry: 0; Global X: 7.65; Global Y: 13.85; Global Z: 2.9; Bounding Box Length: 1.3; Bounding Box Width: 1.2; Bounding Box Height: 0.1
0_2ani6bHEEOAi2xIWgtMc,Storey 3 - Slab 1 (14 cm),. HWPO: 1; SC2D: 6; SC3D1: 36; SC3D2: 132; SCSC: 5; Project: Project Name; Building: The building; Storey: Level 3; Top Elevation: 3; Bottom Elevation: 2.86; Global Top Elevation: 3; Global Bottom Elevation: 2.86; Has Own Geometry: 1; Children Have Geometry: 0; Global X: 2.35; Global Y: 1.35; Global Z: 2.86; Bounding Box Length: 8.1; Bounding Box Width: 10.8; Bounding Box Height: 0.14
3l_kIyfL5BBPMFD9SZeMpX,Storey 3 - Slab 3 (10 cm),. HWPO: 1; SC2D: 6; SC3D1: 35; SC3D2: 35; SCSC: 29; Project: Project Name; Building: The building; Storey: Level 3; Top Elevation: 3; Bottom Elevation: 2.9; Global Top Elevation: 3; Global Bottom Elevation: 2.9; Has Own Geometry: 1; Children Have Geometry: 0; Global X: 6.45; Global Y: 12.15; Global Z: 2.9; Bounding Box Length: 2.5; Bounding Box Width: 1.7; Bounding Box Height: 0.1
1PCUEvGvDFShJX5wPkni$F,Storey 3 - Slab 5 (10 cm),. HWPO: 1; SC2D: 6; SC3D1: 9; SC3D2: 9; SCSC: 9; Project: Project Name; Building: The building; Storey: Level 3; Top Elevation: 5.25; Bottom Elevation: 5.15; Global Top Elevation: 5.25; Global Bottom Elevation: 5.15; Has Own Geometry: 1; Children Have Geometry: 0; Global X: 2.33; Global Y: 10.0283752896552; Global Z: 5.15; Bounding Box Length: 0.289999999999999; Bounding Box Width: 1.04; Bounding Box Height: 0.0999999999999996
2W06a0XV57LwFs1AuG7TvN,Storey 3 - Roof 1,. C2R: 1; CL2D: 256; CL3D: 17; DBS: 50; ELV: 3.07; FRM: FRM; HDBS: 0; HLR: 4360BCB87284729; HTC: HTC; ICLS: ICLS; LTP: Continuous; OFS: 1; THK: 0.1; WDT: 0; Project: Project Name; Building: The building; Storey: Level 3; Top Elevation: 6.47; Bottom Elevation: 6.07; Global Top Elevation: 6.47; Global Bottom Elevation: 6.07; Has Own Geometry: 0; Children Have Geometry: 1; Global X: 2.15; Global Y: -2.15; Global Z: 6.07; Bounding Box Length: 8.5; Bounding Box Width: 3.5; Bounding Box Height: 0.399999999999999
3OKutfYtv4BgJNFe$OVZo1,Storey 3 - Roof 1 - Slab 1,. Project: Project Name; Building: The building; Storey: Level 3; Top Elevation: 6.47; Bottom Elevation: 6.07; Global Top Elevation: 6.47; Global Bottom Elevation: 6.07; Has Own Geometry: 1; Children Have Geometry: 0; Global X: 2.15; Global Y: -2.15; Global Z: 6.07; Bounding Box Length: 8.5; Bounding Box Width: 3.5; Bounding Box Height: 0.399999999999999
1rh5EwJinC5fSwnc99sigr,Storey 3 - Railing 1,. ELV: 0; HWPO: 0; KCLR: 29; KND: 1; KTHK: 0.03; KWTH: 0.1; MLGT: 1; RC2D: 256; RC3D: 29; RHGT: 0.9; RTHK: 0.05; SFRM: SFRM; SFRMCL: 0; SPT: 6.55; TYP: 9; WC2D: 256; WC3D: 35; WHGT: 0; WWTH: 0.1; Project: Project Name; Building: The building; Storey: Level 3; Top Elevation: 3.93; Bottom Elevation: 3; Global Top Elevation: 3.93; Global Bottom Elevation: 3; Has Own Geometry: 1; Children Have Geometry: 0; Global X: 6.45; Global Y: 12.15; Global Z: 3; Bounding Box Length: 1.2; Bounding Box Width: 1.7; Bounding Box Height: 0.93
3m2dZdyRD0NQ3Ix3sJ234B,Storey 3 - Railing 2,. ELV: 0; HWPO: 0; KCLR: 4; KND: 1; KTHK: 0.03; KWTH: 0.03; MLGT: 1; RC2D: 256; RC3D: 4; RHGT: 0.8; RTHK: 0.05; SFRM: SFRM; SFRMCL: 0; SPT: 2.4; TYP: 25; WC2D: 256; WC3D: 70; WHGT: 0.1; WWTH: 0.05; Project: Project Name; Building: The building; Storey: Level 3; Top Elevation: 3.93; Bottom Elevation: 3; Global Top Elevation: 3.93; Global Bottom Elevation: 3; Has Own Geometry: 1; Children Have Geometry: 0; Global X: 2.35; Global Y: -1.6; Global Z: 3; Bounding Box Length: 0.0500000000000007; Bounding Box Width: 2.8; Bounding Box Height: 0.93
2gaXxSf2H5T9NbCQjObRSn,Storey 3 - Railing 3,. ELV: 0; HWPO: 0; KCLR: 4; KND: 1; KTHK: 0.03; KWTH: 0.03; MLGT: 1; RC2D: 256; RC3D: 4; RHGT: 0.8; RTHK: 0.05; SFRM: SFRM; SFRMCL: 0; SPT: 4.475; TYP: 25; WC2D: 256; WC3D: 70; WHGT: 0.1; WWTH: 0.05; Project: Project Name; Building: The building; Storey: Level 3; Top Elevation: 3.93; Bottom Elevation: 3; Global Top Elevation: 3.93; Global Bottom Elevation: 3; Has Own Geometry: 1; Children Have Geometry: 0; Global X: 2.75; Global Y: -1.95; Global Z: 3; Bounding Box Length: 3.45; Bounding Box Width: 0.0500000000000003; Bounding Box Height: 0.93
1hZn$0VXLEPuvsIefJEsw9,Storey 3 - Railing 5,. ELV: 0; HWPO: 0; KCLR: 4; KND: 1; KTHK: 0.03; KWTH: 0.03; MLGT: 1; RC2D: 256; RC3D: 4; RHGT: 0.8; RTHK: 0.05; SFRM: SFRM; SFRMCL: 0; SPT: 10.4; TYP: 25; WC2D: 256; WC3D: 70; WHGT: 0.1; WWTH: 0.05; Project: Project Name; Building: The building; Storey: Level 3; Top Elevation: 3.93; Bottom Elevation: 3; Global Top Elevation: 3.93; Global Bottom Elevation: 3; Has Own Geometry: 1; Children Have Geometry: 0; Global X: 10.4; Global Y: -1.6; Global Z: 3; Bounding Box Length: 0.0500000000000007; Bounding Box Width: 2.95; Bounding Box Height: 0.93
0L_JuDb8D3hODIwwPiWmvX,Storey 3 - Railing 4,. ELV: 0; HWPO: 0; KCLR: 4; KND: 1; KTHK: 0.03; KWTH: 0.03; MLGT: 1; RC2D: 256; RC3D: 4; RHGT: 0.8; RTHK: 0.05; SFRM: SFRM; SFRMCL: 0; SPT: 8.325; TYP: 25; WC2D: 256; WC3D: 70; WHGT: 0.1; WWTH: 0.05; Project: Project Name; Building: The building; Storey: Level 3; Top Elevation: 3.93; Bottom Elevation: 3; Global Top Elevation: 3.93; Global Bottom Elevation: 3; Has Own Geometry: 1; Children Have Geometry: 0; Global X: 6.6; Global Y: -1.95; Global Z: 3; Bounding Box Length: 3.45; Bounding Box Width: 0.0500000000000003; Bounding Box Height: 0.93
1AZTK_6cf1RQnlMFf5qz4V,Storey 3 - Railing 6,. ELV: 0; HWPO: 0; KCLR: 29; KND: 1; KTHK: 0.03; KWTH: 0.1; MLGT: 1; RC2D: 256; RC3D: 29; RHGT: 0.9; RTHK: 0.05; SFRM: SFRM; SFRMCL: 0; SPT: 8.85; TYP: 9; WC2D: 256; WC3D: 35; WHGT: 0; WWTH: 0.1; Project: Project Name; Building: The building; Storey: Level 3; Top Elevation: 3.93; Bottom Elevation: 3; Global Top Elevation: 3.93; Global Bottom Elevation: 3; Has Own Geometry: 1; Children Have Geometry: 0; Global X: 7.65; Global Y: 12.15; Global Z: 3; Bounding Box Length: 1.3; Bounding Box Width: 2.9; Bounding Box Height: 0.93
2DSFhpQIb7aewXRp0pmv__,"Door:2 panels, casement, orthogonal, with glass",O1. DST: 0; EDP: 5.1; JUF: 1; JUFD: 0.02; JUK: 1; LBM: 0; OTI: OTI; SRP: 3.9; SSL: 9; STR3D: 1; WDI: WDI; Project: Project Name; Building: The building; Storey: Level 3; Top Elevation: 5.2; Bottom Elevation: 3; Global Top Elevation: 5.2; Global Bottom Elevation: 3; Has Own Geometry: 1; Children Have Geometry: 0; Global X: 3.9; Global Y: 1.3495; Global Z: 3; Bounding Box Length: 1.2; Bounding Box Width: 0.501; Bounding Box Height: 2.2
0mMYCLPD5Beg6VRVle3AsJ,"Door:2 panels, casement, orthogonal, with glass",O1. DST: 0; EDP: 8.95; JUF: 1; JUFD: 0.02; JUK: 1; LBM: 0; OTI: OTI; SRP: 7.75; SSL: 9; STR3D: 1; WDI: WDI; Project: Project Name; Building: The building; Storey: Level 3; Top Elevation: 5.2; Bottom Elevation: 3; Global Top Elevation: 5.2; Global Bottom Elevation: 3; Has Own Geometry: 1; Children Have Geometry: 0; Global X: 7.75; Global Y: 1.3495; Global Z: 3; Bounding Box Length: 1.2; Bounding Box Width: 0.501; Bounding Box Height: 2.2
1JlZOMe1z3WgyFI0hd1CYv,"Door:1 panel, casement, curved, glass",O1. DST: 0; EDP: 7.15; JUF: 1; JUFD: 0.02; JUK: 1; LBM: 0; OTI: OTI; SRP: 8.25; SSL: 58; STR3D: 0; WDI: WDI; Project: Project Name; Building: The building; Storey: Level 3; Top Elevation: 5.2; Bottom Elevation: 3; Global Top Elevation: 5.2; Global Bottom Elevation: 3; Has Own Geometry: 1; Children Have Geometry: 0; Global X: 7.15; Global Y: 11.6495; Global Z: 3; Bounding Box Length: 1.1; Bounding Box Width: 0.500999999999999; Bounding Box Height: 2.2
0D2IRtUSn3Zexi6RIzp_5s,"Window:2 panels, casement, orthogonal",O1. DST: 0; EDP: 10.2; JUF: 1; JUFD: 0.02; JUK: 1; LBM: 0; OTI: OTI; SRP: 10.2; SSL: 3; STR3D: 3; WDI: WDI; Project: Project Name; Building: The building; Storey: Level 3; Top Elevation: 5.2; Bottom Elevation: 4.2; Global Top Elevation: 5.2; Global Bottom Elevation: 4.2; Has Own Geometry: 1; Children Have Geometry: 0; Global X: 9.9495; Global Y: 10.1; Global Z: 4.2; Bounding Box Length: 0.500999999999998; Bounding Box Width: 0.900000000000002; Bounding Box Height: 1
0FWwN2FbrDa9V4TKMmf3xj,"Window:2 panels, casement, orthogonal",O1. DST: 0; EDP: 10.2; JUF: 1; JUFD: 0.02; JUK: 1; LBM: 0; OTI: OTI; SRP: 10.2; SSL: 3; STR3D: 3; WDI: WDI; Project: Project Name; Building: The building; Storey: Level 3; Top Elevation: 5.2; Bottom Elevation: 4.2; Global Top Elevation: 5.2; Global Bottom Elevation: 4.2; Has Own Geometry: 1; Children Have Geometry: 0; Global X: 9.9495; Global Y: 2.5; Global Z: 4.2; Bounding Box Length: 0.500999999999998; Bounding Box Width: 0.900000000000001; Bounding Box Height: 1
10LCBgvjjFNvu2G1fBn4zs,"Window:2 panels, casement, orthogonal",O1. DST: 0; EDP: 3.95; JUF: 1; JUFD: 0.02; JUK: 1; LBM: 0; OTI: OTI; SRP: 4.75; SSL: 3; STR3D: 3; WDI: WDI; Project: Project Name; Building: The building; Storey: Level 3; Top Elevation: 5.2; Bottom Elevation: 4.2; Global Top Elevation: 5.2; Global Bottom Elevation: 4.2; Has Own Geometry: 1; Children Have Geometry: 0; Global X: 3.95; Global Y: 11.6495; Global Z: 4.2; Bounding Box Length: 0.800000000000001; Bounding Box Width: 0.501000000000001; Bounding Box Height: 1
2xZ0Mctmr9nBqO0c5GJwYr,"Window:2 panels, casement, orthogonal",O1. DST: 0; EDP: 2.6; JUF: 1; JUFD: 0.02; JUK: 1; LBM: 0; OTI: OTI; SRP: 2.6; SSL: 3; STR3D: 3; WDI: WDI; Project: Project Name; Building: The building; Storey: Level 3; Top Elevation: 5.2; Bottom Elevation: 4.2; Global Top Elevation: 5.2; Global Bottom Elevation: 4.2; Has Own Geometry: 1; Children Have Geometry: 0; Global X: 2.3495; Global Y: 2.5; Global Z: 4.2; Bounding Box Length: 0.500999999999999; Bounding Box Width: 0.9; Bounding Box Height: 1
1RBW8oWUz658ZCFGgfrrcl,"Window:2 panels, casement, orthogonal",O1. DST: 0; EDP: 2.6; JUF: 1; JUFD: 0.02; JUK: 1; LBM: 0; OTI: OTI; SRP: 2.6; SSL: 3; STR3D: 3; WDI: WDI; Project: Project Name; Building: The building; Storey: Level 3; Top Elevation: 5.2; Bottom Elevation: 4.2; Global Top Elevation: 5.2; Global Bottom Elevation: 4.2; Has Own Geometry: 1; Children Have Geometry: 0; Global X: 2.3495; Global Y: 10.1; Global Z: 4.2; Bounding Box Length: 0.500999999999999; Bounding Box Width: 0.899999999999999; Bounding Box Height: 1
2xAKo3dQ9CaBdWxNdfxY5V,"Window:2 panels, casement, orthogonal",O1. DST: 0; EDP: 2.6; JUF: 1; JUFD: 0.02; JUK: 1; LBM: 0; OTI: OTI; SRP: 2.6; SSL: 3; STR3D: 3; WDI: WDI; Project: Project Name; Building: The building; Storey: Level 3; Top Elevation: 5.2; Bottom Elevation: 4.2; Global Top Elevation: 5.2; Global Bottom Elevation: 4.2; Has Own Geometry: 1; Children Have Geometry: 0; Global X: 2.3495; Global Y: 6.95; Global Z: 4.2; Bounding Box Length: 0.500999999999999; Bounding Box Width: 0.899999999999999; Bounding Box Height: 1
