GlobalId,Name,Text
0ro0PJROD5hvzHX$T4Ptqv,Project Name,. Author: Author; Authorization: Authorization; Description: ViewDefinition[CoordinationView]; Implementation Level: 2;1; Organization: Organization; Originating System: IDEA Architecture 19; Preprocessor Version: 4M BIM IFC Engine; Schema Identifiers: IFC2X3; Time Stamp: 2019-04-15T16:50:12
0SEye1x5H9bvQKffQ4rlbs,The site,. Project: Project Name; Top Elevation: 15.05; Bottom Elevation: -6.66666666666667; Global Top Elevation: 15.05; Global Bottom Elevation: -6.66666666666667; Has Own Geometry: 0; Children Have Geometry: 1; Global X: -38.1139393771845; Global Y: -21.9513063401871; Global Z: -6.66666666666667; Bounding Box Length: 70.7169000578088; Bounding Box Width: 71.2169000578088; Bounding Box Height: 21.7166666666667
2sipsYyLb8pP5DU$Kkc6e_,Level 4,. Project: Project Name; Building: The building; Top Elevation: 9; Bottom Elevation: 5.86; Global Top Elevation: 9; Global Bottom Elevation: 5.86; Has Own Geometry: 0; Children Have Geometry: 1; Global X: -7.47384178245836; Global Y: -4.62336291521416; Global Z: 5.86; Bounding Box Length: 10.3839363264456; Bounding Box Width: 10.485773693399; Bounding Box Height: 3.14
3FzifnYOj2oxRiO2Xj04mc,"Window:1 panel, casement, orthogonal",O1. DST: 0.1; EDP: 2.78456091514092; JUF: 1; JUFD: 0.02; JUK: 1; LBM: 0; OTI: OTI; SRP: 2.78456091514092; SSL: 12; STR3D: 1; WDI: WDI; Project: Project Name; Building: The building; Storey: Level 4; Top Elevation: 8.3; Bottom Elevation: 6.8; Global Top Elevation: 8.3; Global Bottom Elevation: 6.8; Has Own Geometry: 1; Children Have Geometry: 0; Global X: 2.65906091514092; Global Y: -4.19272457947199; Global Z: 6.8; Bounding Box Length: 0.251000000000001; Bounding Box Width: 1.06591961765604; Bounding Box Height: 1.5
2eU0PhefjCGATQzYFLADeF,"Window:1 panel, casement, orthogonal",O1. DST: 0.1; EDP: 2.78457005733752; JUF: 1; JUFD: 0.02; JUK: 1; LBM: 0; OTI: OTI; SRP: 2.78457656884559; SSL: 12; STR3D: 1; WDI: WDI; Project: Project Name; Building: The building; Storey: Level 4; Top Elevation: 8.3; Bottom Elevation: 6.8; Global Top Elevation: 8.3; Global Bottom Elevation: 6.8; Has Own Geometry: 1; Children Have Geometry: 0; Global X: 2.65907005733986; Global Y: -3.12680572852835; Global Z: 6.8; Bounding Box Length: 0.25100651150339; Bounding Box Width: 1.06592115092938; Bounding Box Height: 1.5
33BPdtb_T7sPY4lFWnoAGx,"Window:1 panel, casement, orthogonal",O1. DST: 0.1; EDP: -0.271916501487978; JUF: 1; JUFD: 0.02; JUK: 1; LBM: 0; OTI: OTI; SRP: -0.271916501487978; SSL: 1; STR3D: 0; WDI: WDI; Project: Project Name; Building: The building; Storey: Level 4; Top Elevation: 8.2; Bottom Elevation: 6; Global Top Elevation: 8.2; Global Bottom Elevation: 6; Has Own Geometry: 1; Children Have Geometry: 0; Global X: -0.322416501487978; Global Y: -0.733382669788746; Global Z: 6; Bounding Box Length: 0.101000000000001; Bounding Box Width: 0.721451763983412; Bounding Box Height: 2.2
3vviejvxv03gvipIBSXwrm,"Window:1 panel, casement, orthogonal, 2 adjacent",O1. DST: 0.1; EDP: -2.88689017622593; JUF: 1; JUFD: 0.02; JUK: 1; LBM: 0; OTI: OTI; SRP: -2.88689017622593; SSL: 16; STR3D: 2; WDI: WDI; Project: Project Name; Building: The building; Storey: Level 4; Top Elevation: 8.2; Bottom Elevation: 6; Global Top Elevation: 8.2; Global Bottom Elevation: 6; Has Own Geometry: 1; Children Have Geometry: 0; Global X: -2.93739017622593; Global Y: -4.19272457947199; Global Z: 6; Bounding Box Length: 0.101000000000001; Bounding Box Width: 3.11498793938398; Bounding Box Height: 2.2
2MDO63Alv2gP9TT9UUJ6iv,"Window:1 panel, casement, orthogonal",O1. DST: 0.1; EDP: -6.11365878148786; JUF: 1; JUFD: 0.02; JUK: 1; LBM: 0; OTI: OTI; SRP: -6.11331600045868; SSL: 12; STR3D: 1; WDI: WDI; Project: Project Name; Building: The building; Storey: Level 4; Top Elevation: 8.2; Bottom Elevation: 6; Global Top Elevation: 8.2; Global Bottom Elevation: 6; Has Own Geometry: 1; Children Have Geometry: 0; Global X: -6.23915877699612; Global Y: -3.34398064319293; Global Z: 6; Bounding Box Length: 0.251342772045698; Bounding Box Width: 1.28126475921258; Bounding Box Height: 2.2
09ybkQdpP0WhMGIMFHNoBQ,"Window:1 panel, casement, orthogonal",O1. DST: 0.1; EDP: 2.78457921807778; JUF: 1; JUFD: 0.02; JUK: 1; LBM: 0; OTI: OTI; SRP: 2.7845868810337; SSL: 12; STR3D: 1; WDI: WDI; Project: Project Name; Building: The building; Storey: Level 4; Top Elevation: 8.3; Bottom Elevation: 6.8; Global Top Elevation: 8.3; Global Bottom Elevation: 6.8; Has Own Geometry: 1; Children Have Geometry: 0; Global X: 2.65907921808012; Global Y: -1.62721260187093; Global Z: 6.8; Bounding Box Length: 0.25100766295124; Bounding Box Width: 1.25441064345975; Bounding Box Height: 1.5
3ad7_xVS56jBWJLrKDo2o2,"Window:1 panel, casement, orthogonal",O1. DST: 0.1; EDP: 2.7845868810337; JUF: 1; JUFD: 0.02; JUK: 1; LBM: 0; OTI: OTI; SRP: 2.78459454398962; SSL: 12; STR3D: 1; WDI: WDI; Project: Project Name; Building: The building; Storey: Level 4; Top Elevation: 8.3; Bottom Elevation: 6.8; Global Top Elevation: 8.3; Global Bottom Elevation: 6.8; Has Own Geometry: 1; Children Have Geometry: 0; Global X: 2.65908688103604; Global Y: -0.372803491724284; Global Z: 6.8; Bounding Box Length: 0.25100766295124; Bounding Box Width: 1.25441064345975; Bounding Box Height: 1.5
0EBpjNs3v3MxU8bYRA6prM,"Window:2 panels, casement, orthogonal",O1. DST: 0.1; EDP: -5.82076551505568; JUF: 1; JUFD: 0.02; JUK: 1; LBM: 0; OTI: OTI; SRP: -3.98690351780236; SSL: 3; STR3D: 2; WDI: WDI; Project: Project Name; Building: The building; Storey: Level 4; Top Elevation: 8.2; Bottom Elevation: 6; Global Top Elevation: 8.2; Global Bottom Elevation: 6; Has Own Geometry: 1; Children Have Geometry: 0; Global X: -5.82077902619658; Global Y: 0.386810901943029; Global Z: 6; Bounding Box Length: 1.83388901953511; Bounding Box Width: 0.101490641310185; Bounding Box Height: 2.2
1Bbgv50GPBwPoZjaBb_Fxr,"Window:2 panels, casement, orthogonal",O1. DST: 0.1; EDP: -3.97452663615054; JUF: 1; JUFD: 0.02; JUK: 1; LBM: 0; OTI: OTI; SRP: -2.93689017622593; SSL: 3; STR3D: 0; WDI: WDI; Project: Project Name; Building: The building; Storey: Level 4; Top Elevation: 8.2; Bottom Elevation: 6; Global Top Elevation: 8.2; Global Bottom Elevation: 6; Has Own Geometry: 1; Children Have Geometry: 0; Global X: -3.97452663615054; Global Y: -1.07823664008801; Global Z: 6; Bounding Box Length: 1.0376364599246; Bounding Box Width: 0.101000000000001; Bounding Box Height: 2.2
2ee3mHOuzCKO2LpqzR469w,"Window:1 panel, casement, orthogonal",O1. DST: 0.1; EDP: -6.11463565549613; JUF: 1; JUFD: 0.02; JUK: 1; LBM: 0; OTI: OTI; SRP: -6.11432734244972; SSL: 12; STR3D: 1; WDI: WDI; Project: Project Name; Building: The building; Storey: Level 4; Top Elevation: 8.2; Bottom Elevation: 6; Global Top Elevation: 8.2; Global Bottom Elevation: 6; Has Own Geometry: 1; Children Have Geometry: 0; Global X: -6.24013565100439; Global Y: 0.436067919209455; Global Z: 6; Bounding Box Length: 0.251308304062924; Bounding Box Width: 1.15243529313077; Bounding Box Height: 2.2
21HU0XRU93FRFPrvy2hkYH,"Window:1 panel, casement, orthogonal",O1. DST: 0.1; EDP: -6.11529806319104; JUF: 1; JUFD: 0.02; JUK: 1; LBM: 0; OTI: OTI; SRP: -6.11498596925805; SSL: 1; STR3D: 2; WDI: WDI; Project: Project Name; Building: The building; Storey: Level 4; Top Elevation: 8.2; Bottom Elevation: 6; Global Top Elevation: 8.2; Global Bottom Elevation: 6; Has Own Geometry: 1; Children Have Geometry: 0; Global X: -6.2407980586993; Global Y: 2.89778842720691; Global Z: 6; Bounding Box Length: 0.251312084949507; Bounding Box Width: 1.16656694693618; Bounding Box Height: 2.2
1WzjYLnTbCuAaqSH0d1fc8,"Window:1 panel, casement, orthogonal",O1. DST: 0.1; EDP: -1.77619822352992; JUF: 1; JUFD: 0.02; JUK: 1; LBM: 0; OTI: OTI; SRP: -2.56864554395377; SSL: 1; STR3D: 0; WDI: WDI; Project: Project Name; Building: The building; Storey: Level 4; Top Elevation: 8.2; Bottom Elevation: 6; Global Top Elevation: 8.2; Global Bottom Elevation: 6; Has Own Geometry: 1; Children Have Geometry: 0; Global X: -2.56867369989532; Global Y: 4.30631440446687; Global Z: 6; Bounding Box Length: 0.792503632306945; Bounding Box Width: 0.251177779348511; Bounding Box Height: 2.2
3AG066_k50VefMTx2rqqjF,"Window:1 panel, casement, orthogonal",O1. DST: 0.1; EDP: 1.76305569750848; JUF: 1; JUFD: 0.02; JUK: 1; LBM: 0; OTI: OTI; SRP: 0.507658192186572; SSL: 12; STR3D: 1; WDI: WDI; Project: Project Name; Building: The building; Storey: Level 4; Top Elevation: 8.2; Bottom Elevation: 6; Global Top Elevation: 8.2; Global Bottom Elevation: 6; Has Own Geometry: 1; Children Have Geometry: 0; Global X: 0.507630036245024; Global Y: 4.30700457363307; Global Z: 6; Bounding Box Length: 1.25545381720501; Bounding Box Width: 0.251281642286152; Bounding Box Height: 2.2
1GWCxpwFz0WvVVltDtbOiA,"Window:1 panel, casement, orthogonal",O1. DST: 0.1; EDP: -4.59989827907392; JUF: 1; JUFD: 0.02; JUK: 1; LBM: 0; OTI: OTI; SRP: -5.78249238195729; SSL: 1; STR3D: 0; WDI: WDI; Project: Project Name; Building: The building; Storey: Level 4; Top Elevation: 8.2; Bottom Elevation: 6; Global Top Elevation: 8.2; Global Bottom Elevation: 6; Has Own Geometry: 1; Children Have Geometry: 0; Global X: -5.78252053789884; Global Y: 4.30559337748685; Global Z: 6; Bounding Box Length: 1.18265041476647; Bounding Box Width: 0.251265308832803; Bounding Box Height: 2.2
1gRylCq8jEiO76_lp3gEj3,"Door:1 panel, sliding, orthogonal, glass",O1. DST: 0.1; EDP: -0.271916501487978; JUF: 1; JUFD: 0.02; JUK: 1; LBM: 0; OTI: OTI; SRP: -0.271916501487978; SSL: 44; STR3D: 0; WDI: WDI; Project: Project Name; Building: The building; Storey: Level 4; Top Elevation: 8.2; Bottom Elevation: 6; Global Top Elevation: 8.2; Global Bottom Elevation: 6; Has Own Geometry: 1; Children Have Geometry: 0; Global X: -0.322416501487978; Global Y: -3.13976109819238; Global Z: 6; Bounding Box Length: 0.101; Bounding Box Width: 1.4; Bounding Box Height: 2.2
2z6okU$yn599EKnE40Oq4B,"Door:1 panel, casement, orthogonal, compact",O1. DST: 0.1; EDP: -2.58689017622593; JUF: 1; JUFD: 0.02; JUK: 1; LBM: 0; OTI: OTI; SRP: -1.68689017622593; SSL: 1; STR3D: 0; WDI: WDI; Project: Project Name; Building: The building; Storey: Level 4; Top Elevation: 8.2; Bottom Elevation: 6; Global Top Elevation: 8.2; Global Bottom Elevation: 6; Has Own Geometry: 1; Children Have Geometry: 0; Global X: -2.58689017622593; Global Y: -0.0124309058053349; Global Z: 6; Bounding Box Length: 0.9; Bounding Box Width: 0.250999999999999; Bounding Box Height: 2.2
1wlQlgznjBGP0$H$Vpfd6G,"Door:1 panel, casement, orthogonal, compact",O1. DST: 0.1; EDP: -0.271916501487978; JUF: 1; JUFD: 0.02; JUK: 1; LBM: 0; OTI: OTI; SRP: -0.271916501487978; SSL: 1; STR3D: 1; WDI: WDI; Project: Project Name; Building: The building; Storey: Level 4; Top Elevation: 8.2; Bottom Elevation: 6; Global Top Elevation: 8.2; Global Bottom Elevation: 6; Has Own Geometry: 1; Children Have Geometry: 0; Global X: -0.322416501487978; Global Y: -1.60566741853478; Global Z: 6; Bounding Box Length: 0.101000000000001; Bounding Box Width: 0.872284748746033; Bounding Box Height: 2.2
3T1GK6uYPDZeWyRgCkyHQD,"Door:1 panel, casement, orthogonal, compact",O1. DST: 0.1; EDP: 0.595882244643759; JUF: 1; JUFD: 0.02; JUK: 1; LBM: 0; OTI: OTI; SRP: -0.104117755356241; SSL: 1; STR3D: 1; WDI: WDI; Project: Project Name; Building: The building; Storey: Level 4; Top Elevation: 8.2; Bottom Elevation: 6; Global Top Elevation: 8.2; Global Bottom Elevation: 6; Has Own Geometry: 1; Children Have Geometry: 0; Global X: -0.104117755356241; Global Y: -2.712154585395; Global Z: 6; Bounding Box Length: 0.7; Bounding Box Width: 0.100999999999999; Bounding Box Height: 2.2
1YauzMBAn5egl8wiG2zRt3,"Door:1 panel, casement, orthogonal, compact",O1. DST: 0.1; EDP: -3.98690351780236; JUF: 1; JUFD: 0.02; JUK: 1; LBM: 0; OTI: OTI; SRP: -2.98690355359316; SSL: 1; STR3D: 1; WDI: WDI; Project: Project Name; Building: The building; Storey: Level 4; Top Elevation: 8.2; Bottom Elevation: 6; Global Top Elevation: 8.2; Global Bottom Elevation: 6; Has Own Geometry: 1; Children Have Geometry: 0; Global X: -3.98691702894326; Global Y: 0.387301546868088; Global Z: 6; Bounding Box Length: 1.000026986491; Bounding Box Width: 0.101267543729602; Bounding Box Height: 2.2
0uhk$wqiz3kvnIOeW1MVnn,"Door:1 panel, sliding, compact",O1. DST: 0.1; EDP: -1.45168698646103; JUF: 1; JUFD: 0.02; JUK: 1; LBM: 0; OTI: OTI; SRP: -1.45168698646103; SSL: 50; STR3D: 2; WDI: WDI; Project: Project Name; Building: The building; Storey: Level 4; Top Elevation: 8.2; Bottom Elevation: 6; Global Top Elevation: 8.2; Global Bottom Elevation: 6; Has Own Geometry: 1; Children Have Geometry: 0; Global X: -1.52668698646103; Global Y: 0.238069094194664; Global Z: 6; Bounding Box Length: 0.1255; Bounding Box Width: 1.50488323498033; Bounding Box Height: 2.2
1DAP8D4iX5OxQ$sQ6JppLW,"Door:1 panel, casement, orthogonal, compact",O1. DST: 0.1; EDP: 0.931850327318929; JUF: 1; JUFD: 0.02; JUK: 1; LBM: 0; OTI: OTI; SRP: 0.931850327318933; SSL: 1; STR3D: 3; WDI: WDI; Project: Project Name; Building: The building; Storey: Level 4; Top Elevation: 8.2; Bottom Elevation: 6; Global Top Elevation: 8.2; Global Bottom Elevation: 6; Has Own Geometry: 1; Children Have Geometry: 0; Global X: 0.881350327318929; Global Y: -2.58976109819237; Global Z: 6; Bounding Box Length: 0.101000000000004; Bounding Box Width: 0.850000000000001; Bounding Box Height: 2.2
2o7MVhzKH99fKb1fklm2md,Wall 25 cm,. IsExternal: 1; WAHG: 3; WHLR: 4360BCB872970FD; Project: Project Name; Building: The building; Storey: Level 4; Top Elevation: 9; Bottom Elevation: 6; Global Top Elevation: 9; Global Bottom Elevation: 6; Has Own Geometry: 1; Children Have Geometry: 0; Global X: -0.221916501487978; Global Y: -0.0119309058053361; Global Z: 6; Bounding Box Length: 0.25; Bounding Box Width: 4.31932788048574; Bounding Box Height: 3
2Mv5Y_a8nDiOCnqHW$snIH,Wall 10 cm,. IsExternal: 0; WAHG: 0.7; WHLR: 4360BCB87300AC1; Project: Project Name; Building: The building; Storey: Level 4; Top Elevation: 6.7; Bottom Elevation: 6; Global Top Elevation: 6.7; Global Bottom Elevation: 6; Has Own Geometry: 1; Children Have Geometry: 1; Global X: -5.98934102684992; Global Y: 0.387265803572076; Global Z: 6; Bounding Box Length: 3.00245085062399; Bounding Box Width: 0.100803294201668; Bounding Box Height: 0.7
2HYKE2Fp16LQ6t92a5n_Ni,Opening Shape:Orthogonal,. Project: Project Name; Building: The building; Storey: Level 4; Top Elevation: 8.2; Bottom Elevation: 6; Global Top Elevation: 8.2; Global Bottom Elevation: 6; Has Own Geometry: 1; Children Have Geometry: 0; Global X: -3.98691689516959; Global Y: 0.387801546850191; Global Z: 6; Bounding Box Length: 1.00002671894366; Bounding Box Width: 0.100267543765394; Bounding Box Height: 2.2
0L4jjOv09BrRnmFSNYf6dW,Opening Shape:Orthogonal,. Project: Project Name; Building: The building; Storey: Level 4; Top Elevation: 8.2; Bottom Elevation: 6; Global Top Elevation: 8.2; Global Bottom Elevation: 6; Has Own Geometry: 1; Children Have Geometry: 0; Global X: -5.82077889242291; Global Y: 0.387310901925137; Global Z: 6; Bounding Box Length: 1.83388875198777; Bounding Box Width: 0.100490641345976; Bounding Box Height: 2.2
2Bf50s02v04PxVBJKE1jDr,Wall 10 cm,. IsExternal: 0; WAHG: 0.7; WHLR: 4360BCB87300B6C; Project: Project Name; Building: The building; Storey: Level 4; Top Elevation: 6.7; Bottom Elevation: 6; Global Top Elevation: 6.7; Global Bottom Elevation: 6; Has Own Geometry: 1; Children Have Geometry: 1; Global X: -2.93689017622593; Global Y: -1.07773664008801; Global Z: 6; Bounding Box Length: 0.1; Bounding Box Width: 0.0999999999999996; Bounding Box Height: 0.7
1rahvfXeL7KeoIYYtbZCtk,Opening Shape:Orthogonal,. Project: Project Name; Building: The building; Storey: Level 4; Top Elevation: 8.2; Bottom Elevation: 6; Global Top Elevation: 8.2; Global Bottom Elevation: 6; Has Own Geometry: 1; Children Have Geometry: 0; Global X: -3.97452663615054; Global Y: -1.07773664008801; Global Z: 6; Bounding Box Length: 1.0376364599246; Bounding Box Width: 0.0999999999999996; Bounding Box Height: 2.2
0CY$7FKR1EfRdEkW8hzjsU,Wall 25 cm,. IsExternal: 1; WAHG: 3; WHLR: 4360BCB872970E3; Project: Project Name; Building: The building; Storey: Level 4; Top Elevation: 9; Bottom Elevation: 6; Global Top Elevation: 9; Global Bottom Elevation: 6; Has Own Geometry: 1; Children Have Geometry: 0; Global X: -1.59634331028464; Global Y: 1.74295232917499; Global Z: 6; Bounding Box Length: 1.37442680879666; Bounding Box Width: 0.25; Bounding Box Height: 3
2fbGRVSoH4je2WmHPkdRpY,Wall 15 cm,. IsExternal: 0; WAHG: 3; WHLR: 4360BCB87297143; Project: Project Name; Building: The building; Storey: Level 4; Top Elevation: 9; Bottom Elevation: 6; Global Top Elevation: 9; Global Bottom Elevation: 6; Has Own Geometry: 1; Children Have Geometry: 0; Global X: -2.98689017622593; Global Y: -0.0119309058053361; Global Z: 6; Bounding Box Length: 0.15; Bounding Box Width: 4.31868512324787; Bounding Box Height: 3
0N16McHg94hf35GOJ$FJY_,Wall 10 cm,. IsExternal: 0; WAHG: 3; WHLR: 4360BCB87297192; Project: Project Name; Building: The building; Storey: Level 4; Top Elevation: 9; Bottom Elevation: 8.2; Global Top Elevation: 9; Global Bottom Elevation: 8.2; Has Own Geometry: 1; Children Have Geometry: 1; Global X: -1.50168698646103; Global Y: 0.238069094194664; Global Z: 8.2; Bounding Box Length: 0.1; Bounding Box Width: 1.50488323498033; Bounding Box Height: 0.800000000000001
0PIvl9VWb1g9yVIQF1uEhN,Opening Shape:Orthogonal,. Project: Project Name; Building: The building; Storey: Level 4; Top Elevation: 8.2; Bottom Elevation: 6; Global Top Elevation: 8.2; Global Bottom Elevation: 6; Has Own Geometry: 1; Children Have Geometry: 0; Global X: -1.50168698646103; Global Y: 0.238069094194664; Global Z: 6; Bounding Box Length: 0.1; Bounding Box Width: 1.50488323498033; Bounding Box Height: 2.2
2gX_qZ$yv3Yu8jA1vfVZ4W,Wall 10 cm,. IsExternal: 0; WAHG: 3; WHLR: 4360BCB872FFFBD; Project: Project Name; Building: The building; Storey: Level 4; Top Elevation: 9; Bottom Elevation: 6; Global Top Elevation: 9; Global Bottom Elevation: 6; Has Own Geometry: 1; Children Have Geometry: 1; Global X: -0.321916501487978; Global Y: -4.19272457947199; Global Z: 6; Bounding Box Length: 0.1; Bounding Box Width: 4.18079367366666; Bounding Box Height: 3
2r_qKcWUr3PRSz3GOXB_FD,Opening Shape:Square,. Project: Project Name; Building: The building; Storey: Level 4; Top Elevation: 8.2; Bottom Elevation: 6; Global Top Elevation: 8.2; Global Bottom Elevation: 6; Has Own Geometry: 1; Children Have Geometry: 0; Global X: -0.321916501487978; Global Y: -0.733382669788746; Global Z: 6; Bounding Box Length: 0.1; Bounding Box Width: 0.721451763983412; Bounding Box Height: 2.2
2KRw4G6Cr24fgSLwxBgpCW,Opening Shape:Orthogonal,. Project: Project Name; Building: The building; Storey: Level 4; Top Elevation: 8.2; Bottom Elevation: 6; Global Top Elevation: 8.2; Global Bottom Elevation: 6; Has Own Geometry: 1; Children Have Geometry: 0; Global X: -0.321916501487978; Global Y: -1.60566741853478; Global Z: 6; Bounding Box Length: 0.1; Bounding Box Width: 0.872284748746033; Bounding Box Height: 2.2
1dftvFpdr6dPaje7DotMSk,Opening Shape:Orthogonal,. Project: Project Name; Building: The building; Storey: Level 4; Top Elevation: 8.2; Bottom Elevation: 6; Global Top Elevation: 8.2; Global Bottom Elevation: 6; Has Own Geometry: 1; Children Have Geometry: 0; Global X: -0.321916501487978; Global Y: -2.73976109819238; Global Z: 6; Bounding Box Length: 0.1; Bounding Box Width: 0.999999999999998; Bounding Box Height: 2.2
2pNnpv7mLAquwpeJjutFRs,Wall 10 cm,. IsExternal: 0; WAHG: 3; WHLR: 4360BCB87300009; Project: Project Name; Building: The building; Storey: Level 4; Top Elevation: 9; Bottom Elevation: 6; Global Top Elevation: 9; Global Bottom Elevation: 6; Has Own Geometry: 1; Children Have Geometry: 0; Global X: -0.221916501487978; Global Y: -1.73976109819238; Global Z: 6; Bounding Box Length: 2.88149564290227; Bounding Box Width: 0.100000000000012; Bounding Box Height: 3
0Q39IvjbX6qAp$CLLRNl0u,Wall 10 cm,. IsExternal: 0; WAHG: 3; WHLR: 4360BCB87300083; Project: Project Name; Building: The building; Storey: Level 4; Top Elevation: 9; Bottom Elevation: 6; Global Top Elevation: 9; Global Bottom Elevation: 6; Has Own Geometry: 1; Children Have Geometry: 1; Global X: 0.881850327318929; Global Y: -4.37336291521416; Global Z: 6; Bounding Box Length: 0.100000000000011; Bounding Box Width: 2.63360181702179; Bounding Box Height: 3
2SjQfBMjH4ZOM5MvU6SnV7,Opening Shape:Orthogonal,. Project: Project Name; Building: The building; Storey: Level 4; Top Elevation: 8.2; Bottom Elevation: 6; Global Top Elevation: 8.2; Global Bottom Elevation: 6; Has Own Geometry: 1; Children Have Geometry: 0; Global X: 0.881850327318929; Global Y: -2.58976109819237; Global Z: 6; Bounding Box Length: 0.100000000000003; Bounding Box Width: 0.850000000000001; Bounding Box Height: 2.2
1uuEi8wC14ChV05ZaL9UrE,Wall 10 cm,. IsExternal: 0; WAHG: 3; WHLR: 4360BCB873000F0; Project: Project Name; Building: The building; Storey: Level 4; Top Elevation: 9; Bottom Elevation: 6; Global Top Elevation: 9; Global Bottom Elevation: 6; Has Own Geometry: 1; Children Have Geometry: 1; Global X: -0.221916501487978; Global Y: -2.711654585395; Global Z: 6; Bounding Box Length: 1.10376682880691; Bounding Box Width: 0.100000000000005; Bounding Box Height: 3
3Ov7doKfzDNxxT0ctltqkh,Opening Shape:Orthogonal,. Project: Project Name; Building: The building; Storey: Level 4; Top Elevation: 8.2; Bottom Elevation: 6; Global Top Elevation: 8.2; Global Bottom Elevation: 6; Has Own Geometry: 1; Children Have Geometry: 0; Global X: -0.104117755356241; Global Y: -2.711654585395; Global Z: 6; Bounding Box Length: 0.7; Bounding Box Width: 0.100000000000001; Bounding Box Height: 2.2
3$S0Vxm$XDtQ7OAGvaoauW,Wall 10 cm,. IsExternal: 0; WAHG: 0.7; WHLR: 4360BCB873005E6; Project: Project Name; Building: The building; Storey: Level 4; Top Elevation: 6.7; Bottom Elevation: 6; Global Top Elevation: 6.7; Global Bottom Elevation: 6; Has Own Geometry: 1; Children Have Geometry: 1; Global X: -2.93689017622593; Global Y: -4.37336291521416; Global Z: 6; Bounding Box Length: 0.100000000000001; Bounding Box Width: 3.39562627512615; Bounding Box Height: 0.7
1xTm22ZQz6fgAfvQCspivZ,Opening Shape:Orthogonal,. Project: Project Name; Building: The building; Storey: Level 4; Top Elevation: 8.2; Bottom Elevation: 6; Global Top Elevation: 8.2; Global Bottom Elevation: 6; Has Own Geometry: 1; Children Have Geometry: 0; Global X: -2.93689017622593; Global Y: -4.19272457947199; Global Z: 6; Bounding Box Length: 0.100000000000001; Bounding Box Width: 3.11498793938398; Bounding Box Height: 2.2
1ZoST$tHL3uuGFvpJ5IsUC,Wall 25 cm,. IsExternal: 1; WAHG: 3; WHLR: 4360BCB8727964B; Project: Project Name; Building: The building; Storey: Level 4; Top Elevation: 9; Bottom Elevation: 6; Global Top Elevation: 9; Global Bottom Elevation: 6; Has Own Geometry: 1; Children Have Geometry: 1; Global X: 2.65956244234055; Global Y: -4.62336291521416; Global Z: 6; Bounding Box Length: 0.250054560333332; Bounding Box Width: 9.18140636862406; Bounding Box Height: 3
1u0UtIniL3mwmpxWizRlig,Opening Shape:Orthogonal,. Project: Project Name; Building: The building; Storey: Level 4; Top Elevation: 8.3; Bottom Elevation: 6.8; Global Top Elevation: 8.3; Global Bottom Elevation: 6.8; Has Own Geometry: 1; Children Have Geometry: 0; Global X: 2.65957005733519; Global Y: -4.19272534312998; Global Z: 6.8; Bounding Box Length: 0.25; Bounding Box Width: 1.06591961765604; Bounding Box Height: 1.5
1tM6iOLez76wlYhob_xSFv,Opening Shape:Orthogonal,. Project: Project Name; Building: The building; Storey: Level 4; Top Elevation: 8.3; Bottom Elevation: 6.8; Global Top Elevation: 8.3; Global Bottom Elevation: 6.8; Has Own Geometry: 1; Children Have Geometry: 0; Global X: 2.65957005733985; Global Y: -3.12680572547394; Global Z: 6.8; Bounding Box Length: 0.250006511503408; Bounding Box Width: 1.06592114482056; Bounding Box Height: 1.5
0oSITvHC5EDwHUwdKRVcVY,Opening Shape:Orthogonal,. Project: Project Name; Building: The building; Storey: Level 4; Top Elevation: 8.3; Bottom Elevation: 6.8; Global Top Elevation: 8.3; Global Bottom Elevation: 6.8; Has Own Geometry: 1; Children Have Geometry: 0; Global X: 2.65958688103603; Global Y: -0.372803488669875; Global Z: 6.8; Bounding Box Length: 0.250007662951258; Bounding Box Width: 1.25441063735094; Bounding Box Height: 1.5
1yrCMX0gj6S85w7qiIGGl7,Opening Shape:Orthogonal,. Project: Project Name; Building: The building; Storey: Level 4; Top Elevation: 8.3; Bottom Elevation: 6.8; Global Top Elevation: 8.3; Global Bottom Elevation: 6.8; Has Own Geometry: 1; Children Have Geometry: 0; Global X: 2.65957921808011; Global Y: -1.62721259881652; Global Z: 6.8; Bounding Box Length: 0.250007662951258; Bounding Box Width: 1.25441063735094; Bounding Box Height: 1.5
3Q_UdefVz5J9OHi1Szkch5,Wall 25 cm,. IsExternal: 1; WAHG: 3; WHLR: 4360BCB87297121; Project: Project Name; Building: The building; Storey: Level 4; Top Elevation: 9; Bottom Elevation: 6; Global Top Elevation: 9; Global Bottom Elevation: 6; Has Own Geometry: 1; Children Have Geometry: 1; Global X: -2.98689017622593; Global Y: -0.0119309058053361; Global Z: 6; Bounding Box Length: 2.76497367473795; Bounding Box Width: 0.250000000000002; Bounding Box Height: 3
1kya7dDun4rReYsujFQNxr,Opening Shape:Orthogonal,. Project: Project Name; Building: The building; Storey: Level 4; Top Elevation: 8.2; Bottom Elevation: 6; Global Top Elevation: 8.2; Global Bottom Elevation: 6; Has Own Geometry: 1; Children Have Geometry: 0; Global X: -2.58689017622593; Global Y: -0.0119309058053361; Global Z: 6; Bounding Box Length: 0.9; Bounding Box Width: 0.250000000000002; Bounding Box Height: 2.2
3AVHR3F$b1yem0Fj28WJwc,Wall 25 cm,. IsExternal: 1; WAHG: 3; WHLR: 4360BCB8727969B; Project: Project Name; Building: The building; Storey: Level 4; Top Elevation: 9; Bottom Elevation: 6; Global Top Elevation: 9; Global Bottom Elevation: 6; Has Own Geometry: 1; Children Have Geometry: 0; Global X: -6.23797370060734; Global Y: -4.62336291521416; Global Z: 6; Bounding Box Length: 9.14753461574826; Bounding Box Width: 0.25; Bounding Box Height: 3
3htdrKGQHAJwyE8F1NiFlq,Wall 25 cm,. IsExternal: 1; WAHG: 3; WHLR: 4360BCB872796E6; Project: Project Name; Building: The building; Storey: Level 4; Top Elevation: 9; Bottom Elevation: 6; Global Top Elevation: 9; Global Bottom Elevation: 6; Has Own Geometry: 1; Children Have Geometry: 1; Global X: -6.24036367474334; Global Y: -4.62336291521416; Global Z: 6; Bounding Box Length: 0.252323096245186; Bounding Box Width: 8.93296829599264; Bounding Box Height: 3
1yxhuuaHXFbxett7qAnNRk,Opening Shape:Square,. Project: Project Name; Building: The building; Storey: Level 4; Top Elevation: 8.2; Bottom Elevation: 6; Global Top Elevation: 8.2; Global Bottom Elevation: 6; Has Own Geometry: 1; Children Have Geometry: 0; Global X: -6.24029805871719; Global Y: 2.89778856098058; Global Z: 6; Bounding Box Length: 0.250312084985298; Bounding Box Width: 1.16656667938884; Bounding Box Height: 2.2
2xZ7U7fcXCsOI8wix08DtC,Opening Shape:Orthogonal,. Project: Project Name; Building: The building; Storey: Level 4; Top Elevation: 8.2; Bottom Elevation: 6; Global Top Elevation: 8.2; Global Bottom Elevation: 6; Has Own Geometry: 1; Children Have Geometry: 0; Global X: -6.23963565102229; Global Y: 0.436068052983128; Global Z: 6; Bounding Box Length: 0.250308304098715; Bounding Box Width: 1.15243502558343; Bounding Box Height: 2.2
0PbsNwTiD0A8USXhdPI7_8,Opening Shape:Orthogonal,. Project: Project Name; Building: The building; Storey: Level 4; Top Elevation: 8.2; Bottom Elevation: 6; Global Top Elevation: 8.2; Global Bottom Elevation: 6; Has Own Geometry: 1; Children Have Geometry: 0; Global X: -6.23865877701401; Global Y: -3.34398050941926; Global Z: 6; Bounding Box Length: 0.250342772081488; Bounding Box Width: 1.28126449166523; Bounding Box Height: 2.2
1OduVa$BX1eAx83qJylmsE,Wall 25 cm,. IsExternal: 1; WAHG: 3; WHLR: 4360BCB873046FA; Project: Project Name; Building: The building; Storey: Level 4; Top Elevation: 9; Bottom Elevation: 6; Global Top Elevation: 9; Global Bottom Elevation: 6; Has Own Geometry: 1; Children Have Geometry: 1; Global X: -5.94153500670634; Global Y: 4.30605770253116; Global Z: 6; Bounding Box Length: 8.85115200938022; Bounding Box Width: 0.251985750878738; Bounding Box Height: 3
1aYEVVIMj3W8ZHeDK8cHD$,Opening Shape:Orthogonal,. Project: Project Name; Building: The building; Storey: Level 4; Top Elevation: 8.2; Bottom Elevation: 6; Global Top Elevation: 8.2; Global Bottom Elevation: 6; Has Own Geometry: 1; Children Have Geometry: 0; Global X: 0.50763014842009; Global Y: 4.30750457362049; Global Z: 6; Bounding Box Length: 1.25545359285487; Bounding Box Width: 0.250281642311318; Bounding Box Height: 2.2
0hx99an2L5zPrjzAeaAwq0,Opening Shape:Square,. Project: Project Name; Building: The building; Storey: Level 4; Top Elevation: 8.2; Bottom Elevation: 6; Global Top Elevation: 8.2; Global Bottom Elevation: 6; Has Own Geometry: 1; Children Have Geometry: 0; Global X: -5.78252042572377; Global Y: 4.30609337747427; Global Z: 6; Bounding Box Length: 1.18265019041633; Bounding Box Width: 0.250265308857971; Bounding Box Height: 2.2
0PKkwj6l9BzAYkI5IAlQYv,Opening Shape:Square,. Project: Project Name; Building: The building; Storey: Level 4; Top Elevation: 8.2; Bottom Elevation: 6; Global Top Elevation: 8.2; Global Bottom Elevation: 6; Has Own Geometry: 1; Children Have Geometry: 0; Global X: -2.56867358772025; Global Y: 4.30681440445429; Global Z: 6; Bounding Box Length: 0.792503407956812; Bounding Box Width: 0.250177779373677; Bounding Box Height: 2.2
2ByWLZqeD4SAfkKdMDsFQ6,Storey 4 - Column 11 (W8 - 300 cm),. Project: Project Name; Building: The building; Storey: Level 4; Top Elevation: 8.999; Bottom Elevation: 5.999; Global Top Elevation: 8.999; Global Bottom Elevation: 5.999; Has Own Geometry: 1; Children Have Geometry: 0; Global X: -6.23797370060734; Global Y: 0.0611018585644789; Global Z: 5.999; Bounding Box Length: 0.417193623138019; Bounding Box Width: 0.430638335742174; Bounding Box Height: 3
0r7gLPIYb9Hw7uaZ9MJXBF,Storey 4 - Column 10 (W8 - 300 cm),. Project: Project Name; Building: The building; Storey: Level 4; Top Elevation: 8.999; Bottom Elevation: 5.999; Global Top Elevation: 8.999; Global Bottom Elevation: 5.999; Has Own Geometry: 1; Children Have Geometry: 0; Global X: 2.4923672920029; Global Y: 0.883125756899359; Global Z: 5.999; Bounding Box Length: 0.417193623138019; Bounding Box Width: 0.430638335742172; Bounding Box Height: 3
1GsE2VjK52aRTQXmyRLzQf,Storey 4 - Column 2 (W8 - 300 cm),. Project: Project Name; Building: The building; Storey: Level 4; Top Elevation: 9; Bottom Elevation: 6; Global Top Elevation: 9; Global Bottom Elevation: 6; Has Own Geometry: 1; Children Have Geometry: 0; Global X: -2.98577027930878; Global Y: 4.1247596171072; Global Z: 6; Bounding Box Length: 0.417193623138019; Bounding Box Width: 0.430638335742174; Bounding Box Height: 3
0Jzt6hlxb8RvMuRDP77Bfr,Storey 4 - Column 12 (W8 - 300 cm),. Project: Project Name; Building: The building; Storey: Level 4; Top Elevation: 8.999; Bottom Elevation: 5.999; Global Top Elevation: 8.999; Global Bottom Elevation: 5.999; Has Own Geometry: 1; Children Have Geometry: 0; Global X: -2.98689017622593; Global Y: -0.0119309058053361; Global Z: 5.999; Bounding Box Length: 0.4; Bounding Box Width: 0.4; Bounding Box Height: 3
0I5Zk8_cDDeegZQutSyPXs,Storey 4 - Column 3 (W8 - 300 cm),. Project: Project Name; Building: The building; Storey: Level 4; Top Elevation: 8.999; Bottom Elevation: 5.999; Global Top Elevation: 8.999; Global Bottom Elevation: 5.999; Has Own Geometry: 1; Children Have Geometry: 0; Global X: -0.316820007870771; Global Y: 4.12545199391436; Global Z: 5.999; Bounding Box Length: 0.417193623138019; Bounding Box Width: 0.430638335742174; Bounding Box Height: 3
1RQcqgs2L5ngb$RmLnqL$9,Storey 4 - Column 4 (W8 - 300 cm),. Project: Project Name; Building: The building; Storey: Level 4; Top Elevation: 8.999; Bottom Elevation: 5.999; Global Top Elevation: 8.999; Global Bottom Elevation: 5.999; Has Own Geometry: 1; Children Have Geometry: 0; Global X: 2.49236701621553; Global Y: 4.12731150757589; Global Z: 5.999; Bounding Box Length: 0.417193623138019; Bounding Box Width: 0.430638335742174; Bounding Box Height: 3
2UTFF7L8b7iQK8LLuYtqwQ,Storey 4 - Column 7 (W8 - 300 cm),. Project: Project Name; Building: The building; Storey: Level 4; Top Elevation: 8.999; Bottom Elevation: 5.999; Global Top Elevation: 8.999; Global Bottom Elevation: 5.999; Has Own Geometry: 1; Children Have Geometry: 0; Global X: -0.462273711393717; Global Y: -4.62336291521416; Global Z: 5.999; Bounding Box Length: 0.417193623138019; Bounding Box Width: 0.430638335742174; Bounding Box Height: 3
3EE60c0Hf7LumXBn9l6lpi,Storey 4 - Column 1 (W8 - 300 cm),. Project: Project Name; Building: The building; Storey: Level 4; Top Elevation: 9; Bottom Elevation: 6; Global Top Elevation: 9; Global Bottom Elevation: 6; Has Own Geometry: 1; Children Have Geometry: 0; Global X: -6.24036367474334; Global Y: 4.05953849394236; Global Z: 6; Bounding Box Length: 0.5; Bounding Box Width: 0.5; Bounding Box Height: 3
2J$cVVmX97VRGeLfi1DDgz,Storey 4 - Column 5 (W8 - 300 cm),. Project: Project Name; Building: The building; Storey: Level 4; Top Elevation: 8.999; Bottom Elevation: 5.999; Global Top Elevation: 8.999; Global Bottom Elevation: 5.999; Has Own Geometry: 1; Children Have Geometry: 0; Global X: -6.23797370060734; Global Y: -4.62336291521416; Global Z: 5.999; Bounding Box Length: 0.417193623138019; Bounding Box Width: 0.430638335742174; Bounding Box Height: 3
1BGanwAf50CB5cN7d2$r3Y,Storey 4 - Column 6 (W8 - 300 cm),. Project: Project Name; Building: The building; Storey: Level 4; Top Elevation: 8.999; Bottom Elevation: 5.999; Global Top Elevation: 8.999; Global Bottom Elevation: 5.999; Has Own Geometry: 1; Children Have Geometry: 0; Global X: -3.09186282577371; Global Y: -4.62336291521416; Global Z: 5.999; Bounding Box Length: 0.417193623138019; Bounding Box Width: 0.430638335742174; Bounding Box Height: 3
2BsssGDWz0WeoqwbLHOpjg,Storey 4 - Column 8 (W8 - 300 cm),. Project: Project Name; Building: The building; Storey: Level 4; Top Elevation: 8.999; Bottom Elevation: 5.999; Global Top Elevation: 8.999; Global Bottom Elevation: 5.999; Has Own Geometry: 1; Children Have Geometry: 0; Global X: 2.4923672920029; Global Y: -4.62336291521416; Global Z: 5.999; Bounding Box Length: 0.417193623138019; Bounding Box Width: 0.430638335742174; Bounding Box Height: 3
01XnXuz$f9KeD7X8L3LHar,Storey 4 - Column 9 (W8 - 300 cm),. Project: Project Name; Building: The building; Storey: Level 4; Top Elevation: 8.999; Bottom Elevation: 5.999; Global Top Elevation: 8.999; Global Bottom Elevation: 5.999; Has Own Geometry: 1; Children Have Geometry: 0; Global X: 2.4923672920029; Global Y: -2.05936597254489; Global Z: 5.999; Bounding Box Length: 0.417193623138019; Bounding Box Width: 0.430638335742174; Bounding Box Height: 3
08vz5qg9HCZgC9SwTIFOXB,Storey 4 - Beam 1 (25 cm),. Project: Project Name; Building: The building; Storey: Level 4; Top Elevation: 9; Bottom Elevation: 8.7; Global Top Elevation: 9; Global Bottom Elevation: 8.7; Has Own Geometry: 1; Children Have Geometry: 0; Global X: 2.65956091514558; Global Y: -4.62336291521416; Global Z: 8.7; Bounding Box Length: 0.250056087528298; Bounding Box Width: 9.18140789582836; Bounding Box Height: 0.300000000000001
0FvNNBnkf0phhiApLzFco$,Storey 4 - Beam 3 (25 cm),. Project: Project Name; Building: The building; Storey: Level 4; Top Elevation: 9; Bottom Elevation: 8.7; Global Top Elevation: 9; Global Bottom Elevation: 8.7; Has Own Geometry: 1; Children Have Geometry: 0; Global X: -6.24036367474334; Global Y: -4.62336291521416; Global Z: 8.7; Bounding Box Length: 0.252389965188302; Bounding Box Width: 8.93296829599264; Bounding Box Height: 0.300000000000001
08Q7WhQwT6sPaYSJuOqPHo,Storey 4 - Beam 4 (25 cm),. Project: Project Name; Building: The building; Storey: Level 4; Top Elevation: 9; Bottom Elevation: 8.7; Global Top Elevation: 9; Global Bottom Elevation: 8.7; Has Own Geometry: 1; Children Have Geometry: 0; Global X: -5.94153500670634; Global Y: 4.30605770253116; Global Z: 8.7; Bounding Box Length: 8.85120809691319; Bounding Box Width: 0.251985750878738; Bounding Box Height: 0.300000000000001
1n$YNmj99CteTIzHVNSpBO,Storey 4 - Beam 2 (25 cm),. Project: Project Name; Building: The building; Storey: Level 4; Top Elevation: 9; Bottom Elevation: 8.7; Global Top Elevation: 9; Global Bottom Elevation: 8.7; Has Own Geometry: 1; Children Have Geometry: 0; Global X: -6.23797370060734; Global Y: -4.62336291521416; Global Z: 8.7; Bounding Box Length: 9.14753461574826; Bounding Box Width: 0.25; Bounding Box Height: 0.300000000000001
3K9hJmuNP3AOWfhUZMbQoh,gW5_a18,3D - Åðéðëá Êïõæßíáò. Project: Project Name; Building: The building; Storey: Level 4; Top Elevation: 6.9; Bottom Elevation: 6; Global Top Elevation: 6.9; Global Bottom Elevation: 6; Has Own Geometry: 1; Children Have Geometry: 0; Global X: 2.11956091514092; Global Y: -4.37336291521416; Global Z: 6; Bounding Box Length: 0.539999999999996; Bounding Box Width: 0.540000000000003; Bounding Box Height: 0.9
1ZuRilPuzEoAQLeQ1z5Ar0,gW8_a5_4MMAT_1,3D - ÓõìðëçñùìáôéêÜ Åðéðëá. Project: Project Name; Building: The building; Storey: Level 4; Top Elevation: 7.2; Bottom Elevation: 6.8; Global Top Elevation: 7.2; Global Bottom Elevation: 6.8; Has Own Geometry: 1; Children Have Geometry: 0; Global X: -1.18323852109663; Global Y: -3.47598617280461; Global Z: 6.8; Bounding Box Length: 0.47999999999999; Bounding Box Width: 0.322414519029707; Bounding Box Height: 0.399999999999999
0BCvZtxzT088XYJE0oefFi,gW3_a125,3D - Eðéðëá Êáèéóôéêïý. Project: Project Name; Building: The building; Storey: Level 4; Top Elevation: 6.90000195529909; Bottom Elevation: 6; Global Top Elevation: 6.90000195529909; Global Bottom Elevation: 6; Has Own Geometry: 1; Children Have Geometry: 0; Global X: -4.02663818709844; Global Y: -2.56871467391443; Global Z: 6; Bounding Box Length: 0.560000000000003; Bounding Box Width: 0.6; Bounding Box Height: 0.900001955299087
3MlzFy7dvDTxd_6vnU80aU,gW3_a125,3D - Eðéðëá Êáèéóôéêïý. Project: Project Name; Building: The building; Storey: Level 4; Top Elevation: 6.90000195529909; Bottom Elevation: 6; Global Top Elevation: 6.90000195529909; Global Bottom Elevation: 6; Has Own Geometry: 1; Children Have Geometry: 0; Global X: 0.285178094815496; Global Y: 1.68785412628664; Global Z: 6; Bounding Box Length: 0.600000000000001; Bounding Box Width: 0.56; Bounding Box Height: 0.900001955299087
2dSp6Ugvr4uh7zqK$ZdOJ4,gW3_a125,3D - Eðéðëá Êáèéóôéêïý. Project: Project Name; Building: The building; Storey: Level 4; Top Elevation: 6.90000195529909; Bottom Elevation: 6; Global Top Elevation: 6.90000195529909; Global Bottom Elevation: 6; Has Own Geometry: 1; Children Have Geometry: 0; Global X: 1.76043820585119; Global Y: 1.00562830294375; Global Z: 6; Bounding Box Length: 0.600000000000001; Bounding Box Width: 0.560000000000002; Bounding Box Height: 0.900001955299087
2DZzSIeuf8dQeQAYGuDYxN,gW8_a5_4MMAT_1,3D - ÓõìðëçñùìáôéêÜ Åðéðëá. Project: Project Name; Building: The building; Storey: Level 4; Top Elevation: 7.2; Bottom Elevation: 6.8; Global Top Elevation: 7.2; Global Bottom Elevation: 6.8; Has Own Geometry: 1; Children Have Geometry: 0; Global X: 1.11992846125483; Global Y: 2.74557309073574; Global Z: 6.8; Bounding Box Length: 0.47999999999999; Bounding Box Width: 0.322414519029707; Bounding Box Height: 0.399999999999999
0DK_WAaU14vOjtGpPRsHHD,gW3_a125,3D - Eðéðëá Êáèéóôéêïý. Project: Project Name; Building: The building; Storey: Level 4; Top Elevation: 6.90000195529909; Bottom Elevation: 6; Global Top Elevation: 6.90000195529909; Global Bottom Elevation: 6; Has Own Geometry: 1; Children Have Geometry: 0; Global X: -4.07422782801259; Global Y: 2.76816028596226; Global Z: 6; Bounding Box Length: 0.600000000000001; Bounding Box Width: 0.560000000000002; Bounding Box Height: 0.900001955299087
37phMJCDDEo89xABypQBOH,gW3_a125,3D - Eðéðëá Êáèéóôéêïý. Project: Project Name; Building: The building; Storey: Level 4; Top Elevation: 6.90000195529909; Bottom Elevation: 6; Global Top Elevation: 6.90000195529909; Global Bottom Elevation: 6; Has Own Geometry: 1; Children Have Geometry: 0; Global X: 0.285178094815496; Global Y: 0.256435113781658; Global Z: 6; Bounding Box Length: 0.600000000000001; Bounding Box Width: 0.560000000000002; Bounding Box Height: 0.900001955299087
1kM9PnKAj4Qe8g9NrjRDOW,gW3_a125,3D - Eðéðëá Êáèéóôéêïý. Project: Project Name; Building: The building; Storey: Level 4; Top Elevation: 6.90000195529909; Bottom Elevation: 6; Global Top Elevation: 6.90000195529909; Global Bottom Elevation: 6; Has Own Geometry: 1; Children Have Geometry: 0; Global X: 1.76043820585119; Global Y: 2.35212663848893; Global Z: 6; Bounding Box Length: 0.600000000000001; Bounding Box Width: 0.560000000000002; Bounding Box Height: 0.900001955299087
3MnwrMib51_xtv7Ylw$_kq,gW3_a155,3D - Eðéðëá Êáèéóôéêïý. Project: Project Name; Building: The building; Storey: Level 4; Top Elevation: 6.797682; Bottom Elevation: 6; Global Top Elevation: 6.797682; Global Bottom Elevation: 6; Has Own Geometry: 1; Children Have Geometry: 0; Global X: -2.80806467133669; Global Y: -4.08268430465489; Global Z: 6; Bounding Box Length: 0.54; Bounding Box Width: 1.11; Bounding Box Height: 0.797682
1_MdFoRE99qRyAgfz3dDwu,gW3_a104,3D - Eðéðëá Êáèéóôéêïý. Project: Project Name; Building: The building; Storey: Level 4; Top Elevation: 6.80000332828263; Bottom Elevation: 6.00000333754781; Global Top Elevation: 6.80000332828263; Global Bottom Elevation: 6.00000333754781; Has Own Geometry: 1; Children Have Geometry: 0; Global X: -4.64808733547872; Global Y: 2.01948405120133; Global Z: 6.00000333754781; Bounding Box Length: 0.959999988881851; Bounding Box Width: 1.91999996894538; Bounding Box Height: 0.799999990734818
27auIupVP7dPWWZjSlGb2c,gW3_a125,3D - Eðéðëá Êáèéóôéêïý. Project: Project Name; Building: The building; Storey: Level 4; Top Elevation: 6.90000195529909; Bottom Elevation: 6; Global Top Elevation: 6.90000195529909; Global Bottom Elevation: 6; Has Own Geometry: 1; Children Have Geometry: 0; Global X: 1.76043820585119; Global Y: 0.256435113781659; Global Z: 6; Bounding Box Length: 0.600000000000001; Bounding Box Width: 0.560000000000002; Bounding Box Height: 0.900001955299087
3sTga3Ptf77vpt9WFtXI4H,gW5_a20,3D - Åðéðëá Êïõæßíáò. Project: Project Name; Building: The building; Storey: Level 4; Top Elevation: 6.75; Bottom Elevation: 6; Global Top Elevation: 6.75; Global Bottom Elevation: 6; Has Own Geometry: 1; Children Have Geometry: 0; Global X: 2.01956091514092; Global Y: -3.09976109819237; Global Z: 6; Bounding Box Length: 0.640000000000003; Bounding Box Width: 1.36000000000001; Bounding Box Height: 0.75
3yM6XMo4vFLvUrFzeG4xNE,gW8_a5_4MMAT_1,3D - ÓõìðëçñùìáôéêÜ Åðéðëá. Project: Project Name; Building: The building; Storey: Level 4; Top Elevation: 7.2; Bottom Elevation: 6.8; Global Top Elevation: 7.2; Global Bottom Elevation: 6.8; Has Own Geometry: 1; Children Have Geometry: 0; Global X: -4.32317524237647; Global Y: -3.09140138400596; Global Z: 6.8; Bounding Box Length: 0.47999999999999; Bounding Box Width: 0.322414519029707; Bounding Box Height: 0.399999999999999
1nDW94SvXFtB0rtPUu$eWa,gW3_a125,3D - Eðéðëá Êáèéóôéêïý. Project: Project Name; Building: The building; Storey: Level 4; Top Elevation: 6.90000195529909; Bottom Elevation: 6; Global Top Elevation: 6.90000195529909; Global Bottom Elevation: 6; Has Own Geometry: 1; Children Have Geometry: 0; Global X: -4.62910023512024; Global Y: -3.8860252634275; Global Z: 6; Bounding Box Length: 0.560000000000002; Bounding Box Width: 0.600000000000001; Bounding Box Height: 0.900001955299087
02e7uKWYz1pBE759AHpnNk,gW5_a44,3D - Åðéðëá Êïõæßíáò. Project: Project Name; Building: The building; Storey: Level 4; Has Own Geometry: 0; Children Have Geometry: 0
3nek98sn56Su2CPjxtfxTS,gW6_a45,3D - Åðéðëá Ãñáöåßïõ. Project: Project Name; Building: The building; Storey: Level 4; Top Elevation: 8.25; Bottom Elevation: 5.99932796033012; Global Top Elevation: 8.25; Global Bottom Elevation: 5.99932796033012; Has Own Geometry: 1; Children Have Geometry: 0; Global X: -5.82255438915181; Global Y: -4.37397029739827; Global Z: 5.99932796033012; Bounding Box Length: 2.73052489519183; Bounding Box Width: 0.340824792553175; Bounding Box Height: 2.25067203966988
3_HFiS9Rj6juSeksp7_zS0,gW8_a5_4MMAT_1,3D - ÓõìðëçñùìáôéêÜ Åðéðëá. Project: Project Name; Building: The building; Storey: Level 4; Top Elevation: 7.2; Bottom Elevation: 6.8; Global Top Elevation: 7.2; Global Bottom Elevation: 6.8; Has Own Geometry: 1; Children Have Geometry: 0; Global X: -4.59126622646383; Global Y: 3.07408527870603; Global Z: 6.8; Bounding Box Length: 0.322414519029707; Bounding Box Width: 0.47999999999999; Bounding Box Height: 0.399999999999999
0zgaEBOqz9VwczaLmeUzeo,gW3_a104,3D - Eðéðëá Êáèéóôéêïý. Project: Project Name; Building: The building; Storey: Level 4; Top Elevation: 6.80000332828263; Bottom Elevation: 6.00000333754781; Global Top Elevation: 6.80000332828263; Global Bottom Elevation: 6.00000333754781; Has Own Geometry: 1; Children Have Geometry: 0; Global X: -5.37777646988116; Global Y: -3.67216574484322; Global Z: 6.00000333754781; Bounding Box Length: 1.91999996894538; Bounding Box Width: 0.959999988881851; Bounding Box Height: 0.799999990734818
114YLBQYL1_xzEvmktrTOE,gW3_a125,3D - Eðéðëá Êáèéóôéêïý. Project: Project Name; Building: The building; Storey: Level 4; Top Elevation: 6.90000195529909; Bottom Elevation: 6; Global Top Elevation: 6.90000195529909; Global Bottom Elevation: 6; Has Own Geometry: 1; Children Have Geometry: 0; Global X: -5.58358052842144; Global Y: 3.49365954327925; Global Z: 6; Bounding Box Length: 0.600000000000001; Bounding Box Width: 0.560000000000002; Bounding Box Height: 0.900001955299087
2DApz7icH78wJdiNsxYA7w,gW5_a39,3D - Åðéðëá Êïõæßíáò. Project: Project Name; Building: The building; Storey: Level 4; Top Elevation: 7; Bottom Elevation: 6; Global Top Elevation: 7; Global Bottom Elevation: 6; Has Own Geometry: 1; Children Have Geometry: 0; Global X: 1.07054337268318; Global Y: -4.37336291521416; Global Z: 6; Bounding Box Length: 1.0465; Bounding Box Width: 0.540000000000003; Bounding Box Height: 1
09iWYmEy95ExGPj$rVNn$Q,gW3_a125,3D - Eðéðëá Êáèéóôéêïý. Project: Project Name; Building: The building; Storey: Level 4; Top Elevation: 6.90000195529909; Bottom Elevation: 6; Global Top Elevation: 6.90000195529909; Global Bottom Elevation: 6; Has Own Geometry: 1; Children Have Geometry: 0; Global X: -5.58358052842144; Global Y: 1.89151535003755; Global Z: 6; Bounding Box Length: 0.600000000000001; Bounding Box Width: 0.560000000000002; Bounding Box Height: 0.900001955299087
0rERO_ldL9Ig6x7P1OVkN3,gW3_a125,3D - Eðéðëá Êáèéóôéêïý. Project: Project Name; Building: The building; Storey: Level 4; Top Elevation: 6.90000195529909; Bottom Elevation: 6; Global Top Elevation: 6.90000195529909; Global Bottom Elevation: 6; Has Own Geometry: 1; Children Have Geometry: 0; Global X: -1.33655050241236; Global Y: -4.23398292948341; Global Z: 6; Bounding Box Length: 0.560000000000002; Bounding Box Width: 0.599999999999998; Bounding Box Height: 0.900001955299087
3QSaxe1Zj4CxMbgoNPkW6h,gW3_a155,3D - Eðéðëá Êáèéóôéêïý. Project: Project Name; Building: The building; Storey: Level 4; Top Elevation: 6.797682; Bottom Elevation: 6; Global Top Elevation: 6.797682; Global Bottom Elevation: 6; Has Own Geometry: 1; Children Have Geometry: 0; Global X: -2.80806467133669; Global Y: -2.87309247569639; Global Z: 6; Bounding Box Length: 0.54; Bounding Box Width: 1.11; Bounding Box Height: 0.797682
2O50Ok3VH9YvNp9113AEMf,gW3_a125,3D - Eðéðëá Êáèéóôéêïý. Project: Project Name; Building: The building; Storey: Level 4; Top Elevation: 6.90000195529909; Bottom Elevation: 6; Global Top Elevation: 6.90000195529909; Global Bottom Elevation: 6; Has Own Geometry: 1; Children Have Geometry: 0; Global X: -5.36109581679232; Global Y: -2.60304834542914; Global Z: 6; Bounding Box Length: 0.560000000000002; Bounding Box Width: 0.600000000000001; Bounding Box Height: 0.900001955299087
3SiEIYyRXCK99yOesvWM_Q,gW6_a45,3D - Åðéðëá Ãñáöåßïõ. Project: Project Name; Building: The building; Storey: Level 4; Top Elevation: 8.25; Bottom Elevation: 5.99932796033012; Global Top Elevation: 8.25; Global Bottom Elevation: 5.99932796033012; Has Own Geometry: 1; Children Have Geometry: 0; Global X: -3.327107586595; Global Y: 1.57470613193069; Global Z: 5.99932796033012; Bounding Box Length: 0.340824792553176; Bounding Box Width: 2.73052489519183; Bounding Box Height: 2.25067203966988
2oeUoKWyH1hul$jsak770D,gW3_a125,3D - Eðéðëá Êáèéóôéêïý. Project: Project Name; Building: The building; Storey: Level 4; Top Elevation: 6.90000195529909; Bottom Elevation: 6; Global Top Elevation: 6.90000195529909; Global Bottom Elevation: 6; Has Own Geometry: 1; Children Have Geometry: 0; Global X: 0.285178094815496; Global Y: 1.00562830294375; Global Z: 6; Bounding Box Length: 0.600000000000001; Bounding Box Width: 0.560000000000002; Bounding Box Height: 0.900001955299087
0S5RrzpLD2Bf4BLTNubbMX,gW3_a125,3D - Eðéðëá Êáèéóôéêïý. Project: Project Name; Building: The building; Storey: Level 4; Top Elevation: 6.90000195529909; Bottom Elevation: 6; Global Top Elevation: 6.90000195529909; Global Bottom Elevation: 6; Has Own Geometry: 1; Children Have Geometry: 0; Global X: 0.285178094815496; Global Y: 2.35212663848893; Global Z: 6; Bounding Box Length: 0.600000000000001; Bounding Box Width: 0.560000000000002; Bounding Box Height: 0.900001955299087
0Tcy_TyhjAPfT4yYzfWmaN,gW3_a125,3D - Eðéðëá Êáèéóôéêïý. Project: Project Name; Building: The building; Storey: Level 4; Top Elevation: 6.90000195529909; Bottom Elevation: 6; Global Top Elevation: 6.90000195529909; Global Bottom Elevation: 6; Has Own Geometry: 1; Children Have Geometry: 0; Global X: 1.76043820585119; Global Y: 1.68785412628664; Global Z: 6; Bounding Box Length: 0.600000000000001; Bounding Box Width: 0.560000000000002; Bounding Box Height: 0.900001955299087
1zyICIH4D5BRcEKTeFvOOJ,gW3_a118,3D - Eðéðëá Êáèéóôéêïý. Project: Project Name; Building: The building; Storey: Level 4; Top Elevation: 6.79995231628413; Bottom Elevation: 5.99929228540259; Global Top Elevation: 6.79995231628413; Global Bottom Elevation: 5.99929228540259; Has Own Geometry: 1; Children Have Geometry: 0; Global X: 0.701733064660457; Global Y: -0.042119678645804; Global Z: 5.99929228540259; Bounding Box Length: 1.26283489691627; Bounding Box Width: 3.24117683689887; Bounding Box Height: 0.800660030881545
0GdRElf9P2kOzg86dRZJhf,gW3_a104,3D - Eðéðëá Êáèéóôéêïý. Project: Project Name; Building: The building; Storey: Level 4; Top Elevation: 6.80000332828263; Bottom Elevation: 6.00000333754781; Global Top Elevation: 6.80000332828263; Global Bottom Elevation: 6.00000333754781; Has Own Geometry: 1; Children Have Geometry: 0; Global X: -1.92191647560913; Global Y: -3.88749855661593; Global Z: 6.00000333754781; Bounding Box Length: 1.59999997412115; Bounding Box Width: 0.799999990734875; Bounding Box Height: 0.799999990734818
0Vwt$5Ye963RlqP08W7pu0,Storey 4 - Slab 3 (14 cm),. HWPO: 0; SC2D: 6; SC3D1: 8; SC3D2: 8; SCSC: 8; Project: Project Name; Building: The building; Storey: Level 4; Top Elevation: 6; Bottom Elevation: 5.86; Global Top Elevation: 6; Global Bottom Elevation: 5.86; Has Own Geometry: 1; Children Have Geometry: 0; Global X: -7.47384178245836; Global Y: -0.733177254555272; Global Z: 5.86; Bounding Box Length: 1.23482727297076; Bounding Box Width: 3.56885726773378; Bounding Box Height: 0.14
0rKvI0anPE2Qb52zc7oltU,Storey 4 - Slab 1 (14 cm),. HWPO: 0; SC2D: 6; SC3D1: 8; SC3D2: 8; SCSC: 8; Project: Project Name; Building: The building; Storey: Level 4; Top Elevation: 6; Bottom Elevation: 5.86; Global Top Elevation: 6; Global Bottom Elevation: 5.86; Has Own Geometry: 1; Children Have Geometry: 0; Global X: 0.114581181331815; Global Y: 4.55741638673906; Global Z: 5.86; Bounding Box Length: 2.15962537096542; Bounding Box Width: 1.30499439144578; Bounding Box Height: 0.14
1Q6kI5kJf5PxbVIvdWizql,Storey 4 - Slab 4 (14 cm),. HWPO: 0; SC2D: 6; SC3D1: 8; SC3D2: 8; SCSC: 8; Project: Project Name; Building: The building; Storey: Level 4; Top Elevation: 6; Bottom Elevation: 5.86; Global Top Elevation: 6; Global Bottom Elevation: 5.86; Has Own Geometry: 1; Children Have Geometry: 1; Global X: -6.24036367474334; Global Y: -4.62336291521416; Global Z: 5.86; Bounding Box Length: 9.14992458988426; Bounding Box Width: 9.18215563511029; Bounding Box Height: 0.14
2KU2LzbNH8Nv64VAlfd7Bu,Storey 4 - Slab 4 (14 cm) - Opening 1,. Project: Project Name; Building: The building; Storey: Level 4; Top Elevation: 6; Bottom Elevation: 5.86; Global Top Elevation: 6; Global Bottom Elevation: 5.86; Has Own Geometry: 1; Children Have Geometry: 0; Global X: -1.82628300470128; Global Y: 1.99295232917499; Global Z: 5.86; Bounding Box Length: 1.65436649818; Bounding Box Width: 2.31439965898614; Bounding Box Height: 0.14
2810BJIXb6U8hprYXclEzg,Storey 4 - Slab 2 (14 cm),. HWPO: 0; SC2D: 6; SC3D1: 8; SC3D2: 8; SCSC: 8; Project: Project Name; Building: The building; Storey: Level 4; Top Elevation: 6; Bottom Elevation: 5.86; Global Top Elevation: 6; Global Bottom Elevation: 5.86; Has Own Geometry: 1; Children Have Geometry: 0; Global X: -7.46347158248146; Global Y: -4.15675739297293; Global Z: 5.86; Bounding Box Length: 1.22536997254328; Bounding Box Width: 2.60896732116561; Bounding Box Height: 0.14
0vTsRXIZPA28BlkHuD$CiX,Storey 4 - Railing 1,. ELV: 0; HWPO: 0; KCLR: 256; KND: 1; KTHK: 0.03; KWTH: 0.1; MLGT: 0.5; RC2D: 256; RC3D: 256; RHGT: 0.6; RTHK: 0.05; SFRM: SFRM; SFRMCL: 0; SPT: -6.85642814597299; TYP: 5; WC2D: 256; WC3D: 256; WHGT: 0.3; WWTH: 0.1; Project: Project Name; Building: The building; Storey: Level 4; Top Elevation: 6.93; Bottom Elevation: 6; Global Top Elevation: 6.93; Global Bottom Elevation: 6; Has Own Geometry: 1; Children Have Geometry: 0; Global X: -7.47384178245836; Global Y: -0.733177254555272; Global Z: 6; Bounding Box Length: 1.23482727297076; Bounding Box Width: 3.56885726773378; Bounding Box Height: 0.930000000000001
11KgebV9DB1fWVhXKa$9Tz,Storey 4 - Railing 3,. ELV: 0; HWPO: 0; KCLR: 256; KND: 1; KTHK: 0.03; KWTH: 0.1; MLGT: 0.5; RC2D: 256; RC3D: 256; RHGT: 0.6; RTHK: 0.05; SFRM: SFRM; SFRMCL: 0; SPT: -6.39911149040379; TYP: 5; WC2D: 256; WC3D: 256; WHGT: 0.3; WWTH: 0.1; Project: Project Name; Building: The building; Storey: Level 4; Top Elevation: 6.93; Bottom Elevation: 6; Global Top Elevation: 6.93; Global Bottom Elevation: 6; Has Own Geometry: 1; Children Have Geometry: 0; Global X: -7.45748716726591; Global Y: -4.15675739297293; Global Z: 6; Bounding Box Length: 1.21938555732774; Bounding Box Width: 2.60896732116563; Bounding Box Height: 0.930000000000001
13gnUCWWv83eRSIOtabA_Y,Storey 4 - Railing 2,. ELV: 0; HWPO: 0; KCLR: 256; KND: 1; KTHK: 0.03; KWTH: 0.1; MLGT: 0.5; RC2D: 256; RC3D: 256; RHGT: 0.6; RTHK: 0.05; SFRM: SFRM; SFRMCL: 0; SPT: 0.214581182393902; TYP: 5; WC2D: 256; WC3D: 256; WHGT: 0.3; WWTH: 0.1; Project: Project Name; Building: The building; Storey: Level 4; Top Elevation: 6.93; Bottom Elevation: 6; Global Top Elevation: 6.93; Global Bottom Elevation: 6; Has Own Geometry: 1; Children Have Geometry: 0; Global X: 0.114581181331815; Global Y: 4.55741638607798; Global Z: 6; Bounding Box Length: 2.15962537096542; Bounding Box Width: 1.30499439210685; Bounding Box Height: 0.930000000000001
2TvsQKjZP8r9WfxKQs7Pac,gW9_a7,3D - ÐåñéâÜëëùí ÷þñïò. Project: Project Name; Building: The building; Storey: Level 4; Top Elevation: 6.54151064647704; Bottom Elevation: 6.2337927366074; Global Top Elevation: 6.54151064647704; Global Bottom Elevation: 6.2337927366074; Has Own Geometry: 1; Children Have Geometry: 0; Global X: 0.62661287139839; Global Y: 3.73927887373801; Global Z: 6.2337927366074; Bounding Box Length: 0.375423566000076; Bounding Box Width: 0.381706257502346; Bounding Box Height: 0.307717909869643
1iQbkezPj3dANRtAwRAqby,gW9_a7,3D - ÐåñéâÜëëùí ÷þñïò. Project: Project Name; Building: The building; Storey: Level 4; Top Elevation: 7.08302129295409; Bottom Elevation: 6.4675854732148; Global Top Elevation: 7.08302129295409; Global Bottom Elevation: 6.4675854732148; Has Own Geometry: 1; Children Have Geometry: 0; Global X: 1.85267834631779; Global Y: 3.48729618781171; Global Z: 6.4675854732148; Bounding Box Length: 0.750847132000152; Bounding Box Width: 0.763412515004694; Bounding Box Height: 0.615435819739284
1Ti4cN5cX38hqtsIutSMpr,gW9_a7,3D - ÐåñéâÜëëùí ÷þñïò. Project: Project Name; Building: The building; Storey: Level 4; Top Elevation: 6.86641703436327; Bottom Elevation: 6.37406837857184; Global Top Elevation: 6.86641703436327; Global Bottom Elevation: 6.37406837857184; Has Own Geometry: 1; Children Have Geometry: 0; Global X: 0.0393502945247377; Global Y: 3.62492763948347; Global Z: 6.37406837857184; Bounding Box Length: 0.600677705600122; Bounding Box Width: 0.610730012003755; Bounding Box Height: 0.492348655791427
2uTt5t2Zb8iuDhqN4kPy2F,gW7_a2,3D - ÕäñáõëéêÜ. Project: Project Name; Building: The building; Storey: Level 4; Top Elevation: 6.568185; Bottom Elevation: 6; Global Top Elevation: 6.568185; Global Bottom Elevation: 6; Has Own Geometry: 1; Children Have Geometry: 0; Global X: 0.0490760537972816; Global Y: -4.37384102920477; Global Z: 6; Bounding Box Length: 0.495000000000004; Bounding Box Width: 0.675220400529838; Bounding Box Height: 0.568185
2zs81_$LLEXPVnSRLGP1wR,gW7_a17,3D - ÕäñáõëéêÜ. Project: Project Name; Building: The building; Storey: Level 4; Top Elevation: 6.94999999354377; Bottom Elevation: 6.56943831032321; Global Top Elevation: 6.94999999354377; Global Bottom Elevation: 6.56943831032321; Has Own Geometry: 1; Children Have Geometry: 0; Global X: 0.466231246362472; Global Y: -3.59993112716625; Global Z: 6.56943831032321; Bounding Box Length: 0.416604449226937; Bounding Box Width: 0.540245916744777; Bounding Box Height: 0.380561683220555
3iX9_Ld4f5FA17_IYMk1vL,Level 2,. Project: Project Name; Building: The building; Top Elevation: 12.3242301617835; Bottom Elevation: -0.14; Global Top Elevation: 12.3242301617835; Global Bottom Elevation: -0.14; Has Own Geometry: 0; Children Have Geometry: 1; Global X: -38.1139393771845; Global Y: -21.9513063401871; Global Z: -0.14; Bounding Box Length: 70.7169000578088; Bounding Box Width: 71.2169000578088; Bounding Box Height: 12.4642301617835
1iMgy7viH41OgGi8Y$c5zQ,"Window:2 panels, casement, orthogonal",O1. DST: 0.1; EDP: -6.11371257743599; JUF: 1; JUFD: 0.02; JUK: 1; LBM: 0; OTI: OTI; SRP: -6.11314574615811; SSL: 3; STR3D: 0; WDI: WDI; Project: Project Name; Building: The building; Storey: Level 2; Top Elevation: 2.2; Bottom Elevation: 0; Global Top Elevation: 2.2; Global Bottom Elevation: 0; Has Own Geometry: 1; Children Have Geometry: 0; Global X: -6.23921257294425; Global Y: -3.98033266833016; Global Z: 0; Bounding Box Length: 0.251566822294397; Bounding Box Width: 2.11868753805307; Bounding Box Height: 2.2
1wsybknFj0EhffGIJI1x0Z,"Window:2 panels, casement, orthogonal",O1. DST: 0.1; EDP: -6.11529806319104; JUF: 1; JUFD: 0.02; JUK: 1; LBM: 0; OTI: OTI; SRP: -6.11434223728587; SSL: 3; STR3D: 2; WDI: WDI; Project: Project Name; Building: The building; Storey: Level 2; Top Elevation: 2; Bottom Elevation: 0.8; Global Top Elevation: 2; Global Bottom Elevation: 0.8; Has Own Geometry: 1; Children Have Geometry: 0; Global X: -6.2407980586993; Global Y: 0.491739694385812; Global Z: 0.8; Bounding Box Length: 0.251955816921685; Bounding Box Width: 3.57261567975728; Bounding Box Height: 1.2
1QBhuacG923fAokKshcbDS,"Window:1 panel, casement, orthogonal",O1. DST: 0.1; EDP: -2.98686104798626; JUF: 1; JUFD: 0.02; JUK: 1; LBM: 0; OTI: OTI; SRP: -5.74033473345403; SSL: 1; STR3D: 3; WDI: WDI; Project: Project Name; Building: The building; Storey: Level 2; Top Elevation: 2.2; Bottom Elevation: 1; Global Top Elevation: 2.2; Global Bottom Elevation: 1; Has Own Geometry: 1; Children Have Geometry: 0; Global X: -5.74036397820666; Global Y: 4.3075945904014; Global Z: 1; Bounding Box Length: 2.75353217497302; Bounding Box Width: 0.251641623934066; Bounding Box Height: 1.2
2GXkMBWJn8lBHa8tFDCUzW,"Window:2 panels, casement, orthogonal",O1. DST: 0.1; EDP: 2.4924385363078; JUF: 1; JUFD: 0.02; JUK: 1; LBM: 0; OTI: OTI; SRP: 0.100445136322596; SSL: 3; STR3D: 3; WDI: WDI; Project: Project Name; Building: The building; Storey: Level 2; Top Elevation: 2.2; Bottom Elevation: 0; Global Top Elevation: 2.2; Global Bottom Elevation: 0; Has Own Geometry: 1; Children Have Geometry: 0; Global X: 0.10041589156997; Global Y: 4.30631777155471; Global Z: 0; Bounding Box Length: 2.39205188949045; Bounding Box Width: 0.251557389656655; Bounding Box Height: 2.2
12TR91Q$v6ihoyeD9x8OFF,"Window:1 panel, casement, orthogonal",O1. DST: 0.1; EDP: -0.316848814051864; JUF: 1; JUFD: 0.02; JUK: 1; LBM: 0; OTI: OTI; SRP: -1.71690232167679; SSL: 1; STR3D: 3; WDI: WDI; Project: Project Name; Building: The building; Storey: Level 2; Top Elevation: 2.2; Bottom Elevation: 0; Global Top Elevation: 2.2; Global Bottom Elevation: 0; Has Own Geometry: 1; Children Have Geometry: 0; Global X: -1.71693156642942; Global Y: 4.30697240833438; Global Z: 0; Bounding Box Length: 1.40011199713018; Bounding Box Width: 0.251326241947014; Bounding Box Height: 2.2
12uCXYbOf1ZwedWfUN5jIU,"Window:1 panel, casement, orthogonal, 2 adjacent",O1. DST: 0.1; EDP: -2.93689017622593; JUF: 1; JUFD: 0.02; JUK: 1; LBM: 0; OTI: OTI; SRP: -2.93689017622593; SSL: 16; STR3D: 3; WDI: WDI; Project: Project Name; Building: The building; Storey: Level 2; Top Elevation: 2.5; Bottom Elevation: 1; Global Top Elevation: 2.5; Global Bottom Elevation: 1; Has Own Geometry: 1; Children Have Geometry: 0; Global X: -2.98739017622593; Global Y: -2.04335178429806; Global Z: 1; Bounding Box Length: 0.101000000000001; Bounding Box Width: 2.03142087849272; Bounding Box Height: 1.5
13QTbuTXPAseE4Uty$sC68,"Door:1 panel, casement, orthogonal, compact",O1. DST: 0.1; EDP: -2.58689017622593; JUF: 1; JUFD: 0.02; JUK: 1; LBM: 0; OTI: OTI; SRP: -1.68689017622593; SSL: 1; STR3D: 0; WDI: WDI; Project: Project Name; Building: The building; Storey: Level 2; Top Elevation: 2.2; Bottom Elevation: 0; Global Top Elevation: 2.2; Global Bottom Elevation: 0; Has Own Geometry: 1; Children Have Geometry: 0; Global X: -2.58689017622593; Global Y: -0.0124309058053349; Global Z: 0; Bounding Box Length: 0.9; Bounding Box Width: 0.250999999999999; Bounding Box Height: 2.2
2WLlJYPf533AQGBIoueYON,"Door:1 panel, casement, orthogonal, compact",O1. DST: 0.1; EDP: -1.71690232167679; JUF: 1; JUFD: 0.02; JUK: 1; LBM: 0; OTI: OTI; SRP: -2.61690229724131; SSL: 1; STR3D: 1; WDI: WDI; Project: Project Name; Building: The building; Storey: Level 2; Top Elevation: 2.2; Bottom Elevation: 0; Global Top Elevation: 2.2; Global Bottom Elevation: 0; Has Own Geometry: 1; Children Have Geometry: 0; Global X: -2.61693154199393; Global Y: 4.30729865709618; Global Z: 0; Bounding Box Length: 0.900058465069767; Bounding Box Width: 0.251209716510822; Bounding Box Height: 2.2
3WOMH$BCj3Tg8GPbuH4aRD,"Door:1 panel, sliding, compact",O1. DST: 0.1; EDP: -1.45168698646103; JUF: 1; JUFD: 0.02; JUK: 1; LBM: 0; OTI: OTI; SRP: -1.45168698646103; SSL: 50; STR3D: 2; WDI: WDI; Project: Project Name; Building: The building; Storey: Level 2; Top Elevation: 2.2; Bottom Elevation: 0; Global Top Elevation: 2.2; Global Bottom Elevation: 0; Has Own Geometry: 1; Children Have Geometry: 0; Global X: -1.52668698646103; Global Y: 0.238069094194664; Global Z: 0; Bounding Box Length: 0.1255; Bounding Box Width: 1.50488323498033; Bounding Box Height: 2.2
3AVd_QsJL7PgqlCxijJQZN,"Door:1 panel, casement, orthogonal, compact",O1. DST: 0.1; EDP: 1.02054337268319; JUF: 1; JUFD: 0.02; JUK: 1; LBM: 0; OTI: OTI; SRP: 1.02054337268319; SSL: 1; STR3D: 0; WDI: WDI; Project: Project Name; Building: The building; Storey: Level 2; Top Elevation: 2.2; Bottom Elevation: 0; Global Top Elevation: 2.2; Global Bottom Elevation: 0; Has Own Geometry: 1; Children Have Geometry: 0; Global X: 0.970043372683185; Global Y: -2.38953830750092; Global Z: 0; Bounding Box Length: 0.101; Bounding Box Width: 0.749999999999998; Bounding Box Height: 2.2
19KJppAr176w0QBg57IgtI,"Door:1 panel, casement, orthogonal, compact",O1. DST: 0.1; EDP: -2.93689017622593; JUF: 1; JUFD: 0.02; JUK: 1; LBM: 0; OTI: OTI; SRP: -2.93689017622593; SSL: 1; STR3D: 3; WDI: WDI; Project: Project Name; Building: The building; Storey: Level 2; Top Elevation: 2.5; Bottom Elevation: 0; Global Top Elevation: 2.5; Global Bottom Elevation: 0; Has Own Geometry: 1; Children Have Geometry: 0; Global X: -2.98739017622593; Global Y: -3.04335178429806; Global Z: 0; Bounding Box Length: 0.101; Bounding Box Width: 1; Bounding Box Height: 2.5
2nhk5YdEr2Xg3eZn2BpgNP,"Door:1 panel, casement, orthogonal, compact",O1. DST: 0.1; EDP: 0.342818232614411; JUF: 1; JUFD: 0.02; JUK: 1; LBM: 0; OTI: OTI; SRP: -0.407181767385589; SSL: 1; STR3D: 1; WDI: WDI; Project: Project Name; Building: The building; Storey: Level 2; Top Elevation: 2.2; Bottom Elevation: 0; Global Top Elevation: 2.2; Global Bottom Elevation: 0; Has Own Geometry: 1; Children Have Geometry: 0; Global X: -0.407181767385589; Global Y: -2.80378799947873; Global Z: 0; Bounding Box Length: 0.75; Bounding Box Width: 0.100999999999999; Bounding Box Height: 2.2
1$7q_ZjhL3ivrNfgkIYR0A,"Door:1 panel, sliding, orthogonal, glass",O1. DST: 0.1; EDP: -0.512273711393716; JUF: 1; JUFD: 0.02; JUK: 1; LBM: 0; OTI: OTI; SRP: -0.512273711393716; SSL: 44; STR3D: 3; WDI: WDI; Project: Project Name; Building: The building; Storey: Level 2; Top Elevation: 2.2; Bottom Elevation: 0; Global Top Elevation: 2.2; Global Bottom Elevation: 0; Has Own Geometry: 1; Children Have Geometry: 0; Global X: -0.562773711393717; Global Y: -3.04627562760231; Global Z: 0; Bounding Box Length: 0.101; Bounding Box Width: 1.4; Bounding Box Height: 2.2
3rsgJHbi97KeJbpEr8IYGa,gW3_a106_4MMAT_2,3D - Eðéðëá Êáèéóôéêïý. Project: Project Name; Building: The building; Storey: Level 2; Top Elevation: 0.640000029648467; Bottom Elevation: 0; Global Top Elevation: 0.640000029648467; Global Bottom Elevation: 0; Has Own Geometry: 1; Children Have Geometry: 0; Global X: -5.99006890018697; Global Y: -1.86164562693013; Global Z: 0; Bounding Box Length: 1.11999998188472; Bounding Box Width: 0.630000012971214; Bounding Box Height: 0.640000029648467
2yejSFPTLFuA7rjmBBtIGP,gW3_a106_4MMAT_2,3D - Eðéðëá Êáèéóôéêïý. Project: Project Name; Building: The building; Storey: Level 2; Top Elevation: 0.640000029648467; Bottom Elevation: 0; Global Top Elevation: 0.640000029648467; Global Bottom Elevation: 0; Has Own Geometry: 1; Children Have Geometry: 0; Global X: -4.10682509224191; Global Y: -1.86164562693013; Global Z: 0; Bounding Box Length: 1.11999998188472; Bounding Box Width: 0.630000012971214; Bounding Box Height: 0.640000029648467
3Jm2MJ3pr0UgaLjG6yoh3s,gW3_a125_4MMAT_2,3D - Eðéðëá Êáèéóôéêïý. Project: Project Name; Building: The building; Storey: Level 2; Top Elevation: 0.900001955299087; Bottom Elevation: 0; Global Top Elevation: 0.900001955299087; Global Bottom Elevation: 0; Has Own Geometry: 1; Children Have Geometry: 0; Global X: -3.8387787525704; Global Y: -1.49458473331592; Global Z: 0; Bounding Box Length: 0.560000000000002; Bounding Box Width: 0.600000000000001; Bounding Box Height: 0.900001955299087
0FdhIMWw9FaRcK72KfY8eM,gW3_a106_4MMAT_2,3D - Eðéðëá Êáèéóôéêïý. Project: Project Name; Building: The building; Storey: Level 2; Top Elevation: 0.640000029648467; Bottom Elevation: 0; Global Top Elevation: 0.640000029648467; Global Bottom Elevation: 0; Has Own Geometry: 1; Children Have Geometry: 0; Global X: 1.61956093196225; Global Y: 1.10521138465034; Global Z: 0; Bounding Box Length: 1.03999998317867; Bounding Box Width: 0.630000012971214; Bounding Box Height: 0.640000029648467
3I2y20_GzACwKyNMgtsayv,gW3_a106_4MMAT_2,3D - Eðéðëá Êáèéóôéêïý. Project: Project Name; Building: The building; Storey: Level 2; Top Elevation: 0.640000029648467; Bottom Elevation: 0; Global Top Elevation: 0.640000029648467; Global Bottom Elevation: 0; Has Own Geometry: 1; Children Have Geometry: 0; Global X: -4.10682509224191; Global Y: -0.567250535999165; Global Z: 0; Bounding Box Length: 1.11999998188472; Bounding Box Width: 0.630000012971214; Bounding Box Height: 0.640000029648467
3UhT5ueiP4WQ45XseTjNTR,gW3_a106_4MMAT_2,3D - Eðéðëá Êáèéóôéêïý. Project: Project Name; Building: The building; Storey: Level 2; Top Elevation: 0.640000029648467; Bottom Elevation: 0; Global Top Elevation: 0.640000029648467; Global Bottom Elevation: 0; Has Own Geometry: 1; Children Have Geometry: 0; Global X: 0.0277915226175121; Global Y: 1.1052767623742; Global Z: 0; Bounding Box Length: 1.03999998317867; Bounding Box Width: 0.630000012971216; Bounding Box Height: 0.640000029648467
3DgbyyW59DGQ6rYk6JtFrw,gW3_a125_4MMAT_2,3D - Eðéðëá Êáèéóôéêïý. Project: Project Name; Building: The building; Storey: Level 2; Top Elevation: 0.900001955299087; Bottom Elevation: 0; Global Top Elevation: 0.900001955299087; Global Bottom Elevation: 0; Has Own Geometry: 1; Children Have Geometry: 0; Global X: 1.90698717377264; Global Y: 2.62677879186696; Global Z: 0; Bounding Box Length: 0.504000000000001; Bounding Box Width: 0.540000000000001; Bounding Box Height: 0.900001955299087
2rFfVuA6bFBA4wkFEuN53S,gW3_a106_4MMAT_2,3D - Eðéðëá Êáèéóôéêïý. Project: Project Name; Building: The building; Storey: Level 2; Top Elevation: 0.640000029648467; Bottom Elevation: 0; Global Top Elevation: 0.640000029648467; Global Bottom Elevation: 0; Has Own Geometry: 1; Children Have Geometry: 0; Global X: -5.99006890018697; Global Y: -0.567250535999165; Global Z: 0; Bounding Box Length: 1.11999998188472; Bounding Box Width: 0.630000012971214; Bounding Box Height: 0.640000029648467
1fHz3DEUj2ffFxQVTPpK5Q,gW3_a106_4MMAT_2,3D - Eðéðëá Êáèéóôéêïý. Project: Project Name; Building: The building; Storey: Level 2; Top Elevation: 0.640000029648467; Bottom Elevation: 0; Global Top Elevation: 0.640000029648467; Global Bottom Elevation: 0; Has Own Geometry: 1; Children Have Geometry: 0; Global X: 0.0277915226175121; Global Y: 2.19978327597661; Global Z: 0; Bounding Box Length: 1.03999998317867; Bounding Box Width: 0.630000012971214; Bounding Box Height: 0.640000029648467
0o0l9kpYb0ggTBB4JoggDx,gW3_a125_4MMAT_2,3D - Eðéðëá Êáèéóôéêïý. Project: Project Name; Building: The building; Storey: Level 2; Top Elevation: 0.900001955299087; Bottom Elevation: 0; Global Top Elevation: 0.900001955299087; Global Bottom Elevation: 0; Has Own Geometry: 1; Children Have Geometry: 0; Global X: -3.8387787525704; Global Y: -0.200189642384952; Global Z: 0; Bounding Box Length: 0.560000000000002; Bounding Box Width: 0.600000000000001; Bounding Box Height: 0.900001955299087
00ZnJTpPfDw9vlJ_1E4p0P,gW3_a125_4MMAT_2,3D - Eðéðëá Êáèéóôéêïý. Project: Project Name; Building: The building; Storey: Level 2; Top Elevation: 0.900001955299087; Bottom Elevation: 0; Global Top Elevation: 0.900001955299087; Global Bottom Elevation: 0; Has Own Geometry: 1; Children Have Geometry: 0; Global X: 1.90698717377264; Global Y: 3.72137737731253; Global Z: 0; Bounding Box Length: 0.504000000000001; Bounding Box Width: 0.540000000000001; Bounding Box Height: 0.900001955299087
1tCCMWGmbCMBPEUBCv3EY0,gW3_a125_4MMAT_2,3D - Eðéðëá Êáèéóôéêïý. Project: Project Name; Building: The building; Storey: Level 2; Top Elevation: 0.900001955299087; Bottom Elevation: 0; Global Top Elevation: 0.900001955299087; Global Bottom Elevation: 0; Has Own Geometry: 1; Children Have Geometry: 0; Global X: -5.69811525797376; Global Y: -0.200189642384952; Global Z: 0; Bounding Box Length: 0.560000000000002; Bounding Box Width: 0.600000000000001; Bounding Box Height: 0.900001955299087
0vhh7wY_P9ovKhm280bR8D,gW3_a125_4MMAT_2,3D - Eðéðëá Êáèéóôéêïý. Project: Project Name; Building: The building; Storey: Level 2; Top Elevation: 0.900001955299087; Bottom Elevation: 0; Global Top Elevation: 0.900001955299087; Global Bottom Elevation: 0; Has Own Geometry: 1; Children Have Geometry: 0; Global X: 1.90698717377264; Global Y: 1.53227227826455; Global Z: 0; Bounding Box Length: 0.504000000000001; Bounding Box Width: 0.540000000000001; Bounding Box Height: 0.900001955299087
2EHx9Xub9EbRLuesmBa0Hf,gW3_a106_4MMAT_2,3D - Eðéðëá Êáèéóôéêïý. Project: Project Name; Building: The building; Storey: Level 2; Top Elevation: 0.640000029648467; Bottom Elevation: 0; Global Top Elevation: 0.640000029648467; Global Bottom Elevation: 0; Has Own Geometry: 1; Children Have Geometry: 0; Global X: 1.61956093196225; Global Y: 3.29431648369832; Global Z: 0; Bounding Box Length: 1.03999998317867; Bounding Box Width: 0.630000012971214; Bounding Box Height: 0.640000029648467
2hurM3KKzClvY5sDQVGKMa,gW3_a125_4MMAT_2,3D - Eðéðëá Êáèéóôéêïý. Project: Project Name; Building: The building; Storey: Level 2; Top Elevation: 0.900001955299087; Bottom Elevation: 0; Global Top Elevation: 0.900001955299087; Global Bottom Elevation: 0; Has Own Geometry: 1; Children Have Geometry: 0; Global X: 0.314466412814409; Global Y: 3.72137737731253; Global Z: 0; Bounding Box Length: 0.504000000000002; Bounding Box Width: 0.540000000000001; Bounding Box Height: 0.900001955299087
2styxgo$z6RxKSbjPaWL8h,gW3_a106_4MMAT_2,3D - Eðéðëá Êáèéóôéêïý. Project: Project Name; Building: The building; Storey: Level 2; Top Elevation: 0.640000029648467; Bottom Elevation: 0; Global Top Elevation: 0.640000029648467; Global Bottom Elevation: 0; Has Own Geometry: 1; Children Have Geometry: 0; Global X: 1.61956093196225; Global Y: 2.19971789825274; Global Z: 0; Bounding Box Length: 1.03999998317867; Bounding Box Width: 0.630000012971216; Bounding Box Height: 0.640000029648467
2ivGTAH1z9YPdece$zh557,gW3_a125_4MMAT_2,3D - Eðéðëá Êáèéóôéêïý. Project: Project Name; Building: The building; Storey: Level 2; Top Elevation: 0.900001955299087; Bottom Elevation: 0; Global Top Elevation: 0.900001955299087; Global Bottom Elevation: 0; Has Own Geometry: 1; Children Have Geometry: 0; Global X: -5.69811525797376; Global Y: -1.49458473331592; Global Z: 0; Bounding Box Length: 0.560000000000002; Bounding Box Width: 0.600000000000001; Bounding Box Height: 0.900001955299087
2BhiIMR2PD$AE1eXYHuLy2,gW3_a125_4MMAT_2,3D - Eðéðëá Êáèéóôéêïý. Project: Project Name; Building: The building; Storey: Level 2; Top Elevation: 0.900001955299087; Bottom Elevation: 0; Global Top Elevation: 0.900001955299087; Global Bottom Elevation: 0; Has Own Geometry: 1; Children Have Geometry: 0; Global X: 0.314466412814409; Global Y: 2.62677879186696; Global Z: 0; Bounding Box Length: 0.504000000000002; Bounding Box Width: 0.540000000000001; Bounding Box Height: 0.900001955299087
1wRLlrXGL0XvZesotr7kVP,gW3_a125_4MMAT_2,3D - Eðéðëá Êáèéóôéêïý. Project: Project Name; Building: The building; Storey: Level 2; Top Elevation: 0.900001955299087; Bottom Elevation: 0; Global Top Elevation: 0.900001955299087; Global Bottom Elevation: 0; Has Own Geometry: 1; Children Have Geometry: 0; Global X: 0.314466412814409; Global Y: 1.53227227826455; Global Z: 0; Bounding Box Length: 0.504000000000002; Bounding Box Width: 0.540000000000001; Bounding Box Height: 0.900001955299087
0PDoxPHcPEtuZ_LigxoUnp,gW3_a106_4MMAT_2,3D - Eðéðëá Êáèéóôéêïý. Project: Project Name; Building: The building; Storey: Level 2; Top Elevation: 0.640000029648467; Bottom Elevation: 0; Global Top Elevation: 0.640000029648467; Global Bottom Elevation: 0; Has Own Geometry: 1; Children Have Geometry: 0; Global X: 0.0277915226175121; Global Y: 3.29438186142219; Global Z: 0; Bounding Box Length: 1.03999998317867; Bounding Box Width: 0.630000012971214; Bounding Box Height: 0.640000029648467
3PF1CRExX8hgo7eOKlXjSB,gW3_a106_4MMAT_2,3D - Eðéðëá Êáèéóôéêïý. Project: Project Name; Building: The building; Storey: Level 2; Top Elevation: 0.640000029648467; Bottom Elevation: 0; Global Top Elevation: 0.640000029648467; Global Bottom Elevation: 0; Has Own Geometry: 1; Children Have Geometry: 0; Global X: -4.10682509224191; Global Y: 1.96745079822319; Global Z: 0; Bounding Box Length: 1.11999998188472; Bounding Box Width: 0.630000012971214; Bounding Box Height: 0.640000029648467
0vOcQmIgj2cABbsXm4euRo,gW8_a5_4MMAT_1,3D - ÓõìðëçñùìáôéêÜ Åðéðëá. Project: Project Name; Building: The building; Storey: Level 2; Top Elevation: 1.2; Bottom Elevation: 0.8; Global Top Elevation: 1.2; Global Bottom Elevation: 0.8; Has Own Geometry: 1; Children Have Geometry: 0; Global X: -5.90575455068193; Global Y: 3.23067682801486; Global Z: 0.8; Bounding Box Length: 0.47999999999999; Bounding Box Width: 0.322414519029707; Bounding Box Height: 0.4
12oEwdpET9TQu3UulCjOxN,gW3_a125_4MMAT_2,3D - Eðéðëá Êáèéóôéêïý. Project: Project Name; Building: The building; Storey: Level 2; Top Elevation: 0.900001955299087; Bottom Elevation: 0; Global Top Elevation: 0.900001955299087; Global Bottom Elevation: 0; Has Own Geometry: 1; Children Have Geometry: 0; Global X: -5.69811525797376; Global Y: 3.59493694546709; Global Z: 0; Bounding Box Length: 0.560000000000002; Bounding Box Width: 0.600000000000001; Bounding Box Height: 0.900001955299087
2XiDlGH8P89QlE27AIFNjZ,gW3_a106_4MMAT_2,3D - Eðéðëá Êáèéóôéêïý. Project: Project Name; Building: The building; Storey: Level 2; Top Elevation: 0.640000029648467; Bottom Elevation: 0; Global Top Elevation: 0.640000029648467; Global Bottom Elevation: 0; Has Own Geometry: 1; Children Have Geometry: 0; Global X: 0.0277915226175121; Global Y: 0.0085128801388894; Global Z: 0; Bounding Box Length: 1.03999998317867; Bounding Box Width: 0.630000012971216; Bounding Box Height: 0.640000029648467
05Vpo8yRf0YBf_ZPdjYO5h,gW3_a106_4MMAT_2,3D - Eðéðëá Êáèéóôéêïý. Project: Project Name; Building: The building; Storey: Level 2; Top Elevation: 0.640000029648467; Bottom Elevation: 0; Global Top Elevation: 0.640000029648467; Global Bottom Elevation: 0; Has Own Geometry: 1; Children Have Geometry: 0; Global X: -4.10682509224191; Global Y: 3.22787605185288; Global Z: 0; Bounding Box Length: 1.11999998188472; Bounding Box Width: 0.630000012971216; Bounding Box Height: 0.640000029648467
3zWjeHGj96wx6Lmo3hT_C2,gW5_a44,3D - Åðéðëá Êïõæßíáò. Project: Project Name; Building: The building; Storey: Level 2; Has Own Geometry: 0; Children Have Geometry: 0
13OgcGPNz1jxPPFMemh5vt,gW3_a106_4MMAT_2,3D - Eðéðëá Êáèéóôéêïý. Project: Project Name; Building: The building; Storey: Level 2; Top Elevation: 0.640000029648467; Bottom Elevation: 0; Global Top Elevation: 0.640000029648467; Global Bottom Elevation: 0; Has Own Geometry: 1; Children Have Geometry: 0; Global X: 1.61956093196225; Global Y: 0.0084475024150219; Global Z: 0; Bounding Box Length: 1.03999998317867; Bounding Box Width: 0.630000012971214; Bounding Box Height: 0.640000029648467
3bo5mozD91BfbzH_2d8G_2,gW3_a106_4MMAT_2,3D - Eðéðëá Êáèéóôéêïý. Project: Project Name; Building: The building; Storey: Level 2; Top Elevation: 0.640000029648467; Bottom Elevation: 0; Global Top Elevation: 0.640000029648467; Global Bottom Elevation: 0; Has Own Geometry: 1; Children Have Geometry: 0; Global X: -5.99006890018697; Global Y: 1.96745079822319; Global Z: 0; Bounding Box Length: 1.11999998188472; Bounding Box Width: 0.630000012971214; Bounding Box Height: 0.640000029648467
0dz3udwIX5iev0HgzwKoUe,gW3_a106_4MMAT_2,3D - Eðéðëá Êáèéóôéêïý. Project: Project Name; Building: The building; Storey: Level 2; Top Elevation: 0.640000029648467; Bottom Elevation: 0; Global Top Elevation: 0.640000029648467; Global Bottom Elevation: 0; Has Own Geometry: 1; Children Have Geometry: 0; Global X: -5.9896628864624; Global Y: -3.25662528073474; Global Z: 0; Bounding Box Length: 1.27999997929683; Bounding Box Width: 0.720000014824247; Bounding Box Height: 0.640000029648467
1e0AUZze9Fsu4PhCxRglqG,gW3_a125_4MMAT_2,3D - Eðéðëá Êáèéóôéêïý. Project: Project Name; Building: The building; Storey: Level 2; Top Elevation: 0.900001955299087; Bottom Elevation: 0; Global Top Elevation: 0.900001955299087; Global Bottom Elevation: 0; Has Own Geometry: 1; Children Have Geometry: 0; Global X: -5.69811525797376; Global Y: 2.3345116918374; Global Z: 0; Bounding Box Length: 0.560000000000002; Bounding Box Width: 0.600000000000001; Bounding Box Height: 0.900001955299087
3ZMIl5rx12HgiPwCTSwSjs,gW3_a106_4MMAT_2,3D - Eðéðëá Êáèéóôéêïý. Project: Project Name; Building: The building; Storey: Level 2; Top Elevation: 0.640000029648467; Bottom Elevation: 0; Global Top Elevation: 0.640000029648467; Global Bottom Elevation: 0; Has Own Geometry: 1; Children Have Geometry: 0; Global X: -5.99006890018697; Global Y: 0.673055707292219; Global Z: 0; Bounding Box Length: 1.11999998188472; Bounding Box Width: 0.630000012971216; Bounding Box Height: 0.640000029648467
2RLuDRa6bDmOyq04sO82DQ,gW3_a106_4MMAT_2,3D - Eðéðëá Êáèéóôéêïý. Project: Project Name; Building: The building; Storey: Level 2; Top Elevation: 0.640000029648467; Bottom Elevation: 0; Global Top Elevation: 0.640000029648467; Global Bottom Elevation: 0; Has Own Geometry: 1; Children Have Geometry: 0; Global X: -4.10682509224191; Global Y: 0.673055707292219; Global Z: 0; Bounding Box Length: 1.11999998188472; Bounding Box Width: 0.630000012971216; Bounding Box Height: 0.640000029648467
3UPEFc_U9F18uNcpKxdfOp,gW3_a106_4MMAT_2,3D - Eðéðëá Êáèéóôéêïý. Project: Project Name; Building: The building; Storey: Level 2; Top Elevation: 0.640000029648467; Bottom Elevation: 0; Global Top Elevation: 0.640000029648467; Global Bottom Elevation: 0; Has Own Geometry: 1; Children Have Geometry: 0; Global X: -5.99006890018697; Global Y: 3.22787605185288; Global Z: 0; Bounding Box Length: 1.11999998188472; Bounding Box Width: 0.630000012971216; Bounding Box Height: 0.640000029648467
3a0AO$g2XAuwVJ6ZSrc9u6,gW3_a106_4MMAT_2,3D - Eðéðëá Êáèéóôéêïý. Project: Project Name; Building: The building; Storey: Level 2; Top Elevation: 0.640000029648467; Bottom Elevation: 0; Global Top Elevation: 0.640000029648467; Global Bottom Elevation: 0; Has Own Geometry: 1; Children Have Geometry: 0; Global X: 1.37956093584409; Global Y: -1.17836628850724; Global Z: 0; Bounding Box Length: 1.27999997929683; Bounding Box Width: 0.720000014824246; Bounding Box Height: 0.640000029648467
0c6iDFzanEwB3LveW7KMLb,gW3_a125_4MMAT_2,3D - Eðéðëá Êáèéóôéêïý. Project: Project Name; Building: The building; Storey: Level 2; Top Elevation: 0.900001955299087; Bottom Elevation: 0; Global Top Elevation: 0.900001955299087; Global Bottom Elevation: 0; Has Own Geometry: 1; Children Have Geometry: 0; Global X: -5.63491237267439; Global Y: -3.50368615952471; Global Z: 0; Bounding Box Length: 0.560000000000002; Bounding Box Width: 0.600000000000001; Bounding Box Height: 0.900001955299087
3GEcXD0IT4DwOpWeNoNo2_,gW3_a125_4MMAT_2,3D - Eðéðëá Êáèéóôéêïý. Project: Project Name; Building: The building; Storey: Level 2; Top Elevation: 0.900001955299087; Bottom Elevation: 0; Global Top Elevation: 0.900001955299087; Global Bottom Elevation: 0; Has Own Geometry: 1; Children Have Geometry: 0; Global X: 1.7343114496321; Global Y: -1.42542716729721; Global Z: 0; Bounding Box Length: 0.560000000000002; Bounding Box Width: 0.600000000000001; Bounding Box Height: 0.900001955299087
1nOSDL9wzD_O09NtJnNj4W,gW5_a18,3D - Åðéðëá Êïõæßíáò. Project: Project Name; Building: The building; Storey: Level 2; Top Elevation: 0.9; Bottom Elevation: 0; Global Top Elevation: 0.9; Global Bottom Elevation: 0; Has Own Geometry: 1; Children Have Geometry: 0; Global X: 2.11956091514092; Global Y: -4.37336291521416; Global Z: 0; Bounding Box Length: 0.539999999999996; Bounding Box Width: 0.540000000000003; Bounding Box Height: 0.9
05cdomIfTFkOCeIrl4KNqS,gW3_a125_4MMAT_2,3D - Eðéðëá Êáèéóôéêïý. Project: Project Name; Building: The building; Storey: Level 2; Top Elevation: 0.900001955299087; Bottom Elevation: 0; Global Top Elevation: 0.900001955299087; Global Bottom Elevation: 0; Has Own Geometry: 1; Children Have Geometry: 0; Global X: -5.69811525797376; Global Y: 1.04011660090643; Global Z: 0; Bounding Box Length: 0.560000000000002; Bounding Box Width: 0.600000000000001; Bounding Box Height: 0.900001955299087
2jBnTf0Vj7$OutJgYWGqP0,gW3_a125_4MMAT_2,3D - Eðéðëá Êáèéóôéêïý. Project: Project Name; Building: The building; Storey: Level 2; Top Elevation: 0.900001955299087; Bottom Elevation: 0; Global Top Elevation: 0.900001955299087; Global Bottom Elevation: 0; Has Own Geometry: 1; Children Have Geometry: 0; Global X: 1.90698717377264; Global Y: 0.435508396029235; Global Z: 0; Bounding Box Length: 0.504000000000001; Bounding Box Width: 0.540000000000001; Bounding Box Height: 0.900001955299087
3v0nNemHTDQgDBkp_WwZGd,gW3_a125_4MMAT_2,3D - Eðéðëá Êáèéóôéêïý. Project: Project Name; Building: The building; Storey: Level 2; Top Elevation: 0.900001955299087; Bottom Elevation: 0; Global Top Elevation: 0.900001955299087; Global Bottom Elevation: 0; Has Own Geometry: 1; Children Have Geometry: 0; Global X: -3.8387787525704; Global Y: 2.3345116918374; Global Z: 0; Bounding Box Length: 0.560000000000002; Bounding Box Width: 0.600000000000001; Bounding Box Height: 0.900001955299087
1iloWUBmTCzxUGKQtRiaWC,gW3_a125_4MMAT_2,3D - Eðéðëá Êáèéóôéêïý. Project: Project Name; Building: The building; Storey: Level 2; Top Elevation: 0.900001955299087; Bottom Elevation: 0; Global Top Elevation: 0.900001955299087; Global Bottom Elevation: 0; Has Own Geometry: 1; Children Have Geometry: 0; Global X: -3.8387787525704; Global Y: 1.04011660090643; Global Z: 0; Bounding Box Length: 0.560000000000002; Bounding Box Width: 0.600000000000001; Bounding Box Height: 0.900001955299087
09WV4$H214Af3a0QX3ypM$,gW3_a125_4MMAT_2,3D - Eðéðëá Êáèéóôéêïý. Project: Project Name; Building: The building; Storey: Level 2; Top Elevation: 0.900001955299087; Bottom Elevation: 0; Global Top Elevation: 0.900001955299087; Global Bottom Elevation: 0; Has Own Geometry: 1; Children Have Geometry: 0; Global X: 0.314466412814409; Global Y: 0.435508396029235; Global Z: 0; Bounding Box Length: 0.504000000000002; Bounding Box Width: 0.540000000000001; Bounding Box Height: 0.900001955299087
1Mot17NHv9nvBc4Gjal7jV,gW3_a125_4MMAT_2,3D - Eðéðëá Êáèéóôéêïý. Project: Project Name; Building: The building; Storey: Level 2; Top Elevation: 0.900001955299087; Bottom Elevation: 0; Global Top Elevation: 0.900001955299087; Global Bottom Elevation: 0; Has Own Geometry: 1; Children Have Geometry: 0; Global X: -3.8387787525704; Global Y: 3.59493694546709; Global Z: 0; Bounding Box Length: 0.560000000000002; Bounding Box Width: 0.600000000000001; Bounding Box Height: 0.900001955299087
2Zs46bNsv0Hxp1Eu7jmIbK,gW5_a20,3D - Åðéðëá Êïõæßíáò. Project: Project Name; Building: The building; Storey: Level 2; Top Elevation: 0.75; Bottom Elevation: 0; Global Top Elevation: 0.75; Global Bottom Elevation: 0; Has Own Geometry: 1; Children Have Geometry: 0; Global X: 2.01956091514092; Global Y: -2.98872763680273; Global Z: 0; Bounding Box Length: 0.640000000000003; Bounding Box Width: 1.36; Bounding Box Height: 0.75
2ikw3jB5z1bQJsgh780mXR,gW8_a5_4MMAT_1,3D - ÓõìðëçñùìáôéêÜ Åðéðëá. Project: Project Name; Building: The building; Storey: Level 2; Top Elevation: 1.2; Bottom Elevation: 0.8; Global Top Elevation: 1.2; Global Bottom Elevation: 0.8; Has Own Geometry: 1; Children Have Geometry: 0; Global X: 0.0610540400750694; Global Y: 1.10981208951833; Global Z: 0.8; Bounding Box Length: 0.47999999999999; Bounding Box Width: 0.322414519029707; Bounding Box Height: 0.4
2D7PoFyNT9HB8UuOQtrP_n,gW8_a5_4MMAT_1,3D - ÓõìðëçñùìáôéêÜ Åðéðëá. Project: Project Name; Building: The building; Storey: Level 2; Top Elevation: 1.2; Bottom Elevation: 0.8; Global Top Elevation: 1.2; Global Bottom Elevation: 0.8; Has Own Geometry: 1; Children Have Geometry: 0; Global X: 2.15433360118999; Global Y: -0.791117232841247; Global Z: 0.8; Bounding Box Length: 0.47999999999999; Bounding Box Width: 0.322414519029707; Bounding Box Height: 0.4
2E1elC8mf8HewtN1joUd$6,gW6_a46,3D - Åðéðëá Ãñáöåßïõ. Project: Project Name; Building: The building; Storey: Level 2; Top Elevation: 2.25; Bottom Elevation: -0.000672039669876057; Global Top Elevation: 2.25; Global Bottom Elevation: -0.000672039669876057; Has Own Geometry: 1; Children Have Geometry: 0; Global X: -1.73401478476659; Global Y: -0.353019518106917; Global Z: -0.000672039669876057; Bounding Box Length: 1.17; Bounding Box Width: 0.340824792553173; Bounding Box Height: 2.25067203966988
1geRAU4Dn0quakRzSCpUJf,gW8_a5_4MMAT_1,3D - ÓõìðëçñùìáôéêÜ Åðéðëá. Project: Project Name; Building: The building; Storey: Level 2; Top Elevation: 1.2; Bottom Elevation: 0.8; Global Top Elevation: 1.2; Global Bottom Elevation: 0.8; Has Own Geometry: 1; Children Have Geometry: 0; Global X: 2.15433360118999; Global Y: 2.20897356888418; Global Z: 0.8; Bounding Box Length: 0.47999999999999; Bounding Box Width: 0.322414519029707; Bounding Box Height: 0.4
2xFrU$DVz1KOqlXM4ioKZo,gW8_a5_4MMAT_1,3D - ÓõìðëçñùìáôéêÜ Åðéðëá. Project: Project Name; Building: The building; Storey: Level 2; Top Elevation: 1.2; Bottom Elevation: 0.8; Global Top Elevation: 1.2; Global Bottom Elevation: 0.8; Has Own Geometry: 1; Children Have Geometry: 0; Global X: -5.90575455068193; Global Y: 0.688499225636994; Global Z: 0.8; Bounding Box Length: 0.47999999999999; Bounding Box Width: 0.322414519029707; Bounding Box Height: 0.4
3WzXpWoyb6URyWF5u5Kdse,gW8_a5_4MMAT_1,3D - ÓõìðëçñùìáôéêÜ Åðéðëá. Project: Project Name; Building: The building; Storey: Level 2; Top Elevation: 1.2; Bottom Elevation: 0.8; Global Top Elevation: 1.2; Global Bottom Elevation: 0.8; Has Own Geometry: 1; Children Have Geometry: 0; Global X: 0.0610540400750694; Global Y: 0.0253517023977334; Global Z: 0.8; Bounding Box Length: 0.47999999999999; Bounding Box Width: 0.322414519029707; Bounding Box Height: 0.4
3QnBbkvIjDMvs1QRc4eaTq,gW8_a5_4MMAT_1,3D - ÓõìðëçñùìáôéêÜ Åðéðëá. Project: Project Name; Building: The building; Storey: Level 2; Top Elevation: 1.2; Bottom Elevation: 0.8; Global Top Elevation: 1.2; Global Bottom Elevation: 0.8; Has Own Geometry: 1; Children Have Geometry: 0; Global X: -5.90575455068193; Global Y: -0.532503798912897; Global Z: 0.8; Bounding Box Length: 0.47999999999999; Bounding Box Width: 0.322414519029707; Bounding Box Height: 0.4
3qA0wiycH0nxVICEVGu12T,gW8_a5_4MMAT_1,3D - ÓõìðëçñùìáôéêÜ Åðéðëá. Project: Project Name; Building: The building; Storey: Level 2; Top Elevation: 1.2; Bottom Elevation: 0.8; Global Top Elevation: 1.2; Global Bottom Elevation: 0.8; Has Own Geometry: 1; Children Have Geometry: 0; Global X: 0.0610540400750694; Global Y: 2.20897356888418; Global Z: 0.8; Bounding Box Length: 0.47999999999999; Bounding Box Width: 0.322414519029707; Bounding Box Height: 0.4
08ZCBo28X4tRwbPcIX5PrO,gW8_a5_4MMAT_1,3D - ÓõìðëçñùìáôéêÜ Åðéðëá. Project: Project Name; Building: The building; Storey: Level 2; Top Elevation: 1.2; Bottom Elevation: 0.8; Global Top Elevation: 1.2; Global Bottom Elevation: 0.8; Has Own Geometry: 1; Children Have Geometry: 0; Global X: -3.52315868902068; Global Y: 1.98490267135043; Global Z: 0.8; Bounding Box Length: 0.47999999999999; Bounding Box Width: 0.322414519029707; Bounding Box Height: 0.4
1mg0CrmPj1qAEsyBF6U$tH,gW8_a5_4MMAT_1,3D - ÓõìðëçñùìáôéêÜ Åðéðëá. Project: Project Name; Building: The building; Storey: Level 2; Top Elevation: 1.2; Bottom Elevation: 0.8; Global Top Elevation: 1.2; Global Bottom Elevation: 0.8; Has Own Geometry: 1; Children Have Geometry: 0; Global X: 2.15433360118999; Global Y: 3.30837289334799; Global Z: 0.8; Bounding Box Length: 0.47999999999999; Bounding Box Width: 0.322414519029707; Bounding Box Height: 0.4
2hjKyZJDP2Qhw6Zs45HBT0,gW8_a5_4MMAT_1,3D - ÓõìðëçñùìáôéêÜ Åðéðëá. Project: Project Name; Building: The building; Storey: Level 2; Top Elevation: 1.2; Bottom Elevation: 0.8; Global Top Elevation: 1.2; Global Bottom Elevation: 0.8; Has Own Geometry: 1; Children Have Geometry: 0; Global X: 2.15433360118999; Global Y: 1.10981208951833; Global Z: 0.8; Bounding Box Length: 0.47999999999999; Bounding Box Width: 0.322414519029707; Bounding Box Height: 0.4
2ruKJbOXD7ZQDBb6X4TdsI,gW8_a5_4MMAT_1,3D - ÓõìðëçñùìáôéêÜ Åðéðëá. Project: Project Name; Building: The building; Storey: Level 2; Top Elevation: 1.2; Bottom Elevation: 0.8; Global Top Elevation: 1.2; Global Bottom Elevation: 0.8; Has Own Geometry: 1; Children Have Geometry: 0; Global X: 2.15433360118999; Global Y: 0.0253517023977334; Global Z: 0.8; Bounding Box Length: 0.47999999999999; Bounding Box Width: 0.322414519029707; Bounding Box Height: 0.4
17BNLiTI94nv2dTOzeBbL5,gW8_a5_4MMAT_1,3D - ÓõìðëçñùìáôéêÜ Åðéðëá. Project: Project Name; Building: The building; Storey: Level 2; Top Elevation: 1.2; Bottom Elevation: 0.8; Global Top Elevation: 1.2; Global Bottom Elevation: 0.8; Has Own Geometry: 1; Children Have Geometry: 0; Global X: -5.90575455068193; Global Y: -1.82766881474983; Global Z: 0.8; Bounding Box Length: 0.47999999999999; Bounding Box Width: 0.322414519029707; Bounding Box Height: 0.4
3Obctma9T9lwfXiZ2w13Ui,gW8_a5_4MMAT_1,3D - ÓõìðëçñùìáôéêÜ Åðéðëá. Project: Project Name; Building: The building; Storey: Level 2; Top Elevation: 1.2; Bottom Elevation: 0.8; Global Top Elevation: 1.2; Global Bottom Elevation: 0.8; Has Own Geometry: 1; Children Have Geometry: 0; Global X: -3.52315868902068; Global Y: 3.23067682801486; Global Z: 0.8; Bounding Box Length: 0.47999999999999; Bounding Box Width: 0.322414519029707; Bounding Box Height: 0.4
3fTv8LITz2zumxrQ7_EjsZ,gW8_a5_4MMAT_1,3D - ÓõìðëçñùìáôéêÜ Åðéðëá. Project: Project Name; Building: The building; Storey: Level 2; Top Elevation: 1.2; Bottom Elevation: 0.8; Global Top Elevation: 1.2; Global Bottom Elevation: 0.8; Has Own Geometry: 1; Children Have Geometry: 0; Global X: -3.52315868902068; Global Y: -1.84413755639323; Global Z: 0.8; Bounding Box Length: 0.47999999999999; Bounding Box Width: 0.322414519029707; Bounding Box Height: 0.4
2J0g8b6znF5x$0mus7qS4i,gW8_a5_4MMAT_1,3D - ÓõìðëçñùìáôéêÜ Åðéðëá. Project: Project Name; Building: The building; Storey: Level 2; Top Elevation: 1.2; Bottom Elevation: 0.8; Global Top Elevation: 1.2; Global Bottom Elevation: 0.8; Has Own Geometry: 1; Children Have Geometry: 0; Global X: 0.0610540400750694; Global Y: 3.30837289334799; Global Z: 0.8; Bounding Box Length: 0.47999999999999; Bounding Box Width: 0.322414519029707; Bounding Box Height: 0.4
1tGVxk5zL6jRybsZlKCao9,gW6_a31,3D - Åðéðëá Ãñáöåßïõ. Project: Project Name; Building: The building; Storey: Level 2; Top Elevation: 0.75; Bottom Elevation: 0; Global Top Elevation: 0.75; Global Bottom Elevation: 0; Has Own Geometry: 1; Children Have Geometry: 0; Global X: -2.88227371139372; Global Y: -4.37336291521416; Global Z: 0; Bounding Box Length: 1.92; Bounding Box Width: 0.400000000000002; Bounding Box Height: 0.75
2AQrhzi29DTREi_6YYcpYp,gW5_a39,3D - Åðéðëá Êïõæßíáò. Project: Project Name; Building: The building; Storey: Level 2; Top Elevation: 1; Bottom Elevation: 0; Global Top Elevation: 1; Global Bottom Elevation: 0; Has Own Geometry: 1; Children Have Geometry: 0; Global X: 1.07054337268318; Global Y: -4.37336291521416; Global Z: 0; Bounding Box Length: 1.0465; Bounding Box Width: 0.540000000000003; Bounding Box Height: 1
2bGqJNhjH4zBgNJit6Bv31,gW8_a5_4MMAT_1,3D - ÓõìðëçñùìáôéêÜ Åðéðëá. Project: Project Name; Building: The building; Storey: Level 2; Top Elevation: 1.2; Bottom Elevation: 0.8; Global Top Elevation: 1.2; Global Bottom Elevation: 0.8; Has Own Geometry: 1; Children Have Geometry: 0; Global X: -3.52315868902068; Global Y: 0.698407083414898; Global Z: 0.8; Bounding Box Length: 0.47999999999999; Bounding Box Width: 0.322414519029707; Bounding Box Height: 0.4
0zwSq8_OnB6xiST_zMlgnz,gW8_a5_4MMAT_1,3D - ÓõìðëçñùìáôéêÜ Åðéðëá. Project: Project Name; Building: The building; Storey: Level 2; Top Elevation: 1.2; Bottom Elevation: 0.8; Global Top Elevation: 1.2; Global Bottom Elevation: 0.8; Has Own Geometry: 1; Children Have Geometry: 0; Global X: -5.90575455068193; Global Y: 1.98495419023195; Global Z: 0.8; Bounding Box Length: 0.47999999999999; Bounding Box Width: 0.322414519029707; Bounding Box Height: 0.4
2xCJMKXEnAF82ZA5xAKJVy,gW6_a31,3D - Åðéðëá Ãñáöåßïõ. Project: Project Name; Building: The building; Storey: Level 2; Top Elevation: 0.75; Bottom Elevation: 0; Global Top Elevation: 0.75; Global Bottom Elevation: 0; Has Own Geometry: 1; Children Have Geometry: 0; Global X: -0.962273711393719; Global Y: -4.37336291521416; Global Z: 0; Bounding Box Length: 0.400000000000003; Bounding Box Width: 1.44; Bounding Box Height: 0.75
3daX4bPibDfhrdeecsba$x,gW8_a5_4MMAT_1,3D - ÓõìðëçñùìáôéêÜ Åðéðëá. Project: Project Name; Building: The building; Storey: Level 2; Top Elevation: 1.2; Bottom Elevation: 0.8; Global Top Elevation: 1.2; Global Bottom Elevation: 0.8; Has Own Geometry: 1; Children Have Geometry: 0; Global X: -3.52315868902068; Global Y: -0.544935483627143; Global Z: 0.8; Bounding Box Length: 0.47999999999999; Bounding Box Width: 0.322414519029707; Bounding Box Height: 0.4
3BuWufwEj6JeJ57wEfW0V5,gW8_a5_4MMAT_1,3D - ÓõìðëçñùìáôéêÜ Åðéðëá. Project: Project Name; Building: The building; Storey: Level 2; Top Elevation: 1.2; Bottom Elevation: 0.8; Global Top Elevation: 1.2; Global Bottom Elevation: 0.8; Has Own Geometry: 1; Children Have Geometry: 0; Global X: -5.90575455068193; Global Y: -2.87172400363917; Global Z: 0.8; Bounding Box Length: 0.47999999999999; Bounding Box Width: 0.322414519029707; Bounding Box Height: 0.4
3Rdao8LQH7sg$wS$0UZiGM,Storey 2 - Column 10 (W8 - 300 cm),. Project: Project Name; Building: The building; Storey: Level 2; Top Elevation: 2.999; Bottom Elevation: -0.000999999999999446; Global Top Elevation: 2.999; Global Bottom Elevation: -0.000999999999999446; Has Own Geometry: 1; Children Have Geometry: 0; Global X: -6.23797370060734; Global Y: 0.0611018585644789; Global Z: -0.000999999999999446; Bounding Box Length: 0.417193623138019; Bounding Box Width: 0.430638335742174; Bounding Box Height: 3
2OzmbjG$XFzvuRNdHZsfPD,Storey 2 - Column 11 (W8 - 300 cm),. Project: Project Name; Building: The building; Storey: Level 2; Top Elevation: 2.999; Bottom Elevation: -0.000999999999999446; Global Top Elevation: 2.999; Global Bottom Elevation: -0.000999999999999446; Has Own Geometry: 1; Children Have Geometry: 0; Global X: -2.98689017622593; Global Y: -0.0119309058053361; Global Z: -0.000999999999999446; Bounding Box Length: 0.4; Bounding Box Width: 0.4; Bounding Box Height: 3
24PWAq4SX94RX3B8bf7GPH,Storey 2 - Column 13 (W8 - 150 cm),. Project: Project Name; Building: The building; Storey: Level 2; Top Elevation: 1.5; Bottom Elevation: 0; Global Top Elevation: 1.5; Global Bottom Elevation: 0; Has Own Geometry: 1; Children Have Geometry: 0; Global X: -1.63878346775564; Global Y: 8.80714368871724; Global Z: 0; Bounding Box Length: 0.350000000000023; Bounding Box Width: 0.350000000000023; Bounding Box Height: 1.5
0H0GyhURzC8uiGZiTD8IOb,Storey 2 - Column 12 (W8 - 150 cm),. Project: Project Name; Building: The building; Storey: Level 2; Top Elevation: 1.5; Bottom Elevation: 0; Global Top Elevation: 1.5; Global Bottom Elevation: 0; Has Own Geometry: 1; Children Have Geometry: 0; Global X: -2.928799181101; Global Y: 8.80714368871725; Global Z: 0; Bounding Box Length: 0.350000000000023; Bounding Box Width: 0.350000000000023; Bounding Box Height: 1.5
3yz8whgbHBgvDOsHHWi8AR,Storey 2 - Column 14 (W8 - 300 cm),. Project: Project Name; Building: The building; Storey: Level 2; Top Elevation: 2.999; Bottom Elevation: -0.000999999999999446; Global Top Elevation: 2.999; Global Bottom Elevation: -0.000999999999999446; Has Own Geometry: 1; Children Have Geometry: 0; Global X: -2.98577027930878; Global Y: 4.12608223547135; Global Z: -0.000999999999999446; Bounding Box Length: 0.417193623138019; Bounding Box Width: 0.430638335742174; Bounding Box Height: 3
2p5UXL3vL9AgLJC8fgBXEG,Storey 2 - Column 6 (W8 - 300 cm),. Project: Project Name; Building: The building; Storey: Level 2; Top Elevation: 2.999; Bottom Elevation: -0.000999999999999446; Global Top Elevation: 2.999; Global Bottom Elevation: -0.000999999999999446; Has Own Geometry: 1; Children Have Geometry: 0; Global X: -0.462273711393717; Global Y: -4.62336291521416; Global Z: -0.000999999999999446; Bounding Box Length: 0.417193623138019; Bounding Box Width: 0.430638335742174; Bounding Box Height: 3
27QLLGWfjEWOqy3jDblEsJ,Storey 2 - Column 7 (W8 - 300 cm),. Project: Project Name; Building: The building; Storey: Level 2; Top Elevation: 2.999; Bottom Elevation: -0.000999999999999446; Global Top Elevation: 2.999; Global Bottom Elevation: -0.000999999999999446; Has Own Geometry: 1; Children Have Geometry: 0; Global X: 2.4923672920029; Global Y: -4.62336291521416; Global Z: -0.000999999999999446; Bounding Box Length: 0.417193623138019; Bounding Box Width: 0.430638335742174; Bounding Box Height: 3
0f$5E50mDEbR1bdH7FtB61,Storey 2 - Column 8 (W8 - 300 cm),. Project: Project Name; Building: The building; Storey: Level 2; Top Elevation: 2.999; Bottom Elevation: -0.000999999999999446; Global Top Elevation: 2.999; Global Bottom Elevation: -0.000999999999999446; Has Own Geometry: 1; Children Have Geometry: 0; Global X: 2.4923672920029; Global Y: -2.05936597254489; Global Z: -0.000999999999999446; Bounding Box Length: 0.417193623138019; Bounding Box Width: 0.430638335742174; Bounding Box Height: 3
1Gw0fu8vv0fQuXljZWVarb,Storey 2 - Column 9 (W8 - 300 cm),. Project: Project Name; Building: The building; Storey: Level 2; Top Elevation: 2.999; Bottom Elevation: -0.000999999999999446; Global Top Elevation: 2.999; Global Bottom Elevation: -0.000999999999999446; Has Own Geometry: 1; Children Have Geometry: 0; Global X: 2.4923672920029; Global Y: 0.883125756899359; Global Z: -0.000999999999999446; Bounding Box Length: 0.417193623138019; Bounding Box Width: 0.430638335742172; Bounding Box Height: 3
3r1_VpICv2N9KzEKncTSxw,Storey 2 - Column 2 (W8 - 300 cm),. Project: Project Name; Building: The building; Storey: Level 2; Top Elevation: 2.999; Bottom Elevation: -0.000999999999999446; Global Top Elevation: 2.999; Global Bottom Elevation: -0.000999999999999446; Has Own Geometry: 1; Children Have Geometry: 0; Global X: -0.316820007870771; Global Y: 4.12545199391436; Global Z: -0.000999999999999446; Bounding Box Length: 0.417193623138019; Bounding Box Width: 0.430638335742174; Bounding Box Height: 3
3avBl$2LP1oPfMo8KVF15B,Storey 2 - Column 4 (W8 - 300 cm),. Project: Project Name; Building: The building; Storey: Level 2; Top Elevation: 2.999; Bottom Elevation: -0.000999999999999446; Global Top Elevation: 2.999; Global Bottom Elevation: -0.000999999999999446; Has Own Geometry: 1; Children Have Geometry: 0; Global X: -6.23797370060734; Global Y: -4.62336291521416; Global Z: -0.000999999999999446; Bounding Box Length: 0.417193623138019; Bounding Box Width: 0.430638335742174; Bounding Box Height: 3
0qZvC6tD11nfKF6W38KchH,Storey 2 - Column 1 (W8 - 300 cm),. Project: Project Name; Building: The building; Storey: Level 2; Top Elevation: 3; Bottom Elevation: 0; Global Top Elevation: 3; Global Bottom Elevation: 0; Has Own Geometry: 1; Children Have Geometry: 0; Global X: -6.24036367474334; Global Y: 4.05953849394236; Global Z: 0; Bounding Box Length: 0.5; Bounding Box Width: 0.5; Bounding Box Height: 3
0FGvOZ1ZDEoAw05N6DXA6U,Storey 2 - Column 3 (W8 - 300 cm),. Project: Project Name; Building: The building; Storey: Level 2; Top Elevation: 2.999; Bottom Elevation: -0.000999999999999446; Global Top Elevation: 2.999; Global Bottom Elevation: -0.000999999999999446; Has Own Geometry: 1; Children Have Geometry: 0; Global X: 2.4923672920029; Global Y: 4.12608223547135; Global Z: -0.000999999999999446; Bounding Box Length: 0.417193623138019; Bounding Box Width: 0.430638335742174; Bounding Box Height: 3
0Mt80v6Pb84wAEEL9mR3Et,Storey 2 - Column 5 (W8 - 300 cm),. Project: Project Name; Building: The building; Storey: Level 2; Top Elevation: 2.999; Bottom Elevation: -0.000999999999999446; Global Top Elevation: 2.999; Global Bottom Elevation: -0.000999999999999446; Has Own Geometry: 1; Children Have Geometry: 0; Global X: -3.09186282577371; Global Y: -4.62336291521416; Global Z: -0.000999999999999446; Bounding Box Length: 0.417193623138019; Bounding Box Width: 0.430638335742174; Bounding Box Height: 3
1yOqHHoNbDf8oHOYhW2BQE,Wall 20 cm,. IsExternal: 1; WAHG: 0.7; WHLR: 4360BCB8729A6AD; Project: Project Name; Building: The building; Storey: Level 2; Top Elevation: 0.7; Bottom Elevation: 0; Global Top Elevation: 0.7; Global Bottom Elevation: 0; Has Own Geometry: 1; Children Have Geometry: 0; Global X: -5.58034412649073; Global Y: 5.86541977022443; Global Z: 0; Bounding Box Length: 0.2; Bounding Box Width: 2.2; Bounding Box Height: 0.7
3Eh5GjqY5EJxJu0du8JvEZ,Wall 20 cm,. IsExternal: 1; WAHG: 0.7; WHLR: 4360BCB8729A884; Project: Project Name; Building: The building; Storey: Level 2; Top Elevation: 0.7; Bottom Elevation: 0; Global Top Elevation: 0.7; Global Bottom Elevation: 0; Has Own Geometry: 1; Children Have Geometry: 0; Global X: 2.22935234236376; Global Y: 5.4058996183285; Global Z: 0; Bounding Box Length: 0.200000000000001; Bounding Box Width: 3.75124407038876; Bounding Box Height: 0.7
1MMmoO1rb37gdh_daWsMFo,Wall 20 cm,. IsExternal: 1; WAHG: 0.7; WHLR: 4360BCB8729A8CD; Project: Project Name; Building: The building; Storey: Level 2; Top Elevation: 0.7; Bottom Elevation: 0; Global Top Elevation: 0.7; Global Bottom Elevation: 0; Has Own Geometry: 1; Children Have Geometry: 0; Global X: 5.30931792351047; Global Y: -4.62336291521416; Global Z: 0; Bounding Box Length: 0.199999999999999; Bounding Box Width: 13.7805066039314; Bounding Box Height: 0.7
0SwtZMiYD1XRmzPTCtd31r,Wall 20 cm,. IsExternal: 1; WAHG: 0.7; WHLR: 4360BCB8729A980; Project: Project Name; Building: The building; Storey: Level 2; Top Elevation: 0.7; Bottom Elevation: 0; Global Top Elevation: 0.7; Global Bottom Elevation: 0; Has Own Geometry: 1; Children Have Geometry: 0; Global X: -1.48878346775562; Global Y: 5.43509238836715; Global Z: 0; Bounding Box Length: 1.53813581011938; Bounding Box Width: 0.199999999999999; Bounding Box Height: 0.7
2Ia64BLjXDZuJx0REJKuH9,Wall 20 cm,. IsExternal: 1; WAHG: 3; WHLR: 4360BCB8729D098; Project: Project Name; Building: The building; Storey: Level 2; Top Elevation: 3; Bottom Elevation: 0; Global Top Elevation: 3; Global Bottom Elevation: 0; Has Own Geometry: 1; Children Have Geometry: 0; Global X: -0.172435761867936; Global Y: 1.99295232917499; Global Z: 0; Bounding Box Length: 0.200519260379957; Bounding Box Width: 2.3144864203733; Bounding Box Height: 3
30ICoLFlD8tQqs6GgZjLJl,Wall 15 cm,. IsExternal: 0; WAHG: 3; WHLR: 4360BCB8729689F; Project: Project Name; Building: The building; Storey: Level 2; Top Elevation: 3; Bottom Elevation: 0; Global Top Elevation: 3; Global Bottom Elevation: 0; Has Own Geometry: 1; Children Have Geometry: 0; Global X: -2.98689017622593; Global Y: -0.0119309058053361; Global Z: 0; Bounding Box Length: 0.15; Bounding Box Width: 4.32002549619316; Bounding Box Height: 3
1eHmjwSOnFNP16ciATX7D9,Wall 20 cm,. IsExternal: 1; WAHG: 0.7; WHLR: 4360BCB8729A3CB; Project: Project Name; Building: The building; Storey: Level 2; Top Elevation: 0.7; Bottom Elevation: 0; Global Top Elevation: 0.7; Global Bottom Elevation: 0; Has Own Geometry: 1; Children Have Geometry: 0; Global X: -2.92879918110104; Global Y: 5.66541977022443; Global Z: 0; Bounding Box Length: 0.2; Bounding Box Width: 3.49172391849283; Bounding Box Height: 0.7
1vi1tEoMv2JOpDEWkvWO9I,Wall 20 cm,. IsExternal: 1; WAHG: 0.7; WHLR: 4360BCB8729A456; Project: Project Name; Building: The building; Storey: Level 2; Top Elevation: 0.7; Bottom Elevation: 0; Global Top Elevation: 0.7; Global Bottom Elevation: 0; Has Own Geometry: 1; Children Have Geometry: 0; Global X: -10.2475283350678; Global Y: 7.86541977022444; Global Z: 0; Bounding Box Length: 4.8671842085771; Bounding Box Width: 0.199999999999998; Bounding Box Height: 0.7
3gSEuW8d59gPcLaKPdV802,Wall 20 cm,. IsExternal: 1; WAHG: 0.7; WHLR: 4360BCB8729A7F2; Project: Project Name; Building: The building; Storey: Level 2; Top Elevation: 0.7; Bottom Elevation: 0; Global Top Elevation: 0.7; Global Bottom Elevation: 0; Has Own Geometry: 1; Children Have Geometry: 0; Global X: -1.48878346775562; Global Y: 5.43509238836715; Global Z: 0; Bounding Box Length: 0.2; Bounding Box Width: 3.72205130035011; Bounding Box Height: 0.7
1$XGFlaYL2pQIn4dSv$UnG,Wall 20 cm,. IsExternal: 1; WAHG: 0.7; WHLR: 4360BCB8729A70F; Project: Project Name; Building: The building; Storey: Level 2; Top Elevation: 0.7; Bottom Elevation: 0; Global Top Elevation: 0.7; Global Bottom Elevation: 0; Has Own Geometry: 1; Children Have Geometry: 0; Global X: -10.4475283350678; Global Y: 7.86365046078691; Global Z: 0; Bounding Box Length: 0.199999999999999; Bounding Box Width: 1.29349322793035; Bounding Box Height: 0.7
0Re8rFzBf3ogFBo8_2G6N5,Wall 20 cm,. IsExternal: 1; WAHG: 0.7; WHLR: 4360BCB8729A83B; Project: Project Name; Building: The building; Storey: Level 2; Top Elevation: 0.7; Bottom Elevation: 0; Global Top Elevation: 0.7; Global Bottom Elevation: 0; Has Own Geometry: 1; Children Have Geometry: 0; Global X: -0.150647657636246; Global Y: 5.43509238836715; Global Z: 0; Bounding Box Length: 0.200000000000001; Bounding Box Width: 3.72205130035011; Bounding Box Height: 0.7
2WwUuapuz59AsqFkJtFraS,Wall 20 cm,. IsExternal: 1; WAHG: 0.7; WHLR: 4360BCB8729A3B1; Project: Project Name; Building: The building; Storey: Level 2; Top Elevation: 0.7; Bottom Elevation: 0; Global Top Elevation: 0.7; Global Bottom Elevation: 0; Has Own Geometry: 1; Children Have Geometry: 0; Global X: -10.4475283350678; Global Y: 5.66541977022443; Global Z: 0; Bounding Box Length: 7.71872915396679; Bounding Box Width: 0.200000000000001; Bounding Box Height: 0.7
39CanR5u1CpOwmp4lsuXg$,Wall 25 cm,. IsExternal: 1; WAHG: 3; WHLR: 4360BCB87279224; Project: Project Name; Building: The building; Storey: Level 2; Top Elevation: 3; Bottom Elevation: 0; Global Top Elevation: 3; Global Bottom Elevation: 0; Has Own Geometry: 1; Children Have Geometry: 0; Global X: 2.65956091514092; Global Y: -4.42336291521416; Global Z: 0; Bounding Box Length: 0.25; Bounding Box Width: 8.98008348642769; Bounding Box Height: 3
1wH8ACBAr7WxakowTNBxo4,Wall 25 cm,. IsExternal: 1; WAHG: 3; WHLR: 4360BCB87279274; Project: Project Name; Building: The building; Storey: Level 2; Top Elevation: 3; Bottom Elevation: 0; Global Top Elevation: 3; Global Bottom Elevation: 0; Has Own Geometry: 1; Children Have Geometry: 0; Global X: -6.23797370060734; Global Y: -4.62336291521416; Global Z: 0; Bounding Box Length: 9.14753461574826; Bounding Box Width: 0.25; Bounding Box Height: 3
0jDOSejmj9EubGK60r$cJ1,Wall 25 cm,. IsExternal: 1; WAHG: 3; WHLR: 4360BCB872792BF; Project: Project Name; Building: The building; Storey: Level 2; Top Elevation: 3; Bottom Elevation: 0; Global Top Elevation: 3; Global Bottom Elevation: 0; Has Own Geometry: 1; Children Have Geometry: 1; Global X: -6.24036367474334; Global Y: -4.42336291521416; Global Z: 0; Bounding Box Length: 0.252323096245186; Bounding Box Width: 8.73296829599263; Bounding Box Height: 3
2ZwUEAI6r0e9Ia9I3LoP0O,Opening Shape:Orthogonal,. Project: Project Name; Building: The building; Storey: Level 2; Top Elevation: 2; Bottom Elevation: 0.8; Global Top Elevation: 2; Global Bottom Elevation: 0.8; Has Own Geometry: 1; Children Have Geometry: 0; Global X: -6.24029805871719; Global Y: 0.491739828159485; Global Z: 0.8; Bounding Box Length: 0.250955816957476; Bounding Box Width: 3.57261541220993; Bounding Box Height: 1.2
2nCJjaVr56lBQigdM$qDH6,Opening Shape:Orthogonal,. Project: Project Name; Building: The building; Storey: Level 2; Top Elevation: 2.2; Bottom Elevation: 0; Global Top Elevation: 2.2; Global Bottom Elevation: 0; Has Own Geometry: 1; Children Have Geometry: 0; Global X: -6.23871257296214; Global Y: -3.98033253455649; Global Z: 0; Bounding Box Length: 0.250566822330187; Bounding Box Width: 2.11868727050572; Bounding Box Height: 2.2
30ngTTJ_DCwvr_D8u7M0k2,Wall 25 cm,. IsExternal: 1; WAHG: 3; WHLR: 4360BCB87296800; Project: Project Name; Building: The building; Storey: Level 2; Top Elevation: 3; Bottom Elevation: 0; Global Top Elevation: 3; Global Bottom Elevation: 0; Has Own Geometry: 1; Children Have Geometry: 0; Global X: -1.59634331028464; Global Y: 1.74295232927037; Global Z: 0; Bounding Box Length: 1.42442679493617; Bounding Box Width: 0.250039345517433; Bounding Box Height: 3
1MloiAzj92590bLCU0gaZw,Wall 25 cm,. IsExternal: 1; WAHG: 3; WHLR: 4360BCB8729681A; Project: Project Name; Building: The building; Storey: Level 2; Top Elevation: 3; Bottom Elevation: 0; Global Top Elevation: 3; Global Bottom Elevation: 0; Has Own Geometry: 1; Children Have Geometry: 0; Global X: -0.221916510299308; Global Y: -0.0119309058053361; Global Z: 0; Bounding Box Length: 0.25000000881133; Bounding Box Width: 2.00488323498033; Bounding Box Height: 3
28gvnFxyT9OuusR8inZvhn,Wall 25 cm,. IsExternal: 1; WAHG: 3; WHLR: 4360BCB872791E3; Project: Project Name; Building: The building; Storey: Level 2; Top Elevation: 3; Bottom Elevation: 0; Global Top Elevation: 3; Global Bottom Elevation: 0; Has Own Geometry: 1; Children Have Geometry: 1; Global X: -5.9828499602607; Global Y: 4.30677882090681; Global Z: 0; Bounding Box Length: 8.89241087540161; Bounding Box Width: 0.252013898989325; Bounding Box Height: 3
1cyNiViBzFtPI4PeiElvfb,Opening Shape:Orthogonal,. Project: Project Name; Building: The building; Storey: Level 2; Top Elevation: 2.2; Bottom Elevation: 0; Global Top Elevation: 2.2; Global Bottom Elevation: 0; Has Own Geometry: 1; Children Have Geometry: 0; Global X: -2.61693142548097; Global Y: 4.3077986570826; Global Z: 0; Bounding Box Length: 0.900058232043849; Bounding Box Width: 0.250209716537974; Bounding Box Height: 2.2
2D4T6_hDzB8AgjpqfpYMpI,Opening Shape:Square,. Project: Project Name; Building: The building; Storey: Level 2; Top Elevation: 2.2; Bottom Elevation: 0; Global Top Elevation: 2.2; Global Bottom Elevation: 0; Has Own Geometry: 1; Children Have Geometry: 0; Global X: -1.71693144991646; Global Y: 4.3074724083208; Global Z: 0; Bounding Box Length: 1.40011176410426; Bounding Box Width: 0.250326241974165; Bounding Box Height: 2.2
0ywrHLXff0XBJ8s_RXRqA1,Opening Shape:Square,. Project: Project Name; Building: The building; Storey: Level 2; Top Elevation: 2.2; Bottom Elevation: 1; Global Top Elevation: 2.2; Global Bottom Elevation: 1; Has Own Geometry: 1; Children Have Geometry: 0; Global X: -5.7403638616937; Global Y: 4.30809459038782; Global Z: 1; Bounding Box Length: 2.75353194194711; Bounding Box Width: 0.250641623961219; Bounding Box Height: 1.2
1pe1giOyjF9OQghFaBWFlS,Opening Shape:Orthogonal,. Project: Project Name; Building: The building; Storey: Level 2; Top Elevation: 2.2; Bottom Elevation: 0; Global Top Elevation: 2.2; Global Bottom Elevation: 0; Has Own Geometry: 1; Children Have Geometry: 0; Global X: 0.100416008082929; Global Y: 4.30681777154114; Global Z: 0; Bounding Box Length: 2.39205165646454; Bounding Box Width: 0.250557389683804; Bounding Box Height: 2.2
2aostdT6H1uOXx1YO3ayA_,Wall 25 cm,. IsExternal: 1; WAHG: 3; WHLR: 4360BCB8729683E; Project: Project Name; Building: The building; Storey: Level 2; Top Elevation: 3; Bottom Elevation: 0; Global Top Elevation: 3; Global Bottom Elevation: 0; Has Own Geometry: 1; Children Have Geometry: 1; Global X: -2.88689017622593; Global Y: -0.0119309058053361; Global Z: 0; Bounding Box Length: 2.91497367473795; Bounding Box Width: 0.250000000000002; Bounding Box Height: 3
2L7eHIaYL3$BJs2SsjrzQQ,Opening Shape:Orthogonal,. Project: Project Name; Building: The building; Storey: Level 2; Top Elevation: 2.2; Bottom Elevation: 0; Global Top Elevation: 2.2; Global Bottom Elevation: 0; Has Own Geometry: 1; Children Have Geometry: 0; Global X: -2.58689017622593; Global Y: -0.0119309058053361; Global Z: 0; Bounding Box Length: 0.9; Bounding Box Width: 0.250000000000002; Bounding Box Height: 2.2
3SeZP3UrX7r8QZkWJVgV$s,Wall 10 cm,. IsExternal: 0; WAHG: 3; WHLR: 4360BCB87296860; Project: Project Name; Building: The building; Storey: Level 2; Top Elevation: 3; Bottom Elevation: 0; Global Top Elevation: 3; Global Bottom Elevation: 0; Has Own Geometry: 1; Children Have Geometry: 1; Global X: -1.50168698646103; Global Y: 0.238069094194664; Global Z: 0; Bounding Box Length: 0.1; Bounding Box Width: 1.50488584948831; Bounding Box Height: 3
25Zi_GLFXBFeVrRhRpty_O,Opening Shape:Orthogonal,. Project: Project Name; Building: The building; Storey: Level 2; Top Elevation: 2.2; Bottom Elevation: 0; Global Top Elevation: 2.2; Global Bottom Elevation: 0; Has Own Geometry: 1; Children Have Geometry: 0; Global X: -1.50168698646103; Global Y: 0.238069094194664; Global Z: 0; Bounding Box Length: 0.1; Bounding Box Width: 1.50488323498033; Bounding Box Height: 2.2
1AIZlNven9bvDuG5eO$bQe,Wall 20 cm,. IsExternal: 0; WAHG: 0.7; WHLR: 4360BCB872CDD8B; Project: Project Name; Building: The building; Storey: Level 2; Top Elevation: 0.7; Bottom Elevation: 0; Global Top Elevation: 0.7; Global Bottom Elevation: 0; Has Own Geometry: 1; Children Have Geometry: 0; Global X: -10.4475283350678; Global Y: -3.98140523426072; Global Z: 0; Bounding Box Length: 4.20938259338357; Bounding Box Width: 0.201072692546074; Bounding Box Height: 0.7
1SNJ5bG0z1S9noRqO2v00k,Wall 20 cm,. IsExternal: 1; WAHG: 0.7; WHLR: 4360BCB87342881; Project: Project Name; Building: The building; Storey: Level 2; Top Elevation: 0.7; Bottom Elevation: 0; Global Top Elevation: 0.7; Global Bottom Elevation: 0; Has Own Geometry: 1; Children Have Geometry: 0; Global X: 3.85956091514092; Global Y: -1.84404680467381; Global Z: 0; Bounding Box Length: 0.2; Bounding Box Width: 4.87567257436977; Bounding Box Height: 0.7
3Jx_q2AN13tRmEfFlkaA_m,Wall 20 cm,. IsExternal: 0; WAHG: 0.7; WHLR: 4360BCB872CE51E; Project: Project Name; Building: The building; Storey: Level 2; Top Elevation: 0.7; Bottom Elevation: 0; Global Top Elevation: 0.7; Global Bottom Elevation: 0; Has Own Geometry: 1; Children Have Geometry: 0; Global X: -10.4475283350678; Global Y: -4.62336291521416; Global Z: 0; Bounding Box Length: 0.199999999999998; Bounding Box Width: 0.841904178640792; Bounding Box Height: 0.7
0XXGnxDHn1iu9jrU$cdDkF,Wall 20 cm,. IsExternal: 1; WAHG: 0.7; WHLR: 4360BCB873427E1; Project: Project Name; Building: The building; Storey: Level 2; Top Elevation: 0.7; Bottom Elevation: 0; Global Top Elevation: 0.7; Global Bottom Elevation: 0; Has Own Geometry: 1; Children Have Geometry: 0; Global X: 2.90956091514092; Global Y: -1.84404680467381; Global Z: 0; Bounding Box Length: 1.15; Bounding Box Width: 0.199999999999999; Bounding Box Height: 0.7
2jA6egjoHBOA5zaMEUg9kX,Wall 20 cm,. IsExternal: 0; WAHG: 0.7; WHLR: 4360BCB872C3C80; Project: Project Name; Building: The building; Storey: Level 2; Top Elevation: 0.7; Bottom Elevation: 0; Global Top Elevation: 0.7; Global Bottom Elevation: 0; Has Own Geometry: 1; Children Have Geometry: 0; Global X: 2.90956091514092; Global Y: -4.62336291521416; Global Z: 0; Bounding Box Length: 2.59975700836955; Bounding Box Width: 0.199999999999999; Bounding Box Height: 0.7
3PgXhOyIDBhu$2BH48XR$A,Wall 20 cm,. IsExternal: 1; WAHG: 0.7; WHLR: 4360BCB8729FAC8; Project: Project Name; Building: The building; Storey: Level 2; Top Elevation: 0.7; Bottom Elevation: 0; Global Top Elevation: 0.7; Global Bottom Elevation: 0; Has Own Geometry: 1; Children Have Geometry: 0; Global X: -1.48878346775562; Global Y: 8.95714368871726; Global Z: 0; Bounding Box Length: 1.53813581011938; Bounding Box Width: 0.199999999999999; Bounding Box Height: 0.7
16B7qeyiX9fwgV8l652Zay,Wall 20 cm,. IsExternal: 0; WAHG: 0.7; WHLR: 4360BCB872CDD03; Project: Project Name; Building: The building; Storey: Level 2; Top Elevation: 0.7; Bottom Elevation: 0; Global Top Elevation: 0.7; Global Bottom Elevation: 0; Has Own Geometry: 1; Children Have Geometry: 0; Global X: -10.4475283350678; Global Y: -1.58233226293216; Global Z: 0; Bounding Box Length: 4.20874071348755; Bounding Box Width: 0.201126030283614; Bounding Box Height: 0.7
1oWcZK$312iByHKXtjnmmW,Wall 20 cm,. IsExternal: 0; WAHG: 0.7; WHLR: 4360BCB872BD984; Project: Project Name; Building: The building; Storey: Level 2; Top Elevation: 0.7; Bottom Elevation: 0; Global Top Elevation: 0.7; Global Bottom Elevation: 0; Has Own Geometry: 1; Children Have Geometry: 0; Global X: -10.4475283350678; Global Y: -4.62336291521416; Global Z: 0; Bounding Box Length: 4.20955463446049; Bounding Box Width: 0.200000000000003; Bounding Box Height: 0.7
1OLup9jaj6oRc7GSp37wZN,Wall 20 cm,. IsExternal: 1; WAHG: 0.7; WHLR: 4360BCB8729FA71; Project: Project Name; Building: The building; Storey: Level 2; Top Elevation: 0.7; Bottom Elevation: 0; Global Top Elevation: 0.7; Global Bottom Elevation: 0; Has Own Geometry: 1; Children Have Geometry: 0; Global X: -10.4475283350678; Global Y: 8.95714368871726; Global Z: 0; Bounding Box Length: 7.71872915396679; Bounding Box Width: 0.200000000000001; Bounding Box Height: 0.7
27y1C5E994kv_6YjsazPPX,Wall 10 cm,. IsExternal: 0; WAHG: 3; WHLR: 4360BCB872A43A4; Project: Project Name; Building: The building; Storey: Level 2; Top Elevation: 3; Bottom Elevation: 0; Global Top Elevation: 3; Global Bottom Elevation: 0; Has Own Geometry: 1; Children Have Geometry: 1; Global X: -2.98689017622593; Global Y: -4.37336291521416; Global Z: 0; Bounding Box Length: 0.100000000000001; Bounding Box Width: 4.36143200940882; Bounding Box Height: 3
1CybRdDhTA58J2eBNOrTBT,Opening Shape:Orthogonal,. Project: Project Name; Building: The building; Storey: Level 2; Top Elevation: 2.5; Bottom Elevation: 0; Global Top Elevation: 2.5; Global Bottom Elevation: 0; Has Own Geometry: 1; Children Have Geometry: 0; Global X: -2.98689017622593; Global Y: -3.04335178429806; Global Z: 0; Bounding Box Length: 0.1; Bounding Box Width: 1; Bounding Box Height: 2.5
3Wqcwvijj5Kuux3X4ztw_F,Opening Shape:Orthogonal,. Project: Project Name; Building: The building; Storey: Level 2; Top Elevation: 2.5; Bottom Elevation: 1; Global Top Elevation: 2.5; Global Bottom Elevation: 1; Has Own Geometry: 1; Children Have Geometry: 0; Global X: -2.98689017622593; Global Y: -2.04335178429806; Global Z: 1; Bounding Box Length: 0.100000000000001; Bounding Box Width: 2.03142087849272; Bounding Box Height: 1.5
3gAFsx0SrCUvSGoXHHmxA0,Wall 10 cm,. IsExternal: 0; WAHG: 3; WHLR: 4360BCB872A4562; Project: Project Name; Building: The building; Storey: Level 2; Top Elevation: 3; Bottom Elevation: 0; Global Top Elevation: 3; Global Bottom Elevation: 0; Has Own Geometry: 1; Children Have Geometry: 1; Global X: -0.562273711393717; Global Y: -4.37336291521416; Global Z: 0; Bounding Box Length: 0.100000000000001; Bounding Box Width: 4.36143200940882; Bounding Box Height: 3
2MUdFJaUL3tefqMp1OJHZY,Opening Shape:Orthogonal,. Project: Project Name; Building: The building; Storey: Level 2; Top Elevation: 2.2; Bottom Elevation: 0; Global Top Elevation: 2.2; Global Bottom Elevation: 0; Has Own Geometry: 1; Children Have Geometry: 0; Global X: -0.562273711393717; Global Y: -2.64627562760232; Global Z: 0; Bounding Box Length: 0.100000000000001; Bounding Box Width: 1; Bounding Box Height: 2.2
3UekwVEsPEgQVlVDOeV2e4,Wall 10 cm,. IsExternal: 0; WAHG: 3; WHLR: 4360BCB872A4601; Project: Project Name; Building: The building; Storey: Level 2; Top Elevation: 3; Bottom Elevation: 0; Global Top Elevation: 3; Global Bottom Elevation: 0; Has Own Geometry: 1; Children Have Geometry: 0; Global X: -0.462273711393717; Global Y: -1.62872763680272; Global Z: 0; Bounding Box Length: 3.12183462653463; Bounding Box Width: 0.0999999999999996; Bounding Box Height: 3
1v2FAUS81CFfvI8fdrL5Ti,Wall 20 cm,. IsExternal: 0; WAHG: 0.7; WHLR: 4360BCB872BD876; Project: Project Name; Building: The building; Storey: Level 2; Top Elevation: 0.7; Bottom Elevation: 0; Global Top Elevation: 0.7; Global Bottom Elevation: 0; Has Own Geometry: 1; Children Have Geometry: 0; Global X: -10.4475283350678; Global Y: 4.09488341896879; Global Z: 0; Bounding Box Length: 4.20722209072183; Bounding Box Width: 0.199999999999999; Bounding Box Height: 0.7
1nhd9L2RD8Vf4__s8rp5fk,Wall 20 cm,. IsExternal: 0; WAHG: 0.7; WHLR: 4360BCB872BD962; Project: Project Name; Building: The building; Storey: Level 2; Top Elevation: 0.7; Bottom Elevation: 0; Global Top Elevation: 0.7; Global Bottom Elevation: 0; Has Own Geometry: 1; Children Have Geometry: 0; Global X: -10.4475283350678; Global Y: -1.58233226293216; Global Z: 0; Bounding Box Length: 0.199999999999998; Bounding Box Width: 5.87721568190095; Bounding Box Height: 0.7
1JmxN5Y1nBpejmNK7ZTufK,Wall 10 cm,. IsExternal: 0; WAHG: 3; WHLR: 4360BCB872A7983; Project: Project Name; Building: The building; Storey: Level 2; Top Elevation: 3; Bottom Elevation: 0; Global Top Elevation: 3; Global Bottom Elevation: 0; Has Own Geometry: 1; Children Have Geometry: 1; Global X: -0.462273711393717; Global Y: -2.80328799947873; Global Z: 0; Bounding Box Length: 1.4328170840769; Bounding Box Width: 0.100000000000001; Bounding Box Height: 3
31wlsfJwv57fDNRTDhrrRr,Opening Shape:Orthogonal,. Project: Project Name; Building: The building; Storey: Level 2; Top Elevation: 2.2; Bottom Elevation: 0; Global Top Elevation: 2.2; Global Bottom Elevation: 0; Has Own Geometry: 1; Children Have Geometry: 0; Global X: -0.407181767385589; Global Y: -2.80328799947873; Global Z: 0; Bounding Box Length: 0.75; Bounding Box Width: 0.100000000000001; Bounding Box Height: 2.2
1pAsSzsb543xYHpcFOfSjO,Wall 10 cm,. IsExternal: 0; WAHG: 3; WHLR: 4360BCB872A949E; Project: Project Name; Building: The building; Storey: Level 2; Top Elevation: 3; Bottom Elevation: 0; Global Top Elevation: 3; Global Bottom Elevation: 0; Has Own Geometry: 1; Children Have Geometry: 1; Global X: 0.970543372683185; Global Y: -4.37336291521416; Global Z: 0; Bounding Box Length: 0.1; Bounding Box Width: 2.74463527841144; Bounding Box Height: 3
0WVNpYemX5d8_CG3pWBPXW,Opening Shape:Orthogonal,. Project: Project Name; Building: The building; Storey: Level 2; Top Elevation: 2.2; Bottom Elevation: 0; Global Top Elevation: 2.2; Global Bottom Elevation: 0; Has Own Geometry: 1; Children Have Geometry: 0; Global X: 0.970543372683185; Global Y: -2.38953830750092; Global Z: 0; Bounding Box Length: 0.1; Bounding Box Width: 0.750000000000002; Bounding Box Height: 2.2
11TI0g7X53cuBGw$DZYrOC,Storey 2 - Beam 11 (20 cm),. Project: Project Name; Building: The building; Storey: Level 2; Top Elevation: 0.7; Bottom Elevation: 0.4; Global Top Elevation: 0.7; Global Bottom Elevation: 0.4; Has Own Geometry: 1; Children Have Geometry: 0; Global X: 2.90956091514092; Global Y: -1.84404680467381; Global Z: 0.4; Bounding Box Length: 1.15; Bounding Box Width: 0.199999999999999; Bounding Box Height: 0.3
1D7BZzKXX2t8yIr3AkI3BE,Storey 2 - Beam 1 (25 cm),. Project: Project Name; Building: The building; Storey: Level 2; Top Elevation: 3; Bottom Elevation: 2.7; Global Top Elevation: 3; Global Bottom Elevation: 2.7; Has Own Geometry: 1; Children Have Geometry: 0; Global X: -5.9828499602607; Global Y: 4.30672057800116; Global Z: 2.7; Bounding Box Length: 8.89241087540161; Bounding Box Width: 0.252072141894972; Bounding Box Height: 0.3
01VBl8Ze1CUgQZFKa$UH22,Storey 2 - Beam 10 (20 cm),. Project: Project Name; Building: The building; Storey: Level 2; Top Elevation: 0.7; Bottom Elevation: 0.4; Global Top Elevation: 0.7; Global Bottom Elevation: 0.4; Has Own Geometry: 1; Children Have Geometry: 0; Global X: -1.28878346775562; Global Y: 8.95714368871726; Global Z: 0.4; Bounding Box Length: 1.33813581011938; Bounding Box Width: 0.199999999999998; Bounding Box Height: 0.3
1gHvbhnob4$fMuxOIdtS2B,Storey 2 - Beam 6 (20 cm),. Project: Project Name; Building: The building; Storey: Level 2; Top Elevation: 0.7; Bottom Elevation: 0.4; Global Top Elevation: 0.7; Global Bottom Elevation: 0.4; Has Own Geometry: 1; Children Have Geometry: 0; Global X: -5.58034412649073; Global Y: 5.66541977022443; Global Z: 0.4; Bounding Box Length: 0.2; Bounding Box Width: 2.39823069056248; Bounding Box Height: 0.3
2Z2Ye$W29FMwAKdPynrF0H,Storey 2 - Beam 4 (25 cm),. Project: Project Name; Building: The building; Storey: Level 2; Top Elevation: 3; Bottom Elevation: 2.7; Global Top Elevation: 3; Global Bottom Elevation: 2.7; Has Own Geometry: 1; Children Have Geometry: 0; Global X: -6.24036367474334; Global Y: -4.62336291521416; Global Z: 2.7; Bounding Box Length: 0.252389965188302; Bounding Box Width: 8.93296829599264; Bounding Box Height: 0.3
2$iIxl721Cku4y2U7KYjJV,Storey 2 - Beam 7 (20 cm),. Project: Project Name; Building: The building; Storey: Level 2; Top Elevation: 0.7; Bottom Elevation: 0.4; Global Top Elevation: 0.7; Global Bottom Elevation: 0.4; Has Own Geometry: 1; Children Have Geometry: 0; Global X: -10.4475283350678; Global Y: 7.86365046078691; Global Z: 0.4; Bounding Box Length: 0.199999999999998; Bounding Box Width: 1.29349322793036; Bounding Box Height: 0.3
0GM$VISpb2gP6$aoszOIVV,Storey 2 - Beam 8 (20 cm),. Project: Project Name; Building: The building; Storey: Level 2; Top Elevation: 0.7; Bottom Elevation: 0.4; Global Top Elevation: 0.7; Global Bottom Elevation: 0.4; Has Own Geometry: 1; Children Have Geometry: 0; Global X: -1.48878346775562; Global Y: 5.43509238836715; Global Z: 0.4; Bounding Box Length: 1.53813581011938; Bounding Box Width: 0.199999999999999; Bounding Box Height: 0.3
3DPuvOQNb04g9VUQzQEq05,Storey 2 - Beam 12 (20 cm),. Project: Project Name; Building: The building; Storey: Level 2; Top Elevation: 0.7; Bottom Elevation: 0.4; Global Top Elevation: 0.7; Global Bottom Elevation: 0.4; Has Own Geometry: 1; Children Have Geometry: 0; Global X: 3.85956091514092; Global Y: -1.84404680467381; Global Z: 0.4; Bounding Box Length: 0.2; Bounding Box Width: 4.87567257436977; Bounding Box Height: 0.3
0OX1Wd_7z8Cgn9Reg9_iXc,Storey 2 - Beam 5 (20 cm),. Project: Project Name; Building: The building; Storey: Level 2; Top Elevation: 0.7; Bottom Elevation: 0.4; Global Top Elevation: 0.7; Global Bottom Elevation: 0.4; Has Own Geometry: 1; Children Have Geometry: 0; Global X: -2.92879918110104; Global Y: 5.66541977022444; Global Z: 0.4; Bounding Box Length: 0.200000000000001; Bounding Box Width: 3.49172391849283; Bounding Box Height: 0.3
0xGUMo64n2p8X0_Z_y1G1d,Storey 2 - Beam 3 (25 cm),. Project: Project Name; Building: The building; Storey: Level 2; Top Elevation: 3; Bottom Elevation: 2.7; Global Top Elevation: 3; Global Bottom Elevation: 2.7; Has Own Geometry: 1; Children Have Geometry: 0; Global X: -6.23797370060734; Global Y: -4.62336291521416; Global Z: 2.7; Bounding Box Length: 9.14753461574826; Bounding Box Width: 0.25; Bounding Box Height: 0.3
2wa8lh9hvEpgVLnp67AXa2,Storey 2 - Beam 2 (25 cm),. Project: Project Name; Building: The building; Storey: Level 2; Top Elevation: 3; Bottom Elevation: 2.7; Global Top Elevation: 3; Global Bottom Elevation: 2.7; Has Own Geometry: 1; Children Have Geometry: 0; Global X: 2.65956091514092; Global Y: -4.62336291521416; Global Z: 2.7; Bounding Box Length: 0.25; Bounding Box Width: 9.18008348642769; Bounding Box Height: 0.3
3WhAx7fGz5EPSWRbPGOMA$,Storey 2 - Beam 9 (20 cm),. Project: Project Name; Building: The building; Storey: Level 2; Top Elevation: 0.7; Bottom Elevation: 0.4; Global Top Elevation: 0.7; Global Bottom Elevation: 0.4; Has Own Geometry: 1; Children Have Geometry: 0; Global X: -10.4475283350678; Global Y: 8.95714368871726; Global Z: 0.4; Bounding Box Length: 7.51872915396679; Bounding Box Width: 0.200000000000001; Bounding Box Height: 0.3
1dQuIYM1929ODkdS44Kj5E,Storey 2 - Slab 2 (4 cm),. HWPO: 0; SC2D: 6; SC3D1: 251; SC3D2: 251; SCSC: 251; Project: Project Name; Building: The building; Storey: Level 2; Top Elevation: 0.04; Bottom Elevation: 0; Global Top Elevation: 0.04; Global Bottom Elevation: 0; Has Own Geometry: 1; Children Have Geometry: 1; Global X: 1.27784347438386; Global Y: 4.55672057121353; Global Z: 0; Bounding Box Length: 1.21452381761904; Bounding Box Width: 0.459411637725328; Bounding Box Height: 0.04
16rWLiZrT3_uto9ScgQrT1,Storey 2 - Slab 2 (4 cm) - Opening 1,. Project: Project Name; Building: The building; Storey: Level 2; Top Elevation: 0.04; Bottom Elevation: 0; Global Top Elevation: 0.04; Global Bottom Elevation: 0; Has Own Geometry: 1; Children Have Geometry: 0; Global X: 1.29949196396065; Global Y: 4.97562533532852; Global Z: 0; Bounding Box Length: 0.175974564896843; Bounding Box Width: 0.0264536927622707; Bounding Box Height: 0.04
1yfDcMiD985B4Kz7MMd9i7,Storey 2 - Slab 2 (4 cm) - Opening 2,. Project: Project Name; Building: The building; Storey: Level 2; Top Elevation: 0.04; Bottom Elevation: 0; Global Top Elevation: 0.04; Global Bottom Elevation: 0; Has Own Geometry: 1; Children Have Geometry: 0; Global X: 1.29949196396065; Global Y: 4.93167256884175; Global Z: 0; Bounding Box Length: 0.175974564896843; Bounding Box Width: 0.0264536927622707; Bounding Box Height: 0.04
3OUl6A6rzBbx5LZzoRoIuw,Storey 2 - Slab 2 (4 cm) - Opening 3,. Project: Project Name; Building: The building; Storey: Level 2; Top Elevation: 0.04; Bottom Elevation: 0; Global Top Elevation: 0.04; Global Bottom Elevation: 0; Has Own Geometry: 1; Children Have Geometry: 0; Global X: 1.29949196396065; Global Y: 4.88505599832547; Global Z: 0; Bounding Box Length: 0.175974564896843; Bounding Box Width: 0.0264536927622707; Bounding Box Height: 0.04
0sdhn4xff1R87jfQjUAv9d,Storey 2 - Slab 2 (4 cm) - Opening 4,. Project: Project Name; Building: The building; Storey: Level 2; Top Elevation: 0.04; Bottom Elevation: 0; Global Top Elevation: 0.04; Global Bottom Elevation: 0; Has Own Geometry: 1; Children Have Geometry: 0; Global X: 1.29949196396065; Global Y: 4.8384394278092; Global Z: 0; Bounding Box Length: 0.175974564896843; Bounding Box Width: 0.0264536927622707; Bounding Box Height: 0.04
0VzIdeW9f5Evgt_kkRp5cO,Storey 2 - Slab 2 (4 cm) - Opening 5,. Project: Project Name; Building: The building; Storey: Level 2; Top Elevation: 0.04; Bottom Elevation: 0; Global Top Elevation: 0.04; Global Bottom Elevation: 0; Has Own Geometry: 1; Children Have Geometry: 0; Global X: 1.29949196396065; Global Y: 4.79182285729292; Global Z: 0; Bounding Box Length: 0.175974564896843; Bounding Box Width: 0.0264536927622707; Bounding Box Height: 0.04
0FX9E7lTL4_x9Tx_0_48JH,Storey 2 - Slab 2 (4 cm) - Opening 6,. Project: Project Name; Building: The building; Storey: Level 2; Top Elevation: 0.04; Bottom Elevation: 0; Global Top Elevation: 0.04; Global Bottom Elevation: 0; Has Own Geometry: 1; Children Have Geometry: 0; Global X: 1.29949196396065; Global Y: 4.74387438476189; Global Z: 0; Bounding Box Length: 0.175974564896843; Bounding Box Width: 0.0264536927622707; Bounding Box Height: 0.04
3wpTpCHOzC5PJkNoeDdJ92,Storey 2 - Slab 2 (4 cm) - Opening 7,. Project: Project Name; Building: The building; Storey: Level 2; Top Elevation: 0.04; Bottom Elevation: 0; Global Top Elevation: 0.04; Global Bottom Elevation: 0; Has Own Geometry: 1; Children Have Geometry: 0; Global X: 1.29949196396065; Global Y: 4.70125352028987; Global Z: 0; Bounding Box Length: 0.175974564896843; Bounding Box Width: 0.0264536927622707; Bounding Box Height: 0.04
28y2d_PGj4vha5e7OnUKZQ,Storey 2 - Slab 2 (4 cm) - Opening 8,. Project: Project Name; Building: The building; Storey: Level 2; Top Elevation: 0.04; Bottom Elevation: 0; Global Top Elevation: 0.04; Global Bottom Elevation: 0; Has Own Geometry: 1; Children Have Geometry: 0; Global X: 1.29949196396065; Global Y: 4.65730075380309; Global Z: 0; Bounding Box Length: 0.175974564896843; Bounding Box Width: 0.0264536927622707; Bounding Box Height: 0.04
2H_wGqTfz8cBkCF9Lk0u$X,Storey 2 - Slab 2 (4 cm) - Opening 9,. Project: Project Name; Building: The building; Storey: Level 2; Top Elevation: 0.04; Bottom Elevation: 0; Global Top Elevation: 0.04; Global Bottom Elevation: 0; Has Own Geometry: 1; Children Have Geometry: 0; Global X: 1.29949196396065; Global Y: 4.61467988933107; Global Z: 0; Bounding Box Length: 0.175974564896843; Bounding Box Width: 0.0264536927622707; Bounding Box Height: 0.04
2yFAPIuX944xu7hED32fRh,Storey 2 - Slab 2 (4 cm) - Opening 10,. Project: Project Name; Building: The building; Storey: Level 2; Top Elevation: 0.04; Bottom Elevation: 0; Global Top Elevation: 0.04; Global Bottom Elevation: 0; Has Own Geometry: 1; Children Have Geometry: 0; Global X: 1.29949196396065; Global Y: 4.57205902485905; Global Z: 0; Bounding Box Length: 0.175974564896843; Bounding Box Width: 0.0264536927622707; Bounding Box Height: 0.04
3HPi5ttjXD0RSJl2cE4sGa,Storey 2 - Slab 2 (4 cm) - Opening 11,. Project: Project Name; Building: The building; Storey: Level 2; Top Elevation: 0.04; Bottom Elevation: 0; Global Top Elevation: 0.04; Global Bottom Elevation: 0; Has Own Geometry: 1; Children Have Geometry: 0; Global X: 1.49971411450171; Global Y: 4.97562533532852; Global Z: 0; Bounding Box Length: 0.175974564896843; Bounding Box Width: 0.0264536927622707; Bounding Box Height: 0.04
2imZmDyVr1I9ykHT6$OlAg,Storey 2 - Slab 2 (4 cm) - Opening 12,. Project: Project Name; Building: The building; Storey: Level 2; Top Elevation: 0.04; Bottom Elevation: 0; Global Top Elevation: 0.04; Global Bottom Elevation: 0; Has Own Geometry: 1; Children Have Geometry: 0; Global X: 1.49971411450171; Global Y: 4.93167256884175; Global Z: 0; Bounding Box Length: 0.175974564896843; Bounding Box Width: 0.0264536927622707; Bounding Box Height: 0.04
0OOX8sWj59O9YonR67HFdB,Storey 2 - Slab 2 (4 cm) - Opening 13,. Project: Project Name; Building: The building; Storey: Level 2; Top Elevation: 0.04; Bottom Elevation: 0; Global Top Elevation: 0.04; Global Bottom Elevation: 0; Has Own Geometry: 1; Children Have Geometry: 0; Global X: 1.49971411450171; Global Y: 4.88505599832547; Global Z: 0; Bounding Box Length: 0.175974564896843; Bounding Box Width: 0.0264536927622707; Bounding Box Height: 0.04
1KqSSfeWbD490wvwUg9tYb,Storey 2 - Slab 2 (4 cm) - Opening 14,. Project: Project Name; Building: The building; Storey: Level 2; Top Elevation: 0.04; Bottom Elevation: 0; Global Top Elevation: 0.04; Global Bottom Elevation: 0; Has Own Geometry: 1; Children Have Geometry: 0; Global X: 1.49971411450171; Global Y: 4.8384394278092; Global Z: 0; Bounding Box Length: 0.175974564896843; Bounding Box Width: 0.0264536927622707; Bounding Box Height: 0.04
1vDj5o$XPC78qZ5GLm7BEx,Storey 2 - Slab 2 (4 cm) - Opening 15,. Project: Project Name; Building: The building; Storey: Level 2; Top Elevation: 0.04; Bottom Elevation: 0; Global Top Elevation: 0.04; Global Bottom Elevation: 0; Has Own Geometry: 1; Children Have Geometry: 0; Global X: 1.49971411450171; Global Y: 4.79182285729292; Global Z: 0; Bounding Box Length: 0.175974564896843; Bounding Box Width: 0.0264536927622707; Bounding Box Height: 0.04
0LrtgTz5D4IPuwguXOsAGA,Storey 2 - Slab 2 (4 cm) - Opening 16,. Project: Project Name; Building: The building; Storey: Level 2; Top Elevation: 0.04; Bottom Elevation: 0; Global Top Elevation: 0.04; Global Bottom Elevation: 0; Has Own Geometry: 1; Children Have Geometry: 0; Global X: 1.49971411450171; Global Y: 4.74387438476189; Global Z: 0; Bounding Box Length: 0.175974564896843; Bounding Box Width: 0.0264536927622707; Bounding Box Height: 0.04
3xAcu_XFv7LOWoKV6HMSIq,Storey 2 - Slab 2 (4 cm) - Opening 17,. Project: Project Name; Building: The building; Storey: Level 2; Top Elevation: 0.04; Bottom Elevation: 0; Global Top Elevation: 0.04; Global Bottom Elevation: 0; Has Own Geometry: 1; Children Have Geometry: 0; Global X: 1.49971411450171; Global Y: 4.70125352028987; Global Z: 0; Bounding Box Length: 0.175974564896843; Bounding Box Width: 0.0264536927622707; Bounding Box Height: 0.04
3RPmPVP3rE0B21eLsaaj9J,Storey 2 - Slab 2 (4 cm) - Opening 18,. Project: Project Name; Building: The building; Storey: Level 2; Top Elevation: 0.04; Bottom Elevation: 0; Global Top Elevation: 0.04; Global Bottom Elevation: 0; Has Own Geometry: 1; Children Have Geometry: 0; Global X: 1.49971411450171; Global Y: 4.65730075380309; Global Z: 0; Bounding Box Length: 0.175974564896843; Bounding Box Width: 0.0264536927622707; Bounding Box Height: 0.04
12TaJiaJrBOO9wEAhxj_rA,Storey 2 - Slab 2 (4 cm) - Opening 19,. Project: Project Name; Building: The building; Storey: Level 2; Top Elevation: 0.04; Bottom Elevation: 0; Global Top Elevation: 0.04; Global Bottom Elevation: 0; Has Own Geometry: 1; Children Have Geometry: 0; Global X: 1.49971411450171; Global Y: 4.61467988933107; Global Z: 0; Bounding Box Length: 0.175974564896843; Bounding Box Width: 0.0264536927622707; Bounding Box Height: 0.04
0YjaPvHNXBZxsIm6jfrhCn,Storey 2 - Slab 2 (4 cm) - Opening 20,. Project: Project Name; Building: The building; Storey: Level 2; Top Elevation: 0.04; Bottom Elevation: 0; Global Top Elevation: 0.04; Global Bottom Elevation: 0; Has Own Geometry: 1; Children Have Geometry: 0; Global X: 1.49971411450171; Global Y: 4.57205902485905; Global Z: 0; Bounding Box Length: 0.175974564896843; Bounding Box Width: 0.0264536927622707; Bounding Box Height: 0.04
1hOTRCi_n4bQkcg3TzRR4e,Storey 2 - Slab 2 (4 cm) - Opening 21,. Project: Project Name; Building: The building; Storey: Level 2; Top Elevation: 0.04; Bottom Elevation: 0; Global Top Elevation: 0.04; Global Bottom Elevation: 0; Has Own Geometry: 1; Children Have Geometry: 0; Global X: 1.70145309951658; Global Y: 4.97562533532852; Global Z: 0; Bounding Box Length: 0.175974564896842; Bounding Box Width: 0.0264536927622707; Bounding Box Height: 0.04
2oz8QyvqLBA8HiAVPfPj2H,Storey 2 - Slab 2 (4 cm) - Opening 22,. Project: Project Name; Building: The building; Storey: Level 2; Top Elevation: 0.04; Bottom Elevation: 0; Global Top Elevation: 0.04; Global Bottom Elevation: 0; Has Own Geometry: 1; Children Have Geometry: 0; Global X: 1.70145309951658; Global Y: 4.93167256884175; Global Z: 0; Bounding Box Length: 0.175974564896842; Bounding Box Width: 0.0264536927622707; Bounding Box Height: 0.04
2SokBrO85EYRhT$rvXr8cd,Storey 2 - Slab 2 (4 cm) - Opening 23,. Project: Project Name; Building: The building; Storey: Level 2; Top Elevation: 0.04; Bottom Elevation: 0; Global Top Elevation: 0.04; Global Bottom Elevation: 0; Has Own Geometry: 1; Children Have Geometry: 0; Global X: 1.70145309951658; Global Y: 4.88505599832547; Global Z: 0; Bounding Box Length: 0.175974564896842; Bounding Box Width: 0.0264536927622707; Bounding Box Height: 0.04
1UXCSOOefDI8QyeTOc15rL,Storey 2 - Slab 2 (4 cm) - Opening 24,. Project: Project Name; Building: The building; Storey: Level 2; Top Elevation: 0.04; Bottom Elevation: 0; Global Top Elevation: 0.04; Global Bottom Elevation: 0; Has Own Geometry: 1; Children Have Geometry: 0; Global X: 1.70145309951658; Global Y: 4.8384394278092; Global Z: 0; Bounding Box Length: 0.175974564896842; Bounding Box Width: 0.0264536927622707; Bounding Box Height: 0.04
2FL98McZb2Y82URyfR0Gmc,Storey 2 - Slab 2 (4 cm) - Opening 25,. Project: Project Name; Building: The building; Storey: Level 2; Top Elevation: 0.04; Bottom Elevation: 0; Global Top Elevation: 0.04; Global Bottom Elevation: 0; Has Own Geometry: 1; Children Have Geometry: 0; Global X: 1.70145309951658; Global Y: 4.79182285729292; Global Z: 0; Bounding Box Length: 0.175974564896842; Bounding Box Width: 0.0264536927622707; Bounding Box Height: 0.04
2AVDCA98f4_eu9LdP8W2ke,Storey 2 - Slab 2 (4 cm) - Opening 26,. Project: Project Name; Building: The building; Storey: Level 2; Top Elevation: 0.04; Bottom Elevation: 0; Global Top Elevation: 0.04; Global Bottom Elevation: 0; Has Own Geometry: 1; Children Have Geometry: 0; Global X: 1.70145309951658; Global Y: 4.74387438476189; Global Z: 0; Bounding Box Length: 0.175974564896842; Bounding Box Width: 0.0264536927622707; Bounding Box Height: 0.04
1FUlFx4N1999KWf_7UgNjM,Storey 2 - Slab 2 (4 cm) - Opening 27,. Project: Project Name; Building: The building; Storey: Level 2; Top Elevation: 0.04; Bottom Elevation: 0; Global Top Elevation: 0.04; Global Bottom Elevation: 0; Has Own Geometry: 1; Children Have Geometry: 0; Global X: 1.70145309951658; Global Y: 4.70125352028987; Global Z: 0; Bounding Box Length: 0.175974564896842; Bounding Box Width: 0.0264536927622707; Bounding Box Height: 0.04
3FOn6oV6H5sQqFDHNCGfxs,Storey 2 - Slab 2 (4 cm) - Opening 28,. Project: Project Name; Building: The building; Storey: Level 2; Top Elevation: 0.04; Bottom Elevation: 0; Global Top Elevation: 0.04; Global Bottom Elevation: 0; Has Own Geometry: 1; Children Have Geometry: 0; Global X: 1.70145309951658; Global Y: 4.65730075380309; Global Z: 0; Bounding Box Length: 0.175974564896842; Bounding Box Width: 0.0264536927622707; Bounding Box Height: 0.04
3IMMn2VKjBCwce_aw8SZFt,Storey 2 - Slab 2 (4 cm) - Opening 29,. Project: Project Name; Building: The building; Storey: Level 2; Top Elevation: 0.04; Bottom Elevation: 0; Global Top Elevation: 0.04; Global Bottom Elevation: 0; Has Own Geometry: 1; Children Have Geometry: 0; Global X: 1.70145309951658; Global Y: 4.61467988933107; Global Z: 0; Bounding Box Length: 0.175974564896842; Bounding Box Width: 0.0264536927622707; Bounding Box Height: 0.04
3HyU2HYlHB0hxcuBgl$UKI,Storey 2 - Slab 2 (4 cm) - Opening 30,. Project: Project Name; Building: The building; Storey: Level 2; Top Elevation: 0.04; Bottom Elevation: 0; Global Top Elevation: 0.04; Global Bottom Elevation: 0; Has Own Geometry: 1; Children Have Geometry: 0; Global X: 1.70145309951658; Global Y: 4.57205902485905; Global Z: 0; Bounding Box Length: 0.175974564896842; Bounding Box Width: 0.0264536927622707; Bounding Box Height: 0.04
1mszr2TVn27BIMDzEo6nb9,Storey 2 - Slab 2 (4 cm) - Opening 31,. Project: Project Name; Building: The building; Storey: Level 2; Top Elevation: 0.04; Bottom Elevation: 0; Global Top Elevation: 0.04; Global Bottom Elevation: 0; Has Own Geometry: 1; Children Have Geometry: 0; Global X: 1.90015841558385; Global Y: 4.97562533532852; Global Z: 0; Bounding Box Length: 0.175974564896843; Bounding Box Width: 0.0264536927622707; Bounding Box Height: 0.04
1SnyAndTfEu97YFPmUDVf0,Storey 2 - Slab 2 (4 cm) - Opening 32,. Project: Project Name; Building: The building; Storey: Level 2; Top Elevation: 0.04; Bottom Elevation: 0; Global Top Elevation: 0.04; Global Bottom Elevation: 0; Has Own Geometry: 1; Children Have Geometry: 0; Global X: 2.09768741103879; Global Y: 4.97562533532852; Global Z: 0; Bounding Box Length: 0.175974564896842; Bounding Box Width: 0.0264536927622707; Bounding Box Height: 0.04
1raUO$k8PCyOK0sRGfRKre,Storey 2 - Slab 2 (4 cm) - Opening 33,. Project: Project Name; Building: The building; Storey: Level 2; Top Elevation: 0.04; Bottom Elevation: 0; Global Top Elevation: 0.04; Global Bottom Elevation: 0; Has Own Geometry: 1; Children Have Geometry: 0; Global X: 2.29639272710606; Global Y: 4.97562533532852; Global Z: 0; Bounding Box Length: 0.175974564896842; Bounding Box Width: 0.0264536927622707; Bounding Box Height: 0.04
1Zl5ot0_LDSOA0ILNRU37X,Storey 2 - Slab 2 (4 cm) - Opening 34,. Project: Project Name; Building: The building; Storey: Level 2; Top Elevation: 0.04; Bottom Elevation: 0; Global Top Elevation: 0.04; Global Bottom Elevation: 0; Has Own Geometry: 1; Children Have Geometry: 0; Global X: 1.90015841558385; Global Y: 4.93167256884175; Global Z: 0; Bounding Box Length: 0.175974564896843; Bounding Box Width: 0.0264536927622707; Bounding Box Height: 0.04
37CRTzKLD1SR2DO8VQNVYl,Storey 2 - Slab 2 (4 cm) - Opening 35,. Project: Project Name; Building: The building; Storey: Level 2; Top Elevation: 0.04; Bottom Elevation: 0; Global Top Elevation: 0.04; Global Bottom Elevation: 0; Has Own Geometry: 1; Children Have Geometry: 0; Global X: 2.09768741103879; Global Y: 4.93167256884175; Global Z: 0; Bounding Box Length: 0.175974564896842; Bounding Box Width: 0.0264536927622707; Bounding Box Height: 0.04
3BO_jJ$gbCdeexpIk_rkV8,Storey 2 - Slab 2 (4 cm) - Opening 36,. Project: Project Name; Building: The building; Storey: Level 2; Top Elevation: 0.04; Bottom Elevation: 0; Global Top Elevation: 0.04; Global Bottom Elevation: 0; Has Own Geometry: 1; Children Have Geometry: 0; Global X: 2.29639272710606; Global Y: 4.93167256884175; Global Z: 0; Bounding Box Length: 0.175974564896842; Bounding Box Width: 0.0264536927622707; Bounding Box Height: 0.04
3mSzh0rCr5NPnexkXHzCNc,Storey 2 - Slab 2 (4 cm) - Opening 37,. Project: Project Name; Building: The building; Storey: Level 2; Top Elevation: 0.04; Bottom Elevation: 0; Global Top Elevation: 0.04; Global Bottom Elevation: 0; Has Own Geometry: 1; Children Have Geometry: 0; Global X: 1.90015841558385; Global Y: 4.88505599832547; Global Z: 0; Bounding Box Length: 0.175974564896843; Bounding Box Width: 0.0264536927622707; Bounding Box Height: 0.04
3drtwCc9HDqvF5AnKGve2M,Storey 2 - Slab 2 (4 cm) - Opening 38,. Project: Project Name; Building: The building; Storey: Level 2; Top Elevation: 0.04; Bottom Elevation: 0; Global Top Elevation: 0.04; Global Bottom Elevation: 0; Has Own Geometry: 1; Children Have Geometry: 0; Global X: 2.09768741103879; Global Y: 4.88505599832547; Global Z: 0; Bounding Box Length: 0.175974564896842; Bounding Box Width: 0.0264536927622707; Bounding Box Height: 0.04
34PN5SJ1z6bwYu8vYQP9Ye,Storey 2 - Slab 2 (4 cm) - Opening 39,. Project: Project Name; Building: The building; Storey: Level 2; Top Elevation: 0.04; Bottom Elevation: 0; Global Top Elevation: 0.04; Global Bottom Elevation: 0; Has Own Geometry: 1; Children Have Geometry: 0; Global X: 1.90015841558385; Global Y: 4.8384394278092; Global Z: 0; Bounding Box Length: 0.175974564896843; Bounding Box Width: 0.0264536927622707; Bounding Box Height: 0.04
08isO2Y6b6Hx6yIfVz6Cgu,Storey 2 - Slab 2 (4 cm) - Opening 40,. Project: Project Name; Building: The building; Storey: Level 2; Top Elevation: 0.04; Bottom Elevation: 0; Global Top Elevation: 0.04; Global Bottom Elevation: 0; Has Own Geometry: 1; Children Have Geometry: 0; Global X: 2.09768741103879; Global Y: 4.8384394278092; Global Z: 0; Bounding Box Length: 0.175974564896842; Bounding Box Width: 0.0264536927622707; Bounding Box Height: 0.04
3gPlsQfP5EbRBDjrTtlJVT,Storey 2 - Slab 2 (4 cm) - Opening 41,. Project: Project Name; Building: The building; Storey: Level 2; Top Elevation: 0.04; Bottom Elevation: 0; Global Top Elevation: 0.04; Global Bottom Elevation: 0; Has Own Geometry: 1; Children Have Geometry: 0; Global X: 1.90015841558385; Global Y: 4.79182285729292; Global Z: 0; Bounding Box Length: 0.175974564896843; Bounding Box Width: 0.0264536927622707; Bounding Box Height: 0.04
1C3FFX1Gr8lP45TmxADpao,Storey 2 - Slab 2 (4 cm) - Opening 42,. Project: Project Name; Building: The building; Storey: Level 2; Top Elevation: 0.04; Bottom Elevation: 0; Global Top Elevation: 0.04; Global Bottom Elevation: 0; Has Own Geometry: 1; Children Have Geometry: 0; Global X: 2.09768741103879; Global Y: 4.79182285729292; Global Z: 0; Bounding Box Length: 0.175974564896842; Bounding Box Width: 0.0264536927622707; Bounding Box Height: 0.04
3RHm69zJr2GOu3RdB2_4Nd,Storey 2 - Slab 2 (4 cm) - Opening 43,. Project: Project Name; Building: The building; Storey: Level 2; Top Elevation: 0.04; Bottom Elevation: 0; Global Top Elevation: 0.04; Global Bottom Elevation: 0; Has Own Geometry: 1; Children Have Geometry: 0; Global X: 1.90015841558385; Global Y: 4.74387438476189; Global Z: 0; Bounding Box Length: 0.175974564896843; Bounding Box Width: 0.0264536927622707; Bounding Box Height: 0.04
21VinmisHAPBL6a2KAJWWY,Storey 2 - Slab 2 (4 cm) - Opening 44,. Project: Project Name; Building: The building; Storey: Level 2; Top Elevation: 0.04; Bottom Elevation: 0; Global Top Elevation: 0.04; Global Bottom Elevation: 0; Has Own Geometry: 1; Children Have Geometry: 0; Global X: 2.09768741103879; Global Y: 4.74387438476189; Global Z: 0; Bounding Box Length: 0.175974564896842; Bounding Box Width: 0.0264536927622707; Bounding Box Height: 0.04
2ZjcNqvRD2UhYCZWza_pwW,Storey 2 - Slab 2 (4 cm) - Opening 45,. Project: Project Name; Building: The building; Storey: Level 2; Top Elevation: 0.04; Bottom Elevation: 0; Global Top Elevation: 0.04; Global Bottom Elevation: 0; Has Own Geometry: 1; Children Have Geometry: 0; Global X: 1.90015841558385; Global Y: 4.70125352028987; Global Z: 0; Bounding Box Length: 0.175974564896843; Bounding Box Width: 0.0264536927622707; Bounding Box Height: 0.04
3SrSWNJ0537g1JQ2GTpMFX,Storey 2 - Slab 2 (4 cm) - Opening 46,. Project: Project Name; Building: The building; Storey: Level 2; Top Elevation: 0.04; Bottom Elevation: 0; Global Top Elevation: 0.04; Global Bottom Elevation: 0; Has Own Geometry: 1; Children Have Geometry: 0; Global X: 1.90015841558385; Global Y: 4.65730075380309; Global Z: 0; Bounding Box Length: 0.175974564896843; Bounding Box Width: 0.0264536927622707; Bounding Box Height: 0.04
115WQsRlr3wuOERYj0GnI_,Storey 2 - Slab 2 (4 cm) - Opening 47,. Project: Project Name; Building: The building; Storey: Level 2; Top Elevation: 0.04; Bottom Elevation: 0; Global Top Elevation: 0.04; Global Bottom Elevation: 0; Has Own Geometry: 1; Children Have Geometry: 0; Global X: 1.90015841558385; Global Y: 4.61467988933107; Global Z: 0; Bounding Box Length: 0.175974564896843; Bounding Box Width: 0.0264536927622707; Bounding Box Height: 0.04
34ka1klzj6nB4oT6vzIy71,Storey 2 - Slab 2 (4 cm) - Opening 48,. Project: Project Name; Building: The building; Storey: Level 2; Top Elevation: 0.04; Bottom Elevation: 0; Global Top Elevation: 0.04; Global Bottom Elevation: 0; Has Own Geometry: 1; Children Have Geometry: 0; Global X: 1.90015841558385; Global Y: 4.57205902485905; Global Z: 0; Bounding Box Length: 0.175974564896843; Bounding Box Width: 0.0264536927622707; Bounding Box Height: 0.04
1MfaRnsFj8HQkiPKdnHGkq,Storey 2 - Slab 2 (4 cm) - Opening 49,. Project: Project Name; Building: The building; Storey: Level 2; Top Elevation: 0.04; Bottom Elevation: 0; Global Top Elevation: 0.04; Global Bottom Elevation: 0; Has Own Geometry: 1; Children Have Geometry: 0; Global X: 2.09768741103879; Global Y: 4.70125352028987; Global Z: 0; Bounding Box Length: 0.175974564896842; Bounding Box Width: 0.0264536927622707; Bounding Box Height: 0.04
3TwxrC9ab1CRlJo_HEjw2Q,Storey 2 - Slab 2 (4 cm) - Opening 50,. Project: Project Name; Building: The building; Storey: Level 2; Top Elevation: 0.04; Bottom Elevation: 0; Global Top Elevation: 0.04; Global Bottom Elevation: 0; Has Own Geometry: 1; Children Have Geometry: 0; Global X: 2.09768741103879; Global Y: 4.65730075380309; Global Z: 0; Bounding Box Length: 0.175974564896842; Bounding Box Width: 0.0264536927622707; Bounding Box Height: 0.04
1_FjCogLn6jBx66EivJ1Pk,Storey 2 - Slab 2 (4 cm) - Opening 51,. Project: Project Name; Building: The building; Storey: Level 2; Top Elevation: 0.04; Bottom Elevation: 0; Global Top Elevation: 0.04; Global Bottom Elevation: 0; Has Own Geometry: 1; Children Have Geometry: 0; Global X: 2.09768741103879; Global Y: 4.61467988933107; Global Z: 0; Bounding Box Length: 0.175974564896842; Bounding Box Width: 0.0264536927622707; Bounding Box Height: 0.04
23ukZ_prP4fhn69bqh73TI,Storey 2 - Slab 2 (4 cm) - Opening 52,. Project: Project Name; Building: The building; Storey: Level 2; Top Elevation: 0.04; Bottom Elevation: 0; Global Top Elevation: 0.04; Global Bottom Elevation: 0; Has Own Geometry: 1; Children Have Geometry: 0; Global X: 2.09768741103879; Global Y: 4.57205902485905; Global Z: 0; Bounding Box Length: 0.175974564896842; Bounding Box Width: 0.0264536927622707; Bounding Box Height: 0.04
3KRer$oMr9i9XeUYz_48$r,Storey 2 - Slab 2 (4 cm) - Opening 53,. Project: Project Name; Building: The building; Storey: Level 2; Top Elevation: 0.04; Bottom Elevation: 0; Global Top Elevation: 0.04; Global Bottom Elevation: 0; Has Own Geometry: 1; Children Have Geometry: 0; Global X: 2.29639272710606; Global Y: 4.88505599832547; Global Z: 0; Bounding Box Length: 0.175974564896842; Bounding Box Width: 0.0264536927622707; Bounding Box Height: 0.04
3HdppPefbBFR_fuA45CUyI,Storey 2 - Slab 2 (4 cm) - Opening 54,. Project: Project Name; Building: The building; Storey: Level 2; Top Elevation: 0.04; Bottom Elevation: 0; Global Top Elevation: 0.04; Global Bottom Elevation: 0; Has Own Geometry: 1; Children Have Geometry: 0; Global X: 2.29639272710606; Global Y: 4.8384394278092; Global Z: 0; Bounding Box Length: 0.175974564896842; Bounding Box Width: 0.0264536927622707; Bounding Box Height: 0.04
2$FXedAybEhfna$YuNVXF4,Storey 2 - Slab 2 (4 cm) - Opening 55,. Project: Project Name; Building: The building; Storey: Level 2; Top Elevation: 0.04; Bottom Elevation: 0; Global Top Elevation: 0.04; Global Bottom Elevation: 0; Has Own Geometry: 1; Children Have Geometry: 0; Global X: 2.29639272710606; Global Y: 4.79182285729292; Global Z: 0; Bounding Box Length: 0.175974564896842; Bounding Box Width: 0.0264536927622707; Bounding Box Height: 0.04
1$AyfwZpXEdxadc0iQEOPN,Storey 2 - Slab 2 (4 cm) - Opening 56,. Project: Project Name; Building: The building; Storey: Level 2; Top Elevation: 0.04; Bottom Elevation: 0; Global Top Elevation: 0.04; Global Bottom Elevation: 0; Has Own Geometry: 1; Children Have Geometry: 0; Global X: 2.29639272710606; Global Y: 4.74387438476189; Global Z: 0; Bounding Box Length: 0.175974564896842; Bounding Box Width: 0.0264536927622707; Bounding Box Height: 0.04
19uoXB1ujFiOP5V7I7paDB,Storey 2 - Slab 2 (4 cm) - Opening 57,. Project: Project Name; Building: The building; Storey: Level 2; Top Elevation: 0.04; Bottom Elevation: 0; Global Top Elevation: 0.04; Global Bottom Elevation: 0; Has Own Geometry: 1; Children Have Geometry: 0; Global X: 2.29639272710606; Global Y: 4.70125352028987; Global Z: 0; Bounding Box Length: 0.175974564896842; Bounding Box Width: 0.0264536927622707; Bounding Box Height: 0.04
1y046vihzDVuLRj6edZxnX,Storey 2 - Slab 2 (4 cm) - Opening 58,. Project: Project Name; Building: The building; Storey: Level 2; Top Elevation: 0.04; Bottom Elevation: 0; Global Top Elevation: 0.04; Global Bottom Elevation: 0; Has Own Geometry: 1; Children Have Geometry: 0; Global X: 2.29639272710606; Global Y: 4.65730075380309; Global Z: 0; Bounding Box Length: 0.175974564896842; Bounding Box Width: 0.0264536927622707; Bounding Box Height: 0.04
1rtrhrNpbBigP$7oC6cl9o,Storey 2 - Slab 2 (4 cm) - Opening 59,. Project: Project Name; Building: The building; Storey: Level 2; Top Elevation: 0.04; Bottom Elevation: 0; Global Top Elevation: 0.04; Global Bottom Elevation: 0; Has Own Geometry: 1; Children Have Geometry: 0; Global X: 2.29639272710606; Global Y: 4.61467988933107; Global Z: 0; Bounding Box Length: 0.175974564896842; Bounding Box Width: 0.0264536927622707; Bounding Box Height: 0.04
3V20LPo9L7gPRX4tPKLLzN,Storey 2 - Slab 2 (4 cm) - Opening 60,. Project: Project Name; Building: The building; Storey: Level 2; Top Elevation: 0.04; Bottom Elevation: 0; Global Top Elevation: 0.04; Global Bottom Elevation: 0; Has Own Geometry: 1; Children Have Geometry: 0; Global X: 2.29639272710606; Global Y: 4.57205902485905; Global Z: 0; Bounding Box Length: 0.175974564896842; Bounding Box Width: 0.0264536927622707; Bounding Box Height: 0.04
0$KRPr80jBZPdNqfqNY4Cz,Storey 2 - Slab 1 (4 cm),. HWPO: 0; SC2D: 6; SC3D1: 251; SC3D2: 251; SCSC: 251; Project: Project Name; Building: The building; Storey: Level 2; Top Elevation: 0.04; Bottom Elevation: 0; Global Top Elevation: 0.04; Global Bottom Elevation: 0; Has Own Geometry: 1; Children Have Geometry: 1; Global X: 0.0633196567648193; Global Y: 4.55672057121353; Global Z: 0; Bounding Box Length: 1.21452381761904; Bounding Box Width: 0.459411637725328; Bounding Box Height: 0.04
22jXrY$Vb9eujNXm98FYF6,Storey 2 - Slab 1 (4 cm) - Opening 1,. Project: Project Name; Building: The building; Storey: Level 2; Top Elevation: 0.04; Bottom Elevation: 0; Global Top Elevation: 0.04; Global Bottom Elevation: 0; Has Own Geometry: 1; Children Have Geometry: 0; Global X: 0.084968146341609; Global Y: 4.97562533532852; Global Z: 0; Bounding Box Length: 0.175974564896843; Bounding Box Width: 0.0264536927622707; Bounding Box Height: 0.04
0HWnHmS3H8petGI5IYBHOb,Storey 2 - Slab 1 (4 cm) - Opening 2,. Project: Project Name; Building: The building; Storey: Level 2; Top Elevation: 0.04; Bottom Elevation: 0; Global Top Elevation: 0.04; Global Bottom Elevation: 0; Has Own Geometry: 1; Children Have Geometry: 0; Global X: 0.084968146341609; Global Y: 4.93167256884175; Global Z: 0; Bounding Box Length: 0.175974564896843; Bounding Box Width: 0.0264536927622707; Bounding Box Height: 0.04
03l7oeu090EwwnVdzWnhrv,Storey 2 - Slab 1 (4 cm) - Opening 3,. Project: Project Name; Building: The building; Storey: Level 2; Top Elevation: 0.04; Bottom Elevation: 0; Global Top Elevation: 0.04; Global Bottom Elevation: 0; Has Own Geometry: 1; Children Have Geometry: 0; Global X: 0.084968146341609; Global Y: 4.88505599832547; Global Z: 0; Bounding Box Length: 0.175974564896843; Bounding Box Width: 0.0264536927622707; Bounding Box Height: 0.04
2dXqwn7lbBdRsW_dV3rR$y,Storey 2 - Slab 1 (4 cm) - Opening 4,. Project: Project Name; Building: The building; Storey: Level 2; Top Elevation: 0.04; Bottom Elevation: 0; Global Top Elevation: 0.04; Global Bottom Elevation: 0; Has Own Geometry: 1; Children Have Geometry: 0; Global X: 0.084968146341609; Global Y: 4.8384394278092; Global Z: 0; Bounding Box Length: 0.175974564896843; Bounding Box Width: 0.0264536927622707; Bounding Box Height: 0.04
1Mx39tgWL17vmVGRRTbrd1,Storey 2 - Slab 1 (4 cm) - Opening 5,. Project: Project Name; Building: The building; Storey: Level 2; Top Elevation: 0.04; Bottom Elevation: 0; Global Top Elevation: 0.04; Global Bottom Elevation: 0; Has Own Geometry: 1; Children Have Geometry: 0; Global X: 0.084968146341609; Global Y: 4.79182285729292; Global Z: 0; Bounding Box Length: 0.175974564896843; Bounding Box Width: 0.0264536927622707; Bounding Box Height: 0.04
2nqDLq95D0FAM1annmPPb5,Storey 2 - Slab 1 (4 cm) - Opening 6,. Project: Project Name; Building: The building; Storey: Level 2; Top Elevation: 0.04; Bottom Elevation: 0; Global Top Elevation: 0.04; Global Bottom Elevation: 0; Has Own Geometry: 1; Children Have Geometry: 0; Global X: 0.084968146341609; Global Y: 4.74387438476189; Global Z: 0; Bounding Box Length: 0.175974564896843; Bounding Box Width: 0.0264536927622707; Bounding Box Height: 0.04
1UBeb1dLr6tAL6f1fPfNF8,Storey 2 - Slab 1 (4 cm) - Opening 7,. Project: Project Name; Building: The building; Storey: Level 2; Top Elevation: 0.04; Bottom Elevation: 0; Global Top Elevation: 0.04; Global Bottom Elevation: 0; Has Own Geometry: 1; Children Have Geometry: 0; Global X: 0.084968146341609; Global Y: 4.70125352028987; Global Z: 0; Bounding Box Length: 0.175974564896843; Bounding Box Width: 0.0264536927622707; Bounding Box Height: 0.04
0vqs95nHTDg9SegvJG5wHg,Storey 2 - Slab 1 (4 cm) - Opening 8,. Project: Project Name; Building: The building; Storey: Level 2; Top Elevation: 0.04; Bottom Elevation: 0; Global Top Elevation: 0.04; Global Bottom Elevation: 0; Has Own Geometry: 1; Children Have Geometry: 0; Global X: 0.084968146341609; Global Y: 4.65730075380309; Global Z: 0; Bounding Box Length: 0.175974564896843; Bounding Box Width: 0.0264536927622707; Bounding Box Height: 0.04
33ci6k9HbBLxLC7wuI7J7T,Storey 2 - Slab 1 (4 cm) - Opening 9,. Project: Project Name; Building: The building; Storey: Level 2; Top Elevation: 0.04; Bottom Elevation: 0; Global Top Elevation: 0.04; Global Bottom Elevation: 0; Has Own Geometry: 1; Children Have Geometry: 0; Global X: 0.084968146341609; Global Y: 4.61467988933107; Global Z: 0; Bounding Box Length: 0.175974564896843; Bounding Box Width: 0.0264536927622707; Bounding Box Height: 0.04
1v_WI5kuD7RuRL5Oshs4k1,Storey 2 - Slab 1 (4 cm) - Opening 10,. Project: Project Name; Building: The building; Storey: Level 2; Top Elevation: 0.04; Bottom Elevation: 0; Global Top Elevation: 0.04; Global Bottom Elevation: 0; Has Own Geometry: 1; Children Have Geometry: 0; Global X: 0.084968146341609; Global Y: 4.57205902485905; Global Z: 0; Bounding Box Length: 0.175974564896843; Bounding Box Width: 0.0264536927622707; Bounding Box Height: 0.04
1jJg6AQRb4lARQLyukPBAM,Storey 2 - Slab 1 (4 cm) - Opening 11,. Project: Project Name; Building: The building; Storey: Level 2; Top Elevation: 0.04; Bottom Elevation: 0; Global Top Elevation: 0.04; Global Bottom Elevation: 0; Has Own Geometry: 1; Children Have Geometry: 0; Global X: 0.285190296882675; Global Y: 4.97562533532852; Global Z: 0; Bounding Box Length: 0.175974564896842; Bounding Box Width: 0.0264536927622707; Bounding Box Height: 0.04
3mV4o1pBP0pewa6GXyLlEP,Storey 2 - Slab 1 (4 cm) - Opening 12,. Project: Project Name; Building: The building; Storey: Level 2; Top Elevation: 0.04; Bottom Elevation: 0; Global Top Elevation: 0.04; Global Bottom Elevation: 0; Has Own Geometry: 1; Children Have Geometry: 0; Global X: 0.285190296882675; Global Y: 4.93167256884175; Global Z: 0; Bounding Box Length: 0.175974564896842; Bounding Box Width: 0.0264536927622707; Bounding Box Height: 0.04
0yrIjzJaX0IehXRAPN8duK,Storey 2 - Slab 1 (4 cm) - Opening 13,. Project: Project Name; Building: The building; Storey: Level 2; Top Elevation: 0.04; Bottom Elevation: 0; Global Top Elevation: 0.04; Global Bottom Elevation: 0; Has Own Geometry: 1; Children Have Geometry: 0; Global X: 0.285190296882675; Global Y: 4.88505599832547; Global Z: 0; Bounding Box Length: 0.175974564896842; Bounding Box Width: 0.0264536927622707; Bounding Box Height: 0.04
3axFjRVwD2cegmUKvVyNbg,Storey 2 - Slab 1 (4 cm) - Opening 14,. Project: Project Name; Building: The building; Storey: Level 2; Top Elevation: 0.04; Bottom Elevation: 0; Global Top Elevation: 0.04; Global Bottom Elevation: 0; Has Own Geometry: 1; Children Have Geometry: 0; Global X: 0.285190296882675; Global Y: 4.8384394278092; Global Z: 0; Bounding Box Length: 0.175974564896842; Bounding Box Width: 0.0264536927622707; Bounding Box Height: 0.04
2q37i4X9nD3R$y3SBTxvyL,Storey 2 - Slab 1 (4 cm) - Opening 15,. Project: Project Name; Building: The building; Storey: Level 2; Top Elevation: 0.04; Bottom Elevation: 0; Global Top Elevation: 0.04; Global Bottom Elevation: 0; Has Own Geometry: 1; Children Have Geometry: 0; Global X: 0.285190296882675; Global Y: 4.79182285729292; Global Z: 0; Bounding Box Length: 0.175974564896842; Bounding Box Width: 0.0264536927622707; Bounding Box Height: 0.04
1GTILxIA5BMff7FbFUKJNx,Storey 2 - Slab 1 (4 cm) - Opening 16,. Project: Project Name; Building: The building; Storey: Level 2; Top Elevation: 0.04; Bottom Elevation: 0; Global Top Elevation: 0.04; Global Bottom Elevation: 0; Has Own Geometry: 1; Children Have Geometry: 0; Global X: 0.285190296882675; Global Y: 4.74387438476189; Global Z: 0; Bounding Box Length: 0.175974564896842; Bounding Box Width: 0.0264536927622707; Bounding Box Height: 0.04
3i9PfzdSf3$u4F72TcsFPc,Storey 2 - Slab 1 (4 cm) - Opening 17,. Project: Project Name; Building: The building; Storey: Level 2; Top Elevation: 0.04; Bottom Elevation: 0; Global Top Elevation: 0.04; Global Bottom Elevation: 0; Has Own Geometry: 1; Children Have Geometry: 0; Global X: 0.285190296882675; Global Y: 4.70125352028987; Global Z: 0; Bounding Box Length: 0.175974564896842; Bounding Box Width: 0.0264536927622707; Bounding Box Height: 0.04
3AoA1hwx959QTSpd9Cx2Rb,Storey 2 - Slab 1 (4 cm) - Opening 18,. Project: Project Name; Building: The building; Storey: Level 2; Top Elevation: 0.04; Bottom Elevation: 0; Global Top Elevation: 0.04; Global Bottom Elevation: 0; Has Own Geometry: 1; Children Have Geometry: 0; Global X: 0.285190296882675; Global Y: 4.65730075380309; Global Z: 0; Bounding Box Length: 0.175974564896842; Bounding Box Width: 0.0264536927622707; Bounding Box Height: 0.04
3Ydrd9eiD7N9F6iWft2Lkv,Storey 2 - Slab 1 (4 cm) - Opening 19,. Project: Project Name; Building: The building; Storey: Level 2; Top Elevation: 0.04; Bottom Elevation: 0; Global Top Elevation: 0.04; Global Bottom Elevation: 0; Has Own Geometry: 1; Children Have Geometry: 0; Global X: 0.285190296882675; Global Y: 4.61467988933107; Global Z: 0; Bounding Box Length: 0.175974564896842; Bounding Box Width: 0.0264536927622707; Bounding Box Height: 0.04
3GTYTHg017bPI9ZOKE4l2$,Storey 2 - Slab 1 (4 cm) - Opening 20,. Project: Project Name; Building: The building; Storey: Level 2; Top Elevation: 0.04; Bottom Elevation: 0; Global Top Elevation: 0.04; Global Bottom Elevation: 0; Has Own Geometry: 1; Children Have Geometry: 0; Global X: 0.285190296882675; Global Y: 4.57205902485905; Global Z: 0; Bounding Box Length: 0.175974564896842; Bounding Box Width: 0.0264536927622707; Bounding Box Height: 0.04
2uBEed27H7tPIjO42ZGJED,Storey 2 - Slab 1 (4 cm) - Opening 21,. Project: Project Name; Building: The building; Storey: Level 2; Top Elevation: 0.04; Bottom Elevation: 0; Global Top Elevation: 0.04; Global Bottom Elevation: 0; Has Own Geometry: 1; Children Have Geometry: 0; Global X: 0.486929281897537; Global Y: 4.97562533532852; Global Z: 0; Bounding Box Length: 0.175974564896842; Bounding Box Width: 0.0264536927622707; Bounding Box Height: 0.04
0GkcXVzur3aQ6I8mpsmwOE,Storey 2 - Slab 1 (4 cm) - Opening 22,. Project: Project Name; Building: The building; Storey: Level 2; Top Elevation: 0.04; Bottom Elevation: 0; Global Top Elevation: 0.04; Global Bottom Elevation: 0; Has Own Geometry: 1; Children Have Geometry: 0; Global X: 0.486929281897537; Global Y: 4.93167256884175; Global Z: 0; Bounding Box Length: 0.175974564896842; Bounding Box Width: 0.0264536927622707; Bounding Box Height: 0.04
3hhFZ1k0z2w9yLZ2b_pWa0,Storey 2 - Slab 1 (4 cm) - Opening 23,. Project: Project Name; Building: The building; Storey: Level 2; Top Elevation: 0.04; Bottom Elevation: 0; Global Top Elevation: 0.04; Global Bottom Elevation: 0; Has Own Geometry: 1; Children Have Geometry: 0; Global X: 0.486929281897537; Global Y: 4.88505599832547; Global Z: 0; Bounding Box Length: 0.175974564896842; Bounding Box Width: 0.0264536927622707; Bounding Box Height: 0.04
04vdbVfBbAXvLfT$AyKHIH,Storey 2 - Slab 1 (4 cm) - Opening 24,. Project: Project Name; Building: The building; Storey: Level 2; Top Elevation: 0.04; Bottom Elevation: 0; Global Top Elevation: 0.04; Global Bottom Elevation: 0; Has Own Geometry: 1; Children Have Geometry: 0; Global X: 0.486929281897537; Global Y: 4.8384394278092; Global Z: 0; Bounding Box Length: 0.175974564896842; Bounding Box Width: 0.0264536927622707; Bounding Box Height: 0.04
3NBUaY88LDref1ep0XOPCL,Storey 2 - Slab 1 (4 cm) - Opening 25,. Project: Project Name; Building: The building; Storey: Level 2; Top Elevation: 0.04; Bottom Elevation: 0; Global Top Elevation: 0.04; Global Bottom Elevation: 0; Has Own Geometry: 1; Children Have Geometry: 0; Global X: 0.486929281897537; Global Y: 4.79182285729292; Global Z: 0; Bounding Box Length: 0.175974564896842; Bounding Box Width: 0.0264536927622707; Bounding Box Height: 0.04
3_snpL0Br3yuETUmrxvUOK,Storey 2 - Slab 1 (4 cm) - Opening 26,. Project: Project Name; Building: The building; Storey: Level 2; Top Elevation: 0.04; Bottom Elevation: 0; Global Top Elevation: 0.04; Global Bottom Elevation: 0; Has Own Geometry: 1; Children Have Geometry: 0; Global X: 0.486929281897537; Global Y: 4.74387438476189; Global Z: 0; Bounding Box Length: 0.175974564896842; Bounding Box Width: 0.0264536927622707; Bounding Box Height: 0.04
3p$sDeT0X2ihB4dV$8E7eF,Storey 2 - Slab 1 (4 cm) - Opening 27,. Project: Project Name; Building: The building; Storey: Level 2; Top Elevation: 0.04; Bottom Elevation: 0; Global Top Elevation: 0.04; Global Bottom Elevation: 0; Has Own Geometry: 1; Children Have Geometry: 0; Global X: 0.486929281897537; Global Y: 4.70125352028987; Global Z: 0; Bounding Box Length: 0.175974564896842; Bounding Box Width: 0.0264536927622707; Bounding Box Height: 0.04
0RcYEAURL9GuYdEDOxI3WW,Storey 2 - Slab 1 (4 cm) - Opening 28,. Project: Project Name; Building: The building; Storey: Level 2; Top Elevation: 0.04; Bottom Elevation: 0; Global Top Elevation: 0.04; Global Bottom Elevation: 0; Has Own Geometry: 1; Children Have Geometry: 0; Global X: 0.486929281897537; Global Y: 4.65730075380309; Global Z: 0; Bounding Box Length: 0.175974564896842; Bounding Box Width: 0.0264536927622707; Bounding Box Height: 0.04
0oAU_Vhrz2kfmliBShl92f,Storey 2 - Slab 1 (4 cm) - Opening 29,. Project: Project Name; Building: The building; Storey: Level 2; Top Elevation: 0.04; Bottom Elevation: 0; Global Top Elevation: 0.04; Global Bottom Elevation: 0; Has Own Geometry: 1; Children Have Geometry: 0; Global X: 0.486929281897537; Global Y: 4.61467988933107; Global Z: 0; Bounding Box Length: 0.175974564896842; Bounding Box Width: 0.0264536927622707; Bounding Box Height: 0.04
23ov6RO9nEm8H3U2FVW7CY,Storey 2 - Slab 1 (4 cm) - Opening 30,. Project: Project Name; Building: The building; Storey: Level 2; Top Elevation: 0.04; Bottom Elevation: 0; Global Top Elevation: 0.04; Global Bottom Elevation: 0; Has Own Geometry: 1; Children Have Geometry: 0; Global X: 0.486929281897537; Global Y: 4.57205902485905; Global Z: 0; Bounding Box Length: 0.175974564896842; Bounding Box Width: 0.0264536927622707; Bounding Box Height: 0.04
28YWHEqkP5Rx24x8pdLDeI,Storey 2 - Slab 1 (4 cm) - Opening 31,. Project: Project Name; Building: The building; Storey: Level 2; Top Elevation: 0.04; Bottom Elevation: 0; Global Top Elevation: 0.04; Global Bottom Elevation: 0; Has Own Geometry: 1; Children Have Geometry: 0; Global X: 0.685634597964808; Global Y: 4.97562533532852; Global Z: 0; Bounding Box Length: 0.175974564896842; Bounding Box Width: 0.0264536927622707; Bounding Box Height: 0.04
1sgWIIHyD3wxP1ifSTFlrO,Storey 2 - Slab 1 (4 cm) - Opening 32,. Project: Project Name; Building: The building; Storey: Level 2; Top Elevation: 0.04; Bottom Elevation: 0; Global Top Elevation: 0.04; Global Bottom Elevation: 0; Has Own Geometry: 1; Children Have Geometry: 0; Global X: 0.883163593419746; Global Y: 4.97562533532852; Global Z: 0; Bounding Box Length: 0.175974564896843; Bounding Box Width: 0.0264536927622707; Bounding Box Height: 0.04
3yYiQigEf5uRUENWlZWxxl,Storey 2 - Slab 1 (4 cm) - Opening 33,. Project: Project Name; Building: The building; Storey: Level 2; Top Elevation: 0.04; Bottom Elevation: 0; Global Top Elevation: 0.04; Global Bottom Elevation: 0; Has Own Geometry: 1; Children Have Geometry: 0; Global X: 1.08186890948702; Global Y: 4.97562533532852; Global Z: 0; Bounding Box Length: 0.175974564896842; Bounding Box Width: 0.0264536927622707; Bounding Box Height: 0.04
04Z1WYbPr6texoItFE5EeU,Storey 2 - Slab 1 (4 cm) - Opening 34,. Project: Project Name; Building: The building; Storey: Level 2; Top Elevation: 0.04; Bottom Elevation: 0; Global Top Elevation: 0.04; Global Bottom Elevation: 0; Has Own Geometry: 1; Children Have Geometry: 0; Global X: 0.685634597964808; Global Y: 4.93167256884175; Global Z: 0; Bounding Box Length: 0.175974564896842; Bounding Box Width: 0.0264536927622707; Bounding Box Height: 0.04
1O3KbxtxnFkg$gZ2QmgPCq,Storey 2 - Slab 1 (4 cm) - Opening 35,. Project: Project Name; Building: The building; Storey: Level 2; Top Elevation: 0.04; Bottom Elevation: 0; Global Top Elevation: 0.04; Global Bottom Elevation: 0; Has Own Geometry: 1; Children Have Geometry: 0; Global X: 0.883163593419746; Global Y: 4.93167256884175; Global Z: 0; Bounding Box Length: 0.175974564896843; Bounding Box Width: 0.0264536927622707; Bounding Box Height: 0.04
0whUxmbwjDQO7k8NHGJixU,Storey 2 - Slab 1 (4 cm) - Opening 36,. Project: Project Name; Building: The building; Storey: Level 2; Top Elevation: 0.04; Bottom Elevation: 0; Global Top Elevation: 0.04; Global Bottom Elevation: 0; Has Own Geometry: 1; Children Have Geometry: 0; Global X: 1.08186890948702; Global Y: 4.93167256884175; Global Z: 0; Bounding Box Length: 0.175974564896842; Bounding Box Width: 0.0264536927622707; Bounding Box Height: 0.04
2rPf3aJ9v22OSh8h$NC_AX,Storey 2 - Slab 1 (4 cm) - Opening 37,. Project: Project Name; Building: The building; Storey: Level 2; Top Elevation: 0.04; Bottom Elevation: 0; Global Top Elevation: 0.04; Global Bottom Elevation: 0; Has Own Geometry: 1; Children Have Geometry: 0; Global X: 0.685634597964808; Global Y: 4.88505599832547; Global Z: 0; Bounding Box Length: 0.175974564896842; Bounding Box Width: 0.0264536927622707; Bounding Box Height: 0.04
0DZmXrRSn0ORjM7BxFg4p5,Storey 2 - Slab 1 (4 cm) - Opening 38,. Project: Project Name; Building: The building; Storey: Level 2; Top Elevation: 0.04; Bottom Elevation: 0; Global Top Elevation: 0.04; Global Bottom Elevation: 0; Has Own Geometry: 1; Children Have Geometry: 0; Global X: 0.883163593419746; Global Y: 4.88505599832547; Global Z: 0; Bounding Box Length: 0.175974564896843; Bounding Box Width: 0.0264536927622707; Bounding Box Height: 0.04
02NLE8t6T4Zu6ZARV2YnnR,Storey 2 - Slab 1 (4 cm) - Opening 39,. Project: Project Name; Building: The building; Storey: Level 2; Top Elevation: 0.04; Bottom Elevation: 0; Global Top Elevation: 0.04; Global Bottom Elevation: 0; Has Own Geometry: 1; Children Have Geometry: 0; Global X: 0.685634597964808; Global Y: 4.8384394278092; Global Z: 0; Bounding Box Length: 0.175974564896842; Bounding Box Width: 0.0264536927622707; Bounding Box Height: 0.04
1J_cOWtYz1wQqx3jmt7O3F,Storey 2 - Slab 1 (4 cm) - Opening 40,. Project: Project Name; Building: The building; Storey: Level 2; Top Elevation: 0.04; Bottom Elevation: 0; Global Top Elevation: 0.04; Global Bottom Elevation: 0; Has Own Geometry: 1; Children Have Geometry: 0; Global X: 0.883163593419746; Global Y: 4.8384394278092; Global Z: 0; Bounding Box Length: 0.175974564896843; Bounding Box Width: 0.0264536927622707; Bounding Box Height: 0.04
1dFfC8OX53CAxZfKgtRZtj,Storey 2 - Slab 1 (4 cm) - Opening 41,. Project: Project Name; Building: The building; Storey: Level 2; Top Elevation: 0.04; Bottom Elevation: 0; Global Top Elevation: 0.04; Global Bottom Elevation: 0; Has Own Geometry: 1; Children Have Geometry: 0; Global X: 0.685634597964808; Global Y: 4.79182285729292; Global Z: 0; Bounding Box Length: 0.175974564896842; Bounding Box Width: 0.0264536927622707; Bounding Box Height: 0.04
1ZPL1xnd15BQrn8T00Xfn4,Storey 2 - Slab 1 (4 cm) - Opening 42,. Project: Project Name; Building: The building; Storey: Level 2; Top Elevation: 0.04; Bottom Elevation: 0; Global Top Elevation: 0.04; Global Bottom Elevation: 0; Has Own Geometry: 1; Children Have Geometry: 0; Global X: 0.883163593419746; Global Y: 4.79182285729292; Global Z: 0; Bounding Box Length: 0.175974564896843; Bounding Box Width: 0.0264536927622707; Bounding Box Height: 0.04
1LIQXmcTLBjBAAiRlxweMU,Storey 2 - Slab 1 (4 cm) - Opening 43,. Project: Project Name; Building: The building; Storey: Level 2; Top Elevation: 0.04; Bottom Elevation: 0; Global Top Elevation: 0.04; Global Bottom Elevation: 0; Has Own Geometry: 1; Children Have Geometry: 0; Global X: 0.685634597964808; Global Y: 4.74387438476189; Global Z: 0; Bounding Box Length: 0.175974564896842; Bounding Box Width: 0.0264536927622707; Bounding Box Height: 0.04
2wsrWGmbDBIv0J23WjKtR0,Storey 2 - Slab 1 (4 cm) - Opening 44,. Project: Project Name; Building: The building; Storey: Level 2; Top Elevation: 0.04; Bottom Elevation: 0; Global Top Elevation: 0.04; Global Bottom Elevation: 0; Has Own Geometry: 1; Children Have Geometry: 0; Global X: 0.883163593419746; Global Y: 4.74387438476189; Global Z: 0; Bounding Box Length: 0.175974564896843; Bounding Box Width: 0.0264536927622707; Bounding Box Height: 0.04
0BxUawXyjCZOeMBaAgvpw8,Storey 2 - Slab 1 (4 cm) - Opening 45,. Project: Project Name; Building: The building; Storey: Level 2; Top Elevation: 0.04; Bottom Elevation: 0; Global Top Elevation: 0.04; Global Bottom Elevation: 0; Has Own Geometry: 1; Children Have Geometry: 0; Global X: 0.685634597964808; Global Y: 4.70125352028987; Global Z: 0; Bounding Box Length: 0.175974564896842; Bounding Box Width: 0.0264536927622707; Bounding Box Height: 0.04
3ssjGeH5H8$9Lx$cgfwUKt,Storey 2 - Slab 1 (4 cm) - Opening 46,. Project: Project Name; Building: The building; Storey: Level 2; Top Elevation: 0.04; Bottom Elevation: 0; Global Top Elevation: 0.04; Global Bottom Elevation: 0; Has Own Geometry: 1; Children Have Geometry: 0; Global X: 0.685634597964808; Global Y: 4.65730075380309; Global Z: 0; Bounding Box Length: 0.175974564896842; Bounding Box Width: 0.0264536927622707; Bounding Box Height: 0.04
1LbNJfsE1B1weuEMGYIQVS,Storey 2 - Slab 1 (4 cm) - Opening 47,. Project: Project Name; Building: The building; Storey: Level 2; Top Elevation: 0.04; Bottom Elevation: 0; Global Top Elevation: 0.04; Global Bottom Elevation: 0; Has Own Geometry: 1; Children Have Geometry: 0; Global X: 0.685634597964808; Global Y: 4.61467988933107; Global Z: 0; Bounding Box Length: 0.175974564896842; Bounding Box Width: 0.0264536927622707; Bounding Box Height: 0.04
3Bmjq2g7PCE8Xv9RkDqtqX,Storey 2 - Slab 1 (4 cm) - Opening 48,. Project: Project Name; Building: The building; Storey: Level 2; Top Elevation: 0.04; Bottom Elevation: 0; Global Top Elevation: 0.04; Global Bottom Elevation: 0; Has Own Geometry: 1; Children Have Geometry: 0; Global X: 0.685634597964808; Global Y: 4.57205902485905; Global Z: 0; Bounding Box Length: 0.175974564896842; Bounding Box Width: 0.0264536927622707; Bounding Box Height: 0.04
2Fot09I914AeJPlXfNmo$_,Storey 2 - Slab 1 (4 cm) - Opening 49,. Project: Project Name; Building: The building; Storey: Level 2; Top Elevation: 0.04; Bottom Elevation: 0; Global Top Elevation: 0.04; Global Bottom Elevation: 0; Has Own Geometry: 1; Children Have Geometry: 0; Global X: 0.883163593419746; Global Y: 4.70125352028987; Global Z: 0; Bounding Box Length: 0.175974564896843; Bounding Box Width: 0.0264536927622707; Bounding Box Height: 0.04
02eYYbgq978uGlriS33NhI,Storey 2 - Slab 1 (4 cm) - Opening 50,. Project: Project Name; Building: The building; Storey: Level 2; Top Elevation: 0.04; Bottom Elevation: 0; Global Top Elevation: 0.04; Global Bottom Elevation: 0; Has Own Geometry: 1; Children Have Geometry: 0; Global X: 0.883163593419746; Global Y: 4.65730075380309; Global Z: 0; Bounding Box Length: 0.175974564896843; Bounding Box Width: 0.0264536927622707; Bounding Box Height: 0.04
1VSKUdywP21AbnLd9$ACQE,Storey 2 - Slab 1 (4 cm) - Opening 51,. Project: Project Name; Building: The building; Storey: Level 2; Top Elevation: 0.04; Bottom Elevation: 0; Global Top Elevation: 0.04; Global Bottom Elevation: 0; Has Own Geometry: 1; Children Have Geometry: 0; Global X: 0.883163593419746; Global Y: 4.61467988933107; Global Z: 0; Bounding Box Length: 0.175974564896843; Bounding Box Width: 0.0264536927622707; Bounding Box Height: 0.04
3ntYpJ2KLAvfQcX1bKO2Vu,Storey 2 - Slab 1 (4 cm) - Opening 52,. Project: Project Name; Building: The building; Storey: Level 2; Top Elevation: 0.04; Bottom Elevation: 0; Global Top Elevation: 0.04; Global Bottom Elevation: 0; Has Own Geometry: 1; Children Have Geometry: 0; Global X: 0.883163593419746; Global Y: 4.57205902485905; Global Z: 0; Bounding Box Length: 0.175974564896843; Bounding Box Width: 0.0264536927622707; Bounding Box Height: 0.04
3wV3t5wkbBEPYCA8fLt3aS,Storey 2 - Slab 1 (4 cm) - Opening 53,. Project: Project Name; Building: The building; Storey: Level 2; Top Elevation: 0.04; Bottom Elevation: 0; Global Top Elevation: 0.04; Global Bottom Elevation: 0; Has Own Geometry: 1; Children Have Geometry: 0; Global X: 1.08186890948702; Global Y: 4.88505599832547; Global Z: 0; Bounding Box Length: 0.175974564896842; Bounding Box Width: 0.0264536927622707; Bounding Box Height: 0.04
0i6Fg4Lyb50vBTD4zk_jCO,Storey 2 - Slab 1 (4 cm) - Opening 54,. Project: Project Name; Building: The building; Storey: Level 2; Top Elevation: 0.04; Bottom Elevation: 0; Global Top Elevation: 0.04; Global Bottom Elevation: 0; Has Own Geometry: 1; Children Have Geometry: 0; Global X: 1.08186890948702; Global Y: 4.8384394278092; Global Z: 0; Bounding Box Length: 0.175974564896842; Bounding Box Width: 0.0264536927622707; Bounding Box Height: 0.04
2SY6il2$v7l8NcwKHsevJz,Storey 2 - Slab 1 (4 cm) - Opening 55,. Project: Project Name; Building: The building; Storey: Level 2; Top Elevation: 0.04; Bottom Elevation: 0; Global Top Elevation: 0.04; Global Bottom Elevation: 0; Has Own Geometry: 1; Children Have Geometry: 0; Global X: 1.08186890948702; Global Y: 4.79182285729292; Global Z: 0; Bounding Box Length: 0.175974564896842; Bounding Box Width: 0.0264536927622707; Bounding Box Height: 0.04
0p73TkqTX2KPt67YCiEMW6,Storey 2 - Slab 1 (4 cm) - Opening 56,. Project: Project Name; Building: The building; Storey: Level 2; Top Elevation: 0.04; Bottom Elevation: 0; Global Top Elevation: 0.04; Global Bottom Elevation: 0; Has Own Geometry: 1; Children Have Geometry: 0; Global X: 1.08186890948702; Global Y: 4.74387438476189; Global Z: 0; Bounding Box Length: 0.175974564896842; Bounding Box Width: 0.0264536927622707; Bounding Box Height: 0.04
2RFzvSBUP8bh6_zLaQUA5g,Storey 2 - Slab 1 (4 cm) - Opening 57,. Project: Project Name; Building: The building; Storey: Level 2; Top Elevation: 0.04; Bottom Elevation: 0; Global Top Elevation: 0.04; Global Bottom Elevation: 0; Has Own Geometry: 1; Children Have Geometry: 0; Global X: 1.08186890948702; Global Y: 4.70125352028987; Global Z: 0; Bounding Box Length: 0.175974564896842; Bounding Box Width: 0.0264536927622707; Bounding Box Height: 0.04
2KnpzYUaHAsuCQQSYydNgt,Storey 2 - Slab 1 (4 cm) - Opening 58,. Project: Project Name; Building: The building; Storey: Level 2; Top Elevation: 0.04; Bottom Elevation: 0; Global Top Elevation: 0.04; Global Bottom Elevation: 0; Has Own Geometry: 1; Children Have Geometry: 0; Global X: 1.08186890948702; Global Y: 4.65730075380309; Global Z: 0; Bounding Box Length: 0.175974564896842; Bounding Box Width: 0.0264536927622707; Bounding Box Height: 0.04
0iCy9v$NPCueFheebGcra2,Storey 2 - Slab 1 (4 cm) - Opening 59,. Project: Project Name; Building: The building; Storey: Level 2; Top Elevation: 0.04; Bottom Elevation: 0; Global Top Elevation: 0.04; Global Bottom Elevation: 0; Has Own Geometry: 1; Children Have Geometry: 0; Global X: 1.08186890948702; Global Y: 4.61467988933107; Global Z: 0; Bounding Box Length: 0.175974564896842; Bounding Box Width: 0.0264536927622707; Bounding Box Height: 0.04
3rLwSflc5EUx72ZzPMdhAl,Storey 2 - Slab 1 (4 cm) - Opening 60,. Project: Project Name; Building: The building; Storey: Level 2; Top Elevation: 0.04; Bottom Elevation: 0; Global Top Elevation: 0.04; Global Bottom Elevation: 0; Has Own Geometry: 1; Children Have Geometry: 0; Global X: 1.08186890948702; Global Y: 4.57205902485905; Global Z: 0; Bounding Box Length: 0.175974564896842; Bounding Box Width: 0.0264536927622707; Bounding Box Height: 0.04
1rU5wBhwvFiO1cT2MIBNf6,Storey 2 - Slab 3 (4 cm),. HWPO: 0; SC2D: 6; SC3D1: 251; SC3D2: 251; SCSC: 251; Project: Project Name; Building: The building; Storey: Level 2; Top Elevation: 0.04; Bottom Elevation: 0; Global Top Elevation: 0.04; Global Bottom Elevation: 0; Has Own Geometry: 1; Children Have Geometry: 1; Global X: -6.69738533833267; Global Y: -3.88297653355128; Global Z: 0; Bounding Box Length: 0.459411637725328; Bounding Box Width: 1.21452381761904; Bounding Box Height: 0.04
3dp3IvJeX0ZAIjHHgiUnqY,Storey 2 - Slab 3 (4 cm) - Opening 1,. Project: Project Name; Building: The building; Storey: Level 2; Top Elevation: 0.04; Bottom Elevation: 0; Global Top Elevation: 0.04; Global Bottom Elevation: 0; Has Own Geometry: 1; Children Have Geometry: 0; Global X: -6.68333215748461; Global Y: -3.86132804397449; Global Z: 0; Bounding Box Length: 0.0264536927622707; Bounding Box Width: 0.175974564896844; Bounding Box Height: 0.04
3p4K$9POj75xmyK9uPQq90,Storey 2 - Slab 3 (4 cm) - Opening 2,. Project: Project Name; Building: The building; Storey: Level 2; Top Elevation: 0.04; Bottom Elevation: 0; Global Top Elevation: 0.04; Global Bottom Elevation: 0; Has Own Geometry: 1; Children Have Geometry: 0; Global X: -6.63937939099783; Global Y: -3.86132804397449; Global Z: 0; Bounding Box Length: 0.0264536927622707; Bounding Box Width: 0.175974564896844; Bounding Box Height: 0.04
2U342pe3PBF9p$zM_D2lUW,Storey 2 - Slab 3 (4 cm) - Opening 3,. Project: Project Name; Building: The building; Storey: Level 2; Top Elevation: 0.04; Bottom Elevation: 0; Global Top Elevation: 0.04; Global Bottom Elevation: 0; Has Own Geometry: 1; Children Have Geometry: 0; Global X: -6.59276282048155; Global Y: -3.86132804397449; Global Z: 0; Bounding Box Length: 0.0264536927622707; Bounding Box Width: 0.175974564896844; Bounding Box Height: 0.04
19qZt68Tb3wBtuWBZiJYlS,Storey 2 - Slab 3 (4 cm) - Opening 4,. Project: Project Name; Building: The building; Storey: Level 2; Top Elevation: 0.04; Bottom Elevation: 0; Global Top Elevation: 0.04; Global Bottom Elevation: 0; Has Own Geometry: 1; Children Have Geometry: 0; Global X: -6.54614624996528; Global Y: -3.86132804397449; Global Z: 0; Bounding Box Length: 0.0264536927622707; Bounding Box Width: 0.175974564896844; Bounding Box Height: 0.04
3MR__157nAcuifIZHf0TSO,Storey 2 - Slab 3 (4 cm) - Opening 5,. Project: Project Name; Building: The building; Storey: Level 2; Top Elevation: 0.04; Bottom Elevation: 0; Global Top Elevation: 0.04; Global Bottom Elevation: 0; Has Own Geometry: 1; Children Have Geometry: 0; Global X: -6.499529679449; Global Y: -3.86132804397449; Global Z: 0; Bounding Box Length: 0.0264536927622707; Bounding Box Width: 0.175974564896844; Bounding Box Height: 0.04
0icvf$zHnAAP$aUN$ZaOLk,Storey 2 - Slab 3 (4 cm) - Opening 6,. Project: Project Name; Building: The building; Storey: Level 2; Top Elevation: 0.04; Bottom Elevation: 0; Global Top Elevation: 0.04; Global Bottom Elevation: 0; Has Own Geometry: 1; Children Have Geometry: 0; Global X: -6.45158120691798; Global Y: -3.86132804397449; Global Z: 0; Bounding Box Length: 0.0264536927622707; Bounding Box Width: 0.175974564896844; Bounding Box Height: 0.04
3CDfs7kNz7ouBGaYP_9496,Storey 2 - Slab 3 (4 cm) - Opening 7,. Project: Project Name; Building: The building; Storey: Level 2; Top Elevation: 0.04; Bottom Elevation: 0; Global Top Elevation: 0.04; Global Bottom Elevation: 0; Has Own Geometry: 1; Children Have Geometry: 0; Global X: -6.40896034244595; Global Y: -3.86132804397449; Global Z: 0; Bounding Box Length: 0.0264536927622707; Bounding Box Width: 0.175974564896844; Bounding Box Height: 0.04
1JuNeUsEjExPCwtEbjnx3m,Storey 2 - Slab 3 (4 cm) - Opening 8,. Project: Project Name; Building: The building; Storey: Level 2; Top Elevation: 0.04; Bottom Elevation: 0; Global Top Elevation: 0.04; Global Bottom Elevation: 0; Has Own Geometry: 1; Children Have Geometry: 0; Global X: -6.36500757595918; Global Y: -3.86132804397449; Global Z: 0; Bounding Box Length: 0.0264536927622707; Bounding Box Width: 0.175974564896844; Bounding Box Height: 0.04
15pINdBmn42O6hiAul34tB,Storey 2 - Slab 3 (4 cm) - Opening 9,. Project: Project Name; Building: The building; Storey: Level 2; Top Elevation: 0.04; Bottom Elevation: 0; Global Top Elevation: 0.04; Global Bottom Elevation: 0; Has Own Geometry: 1; Children Have Geometry: 0; Global X: -6.32238671148715; Global Y: -3.86132804397449; Global Z: 0; Bounding Box Length: 0.0264536927622707; Bounding Box Width: 0.175974564896844; Bounding Box Height: 0.04
21zXcJ1b94Wfgp9Jf35et$,Storey 2 - Slab 3 (4 cm) - Opening 10,. Project: Project Name; Building: The building; Storey: Level 2; Top Elevation: 0.04; Bottom Elevation: 0; Global Top Elevation: 0.04; Global Bottom Elevation: 0; Has Own Geometry: 1; Children Have Geometry: 0; Global X: -6.27976584701513; Global Y: -3.86132804397449; Global Z: 0; Bounding Box Length: 0.0264536927622707; Bounding Box Width: 0.175974564896844; Bounding Box Height: 0.04
026gcpoJz4DvppyM1OzDQl,Storey 2 - Slab 3 (4 cm) - Opening 11,. Project: Project Name; Building: The building; Storey: Level 2; Top Elevation: 0.04; Bottom Elevation: 0; Global Top Elevation: 0.04; Global Bottom Elevation: 0; Has Own Geometry: 1; Children Have Geometry: 0; Global X: -6.68333215748461; Global Y: -3.66110589343342; Global Z: 0; Bounding Box Length: 0.0264536927622707; Bounding Box Width: 0.175974564896844; Bounding Box Height: 0.04
1sZTqql8f5ixiygytoxcu3,Storey 2 - Slab 3 (4 cm) - Opening 12,. Project: Project Name; Building: The building; Storey: Level 2; Top Elevation: 0.04; Bottom Elevation: 0; Global Top Elevation: 0.04; Global Bottom Elevation: 0; Has Own Geometry: 1; Children Have Geometry: 0; Global X: -6.63937939099783; Global Y: -3.66110589343342; Global Z: 0; Bounding Box Length: 0.0264536927622707; Bounding Box Width: 0.175974564896844; Bounding Box Height: 0.04
0fkTryzt9078k$gcNp6C5Q,Storey 2 - Slab 3 (4 cm) - Opening 13,. Project: Project Name; Building: The building; Storey: Level 2; Top Elevation: 0.04; Bottom Elevation: 0; Global Top Elevation: 0.04; Global Bottom Elevation: 0; Has Own Geometry: 1; Children Have Geometry: 0; Global X: -6.59276282048155; Global Y: -3.66110589343342; Global Z: 0; Bounding Box Length: 0.0264536927622707; Bounding Box Width: 0.175974564896844; Bounding Box Height: 0.04
2irKsQqvX2fxJMG9$SCPuU,Storey 2 - Slab 3 (4 cm) - Opening 14,. Project: Project Name; Building: The building; Storey: Level 2; Top Elevation: 0.04; Bottom Elevation: 0; Global Top Elevation: 0.04; Global Bottom Elevation: 0; Has Own Geometry: 1; Children Have Geometry: 0; Global X: -6.54614624996528; Global Y: -3.66110589343342; Global Z: 0; Bounding Box Length: 0.0264536927622707; Bounding Box Width: 0.175974564896844; Bounding Box Height: 0.04
0CeBEoTe9AbQyxDaha9x84,Storey 2 - Slab 3 (4 cm) - Opening 15,. Project: Project Name; Building: The building; Storey: Level 2; Top Elevation: 0.04; Bottom Elevation: 0; Global Top Elevation: 0.04; Global Bottom Elevation: 0; Has Own Geometry: 1; Children Have Geometry: 0; Global X: -6.499529679449; Global Y: -3.66110589343342; Global Z: 0; Bounding Box Length: 0.0264536927622707; Bounding Box Width: 0.175974564896844; Bounding Box Height: 0.04
26ABcQJQTDuvuEl3u12N6f,Storey 2 - Slab 3 (4 cm) - Opening 16,. Project: Project Name; Building: The building; Storey: Level 2; Top Elevation: 0.04; Bottom Elevation: 0; Global Top Elevation: 0.04; Global Bottom Elevation: 0; Has Own Geometry: 1; Children Have Geometry: 0; Global X: -6.45158120691798; Global Y: -3.66110589343342; Global Z: 0; Bounding Box Length: 0.0264536927622707; Bounding Box Width: 0.175974564896844; Bounding Box Height: 0.04
0Yznr$mzbCnwkKt7X2pkBF,Storey 2 - Slab 3 (4 cm) - Opening 17,. Project: Project Name; Building: The building; Storey: Level 2; Top Elevation: 0.04; Bottom Elevation: 0; Global Top Elevation: 0.04; Global Bottom Elevation: 0; Has Own Geometry: 1; Children Have Geometry: 0; Global X: -6.40896034244595; Global Y: -3.66110589343342; Global Z: 0; Bounding Box Length: 0.0264536927622707; Bounding Box Width: 0.175974564896844; Bounding Box Height: 0.04
3o33ECw_T6g8Db8jSLSBVj,Storey 2 - Slab 3 (4 cm) - Opening 18,. Project: Project Name; Building: The building; Storey: Level 2; Top Elevation: 0.04; Bottom Elevation: 0; Global Top Elevation: 0.04; Global Bottom Elevation: 0; Has Own Geometry: 1; Children Have Geometry: 0; Global X: -6.36500757595918; Global Y: -3.66110589343342; Global Z: 0; Bounding Box Length: 0.0264536927622707; Bounding Box Width: 0.175974564896844; Bounding Box Height: 0.04
2mDoyBlzH1SeIHjNvTcTAo,Storey 2 - Slab 3 (4 cm) - Opening 19,. Project: Project Name; Building: The building; Storey: Level 2; Top Elevation: 0.04; Bottom Elevation: 0; Global Top Elevation: 0.04; Global Bottom Elevation: 0; Has Own Geometry: 1; Children Have Geometry: 0; Global X: -6.32238671148715; Global Y: -3.66110589343342; Global Z: 0; Bounding Box Length: 0.0264536927622707; Bounding Box Width: 0.175974564896844; Bounding Box Height: 0.04
1NXBhXs$f2xwlk0j7I8MLX,Storey 2 - Slab 3 (4 cm) - Opening 20,. Project: Project Name; Building: The building; Storey: Level 2; Top Elevation: 0.04; Bottom Elevation: 0; Global Top Elevation: 0.04; Global Bottom Elevation: 0; Has Own Geometry: 1; Children Have Geometry: 0; Global X: -6.27976584701513; Global Y: -3.66110589343342; Global Z: 0; Bounding Box Length: 0.0264536927622707; Bounding Box Width: 0.175974564896844; Bounding Box Height: 0.04
07C0EfaDPDbu$ZHNKM4iys,Storey 2 - Slab 3 (4 cm) - Opening 21,. Project: Project Name; Building: The building; Storey: Level 2; Top Elevation: 0.04; Bottom Elevation: 0; Global Top Elevation: 0.04; Global Bottom Elevation: 0; Has Own Geometry: 1; Children Have Geometry: 0; Global X: -6.68333215748461; Global Y: -3.45936690841856; Global Z: 0; Bounding Box Length: 0.0264536927622707; Bounding Box Width: 0.17597456489684; Bounding Box Height: 0.04
15H8Jao4X2lw0V$0FmbZrE,Storey 2 - Slab 3 (4 cm) - Opening 22,. Project: Project Name; Building: The building; Storey: Level 2; Top Elevation: 0.04; Bottom Elevation: 0; Global Top Elevation: 0.04; Global Bottom Elevation: 0; Has Own Geometry: 1; Children Have Geometry: 0; Global X: -6.63937939099783; Global Y: -3.45936690841856; Global Z: 0; Bounding Box Length: 0.0264536927622707; Bounding Box Width: 0.17597456489684; Bounding Box Height: 0.04
0faKUMW11AHfCz0HNRRs4t,Storey 2 - Slab 3 (4 cm) - Opening 23,. Project: Project Name; Building: The building; Storey: Level 2; Top Elevation: 0.04; Bottom Elevation: 0; Global Top Elevation: 0.04; Global Bottom Elevation: 0; Has Own Geometry: 1; Children Have Geometry: 0; Global X: -6.59276282048155; Global Y: -3.45936690841856; Global Z: 0; Bounding Box Length: 0.0264536927622707; Bounding Box Width: 0.17597456489684; Bounding Box Height: 0.04
3g4j0OWdr8tBqMQytij599,Storey 2 - Slab 3 (4 cm) - Opening 24,. Project: Project Name; Building: The building; Storey: Level 2; Top Elevation: 0.04; Bottom Elevation: 0; Global Top Elevation: 0.04; Global Bottom Elevation: 0; Has Own Geometry: 1; Children Have Geometry: 0; Global X: -6.54614624996528; Global Y: -3.45936690841856; Global Z: 0; Bounding Box Length: 0.0264536927622707; Bounding Box Width: 0.17597456489684; Bounding Box Height: 0.04
12KmchgW91Ax9CWi2mtAJV,Storey 2 - Slab 3 (4 cm) - Opening 25,. Project: Project Name; Building: The building; Storey: Level 2; Top Elevation: 0.04; Bottom Elevation: 0; Global Top Elevation: 0.04; Global Bottom Elevation: 0; Has Own Geometry: 1; Children Have Geometry: 0; Global X: -6.499529679449; Global Y: -3.45936690841856; Global Z: 0; Bounding Box Length: 0.0264536927622707; Bounding Box Width: 0.17597456489684; Bounding Box Height: 0.04
3Eu6zA9zb7SfLhGDofAhyt,Storey 2 - Slab 3 (4 cm) - Opening 26,. Project: Project Name; Building: The building; Storey: Level 2; Top Elevation: 0.04; Bottom Elevation: 0; Global Top Elevation: 0.04; Global Bottom Elevation: 0; Has Own Geometry: 1; Children Have Geometry: 0; Global X: -6.45158120691798; Global Y: -3.45936690841856; Global Z: 0; Bounding Box Length: 0.0264536927622707; Bounding Box Width: 0.17597456489684; Bounding Box Height: 0.04
23ku5SsAv88RQhmHxoda7s,Storey 2 - Slab 3 (4 cm) - Opening 27,. Project: Project Name; Building: The building; Storey: Level 2; Top Elevation: 0.04; Bottom Elevation: 0; Global Top Elevation: 0.04; Global Bottom Elevation: 0; Has Own Geometry: 1; Children Have Geometry: 0; Global X: -6.40896034244595; Global Y: -3.45936690841856; Global Z: 0; Bounding Box Length: 0.0264536927622707; Bounding Box Width: 0.17597456489684; Bounding Box Height: 0.04
12JwJLAI9C0wG0Ebw6QYYI,Storey 2 - Slab 3 (4 cm) - Opening 28,. Project: Project Name; Building: The building; Storey: Level 2; Top Elevation: 0.04; Bottom Elevation: 0; Global Top Elevation: 0.04; Global Bottom Elevation: 0; Has Own Geometry: 1; Children Have Geometry: 0; Global X: -6.36500757595918; Global Y: -3.45936690841856; Global Z: 0; Bounding Box Length: 0.0264536927622707; Bounding Box Width: 0.17597456489684; Bounding Box Height: 0.04
3ICvbC7eH0Lf_GA8nAKeWo,Storey 2 - Slab 3 (4 cm) - Opening 29,. Project: Project Name; Building: The building; Storey: Level 2; Top Elevation: 0.04; Bottom Elevation: 0; Global Top Elevation: 0.04; Global Bottom Elevation: 0; Has Own Geometry: 1; Children Have Geometry: 0; Global X: -6.32238671148715; Global Y: -3.45936690841856; Global Z: 0; Bounding Box Length: 0.0264536927622707; Bounding Box Width: 0.17597456489684; Bounding Box Height: 0.04
1ZuQ8uK9zEw9VrMM7NJYXE,Storey 2 - Slab 3 (4 cm) - Opening 30,. Project: Project Name; Building: The building; Storey: Level 2; Top Elevation: 0.04; Bottom Elevation: 0; Global Top Elevation: 0.04; Global Bottom Elevation: 0; Has Own Geometry: 1; Children Have Geometry: 0; Global X: -6.27976584701513; Global Y: -3.45936690841856; Global Z: 0; Bounding Box Length: 0.0264536927622707; Bounding Box Width: 0.17597456489684; Bounding Box Height: 0.04
1o5oGFmjX1p8_LV$tJoxIK,Storey 2 - Slab 3 (4 cm) - Opening 31,. Project: Project Name; Building: The building; Storey: Level 2; Top Elevation: 0.04; Bottom Elevation: 0; Global Top Elevation: 0.04; Global Bottom Elevation: 0; Has Own Geometry: 1; Children Have Geometry: 0; Global X: -6.68333215748461; Global Y: -3.26066159235129; Global Z: 0; Bounding Box Length: 0.0264536927622707; Bounding Box Width: 0.175974564896844; Bounding Box Height: 0.04
3V8UmPzxL3ceY$seLFEfRd,Storey 2 - Slab 3 (4 cm) - Opening 32,. Project: Project Name; Building: The building; Storey: Level 2; Top Elevation: 0.04; Bottom Elevation: 0; Global Top Elevation: 0.04; Global Bottom Elevation: 0; Has Own Geometry: 1; Children Have Geometry: 0; Global X: -6.68333215748461; Global Y: -3.06313259689635; Global Z: 0; Bounding Box Length: 0.0264536927622707; Bounding Box Width: 0.175974564896844; Bounding Box Height: 0.04
0AI1PEb9X7S8mszN0rkiDj,Storey 2 - Slab 3 (4 cm) - Opening 33,. Project: Project Name; Building: The building; Storey: Level 2; Top Elevation: 0.04; Bottom Elevation: 0; Global Top Elevation: 0.04; Global Bottom Elevation: 0; Has Own Geometry: 1; Children Have Geometry: 0; Global X: -6.68333215748461; Global Y: -2.86442728082908; Global Z: 0; Bounding Box Length: 0.0264536927622707; Bounding Box Width: 0.17597456489684; Bounding Box Height: 0.04
3TncyxXU14EP$lH8Xy62aj,Storey 2 - Slab 3 (4 cm) - Opening 34,. Project: Project Name; Building: The building; Storey: Level 2; Top Elevation: 0.04; Bottom Elevation: 0; Global Top Elevation: 0.04; Global Bottom Elevation: 0; Has Own Geometry: 1; Children Have Geometry: 0; Global X: -6.63937939099783; Global Y: -3.26066159235129; Global Z: 0; Bounding Box Length: 0.0264536927622707; Bounding Box Width: 0.175974564896844; Bounding Box Height: 0.04
17vPuICa9E59iVwoe8bnag,Storey 2 - Slab 3 (4 cm) - Opening 35,. Project: Project Name; Building: The building; Storey: Level 2; Top Elevation: 0.04; Bottom Elevation: 0; Global Top Elevation: 0.04; Global Bottom Elevation: 0; Has Own Geometry: 1; Children Have Geometry: 0; Global X: -6.63937939099783; Global Y: -3.06313259689635; Global Z: 0; Bounding Box Length: 0.0264536927622707; Bounding Box Width: 0.175974564896844; Bounding Box Height: 0.04
1jGL__lTn238EFXBOKGANg,Storey 2 - Slab 3 (4 cm) - Opening 36,. Project: Project Name; Building: The building; Storey: Level 2; Top Elevation: 0.04; Bottom Elevation: 0; Global Top Elevation: 0.04; Global Bottom Elevation: 0; Has Own Geometry: 1; Children Have Geometry: 0; Global X: -6.63937939099783; Global Y: -2.86442728082908; Global Z: 0; Bounding Box Length: 0.0264536927622707; Bounding Box Width: 0.17597456489684; Bounding Box Height: 0.04
21cUDajhH0tO79u9Ok0rra,Storey 2 - Slab 3 (4 cm) - Opening 37,. Project: Project Name; Building: The building; Storey: Level 2; Top Elevation: 0.04; Bottom Elevation: 0; Global Top Elevation: 0.04; Global Bottom Elevation: 0; Has Own Geometry: 1; Children Have Geometry: 0; Global X: -6.59276282048155; Global Y: -3.26066159235129; Global Z: 0; Bounding Box Length: 0.0264536927622707; Bounding Box Width: 0.175974564896844; Bounding Box Height: 0.04
2qbuyg_9b3EA7kob3IvToI,Storey 2 - Slab 3 (4 cm) - Opening 38,. Project: Project Name; Building: The building; Storey: Level 2; Top Elevation: 0.04; Bottom Elevation: 0; Global Top Elevation: 0.04; Global Bottom Elevation: 0; Has Own Geometry: 1; Children Have Geometry: 0; Global X: -6.59276282048155; Global Y: -3.06313259689635; Global Z: 0; Bounding Box Length: 0.0264536927622707; Bounding Box Width: 0.175974564896844; Bounding Box Height: 0.04
03$_xa01D2ieAWgmqRYeaZ,Storey 2 - Slab 3 (4 cm) - Opening 39,. Project: Project Name; Building: The building; Storey: Level 2; Top Elevation: 0.04; Bottom Elevation: 0; Global Top Elevation: 0.04; Global Bottom Elevation: 0; Has Own Geometry: 1; Children Have Geometry: 0; Global X: -6.54614624996528; Global Y: -3.26066159235129; Global Z: 0; Bounding Box Length: 0.0264536927622707; Bounding Box Width: 0.175974564896844; Bounding Box Height: 0.04
27XOwyRZH4QP2pw3sMz6yP,Storey 2 - Slab 3 (4 cm) - Opening 40,. Project: Project Name; Building: The building; Storey: Level 2; Top Elevation: 0.04; Bottom Elevation: 0; Global Top Elevation: 0.04; Global Bottom Elevation: 0; Has Own Geometry: 1; Children Have Geometry: 0; Global X: -6.54614624996528; Global Y: -3.06313259689635; Global Z: 0; Bounding Box Length: 0.0264536927622707; Bounding Box Width: 0.175974564896844; Bounding Box Height: 0.04
2X0TLMncLA3uGFw8axAaBV,Storey 2 - Slab 3 (4 cm) - Opening 41,. Project: Project Name; Building: The building; Storey: Level 2; Top Elevation: 0.04; Bottom Elevation: 0; Global Top Elevation: 0.04; Global Bottom Elevation: 0; Has Own Geometry: 1; Children Have Geometry: 0; Global X: -6.499529679449; Global Y: -3.26066159235129; Global Z: 0; Bounding Box Length: 0.0264536927622707; Bounding Box Width: 0.175974564896844; Bounding Box Height: 0.04
0OVmFe6b14BQWV_AJnnLFm,Storey 2 - Slab 3 (4 cm) - Opening 42,. Project: Project Name; Building: The building; Storey: Level 2; Top Elevation: 0.04; Bottom Elevation: 0; Global Top Elevation: 0.04; Global Bottom Elevation: 0; Has Own Geometry: 1; Children Have Geometry: 0; Global X: -6.499529679449; Global Y: -3.06313259689635; Global Z: 0; Bounding Box Length: 0.0264536927622707; Bounding Box Width: 0.175974564896844; Bounding Box Height: 0.04
204txK6AXD5gLFe_MNAboZ,Storey 2 - Slab 3 (4 cm) - Opening 43,. Project: Project Name; Building: The building; Storey: Level 2; Top Elevation: 0.04; Bottom Elevation: 0; Global Top Elevation: 0.04; Global Bottom Elevation: 0; Has Own Geometry: 1; Children Have Geometry: 0; Global X: -6.45158120691798; Global Y: -3.26066159235129; Global Z: 0; Bounding Box Length: 0.0264536927622707; Bounding Box Width: 0.175974564896844; Bounding Box Height: 0.04
1Z88qNfxv5CRKW4o998KDs,Storey 2 - Slab 3 (4 cm) - Opening 44,. Project: Project Name; Building: The building; Storey: Level 2; Top Elevation: 0.04; Bottom Elevation: 0; Global Top Elevation: 0.04; Global Bottom Elevation: 0; Has Own Geometry: 1; Children Have Geometry: 0; Global X: -6.45158120691798; Global Y: -3.06313259689635; Global Z: 0; Bounding Box Length: 0.0264536927622707; Bounding Box Width: 0.175974564896844; Bounding Box Height: 0.04
2ySx1Q8bjBR9N8eEa3Gc2D,Storey 2 - Slab 3 (4 cm) - Opening 45,. Project: Project Name; Building: The building; Storey: Level 2; Top Elevation: 0.04; Bottom Elevation: 0; Global Top Elevation: 0.04; Global Bottom Elevation: 0; Has Own Geometry: 1; Children Have Geometry: 0; Global X: -6.40896034244595; Global Y: -3.26066159235129; Global Z: 0; Bounding Box Length: 0.0264536927622707; Bounding Box Width: 0.175974564896844; Bounding Box Height: 0.04
1ndjSyEDvAiwIFlv3RLOtM,Storey 2 - Slab 3 (4 cm) - Opening 46,. Project: Project Name; Building: The building; Storey: Level 2; Top Elevation: 0.04; Bottom Elevation: 0; Global Top Elevation: 0.04; Global Bottom Elevation: 0; Has Own Geometry: 1; Children Have Geometry: 0; Global X: -6.36500757595918; Global Y: -3.26066159235129; Global Z: 0; Bounding Box Length: 0.0264536927622707; Bounding Box Width: 0.175974564896844; Bounding Box Height: 0.04
3XFON$OPv6$xFlDnTfB8gx,Storey 2 - Slab 3 (4 cm) - Opening 47,. Project: Project Name; Building: The building; Storey: Level 2; Top Elevation: 0.04; Bottom Elevation: 0; Global Top Elevation: 0.04; Global Bottom Elevation: 0; Has Own Geometry: 1; Children Have Geometry: 0; Global X: -6.32238671148715; Global Y: -3.26066159235129; Global Z: 0; Bounding Box Length: 0.0264536927622707; Bounding Box Width: 0.175974564896844; Bounding Box Height: 0.04
2dnpR9jdH7f8tV9K9nu6ZH,Storey 2 - Slab 3 (4 cm) - Opening 48,. Project: Project Name; Building: The building; Storey: Level 2; Top Elevation: 0.04; Bottom Elevation: 0; Global Top Elevation: 0.04; Global Bottom Elevation: 0; Has Own Geometry: 1; Children Have Geometry: 0; Global X: -6.27976584701513; Global Y: -3.26066159235129; Global Z: 0; Bounding Box Length: 0.0264536927622707; Bounding Box Width: 0.175974564896844; Bounding Box Height: 0.04
2kRrC_mufBIuwHO$y7YeWt,Storey 2 - Slab 3 (4 cm) - Opening 49,. Project: Project Name; Building: The building; Storey: Level 2; Top Elevation: 0.04; Bottom Elevation: 0; Global Top Elevation: 0.04; Global Bottom Elevation: 0; Has Own Geometry: 1; Children Have Geometry: 0; Global X: -6.40896034244595; Global Y: -3.06313259689635; Global Z: 0; Bounding Box Length: 0.0264536927622707; Bounding Box Width: 0.175974564896844; Bounding Box Height: 0.04
3vFhqRmF5An8rX13mHWV3I,Storey 2 - Slab 3 (4 cm) - Opening 50,. Project: Project Name; Building: The building; Storey: Level 2; Top Elevation: 0.04; Bottom Elevation: 0; Global Top Elevation: 0.04; Global Bottom Elevation: 0; Has Own Geometry: 1; Children Have Geometry: 0; Global X: -6.36500757595918; Global Y: -3.06313259689635; Global Z: 0; Bounding Box Length: 0.0264536927622707; Bounding Box Width: 0.175974564896844; Bounding Box Height: 0.04
0JTD7YSCr2PxB6huerc3i9,Storey 2 - Slab 3 (4 cm) - Opening 51,. Project: Project Name; Building: The building; Storey: Level 2; Top Elevation: 0.04; Bottom Elevation: 0; Global Top Elevation: 0.04; Global Bottom Elevation: 0; Has Own Geometry: 1; Children Have Geometry: 0; Global X: -6.32238671148715; Global Y: -3.06313259689635; Global Z: 0; Bounding Box Length: 0.0264536927622707; Bounding Box Width: 0.175974564896844; Bounding Box Height: 0.04
1QWqJrLif8Hvh1u9fmtVQD,Storey 2 - Slab 3 (4 cm) - Opening 52,. Project: Project Name; Building: The building; Storey: Level 2; Top Elevation: 0.04; Bottom Elevation: 0; Global Top Elevation: 0.04; Global Bottom Elevation: 0; Has Own Geometry: 1; Children Have Geometry: 0; Global X: -6.27976584701513; Global Y: -3.06313259689635; Global Z: 0; Bounding Box Length: 0.0264536927622707; Bounding Box Width: 0.175974564896844; Bounding Box Height: 0.04
0l1K1v8ofEMxY6XJqa7lAz,Storey 2 - Slab 3 (4 cm) - Opening 53,. Project: Project Name; Building: The building; Storey: Level 2; Top Elevation: 0.04; Bottom Elevation: 0; Global Top Elevation: 0.04; Global Bottom Elevation: 0; Has Own Geometry: 1; Children Have Geometry: 0; Global X: -6.59276282048155; Global Y: -2.86442728082908; Global Z: 0; Bounding Box Length: 0.0264536927622707; Bounding Box Width: 0.17597456489684; Bounding Box Height: 0.04
08l_RTMCv7oRsQS_SQIaTd,Storey 2 - Slab 3 (4 cm) - Opening 54,. Project: Project Name; Building: The building; Storey: Level 2; Top Elevation: 0.04; Bottom Elevation: 0; Global Top Elevation: 0.04; Global Bottom Elevation: 0; Has Own Geometry: 1; Children Have Geometry: 0; Global X: -6.54614624996528; Global Y: -2.86442728082908; Global Z: 0; Bounding Box Length: 0.0264536927622707; Bounding Box Width: 0.17597456489684; Bounding Box Height: 0.04
0MtDDPFtD0KQXpT5rg3mvm,Storey 2 - Slab 3 (4 cm) - Opening 55,. Project: Project Name; Building: The building; Storey: Level 2; Top Elevation: 0.04; Bottom Elevation: 0; Global Top Elevation: 0.04; Global Bottom Elevation: 0; Has Own Geometry: 1; Children Have Geometry: 0; Global X: -6.499529679449; Global Y: -2.86442728082908; Global Z: 0; Bounding Box Length: 0.0264536927622707; Bounding Box Width: 0.17597456489684; Bounding Box Height: 0.04
1693lz0A5FrwsWsA6KgC71,Storey 2 - Slab 3 (4 cm) - Opening 56,. Project: Project Name; Building: The building; Storey: Level 2; Top Elevation: 0.04; Bottom Elevation: 0; Global Top Elevation: 0.04; Global Bottom Elevation: 0; Has Own Geometry: 1; Children Have Geometry: 0; Global X: -6.45158120691798; Global Y: -2.86442728082908; Global Z: 0; Bounding Box Length: 0.0264536927622707; Bounding Box Width: 0.17597456489684; Bounding Box Height: 0.04
3pOwpbeDTAVgt1AI$_iu34,Storey 2 - Slab 3 (4 cm) - Opening 57,. Project: Project Name; Building: The building; Storey: Level 2; Top Elevation: 0.04; Bottom Elevation: 0; Global Top Elevation: 0.04; Global Bottom Elevation: 0; Has Own Geometry: 1; Children Have Geometry: 0; Global X: -6.40896034244595; Global Y: -2.86442728082908; Global Z: 0; Bounding Box Length: 0.0264536927622707; Bounding Box Width: 0.17597456489684; Bounding Box Height: 0.04
2NfcdR$7n3ywGNa3vupji_,Storey 2 - Slab 3 (4 cm) - Opening 58,. Project: Project Name; Building: The building; Storey: Level 2; Top Elevation: 0.04; Bottom Elevation: 0; Global Top Elevation: 0.04; Global Bottom Elevation: 0; Has Own Geometry: 1; Children Have Geometry: 0; Global X: -6.36500757595918; Global Y: -2.86442728082908; Global Z: 0; Bounding Box Length: 0.0264536927622707; Bounding Box Width: 0.17597456489684; Bounding Box Height: 0.04
0fqIWeekj4SuUsC7f_Z3qM,Storey 2 - Slab 3 (4 cm) - Opening 59,. Project: Project Name; Building: The building; Storey: Level 2; Top Elevation: 0.04; Bottom Elevation: 0; Global Top Elevation: 0.04; Global Bottom Elevation: 0; Has Own Geometry: 1; Children Have Geometry: 0; Global X: -6.32238671148715; Global Y: -2.86442728082908; Global Z: 0; Bounding Box Length: 0.0264536927622707; Bounding Box Width: 0.17597456489684; Bounding Box Height: 0.04
2p$qrno7H0$erUBPgGKreH,Storey 2 - Slab 3 (4 cm) - Opening 60,. Project: Project Name; Building: The building; Storey: Level 2; Top Elevation: 0.04; Bottom Elevation: 0; Global Top Elevation: 0.04; Global Bottom Elevation: 0; Has Own Geometry: 1; Children Have Geometry: 0; Global X: -6.27976584701513; Global Y: -2.86442728082908; Global Z: 0; Bounding Box Length: 0.0264536927622707; Bounding Box Width: 0.17597456489684; Bounding Box Height: 0.04
2GfzspsfD9HRK1lfGI$3tq,Storey 2 - Slab 5 (4 cm),. HWPO: 0; SC2D: 6; SC3D1: 251; SC3D2: 251; SCSC: 251; Project: Project Name; Building: The building; Storey: Level 2; Top Elevation: 0.04; Bottom Elevation: 0; Global Top Elevation: 0.04; Global Bottom Elevation: 0; Has Own Geometry: 1; Children Have Geometry: 1; Global X: -6.69876643707548; Global Y: 1.75323304371401; Global Z: 0; Bounding Box Length: 0.459411637725327; Bounding Box Width: 1.21452381761904; Bounding Box Height: 0.04
3nRKEy4xz3E8nDPPZq7jP3,Storey 2 - Slab 5 (4 cm) - Opening 1,. Project: Project Name; Building: The building; Storey: Level 2; Top Elevation: 0.04; Bottom Elevation: 0; Global Top Elevation: 0.04; Global Bottom Elevation: 0; Has Own Geometry: 1; Children Have Geometry: 0; Global X: -6.68471325622742; Global Y: 1.7748815332908; Global Z: 0; Bounding Box Length: 0.0264536927622707; Bounding Box Width: 0.175974564896842; Bounding Box Height: 0.04
2SHwCshG9EGAelvsqfID9n,Storey 2 - Slab 5 (4 cm) - Opening 2,. Project: Project Name; Building: The building; Storey: Level 2; Top Elevation: 0.04; Bottom Elevation: 0; Global Top Elevation: 0.04; Global Bottom Elevation: 0; Has Own Geometry: 1; Children Have Geometry: 0; Global X: -6.64076048974065; Global Y: 1.7748815332908; Global Z: 0; Bounding Box Length: 0.0264536927622707; Bounding Box Width: 0.175974564896842; Bounding Box Height: 0.04
19r$a0V0zACgVPUAgwTQ7p,Storey 2 - Slab 5 (4 cm) - Opening 3,. Project: Project Name; Building: The building; Storey: Level 2; Top Elevation: 0.04; Bottom Elevation: 0; Global Top Elevation: 0.04; Global Bottom Elevation: 0; Has Own Geometry: 1; Children Have Geometry: 0; Global X: -6.59414391922437; Global Y: 1.7748815332908; Global Z: 0; Bounding Box Length: 0.0264536927622707; Bounding Box Width: 0.175974564896842; Bounding Box Height: 0.04
0abiE1wIT92xQ8DeZuuZOH,Storey 2 - Slab 5 (4 cm) - Opening 4,. Project: Project Name; Building: The building; Storey: Level 2; Top Elevation: 0.04; Bottom Elevation: 0; Global Top Elevation: 0.04; Global Bottom Elevation: 0; Has Own Geometry: 1; Children Have Geometry: 0; Global X: -6.5475273487081; Global Y: 1.7748815332908; Global Z: 0; Bounding Box Length: 0.0264536927622707; Bounding Box Width: 0.175974564896842; Bounding Box Height: 0.04
0hySIsd0fF_RKdxRBwO6Ru,Storey 2 - Slab 5 (4 cm) - Opening 5,. Project: Project Name; Building: The building; Storey: Level 2; Top Elevation: 0.04; Bottom Elevation: 0; Global Top Elevation: 0.04; Global Bottom Elevation: 0; Has Own Geometry: 1; Children Have Geometry: 0; Global X: -6.50091077819182; Global Y: 1.7748815332908; Global Z: 0; Bounding Box Length: 0.0264536927622707; Bounding Box Width: 0.175974564896842; Bounding Box Height: 0.04
0jIL7f_yv6cw8C8$9Tez0m,Storey 2 - Slab 5 (4 cm) - Opening 6,. Project: Project Name; Building: The building; Storey: Level 2; Top Elevation: 0.04; Bottom Elevation: 0; Global Top Elevation: 0.04; Global Bottom Elevation: 0; Has Own Geometry: 1; Children Have Geometry: 0; Global X: -6.45296230566079; Global Y: 1.7748815332908; Global Z: 0; Bounding Box Length: 0.0264536927622707; Bounding Box Width: 0.175974564896842; Bounding Box Height: 0.04
1TvYYZHZ183xFxpbVQ1JDZ,Storey 2 - Slab 5 (4 cm) - Opening 7,. Project: Project Name; Building: The building; Storey: Level 2; Top Elevation: 0.04; Bottom Elevation: 0; Global Top Elevation: 0.04; Global Bottom Elevation: 0; Has Own Geometry: 1; Children Have Geometry: 0; Global X: -6.41034144118877; Global Y: 1.7748815332908; Global Z: 0; Bounding Box Length: 0.0264536927622707; Bounding Box Width: 0.175974564896842; Bounding Box Height: 0.04
2juzZTqJvEBfMVthVMwq0a,Storey 2 - Slab 5 (4 cm) - Opening 8,. Project: Project Name; Building: The building; Storey: Level 2; Top Elevation: 0.04; Bottom Elevation: 0; Global Top Elevation: 0.04; Global Bottom Elevation: 0; Has Own Geometry: 1; Children Have Geometry: 0; Global X: -6.36638867470199; Global Y: 1.7748815332908; Global Z: 0; Bounding Box Length: 0.0264536927622707; Bounding Box Width: 0.175974564896842; Bounding Box Height: 0.04
1_nHQflVHElvcb31JJL$uR,Storey 2 - Slab 5 (4 cm) - Opening 9,. Project: Project Name; Building: The building; Storey: Level 2; Top Elevation: 0.04; Bottom Elevation: 0; Global Top Elevation: 0.04; Global Bottom Elevation: 0; Has Own Geometry: 1; Children Have Geometry: 0; Global X: -6.32376781022997; Global Y: 1.7748815332908; Global Z: 0; Bounding Box Length: 0.0264536927622707; Bounding Box Width: 0.175974564896842; Bounding Box Height: 0.04
3OeEuLmQn4CuTxBYYmkCud,Storey 2 - Slab 5 (4 cm) - Opening 10,. Project: Project Name; Building: The building; Storey: Level 2; Top Elevation: 0.04; Bottom Elevation: 0; Global Top Elevation: 0.04; Global Bottom Elevation: 0; Has Own Geometry: 1; Children Have Geometry: 0; Global X: -6.28114694575795; Global Y: 1.7748815332908; Global Z: 0; Bounding Box Length: 0.0264536927622707; Bounding Box Width: 0.175974564896842; Bounding Box Height: 0.04
0tGSujGZzFUQI3tWfD3lC6,Storey 2 - Slab 5 (4 cm) - Opening 11,. Project: Project Name; Building: The building; Storey: Level 2; Top Elevation: 0.04; Bottom Elevation: 0; Global Top Elevation: 0.04; Global Bottom Elevation: 0; Has Own Geometry: 1; Children Have Geometry: 0; Global X: -6.68471325622742; Global Y: 1.97510368383186; Global Z: 0; Bounding Box Length: 0.0264536927622707; Bounding Box Width: 0.175974564896842; Bounding Box Height: 0.04
10218wtdr5Whb_UYiRSEzD,Storey 2 - Slab 5 (4 cm) - Opening 12,. Project: Project Name; Building: The building; Storey: Level 2; Top Elevation: 0.04; Bottom Elevation: 0; Global Top Elevation: 0.04; Global Bottom Elevation: 0; Has Own Geometry: 1; Children Have Geometry: 0; Global X: -6.64076048974065; Global Y: 1.97510368383186; Global Z: 0; Bounding Box Length: 0.0264536927622707; Bounding Box Width: 0.175974564896842; Bounding Box Height: 0.04
35pIThDMXC_fiDSL$kztDJ,Storey 2 - Slab 5 (4 cm) - Opening 13,. Project: Project Name; Building: The building; Storey: Level 2; Top Elevation: 0.04; Bottom Elevation: 0; Global Top Elevation: 0.04; Global Bottom Elevation: 0; Has Own Geometry: 1; Children Have Geometry: 0; Global X: -6.59414391922437; Global Y: 1.97510368383186; Global Z: 0; Bounding Box Length: 0.0264536927622707; Bounding Box Width: 0.175974564896842; Bounding Box Height: 0.04
3tqOPBf4X5OOB5Lm1Kle4C,Storey 2 - Slab 5 (4 cm) - Opening 14,. Project: Project Name; Building: The building; Storey: Level 2; Top Elevation: 0.04; Bottom Elevation: 0; Global Top Elevation: 0.04; Global Bottom Elevation: 0; Has Own Geometry: 1; Children Have Geometry: 0; Global X: -6.5475273487081; Global Y: 1.97510368383186; Global Z: 0; Bounding Box Length: 0.0264536927622707; Bounding Box Width: 0.175974564896842; Bounding Box Height: 0.04
0bZ1DVg4b8GR8tHQrz4yVc,Storey 2 - Slab 5 (4 cm) - Opening 15,. Project: Project Name; Building: The building; Storey: Level 2; Top Elevation: 0.04; Bottom Elevation: 0; Global Top Elevation: 0.04; Global Bottom Elevation: 0; Has Own Geometry: 1; Children Have Geometry: 0; Global X: -6.50091077819182; Global Y: 1.97510368383186; Global Z: 0; Bounding Box Length: 0.0264536927622707; Bounding Box Width: 0.175974564896842; Bounding Box Height: 0.04
1cJ_hLY35588xsTLVv0ipq,Storey 2 - Slab 5 (4 cm) - Opening 16,. Project: Project Name; Building: The building; Storey: Level 2; Top Elevation: 0.04; Bottom Elevation: 0; Global Top Elevation: 0.04; Global Bottom Elevation: 0; Has Own Geometry: 1; Children Have Geometry: 0; Global X: -6.45296230566079; Global Y: 1.97510368383186; Global Z: 0; Bounding Box Length: 0.0264536927622707; Bounding Box Width: 0.175974564896842; Bounding Box Height: 0.04
0meZqvdlHFJx$pEnFW_9J9,Storey 2 - Slab 5 (4 cm) - Opening 17,. Project: Project Name; Building: The building; Storey: Level 2; Top Elevation: 0.04; Bottom Elevation: 0; Global Top Elevation: 0.04; Global Bottom Elevation: 0; Has Own Geometry: 1; Children Have Geometry: 0; Global X: -6.41034144118877; Global Y: 1.97510368383186; Global Z: 0; Bounding Box Length: 0.0264536927622707; Bounding Box Width: 0.175974564896842; Bounding Box Height: 0.04
3X1dSvfrPAwAmEDM6rrTSQ,Storey 2 - Slab 5 (4 cm) - Opening 18,. Project: Project Name; Building: The building; Storey: Level 2; Top Elevation: 0.04; Bottom Elevation: 0; Global Top Elevation: 0.04; Global Bottom Elevation: 0; Has Own Geometry: 1; Children Have Geometry: 0; Global X: -6.36638867470199; Global Y: 1.97510368383186; Global Z: 0; Bounding Box Length: 0.0264536927622707; Bounding Box Width: 0.175974564896842; Bounding Box Height: 0.04
0RKqqNXof7FQjMqlLK9og$,Storey 2 - Slab 5 (4 cm) - Opening 19,. Project: Project Name; Building: The building; Storey: Level 2; Top Elevation: 0.04; Bottom Elevation: 0; Global Top Elevation: 0.04; Global Bottom Elevation: 0; Has Own Geometry: 1; Children Have Geometry: 0; Global X: -6.32376781022997; Global Y: 1.97510368383186; Global Z: 0; Bounding Box Length: 0.0264536927622707; Bounding Box Width: 0.175974564896842; Bounding Box Height: 0.04
1JeApi6YX4RuiE_zIlhQ4h,Storey 2 - Slab 5 (4 cm) - Opening 20,. Project: Project Name; Building: The building; Storey: Level 2; Top Elevation: 0.04; Bottom Elevation: 0; Global Top Elevation: 0.04; Global Bottom Elevation: 0; Has Own Geometry: 1; Children Have Geometry: 0; Global X: -6.28114694575795; Global Y: 1.97510368383186; Global Z: 0; Bounding Box Length: 0.0264536927622707; Bounding Box Width: 0.175974564896842; Bounding Box Height: 0.04
3RHhhI0SD58RodVPSmuJEX,Storey 2 - Slab 5 (4 cm) - Opening 21,. Project: Project Name; Building: The building; Storey: Level 2; Top Elevation: 0.04; Bottom Elevation: 0; Global Top Elevation: 0.04; Global Bottom Elevation: 0; Has Own Geometry: 1; Children Have Geometry: 0; Global X: -6.68471325622742; Global Y: 2.17684266884673; Global Z: 0; Bounding Box Length: 0.0264536927622707; Bounding Box Width: 0.175974564896844; Bounding Box Height: 0.04
0B2Fv37gX3kOrfAOSr4XEV,Storey 2 - Slab 5 (4 cm) - Opening 22,. Project: Project Name; Building: The building; Storey: Level 2; Top Elevation: 0.04; Bottom Elevation: 0; Global Top Elevation: 0.04; Global Bottom Elevation: 0; Has Own Geometry: 1; Children Have Geometry: 0; Global X: -6.64076048974065; Global Y: 2.17684266884673; Global Z: 0; Bounding Box Length: 0.0264536927622707; Bounding Box Width: 0.175974564896844; Bounding Box Height: 0.04
2nCA5e0vT9cObn8GJqHFl4,Storey 2 - Slab 5 (4 cm) - Opening 23,. Project: Project Name; Building: The building; Storey: Level 2; Top Elevation: 0.04; Bottom Elevation: 0; Global Top Elevation: 0.04; Global Bottom Elevation: 0; Has Own Geometry: 1; Children Have Geometry: 0; Global X: -6.59414391922437; Global Y: 2.17684266884673; Global Z: 0; Bounding Box Length: 0.0264536927622707; Bounding Box Width: 0.175974564896844; Bounding Box Height: 0.04
0IWfzG5rPCjgouljlv5cXN,Storey 2 - Slab 5 (4 cm) - Opening 24,. Project: Project Name; Building: The building; Storey: Level 2; Top Elevation: 0.04; Bottom Elevation: 0; Global Top Elevation: 0.04; Global Bottom Elevation: 0; Has Own Geometry: 1; Children Have Geometry: 0; Global X: -6.5475273487081; Global Y: 2.17684266884673; Global Z: 0; Bounding Box Length: 0.0264536927622707; Bounding Box Width: 0.175974564896844; Bounding Box Height: 0.04
3_FfqzNIrB3Q_Z0OCJfwxX,Storey 2 - Slab 5 (4 cm) - Opening 25,. Project: Project Name; Building: The building; Storey: Level 2; Top Elevation: 0.04; Bottom Elevation: 0; Global Top Elevation: 0.04; Global Bottom Elevation: 0; Has Own Geometry: 1; Children Have Geometry: 0; Global X: -6.50091077819182; Global Y: 2.17684266884673; Global Z: 0; Bounding Box Length: 0.0264536927622707; Bounding Box Width: 0.175974564896844; Bounding Box Height: 0.04
3KxRIOHAXBsP5BKMn9M$C7,Storey 2 - Slab 5 (4 cm) - Opening 26,. Project: Project Name; Building: The building; Storey: Level 2; Top Elevation: 0.04; Bottom Elevation: 0; Global Top Elevation: 0.04; Global Bottom Elevation: 0; Has Own Geometry: 1; Children Have Geometry: 0; Global X: -6.45296230566079; Global Y: 2.17684266884673; Global Z: 0; Bounding Box Length: 0.0264536927622707; Bounding Box Width: 0.175974564896844; Bounding Box Height: 0.04
2dyp9H9qD7TQCMdUAov2Ee,Storey 2 - Slab 5 (4 cm) - Opening 27,. Project: Project Name; Building: The building; Storey: Level 2; Top Elevation: 0.04; Bottom Elevation: 0; Global Top Elevation: 0.04; Global Bottom Elevation: 0; Has Own Geometry: 1; Children Have Geometry: 0; Global X: -6.41034144118877; Global Y: 2.17684266884673; Global Z: 0; Bounding Box Length: 0.0264536927622707; Bounding Box Width: 0.175974564896844; Bounding Box Height: 0.04
2Mgyj2gvvDJOfhz35KWl58,Storey 2 - Slab 5 (4 cm) - Opening 28,. Project: Project Name; Building: The building; Storey: Level 2; Top Elevation: 0.04; Bottom Elevation: 0; Global Top Elevation: 0.04; Global Bottom Elevation: 0; Has Own Geometry: 1; Children Have Geometry: 0; Global X: -6.36638867470199; Global Y: 2.17684266884673; Global Z: 0; Bounding Box Length: 0.0264536927622707; Bounding Box Width: 0.175974564896844; Bounding Box Height: 0.04
325cko0_9BPQ0vIYEWqiMi,Storey 2 - Slab 5 (4 cm) - Opening 29,. Project: Project Name; Building: The building; Storey: Level 2; Top Elevation: 0.04; Bottom Elevation: 0; Global Top Elevation: 0.04; Global Bottom Elevation: 0; Has Own Geometry: 1; Children Have Geometry: 0; Global X: -6.32376781022997; Global Y: 2.17684266884673; Global Z: 0; Bounding Box Length: 0.0264536927622707; Bounding Box Width: 0.175974564896844; Bounding Box Height: 0.04
19eUrSmoXDIOBLFTmbfpEO,Storey 2 - Slab 5 (4 cm) - Opening 30,. Project: Project Name; Building: The building; Storey: Level 2; Top Elevation: 0.04; Bottom Elevation: 0; Global Top Elevation: 0.04; Global Bottom Elevation: 0; Has Own Geometry: 1; Children Have Geometry: 0; Global X: -6.28114694575795; Global Y: 2.17684266884673; Global Z: 0; Bounding Box Length: 0.0264536927622707; Bounding Box Width: 0.175974564896844; Bounding Box Height: 0.04
3z5cHTm8T9OuQ5VpXmM8ue,Storey 2 - Slab 5 (4 cm) - Opening 31,. Project: Project Name; Building: The building; Storey: Level 2; Top Elevation: 0.04; Bottom Elevation: 0; Global Top Elevation: 0.04; Global Bottom Elevation: 0; Has Own Geometry: 1; Children Have Geometry: 0; Global X: -6.68471325622742; Global Y: 2.375547984914; Global Z: 0; Bounding Box Length: 0.0264536927622707; Bounding Box Width: 0.17597456489684; Bounding Box Height: 0.04
3_0MFNiKn9IA76taqkfXFN,Storey 2 - Slab 5 (4 cm) - Opening 32,. Project: Project Name; Building: The building; Storey: Level 2; Top Elevation: 0.04; Bottom Elevation: 0; Global Top Elevation: 0.04; Global Bottom Elevation: 0; Has Own Geometry: 1; Children Have Geometry: 0; Global X: -6.68471325622742; Global Y: 2.57307698036894; Global Z: 0; Bounding Box Length: 0.0264536927622707; Bounding Box Width: 0.17597456489684; Bounding Box Height: 0.04
0Dbc9husvB3v2y$oznoLi_,Storey 2 - Slab 5 (4 cm) - Opening 33,. Project: Project Name; Building: The building; Storey: Level 2; Top Elevation: 0.04; Bottom Elevation: 0; Global Top Elevation: 0.04; Global Bottom Elevation: 0; Has Own Geometry: 1; Children Have Geometry: 0; Global X: -6.68471325622742; Global Y: 2.77178229643621; Global Z: 0; Bounding Box Length: 0.0264536927622707; Bounding Box Width: 0.175974564896844; Bounding Box Height: 0.04
2HIuf7sSr9O8lxlY8xq3wf,Storey 2 - Slab 5 (4 cm) - Opening 34,. Project: Project Name; Building: The building; Storey: Level 2; Top Elevation: 0.04; Bottom Elevation: 0; Global Top Elevation: 0.04; Global Bottom Elevation: 0; Has Own Geometry: 1; Children Have Geometry: 0; Global X: -6.64076048974065; Global Y: 2.375547984914; Global Z: 0; Bounding Box Length: 0.0264536927622707; Bounding Box Width: 0.17597456489684; Bounding Box Height: 0.04
2_qaoUXlLF2Osb1K1BkbdF,Storey 2 - Slab 5 (4 cm) - Opening 35,. Project: Project Name; Building: The building; Storey: Level 2; Top Elevation: 0.04; Bottom Elevation: 0; Global Top Elevation: 0.04; Global Bottom Elevation: 0; Has Own Geometry: 1; Children Have Geometry: 0; Global X: -6.64076048974065; Global Y: 2.57307698036894; Global Z: 0; Bounding Box Length: 0.0264536927622707; Bounding Box Width: 0.17597456489684; Bounding Box Height: 0.04
1uu803_3n4cxBCxAcH18Wk,Storey 2 - Slab 5 (4 cm) - Opening 36,. Project: Project Name; Building: The building; Storey: Level 2; Top Elevation: 0.04; Bottom Elevation: 0; Global Top Elevation: 0.04; Global Bottom Elevation: 0; Has Own Geometry: 1; Children Have Geometry: 0; Global X: -6.64076048974065; Global Y: 2.77178229643621; Global Z: 0; Bounding Box Length: 0.0264536927622707; Bounding Box Width: 0.175974564896844; Bounding Box Height: 0.04
2MtCMjR4v5qReCZEucKahO,Storey 2 - Slab 5 (4 cm) - Opening 37,. Project: Project Name; Building: The building; Storey: Level 2; Top Elevation: 0.04; Bottom Elevation: 0; Global Top Elevation: 0.04; Global Bottom Elevation: 0; Has Own Geometry: 1; Children Have Geometry: 0; Global X: -6.59414391922437; Global Y: 2.375547984914; Global Z: 0; Bounding Box Length: 0.0264536927622707; Bounding Box Width: 0.17597456489684; Bounding Box Height: 0.04
1VsIzysqz5zumQD1O24K3g,Storey 2 - Slab 5 (4 cm) - Opening 38,. Project: Project Name; Building: The building; Storey: Level 2; Top Elevation: 0.04; Bottom Elevation: 0; Global Top Elevation: 0.04; Global Bottom Elevation: 0; Has Own Geometry: 1; Children Have Geometry: 0; Global X: -6.59414391922437; Global Y: 2.57307698036894; Global Z: 0; Bounding Box Length: 0.0264536927622707; Bounding Box Width: 0.17597456489684; Bounding Box Height: 0.04
2SvQVELGf13OFuQaFlIPXL,Storey 2 - Slab 5 (4 cm) - Opening 39,. Project: Project Name; Building: The building; Storey: Level 2; Top Elevation: 0.04; Bottom Elevation: 0; Global Top Elevation: 0.04; Global Bottom Elevation: 0; Has Own Geometry: 1; Children Have Geometry: 0; Global X: -6.5475273487081; Global Y: 2.375547984914; Global Z: 0; Bounding Box Length: 0.0264536927622707; Bounding Box Width: 0.17597456489684; Bounding Box Height: 0.04
2M7LL7gSrBuRpfpiFIwEpA,Storey 2 - Slab 5 (4 cm) - Opening 40,. Project: Project Name; Building: The building; Storey: Level 2; Top Elevation: 0.04; Bottom Elevation: 0; Global Top Elevation: 0.04; Global Bottom Elevation: 0; Has Own Geometry: 1; Children Have Geometry: 0; Global X: -6.5475273487081; Global Y: 2.57307698036894; Global Z: 0; Bounding Box Length: 0.0264536927622707; Bounding Box Width: 0.17597456489684; Bounding Box Height: 0.04
0dAlTdl5b4dfpjxOAkcXLj,Storey 2 - Slab 5 (4 cm) - Opening 41,. Project: Project Name; Building: The building; Storey: Level 2; Top Elevation: 0.04; Bottom Elevation: 0; Global Top Elevation: 0.04; Global Bottom Elevation: 0; Has Own Geometry: 1; Children Have Geometry: 0; Global X: -6.50091077819182; Global Y: 2.375547984914; Global Z: 0; Bounding Box Length: 0.0264536927622707; Bounding Box Width: 0.17597456489684; Bounding Box Height: 0.04
2v2nO5_lDEpOp3d2aeDJ0$,Storey 2 - Slab 5 (4 cm) - Opening 42,. Project: Project Name; Building: The building; Storey: Level 2; Top Elevation: 0.04; Bottom Elevation: 0; Global Top Elevation: 0.04; Global Bottom Elevation: 0; Has Own Geometry: 1; Children Have Geometry: 0; Global X: -6.50091077819182; Global Y: 2.57307698036894; Global Z: 0; Bounding Box Length: 0.0264536927622707; Bounding Box Width: 0.17597456489684; Bounding Box Height: 0.04
11H_vLqZ178hrAJn1kg7QK,Storey 2 - Slab 5 (4 cm) - Opening 43,. Project: Project Name; Building: The building; Storey: Level 2; Top Elevation: 0.04; Bottom Elevation: 0; Global Top Elevation: 0.04; Global Bottom Elevation: 0; Has Own Geometry: 1; Children Have Geometry: 0; Global X: -6.45296230566079; Global Y: 2.375547984914; Global Z: 0; Bounding Box Length: 0.0264536927622707; Bounding Box Width: 0.17597456489684; Bounding Box Height: 0.04
14doOK7Lv8whRQ2zjDG8dZ,Storey 2 - Slab 5 (4 cm) - Opening 44,. Project: Project Name; Building: The building; Storey: Level 2; Top Elevation: 0.04; Bottom Elevation: 0; Global Top Elevation: 0.04; Global Bottom Elevation: 0; Has Own Geometry: 1; Children Have Geometry: 0; Global X: -6.45296230566079; Global Y: 2.57307698036894; Global Z: 0; Bounding Box Length: 0.0264536927622707; Bounding Box Width: 0.17597456489684; Bounding Box Height: 0.04
1CyXzeLHH9uvrbotN30gsD,Storey 2 - Slab 5 (4 cm) - Opening 45,. Project: Project Name; Building: The building; Storey: Level 2; Top Elevation: 0.04; Bottom Elevation: 0; Global Top Elevation: 0.04; Global Bottom Elevation: 0; Has Own Geometry: 1; Children Have Geometry: 0; Global X: -6.41034144118877; Global Y: 2.375547984914; Global Z: 0; Bounding Box Length: 0.0264536927622707; Bounding Box Width: 0.17597456489684; Bounding Box Height: 0.04
31wkxg_0X8bBt6__2KRI8T,Storey 2 - Slab 5 (4 cm) - Opening 46,. Project: Project Name; Building: The building; Storey: Level 2; Top Elevation: 0.04; Bottom Elevation: 0; Global Top Elevation: 0.04; Global Bottom Elevation: 0; Has Own Geometry: 1; Children Have Geometry: 0; Global X: -6.36638867470199; Global Y: 2.375547984914; Global Z: 0; Bounding Box Length: 0.0264536927622707; Bounding Box Width: 0.17597456489684; Bounding Box Height: 0.04
1kB8DnI9zC5AjFaQer98mH,Storey 2 - Slab 5 (4 cm) - Opening 47,. Project: Project Name; Building: The building; Storey: Level 2; Top Elevation: 0.04; Bottom Elevation: 0; Global Top Elevation: 0.04; Global Bottom Elevation: 0; Has Own Geometry: 1; Children Have Geometry: 0; Global X: -6.32376781022997; Global Y: 2.375547984914; Global Z: 0; Bounding Box Length: 0.0264536927622707; Bounding Box Width: 0.17597456489684; Bounding Box Height: 0.04
3HuwQktZ10ZRX$cWA0y2lX,Storey 2 - Slab 5 (4 cm) - Opening 48,. Project: Project Name; Building: The building; Storey: Level 2; Top Elevation: 0.04; Bottom Elevation: 0; Global Top Elevation: 0.04; Global Bottom Elevation: 0; Has Own Geometry: 1; Children Have Geometry: 0; Global X: -6.28114694575795; Global Y: 2.375547984914; Global Z: 0; Bounding Box Length: 0.0264536927622707; Bounding Box Width: 0.17597456489684; Bounding Box Height: 0.04
1tXCqi9J91pAPc7O98XX_C,Storey 2 - Slab 5 (4 cm) - Opening 49,. Project: Project Name; Building: The building; Storey: Level 2; Top Elevation: 0.04; Bottom Elevation: 0; Global Top Elevation: 0.04; Global Bottom Elevation: 0; Has Own Geometry: 1; Children Have Geometry: 0; Global X: -6.41034144118877; Global Y: 2.57307698036894; Global Z: 0; Bounding Box Length: 0.0264536927622707; Bounding Box Width: 0.17597456489684; Bounding Box Height: 0.04
1WMCaM6dz4k92epTgs$bVQ,Storey 2 - Slab 5 (4 cm) - Opening 50,. Project: Project Name; Building: The building; Storey: Level 2; Top Elevation: 0.04; Bottom Elevation: 0; Global Top Elevation: 0.04; Global Bottom Elevation: 0; Has Own Geometry: 1; Children Have Geometry: 0; Global X: -6.36638867470199; Global Y: 2.57307698036894; Global Z: 0; Bounding Box Length: 0.0264536927622707; Bounding Box Width: 0.17597456489684; Bounding Box Height: 0.04
0l0F_YmJLBGAkrJeLvQ2GH,Storey 2 - Slab 5 (4 cm) - Opening 51,. Project: Project Name; Building: The building; Storey: Level 2; Top Elevation: 0.04; Bottom Elevation: 0; Global Top Elevation: 0.04; Global Bottom Elevation: 0; Has Own Geometry: 1; Children Have Geometry: 0; Global X: -6.32376781022997; Global Y: 2.57307698036894; Global Z: 0; Bounding Box Length: 0.0264536927622707; Bounding Box Width: 0.17597456489684; Bounding Box Height: 0.04
1BjVF$H6XAMuVSA0ay8HlJ,Storey 2 - Slab 5 (4 cm) - Opening 52,. Project: Project Name; Building: The building; Storey: Level 2; Top Elevation: 0.04; Bottom Elevation: 0; Global Top Elevation: 0.04; Global Bottom Elevation: 0; Has Own Geometry: 1; Children Have Geometry: 0; Global X: -6.28114694575795; Global Y: 2.57307698036894; Global Z: 0; Bounding Box Length: 0.0264536927622707; Bounding Box Width: 0.17597456489684; Bounding Box Height: 0.04
1v5Aeqv3v538J6WKqYnwI1,Storey 2 - Slab 5 (4 cm) - Opening 53,. Project: Project Name; Building: The building; Storey: Level 2; Top Elevation: 0.04; Bottom Elevation: 0; Global Top Elevation: 0.04; Global Bottom Elevation: 0; Has Own Geometry: 1; Children Have Geometry: 0; Global X: -6.59414391922437; Global Y: 2.77178229643621; Global Z: 0; Bounding Box Length: 0.0264536927622707; Bounding Box Width: 0.175974564896844; Bounding Box Height: 0.04
3L6J$giBD1phBKiUCe1WPa,Storey 2 - Slab 5 (4 cm) - Opening 54,. Project: Project Name; Building: The building; Storey: Level 2; Top Elevation: 0.04; Bottom Elevation: 0; Global Top Elevation: 0.04; Global Bottom Elevation: 0; Has Own Geometry: 1; Children Have Geometry: 0; Global X: -6.5475273487081; Global Y: 2.77178229643621; Global Z: 0; Bounding Box Length: 0.0264536927622707; Bounding Box Width: 0.175974564896844; Bounding Box Height: 0.04
0fff5v_KP3vAFHVVClK7IZ,Storey 2 - Slab 5 (4 cm) - Opening 55,. Project: Project Name; Building: The building; Storey: Level 2; Top Elevation: 0.04; Bottom Elevation: 0; Global Top Elevation: 0.04; Global Bottom Elevation: 0; Has Own Geometry: 1; Children Have Geometry: 0; Global X: -6.50091077819182; Global Y: 2.77178229643621; Global Z: 0; Bounding Box Length: 0.0264536927622707; Bounding Box Width: 0.175974564896844; Bounding Box Height: 0.04
3J4G26AKr9PepPf5MEXeYe,Storey 2 - Slab 5 (4 cm) - Opening 56,. Project: Project Name; Building: The building; Storey: Level 2; Top Elevation: 0.04; Bottom Elevation: 0; Global Top Elevation: 0.04; Global Bottom Elevation: 0; Has Own Geometry: 1; Children Have Geometry: 0; Global X: -6.45296230566079; Global Y: 2.77178229643621; Global Z: 0; Bounding Box Length: 0.0264536927622707; Bounding Box Width: 0.175974564896844; Bounding Box Height: 0.04
3BGeLSMT565unSxBCpWOxO,Storey 2 - Slab 5 (4 cm) - Opening 57,. Project: Project Name; Building: The building; Storey: Level 2; Top Elevation: 0.04; Bottom Elevation: 0; Global Top Elevation: 0.04; Global Bottom Elevation: 0; Has Own Geometry: 1; Children Have Geometry: 0; Global X: -6.41034144118877; Global Y: 2.77178229643621; Global Z: 0; Bounding Box Length: 0.0264536927622707; Bounding Box Width: 0.175974564896844; Bounding Box Height: 0.04
1d8OMOqRbDCwfi3bKglsFz,Storey 2 - Slab 5 (4 cm) - Opening 58,. Project: Project Name; Building: The building; Storey: Level 2; Top Elevation: 0.04; Bottom Elevation: 0; Global Top Elevation: 0.04; Global Bottom Elevation: 0; Has Own Geometry: 1; Children Have Geometry: 0; Global X: -6.36638867470199; Global Y: 2.77178229643621; Global Z: 0; Bounding Box Length: 0.0264536927622707; Bounding Box Width: 0.175974564896844; Bounding Box Height: 0.04
2AhNqmNUX4Zws6RbD07fiv,Storey 2 - Slab 5 (4 cm) - Opening 59,. Project: Project Name; Building: The building; Storey: Level 2; Top Elevation: 0.04; Bottom Elevation: 0; Global Top Elevation: 0.04; Global Bottom Elevation: 0; Has Own Geometry: 1; Children Have Geometry: 0; Global X: -6.32376781022997; Global Y: 2.77178229643621; Global Z: 0; Bounding Box Length: 0.0264536927622707; Bounding Box Width: 0.175974564896844; Bounding Box Height: 0.04
0Owbqvz0H1qAXi6uoPvaJt,Storey 2 - Slab 5 (4 cm) - Opening 60,. Project: Project Name; Building: The building; Storey: Level 2; Top Elevation: 0.04; Bottom Elevation: 0; Global Top Elevation: 0.04; Global Bottom Elevation: 0; Has Own Geometry: 1; Children Have Geometry: 0; Global X: -6.28114694575795; Global Y: 2.77178229643621; Global Z: 0; Bounding Box Length: 0.0264536927622707; Bounding Box Width: 0.175974564896844; Bounding Box Height: 0.04
316yqTjzb1Wed7Q_GRjvhM,Storey 2 - Slab 4 (4 cm),. HWPO: 0; SC2D: 6; SC3D1: 251; SC3D2: 251; SCSC: 251; Project: Project Name; Building: The building; Storey: Level 2; Top Elevation: 0.04; Bottom Elevation: 0; Global Top Elevation: 0.04; Global Bottom Elevation: 0; Has Own Geometry: 1; Children Have Geometry: 1; Global X: -6.69738533833267; Global Y: -2.66845271593224; Global Z: 0; Bounding Box Length: 0.459411637725328; Bounding Box Width: 1.21452381761904; Bounding Box Height: 0.04
1a5n8pkzn5aOahlB0k0$xj,Storey 2 - Slab 4 (4 cm) - Opening 1,. Project: Project Name; Building: The building; Storey: Level 2; Top Elevation: 0.04; Bottom Elevation: 0; Global Top Elevation: 0.04; Global Bottom Elevation: 0; Has Own Geometry: 1; Children Have Geometry: 0; Global X: -6.68333215748461; Global Y: -2.64680422635545; Global Z: 0; Bounding Box Length: 0.0264536927622707; Bounding Box Width: 0.175974564896844; Bounding Box Height: 0.04
3TSPhiVJb9vxSydoU6x6ih,Storey 2 - Slab 4 (4 cm) - Opening 2,. Project: Project Name; Building: The building; Storey: Level 2; Top Elevation: 0.04; Bottom Elevation: 0; Global Top Elevation: 0.04; Global Bottom Elevation: 0; Has Own Geometry: 1; Children Have Geometry: 0; Global X: -6.63937939099783; Global Y: -2.64680422635545; Global Z: 0; Bounding Box Length: 0.0264536927622707; Bounding Box Width: 0.175974564896844; Bounding Box Height: 0.04
2ZOhBYw259RxU1wy5he$Hz,Storey 2 - Slab 4 (4 cm) - Opening 3,. Project: Project Name; Building: The building; Storey: Level 2; Top Elevation: 0.04; Bottom Elevation: 0; Global Top Elevation: 0.04; Global Bottom Elevation: 0; Has Own Geometry: 1; Children Have Geometry: 0; Global X: -6.59276282048155; Global Y: -2.64680422635545; Global Z: 0; Bounding Box Length: 0.0264536927622707; Bounding Box Width: 0.175974564896844; Bounding Box Height: 0.04
3wEP$LYo93DRfPS7a8E8NM,Storey 2 - Slab 4 (4 cm) - Opening 4,. Project: Project Name; Building: The building; Storey: Level 2; Top Elevation: 0.04; Bottom Elevation: 0; Global Top Elevation: 0.04; Global Bottom Elevation: 0; Has Own Geometry: 1; Children Have Geometry: 0; Global X: -6.54614624996528; Global Y: -2.64680422635545; Global Z: 0; Bounding Box Length: 0.0264536927622707; Bounding Box Width: 0.175974564896844; Bounding Box Height: 0.04
2rnVAALYjCOwCv$fQsxRQI,Storey 2 - Slab 4 (4 cm) - Opening 5,. Project: Project Name; Building: The building; Storey: Level 2; Top Elevation: 0.04; Bottom Elevation: 0; Global Top Elevation: 0.04; Global Bottom Elevation: 0; Has Own Geometry: 1; Children Have Geometry: 0; Global X: -6.499529679449; Global Y: -2.64680422635545; Global Z: 0; Bounding Box Length: 0.0264536927622707; Bounding Box Width: 0.175974564896844; Bounding Box Height: 0.04
088vvqGXj5HxySZyVo27KM,Storey 2 - Slab 4 (4 cm) - Opening 6,. Project: Project Name; Building: The building; Storey: Level 2; Top Elevation: 0.04; Bottom Elevation: 0; Global Top Elevation: 0.04; Global Bottom Elevation: 0; Has Own Geometry: 1; Children Have Geometry: 0; Global X: -6.45158120691798; Global Y: -2.64680422635545; Global Z: 0; Bounding Box Length: 0.0264536927622707; Bounding Box Width: 0.175974564896844; Bounding Box Height: 0.04
3WrtY_0Pr8Fhdk7PYjknm8,Storey 2 - Slab 4 (4 cm) - Opening 7,. Project: Project Name; Building: The building; Storey: Level 2; Top Elevation: 0.04; Bottom Elevation: 0; Global Top Elevation: 0.04; Global Bottom Elevation: 0; Has Own Geometry: 1; Children Have Geometry: 0; Global X: -6.40896034244595; Global Y: -2.64680422635545; Global Z: 0; Bounding Box Length: 0.0264536927622707; Bounding Box Width: 0.175974564896844; Bounding Box Height: 0.04
0wDkAyzwz83QtmFUwJZMix,Storey 2 - Slab 4 (4 cm) - Opening 8,. Project: Project Name; Building: The building; Storey: Level 2; Top Elevation: 0.04; Bottom Elevation: 0; Global Top Elevation: 0.04; Global Bottom Elevation: 0; Has Own Geometry: 1; Children Have Geometry: 0; Global X: -6.36500757595918; Global Y: -2.64680422635545; Global Z: 0; Bounding Box Length: 0.0264536927622707; Bounding Box Width: 0.175974564896844; Bounding Box Height: 0.04
2E7Cf8KinDh9bgknfKtsEA,Storey 2 - Slab 4 (4 cm) - Opening 9,. Project: Project Name; Building: The building; Storey: Level 2; Top Elevation: 0.04; Bottom Elevation: 0; Global Top Elevation: 0.04; Global Bottom Elevation: 0; Has Own Geometry: 1; Children Have Geometry: 0; Global X: -6.32238671148715; Global Y: -2.64680422635545; Global Z: 0; Bounding Box Length: 0.0264536927622707; Bounding Box Width: 0.175974564896844; Bounding Box Height: 0.04
2DeiKHUG98QQWv7Nb9RVeY,Storey 2 - Slab 4 (4 cm) - Opening 10,. Project: Project Name; Building: The building; Storey: Level 2; Top Elevation: 0.04; Bottom Elevation: 0; Global Top Elevation: 0.04; Global Bottom Elevation: 0; Has Own Geometry: 1; Children Have Geometry: 0; Global X: -6.27976584701513; Global Y: -2.64680422635545; Global Z: 0; Bounding Box Length: 0.0264536927622707; Bounding Box Width: 0.175974564896844; Bounding Box Height: 0.04
3pxsydrIv7qvMCexsYh$$_,Storey 2 - Slab 4 (4 cm) - Opening 11,. Project: Project Name; Building: The building; Storey: Level 2; Top Elevation: 0.04; Bottom Elevation: 0; Global Top Elevation: 0.04; Global Bottom Elevation: 0; Has Own Geometry: 1; Children Have Geometry: 0; Global X: -6.68333215748461; Global Y: -2.44658207581438; Global Z: 0; Bounding Box Length: 0.0264536927622707; Bounding Box Width: 0.175974564896844; Bounding Box Height: 0.04
0T27N04iPE5efI42UHBw4w,Storey 2 - Slab 4 (4 cm) - Opening 12,. Project: Project Name; Building: The building; Storey: Level 2; Top Elevation: 0.04; Bottom Elevation: 0; Global Top Elevation: 0.04; Global Bottom Elevation: 0; Has Own Geometry: 1; Children Have Geometry: 0; Global X: -6.63937939099783; Global Y: -2.44658207581438; Global Z: 0; Bounding Box Length: 0.0264536927622707; Bounding Box Width: 0.175974564896844; Bounding Box Height: 0.04
2Rc8GZICr8wPRB7awEvuIZ,Storey 2 - Slab 4 (4 cm) - Opening 13,. Project: Project Name; Building: The building; Storey: Level 2; Top Elevation: 0.04; Bottom Elevation: 0; Global Top Elevation: 0.04; Global Bottom Elevation: 0; Has Own Geometry: 1; Children Have Geometry: 0; Global X: -6.59276282048155; Global Y: -2.44658207581438; Global Z: 0; Bounding Box Length: 0.0264536927622707; Bounding Box Width: 0.175974564896844; Bounding Box Height: 0.04
0Px6CgHuT72A3XWAte7ef5,Storey 2 - Slab 4 (4 cm) - Opening 14,. Project: Project Name; Building: The building; Storey: Level 2; Top Elevation: 0.04; Bottom Elevation: 0; Global Top Elevation: 0.04; Global Bottom Elevation: 0; Has Own Geometry: 1; Children Have Geometry: 0; Global X: -6.54614624996528; Global Y: -2.44658207581438; Global Z: 0; Bounding Box Length: 0.0264536927622707; Bounding Box Width: 0.175974564896844; Bounding Box Height: 0.04
2pEMEPmzfBHfC5wvEKn_aV,Storey 2 - Slab 4 (4 cm) - Opening 15,. Project: Project Name; Building: The building; Storey: Level 2; Top Elevation: 0.04; Bottom Elevation: 0; Global Top Elevation: 0.04; Global Bottom Elevation: 0; Has Own Geometry: 1; Children Have Geometry: 0; Global X: -6.499529679449; Global Y: -2.44658207581438; Global Z: 0; Bounding Box Length: 0.0264536927622707; Bounding Box Width: 0.175974564896844; Bounding Box Height: 0.04
3atbN7sAr6hgXiBjTo0Rlq,Storey 2 - Slab 4 (4 cm) - Opening 16,. Project: Project Name; Building: The building; Storey: Level 2; Top Elevation: 0.04; Bottom Elevation: 0; Global Top Elevation: 0.04; Global Bottom Elevation: 0; Has Own Geometry: 1; Children Have Geometry: 0; Global X: -6.45158120691798; Global Y: -2.44658207581438; Global Z: 0; Bounding Box Length: 0.0264536927622707; Bounding Box Width: 0.175974564896844; Bounding Box Height: 0.04
2J84q9tYPEhApkUIh5ujGb,Storey 2 - Slab 4 (4 cm) - Opening 17,. Project: Project Name; Building: The building; Storey: Level 2; Top Elevation: 0.04; Bottom Elevation: 0; Global Top Elevation: 0.04; Global Bottom Elevation: 0; Has Own Geometry: 1; Children Have Geometry: 0; Global X: -6.40896034244595; Global Y: -2.44658207581438; Global Z: 0; Bounding Box Length: 0.0264536927622707; Bounding Box Width: 0.175974564896844; Bounding Box Height: 0.04
2lH2snmMjEOxNz$kgHezTj,Storey 2 - Slab 4 (4 cm) - Opening 18,. Project: Project Name; Building: The building; Storey: Level 2; Top Elevation: 0.04; Bottom Elevation: 0; Global Top Elevation: 0.04; Global Bottom Elevation: 0; Has Own Geometry: 1; Children Have Geometry: 0; Global X: -6.36500757595918; Global Y: -2.44658207581438; Global Z: 0; Bounding Box Length: 0.0264536927622707; Bounding Box Width: 0.175974564896844; Bounding Box Height: 0.04
3Sd8RBUiz86e0cY1ITH$Q3,Storey 2 - Slab 4 (4 cm) - Opening 19,. Project: Project Name; Building: The building; Storey: Level 2; Top Elevation: 0.04; Bottom Elevation: 0; Global Top Elevation: 0.04; Global Bottom Elevation: 0; Has Own Geometry: 1; Children Have Geometry: 0; Global X: -6.32238671148715; Global Y: -2.44658207581438; Global Z: 0; Bounding Box Length: 0.0264536927622707; Bounding Box Width: 0.175974564896844; Bounding Box Height: 0.04
0dbZKNQRDFzx1nZLNI$MCm,Storey 2 - Slab 4 (4 cm) - Opening 20,. Project: Project Name; Building: The building; Storey: Level 2; Top Elevation: 0.04; Bottom Elevation: 0; Global Top Elevation: 0.04; Global Bottom Elevation: 0; Has Own Geometry: 1; Children Have Geometry: 0; Global X: -6.27976584701513; Global Y: -2.44658207581438; Global Z: 0; Bounding Box Length: 0.0264536927622707; Bounding Box Width: 0.175974564896844; Bounding Box Height: 0.04
0vbuahXqHEUhnK35R8Lc37,Storey 2 - Slab 4 (4 cm) - Opening 21,. Project: Project Name; Building: The building; Storey: Level 2; Top Elevation: 0.04; Bottom Elevation: 0; Global Top Elevation: 0.04; Global Bottom Elevation: 0; Has Own Geometry: 1; Children Have Geometry: 0; Global X: -6.68333215748461; Global Y: -2.24484309079952; Global Z: 0; Bounding Box Length: 0.0264536927622707; Bounding Box Width: 0.17597456489684; Bounding Box Height: 0.04
3rYf$Lgm59lBiDuq5k8geB,Storey 2 - Slab 4 (4 cm) - Opening 22,. Project: Project Name; Building: The building; Storey: Level 2; Top Elevation: 0.04; Bottom Elevation: 0; Global Top Elevation: 0.04; Global Bottom Elevation: 0; Has Own Geometry: 1; Children Have Geometry: 0; Global X: -6.63937939099783; Global Y: -2.24484309079952; Global Z: 0; Bounding Box Length: 0.0264536927622707; Bounding Box Width: 0.17597456489684; Bounding Box Height: 0.04
19uqS430fFCwlySish9HR2,Storey 2 - Slab 4 (4 cm) - Opening 23,. Project: Project Name; Building: The building; Storey: Level 2; Top Elevation: 0.04; Bottom Elevation: 0; Global Top Elevation: 0.04; Global Bottom Elevation: 0; Has Own Geometry: 1; Children Have Geometry: 0; Global X: -6.59276282048155; Global Y: -2.24484309079952; Global Z: 0; Bounding Box Length: 0.0264536927622707; Bounding Box Width: 0.17597456489684; Bounding Box Height: 0.04
096Af6n0v5mRzSm2IeKFaV,Storey 2 - Slab 4 (4 cm) - Opening 24,. Project: Project Name; Building: The building; Storey: Level 2; Top Elevation: 0.04; Bottom Elevation: 0; Global Top Elevation: 0.04; Global Bottom Elevation: 0; Has Own Geometry: 1; Children Have Geometry: 0; Global X: -6.54614624996528; Global Y: -2.24484309079952; Global Z: 0; Bounding Box Length: 0.0264536927622707; Bounding Box Width: 0.17597456489684; Bounding Box Height: 0.04
35p7W5ecj6TeWXnlssYYa3,Storey 2 - Slab 4 (4 cm) - Opening 25,. Project: Project Name; Building: The building; Storey: Level 2; Top Elevation: 0.04; Bottom Elevation: 0; Global Top Elevation: 0.04; Global Bottom Elevation: 0; Has Own Geometry: 1; Children Have Geometry: 0; Global X: -6.499529679449; Global Y: -2.24484309079952; Global Z: 0; Bounding Box Length: 0.0264536927622707; Bounding Box Width: 0.17597456489684; Bounding Box Height: 0.04
2ybRVRmn1ETwnEewJavP8K,Storey 2 - Slab 4 (4 cm) - Opening 26,. Project: Project Name; Building: The building; Storey: Level 2; Top Elevation: 0.04; Bottom Elevation: 0; Global Top Elevation: 0.04; Global Bottom Elevation: 0; Has Own Geometry: 1; Children Have Geometry: 0; Global X: -6.45158120691798; Global Y: -2.24484309079952; Global Z: 0; Bounding Box Length: 0.0264536927622707; Bounding Box Width: 0.17597456489684; Bounding Box Height: 0.04
3ojbbo8Fr7Nwd__Cjru0DB,Storey 2 - Slab 4 (4 cm) - Opening 27,. Project: Project Name; Building: The building; Storey: Level 2; Top Elevation: 0.04; Bottom Elevation: 0; Global Top Elevation: 0.04; Global Bottom Elevation: 0; Has Own Geometry: 1; Children Have Geometry: 0; Global X: -6.40896034244595; Global Y: -2.24484309079952; Global Z: 0; Bounding Box Length: 0.0264536927622707; Bounding Box Width: 0.17597456489684; Bounding Box Height: 0.04
1nso0hMgD3gR8WqXCPAftV,Storey 2 - Slab 4 (4 cm) - Opening 28,. Project: Project Name; Building: The building; Storey: Level 2; Top Elevation: 0.04; Bottom Elevation: 0; Global Top Elevation: 0.04; Global Bottom Elevation: 0; Has Own Geometry: 1; Children Have Geometry: 0; Global X: -6.36500757595918; Global Y: -2.24484309079952; Global Z: 0; Bounding Box Length: 0.0264536927622707; Bounding Box Width: 0.17597456489684; Bounding Box Height: 0.04
1Db_8_KXX65P50sX7lWpAU,Storey 2 - Slab 4 (4 cm) - Opening 29,. Project: Project Name; Building: The building; Storey: Level 2; Top Elevation: 0.04; Bottom Elevation: 0; Global Top Elevation: 0.04; Global Bottom Elevation: 0; Has Own Geometry: 1; Children Have Geometry: 0; Global X: -6.32238671148715; Global Y: -2.24484309079952; Global Z: 0; Bounding Box Length: 0.0264536927622707; Bounding Box Width: 0.17597456489684; Bounding Box Height: 0.04
14C$sSkvv4Yuf1hCp0C6_P,Storey 2 - Slab 4 (4 cm) - Opening 30,. Project: Project Name; Building: The building; Storey: Level 2; Top Elevation: 0.04; Bottom Elevation: 0; Global Top Elevation: 0.04; Global Bottom Elevation: 0; Has Own Geometry: 1; Children Have Geometry: 0; Global X: -6.27976584701513; Global Y: -2.24484309079952; Global Z: 0; Bounding Box Length: 0.0264536927622707; Bounding Box Width: 0.17597456489684; Bounding Box Height: 0.04
28zL4aGPz9UPIVXuEdyn5l,Storey 2 - Slab 4 (4 cm) - Opening 31,. Project: Project Name; Building: The building; Storey: Level 2; Top Elevation: 0.04; Bottom Elevation: 0; Global Top Elevation: 0.04; Global Bottom Elevation: 0; Has Own Geometry: 1; Children Have Geometry: 0; Global X: -6.68333215748461; Global Y: -2.04613777473225; Global Z: 0; Bounding Box Length: 0.0264536927622707; Bounding Box Width: 0.175974564896842; Bounding Box Height: 0.04
1FUcfeYJTCTgsv_Li2EVQQ,Storey 2 - Slab 4 (4 cm) - Opening 32,. Project: Project Name; Building: The building; Storey: Level 2; Top Elevation: 0.04; Bottom Elevation: 0; Global Top Elevation: 0.04; Global Bottom Elevation: 0; Has Own Geometry: 1; Children Have Geometry: 0; Global X: -6.68333215748461; Global Y: -1.84860877927731; Global Z: 0; Bounding Box Length: 0.0264536927622707; Bounding Box Width: 0.175974564896842; Bounding Box Height: 0.04
3dFxTZmqT9wOrBqTeybh35,Storey 2 - Slab 4 (4 cm) - Opening 33,. Project: Project Name; Building: The building; Storey: Level 2; Top Elevation: 0.04; Bottom Elevation: 0; Global Top Elevation: 0.04; Global Bottom Elevation: 0; Has Own Geometry: 1; Children Have Geometry: 0; Global X: -6.68333215748461; Global Y: -1.64990346321004; Global Z: 0; Bounding Box Length: 0.0264536927622707; Bounding Box Width: 0.175974564896842; Bounding Box Height: 0.04
1LszCVKZH8hx2xxGlPvnn2,Storey 2 - Slab 4 (4 cm) - Opening 34,. Project: Project Name; Building: The building; Storey: Level 2; Top Elevation: 0.04; Bottom Elevation: 0; Global Top Elevation: 0.04; Global Bottom Elevation: 0; Has Own Geometry: 1; Children Have Geometry: 0; Global X: -6.63937939099783; Global Y: -2.04613777473225; Global Z: 0; Bounding Box Length: 0.0264536927622707; Bounding Box Width: 0.175974564896842; Bounding Box Height: 0.04
0epVzX3lT2U9VUGj1jehx_,Storey 2 - Slab 4 (4 cm) - Opening 35,. Project: Project Name; Building: The building; Storey: Level 2; Top Elevation: 0.04; Bottom Elevation: 0; Global Top Elevation: 0.04; Global Bottom Elevation: 0; Has Own Geometry: 1; Children Have Geometry: 0; Global X: -6.63937939099783; Global Y: -1.84860877927731; Global Z: 0; Bounding Box Length: 0.0264536927622707; Bounding Box Width: 0.175974564896842; Bounding Box Height: 0.04
2K4DAkAuT9NP7pJshnyzG5,Storey 2 - Slab 4 (4 cm) - Opening 36,. Project: Project Name; Building: The building; Storey: Level 2; Top Elevation: 0.04; Bottom Elevation: 0; Global Top Elevation: 0.04; Global Bottom Elevation: 0; Has Own Geometry: 1; Children Have Geometry: 0; Global X: -6.63937939099783; Global Y: -1.64990346321004; Global Z: 0; Bounding Box Length: 0.0264536927622707; Bounding Box Width: 0.175974564896842; Bounding Box Height: 0.04
2RX_o6BE9ArAgfh03fH5YL,Storey 2 - Slab 4 (4 cm) - Opening 37,. Project: Project Name; Building: The building; Storey: Level 2; Top Elevation: 0.04; Bottom Elevation: 0; Global Top Elevation: 0.04; Global Bottom Elevation: 0; Has Own Geometry: 1; Children Have Geometry: 0; Global X: -6.59276282048155; Global Y: -2.04613777473225; Global Z: 0; Bounding Box Length: 0.0264536927622707; Bounding Box Width: 0.175974564896842; Bounding Box Height: 0.04
2fvuXg22n03g8ui0VivoWp,Storey 2 - Slab 4 (4 cm) - Opening 38,. Project: Project Name; Building: The building; Storey: Level 2; Top Elevation: 0.04; Bottom Elevation: 0; Global Top Elevation: 0.04; Global Bottom Elevation: 0; Has Own Geometry: 1; Children Have Geometry: 0; Global X: -6.59276282048155; Global Y: -1.84860877927731; Global Z: 0; Bounding Box Length: 0.0264536927622707; Bounding Box Width: 0.175974564896842; Bounding Box Height: 0.04
3icYzsjiv81vKSnelk27QQ,Storey 2 - Slab 4 (4 cm) - Opening 39,. Project: Project Name; Building: The building; Storey: Level 2; Top Elevation: 0.04; Bottom Elevation: 0; Global Top Elevation: 0.04; Global Bottom Elevation: 0; Has Own Geometry: 1; Children Have Geometry: 0; Global X: -6.54614624996528; Global Y: -2.04613777473225; Global Z: 0; Bounding Box Length: 0.0264536927622707; Bounding Box Width: 0.175974564896842; Bounding Box Height: 0.04
3qVDQ_4ibCKBtQPHQFP$6w,Storey 2 - Slab 4 (4 cm) - Opening 40,. Project: Project Name; Building: The building; Storey: Level 2; Top Elevation: 0.04; Bottom Elevation: 0; Global Top Elevation: 0.04; Global Bottom Elevation: 0; Has Own Geometry: 1; Children Have Geometry: 0; Global X: -6.54614624996528; Global Y: -1.84860877927731; Global Z: 0; Bounding Box Length: 0.0264536927622707; Bounding Box Width: 0.175974564896842; Bounding Box Height: 0.04
2X0WlxGir6P9I7QgZQBuwx,Storey 2 - Slab 4 (4 cm) - Opening 41,. Project: Project Name; Building: The building; Storey: Level 2; Top Elevation: 0.04; Bottom Elevation: 0; Global Top Elevation: 0.04; Global Bottom Elevation: 0; Has Own Geometry: 1; Children Have Geometry: 0; Global X: -6.499529679449; Global Y: -2.04613777473225; Global Z: 0; Bounding Box Length: 0.0264536927622707; Bounding Box Width: 0.175974564896842; Bounding Box Height: 0.04
3nnUtbnLP719bpUjYs1qyM,Storey 2 - Slab 4 (4 cm) - Opening 42,. Project: Project Name; Building: The building; Storey: Level 2; Top Elevation: 0.04; Bottom Elevation: 0; Global Top Elevation: 0.04; Global Bottom Elevation: 0; Has Own Geometry: 1; Children Have Geometry: 0; Global X: -6.499529679449; Global Y: -1.84860877927731; Global Z: 0; Bounding Box Length: 0.0264536927622707; Bounding Box Width: 0.175974564896842; Bounding Box Height: 0.04
3ARZGBNnLEzPFRABbKEsDT,Storey 2 - Slab 4 (4 cm) - Opening 43,. Project: Project Name; Building: The building; Storey: Level 2; Top Elevation: 0.04; Bottom Elevation: 0; Global Top Elevation: 0.04; Global Bottom Elevation: 0; Has Own Geometry: 1; Children Have Geometry: 0; Global X: -6.45158120691798; Global Y: -2.04613777473225; Global Z: 0; Bounding Box Length: 0.0264536927622707; Bounding Box Width: 0.175974564896842; Bounding Box Height: 0.04
3cCtSpL8b6bQSzqDhY4vQp,Storey 2 - Slab 4 (4 cm) - Opening 44,. Project: Project Name; Building: The building; Storey: Level 2; Top Elevation: 0.04; Bottom Elevation: 0; Global Top Elevation: 0.04; Global Bottom Elevation: 0; Has Own Geometry: 1; Children Have Geometry: 0; Global X: -6.45158120691798; Global Y: -1.84860877927731; Global Z: 0; Bounding Box Length: 0.0264536927622707; Bounding Box Width: 0.175974564896842; Bounding Box Height: 0.04
1Njb1HEqnFbfqdScAWKBeA,Storey 2 - Slab 4 (4 cm) - Opening 45,. Project: Project Name; Building: The building; Storey: Level 2; Top Elevation: 0.04; Bottom Elevation: 0; Global Top Elevation: 0.04; Global Bottom Elevation: 0; Has Own Geometry: 1; Children Have Geometry: 0; Global X: -6.40896034244595; Global Y: -2.04613777473225; Global Z: 0; Bounding Box Length: 0.0264536927622707; Bounding Box Width: 0.175974564896842; Bounding Box Height: 0.04
3AIJCNk8fAw9nFh3AN_CNP,Storey 2 - Slab 4 (4 cm) - Opening 46,. Project: Project Name; Building: The building; Storey: Level 2; Top Elevation: 0.04; Bottom Elevation: 0; Global Top Elevation: 0.04; Global Bottom Elevation: 0; Has Own Geometry: 1; Children Have Geometry: 0; Global X: -6.36500757595918; Global Y: -2.04613777473225; Global Z: 0; Bounding Box Length: 0.0264536927622707; Bounding Box Width: 0.175974564896842; Bounding Box Height: 0.04
1CRrGl2yDDbRaesa3zYbYJ,Storey 2 - Slab 4 (4 cm) - Opening 47,. Project: Project Name; Building: The building; Storey: Level 2; Top Elevation: 0.04; Bottom Elevation: 0; Global Top Elevation: 0.04; Global Bottom Elevation: 0; Has Own Geometry: 1; Children Have Geometry: 0; Global X: -6.32238671148715; Global Y: -2.04613777473225; Global Z: 0; Bounding Box Length: 0.0264536927622707; Bounding Box Width: 0.175974564896842; Bounding Box Height: 0.04
1igQjKM6X4zfEQfwpkBIEk,Storey 2 - Slab 4 (4 cm) - Opening 48,. Project: Project Name; Building: The building; Storey: Level 2; Top Elevation: 0.04; Bottom Elevation: 0; Global Top Elevation: 0.04; Global Bottom Elevation: 0; Has Own Geometry: 1; Children Have Geometry: 0; Global X: -6.27976584701513; Global Y: -2.04613777473225; Global Z: 0; Bounding Box Length: 0.0264536927622707; Bounding Box Width: 0.175974564896842; Bounding Box Height: 0.04
1fCW1qBZv4r8DqKA6oMY0B,Storey 2 - Slab 4 (4 cm) - Opening 49,. Project: Project Name; Building: The building; Storey: Level 2; Top Elevation: 0.04; Bottom Elevation: 0; Global Top Elevation: 0.04; Global Bottom Elevation: 0; Has Own Geometry: 1; Children Have Geometry: 0; Global X: -6.40896034244595; Global Y: -1.84860877927731; Global Z: 0; Bounding Box Length: 0.0264536927622707; Bounding Box Width: 0.175974564896842; Bounding Box Height: 0.04
3kQjY2SITDLR5X74V8LMau,Storey 2 - Slab 4 (4 cm) - Opening 50,. Project: Project Name; Building: The building; Storey: Level 2; Top Elevation: 0.04; Bottom Elevation: 0; Global Top Elevation: 0.04; Global Bottom Elevation: 0; Has Own Geometry: 1; Children Have Geometry: 0; Global X: -6.36500757595918; Global Y: -1.84860877927731; Global Z: 0; Bounding Box Length: 0.0264536927622707; Bounding Box Width: 0.175974564896842; Bounding Box Height: 0.04
25ZEqRUL559gh6_zLw8HNZ,Storey 2 - Slab 4 (4 cm) - Opening 51,. Project: Project Name; Building: The building; Storey: Level 2; Top Elevation: 0.04; Bottom Elevation: 0; Global Top Elevation: 0.04; Global Bottom Elevation: 0; Has Own Geometry: 1; Children Have Geometry: 0; Global X: -6.32238671148715; Global Y: -1.84860877927731; Global Z: 0; Bounding Box Length: 0.0264536927622707; Bounding Box Width: 0.175974564896842; Bounding Box Height: 0.04
1QvF4OsgDF7fFSpOlGvhyC,Storey 2 - Slab 4 (4 cm) - Opening 52,. Project: Project Name; Building: The building; Storey: Level 2; Top Elevation: 0.04; Bottom Elevation: 0; Global Top Elevation: 0.04; Global Bottom Elevation: 0; Has Own Geometry: 1; Children Have Geometry: 0; Global X: -6.27976584701513; Global Y: -1.84860877927731; Global Z: 0; Bounding Box Length: 0.0264536927622707; Bounding Box Width: 0.175974564896842; Bounding Box Height: 0.04
2OeHGt6xrDQBbqrKDJUg0P,Storey 2 - Slab 4 (4 cm) - Opening 53,. Project: Project Name; Building: The building; Storey: Level 2; Top Elevation: 0.04; Bottom Elevation: 0; Global Top Elevation: 0.04; Global Bottom Elevation: 0; Has Own Geometry: 1; Children Have Geometry: 0; Global X: -6.59276282048155; Global Y: -1.64990346321004; Global Z: 0; Bounding Box Length: 0.0264536927622707; Bounding Box Width: 0.175974564896842; Bounding Box Height: 0.04
2mj3lVS11FwhP13mGUs2vb,Storey 2 - Slab 4 (4 cm) - Opening 54,. Project: Project Name; Building: The building; Storey: Level 2; Top Elevation: 0.04; Bottom Elevation: 0; Global Top Elevation: 0.04; Global Bottom Elevation: 0; Has Own Geometry: 1; Children Have Geometry: 0; Global X: -6.54614624996528; Global Y: -1.64990346321004; Global Z: 0; Bounding Box Length: 0.0264536927622707; Bounding Box Width: 0.175974564896842; Bounding Box Height: 0.04
3jKm9q8Hn7bxY9L86GNYsR,Storey 2 - Slab 4 (4 cm) - Opening 55,. Project: Project Name; Building: The building; Storey: Level 2; Top Elevation: 0.04; Bottom Elevation: 0; Global Top Elevation: 0.04; Global Bottom Elevation: 0; Has Own Geometry: 1; Children Have Geometry: 0; Global X: -6.499529679449; Global Y: -1.64990346321004; Global Z: 0; Bounding Box Length: 0.0264536927622707; Bounding Box Width: 0.175974564896842; Bounding Box Height: 0.04
3XJ0AdfCD2JhesOSB_qZTI,Storey 2 - Slab 4 (4 cm) - Opening 56,. Project: Project Name; Building: The building; Storey: Level 2; Top Elevation: 0.04; Bottom Elevation: 0; Global Top Elevation: 0.04; Global Bottom Elevation: 0; Has Own Geometry: 1; Children Have Geometry: 0; Global X: -6.45158120691798; Global Y: -1.64990346321004; Global Z: 0; Bounding Box Length: 0.0264536927622707; Bounding Box Width: 0.175974564896842; Bounding Box Height: 0.04
3$VdRLOin34PiFc6G$Me4x,Storey 2 - Slab 4 (4 cm) - Opening 57,. Project: Project Name; Building: The building; Storey: Level 2; Top Elevation: 0.04; Bottom Elevation: 0; Global Top Elevation: 0.04; Global Bottom Elevation: 0; Has Own Geometry: 1; Children Have Geometry: 0; Global X: -6.40896034244595; Global Y: -1.64990346321004; Global Z: 0; Bounding Box Length: 0.0264536927622707; Bounding Box Width: 0.175974564896842; Bounding Box Height: 0.04
25vmrSQtX8pvBjCjnGoyBB,Storey 2 - Slab 4 (4 cm) - Opening 58,. Project: Project Name; Building: The building; Storey: Level 2; Top Elevation: 0.04; Bottom Elevation: 0; Global Top Elevation: 0.04; Global Bottom Elevation: 0; Has Own Geometry: 1; Children Have Geometry: 0; Global X: -6.36500757595918; Global Y: -1.64990346321004; Global Z: 0; Bounding Box Length: 0.0264536927622707; Bounding Box Width: 0.175974564896842; Bounding Box Height: 0.04
1SKtL9gFr7pBv4mp6evjrD,Storey 2 - Slab 4 (4 cm) - Opening 59,. Project: Project Name; Building: The building; Storey: Level 2; Top Elevation: 0.04; Bottom Elevation: 0; Global Top Elevation: 0.04; Global Bottom Elevation: 0; Has Own Geometry: 1; Children Have Geometry: 0; Global X: -6.32238671148715; Global Y: -1.64990346321004; Global Z: 0; Bounding Box Length: 0.0264536927622707; Bounding Box Width: 0.175974564896842; Bounding Box Height: 0.04
3MscMz4pT7JAyRKQ2h6bq2,Storey 2 - Slab 4 (4 cm) - Opening 60,. Project: Project Name; Building: The building; Storey: Level 2; Top Elevation: 0.04; Bottom Elevation: 0; Global Top Elevation: 0.04; Global Bottom Elevation: 0; Has Own Geometry: 1; Children Have Geometry: 0; Global X: -6.27976584701513; Global Y: -1.64990346321004; Global Z: 0; Bounding Box Length: 0.0264536927622707; Bounding Box Width: 0.175974564896842; Bounding Box Height: 0.04
3$KH4yctX9zvN417daM9AD,Storey 2 - Slab 7 (4 cm),. HWPO: 0; SC2D: 6; SC3D1: 251; SC3D2: 251; SCSC: 251; Project: Project Name; Building: The building; Storey: Level 2; Top Elevation: 0.04; Bottom Elevation: 0; Global Top Elevation: 0.04; Global Bottom Elevation: 0; Has Own Geometry: 1; Children Have Geometry: 1; Global X: 2.90956091514092; Global Y: -3.61514500350503; Global Z: 0; Bounding Box Length: 0.459411637725328; Bounding Box Width: 1.21452381761904; Bounding Box Height: 0.04
25h2Y0RgDBSgqW2XTCvvJx,Storey 2 - Slab 7 (4 cm) - Opening 1,. Project: Project Name; Building: The building; Storey: Level 2; Top Elevation: 0.04; Bottom Elevation: 0; Global Top Elevation: 0.04; Global Bottom Elevation: 0; Has Own Geometry: 1; Children Have Geometry: 0; Global X: 2.92361409598898; Global Y: -3.59349651392824; Global Z: 0; Bounding Box Length: 0.0264536927622707; Bounding Box Width: 0.17597456489684; Bounding Box Height: 0.04
2qdfqW1ArAavvVN9yltRHQ,Storey 2 - Slab 7 (4 cm) - Opening 2,. Project: Project Name; Building: The building; Storey: Level 2; Top Elevation: 0.04; Bottom Elevation: 0; Global Top Elevation: 0.04; Global Bottom Elevation: 0; Has Own Geometry: 1; Children Have Geometry: 0; Global X: 2.96756686247575; Global Y: -3.59349651392824; Global Z: 0; Bounding Box Length: 0.0264536927622707; Bounding Box Width: 0.17597456489684; Bounding Box Height: 0.04
0X0Q5pP7H60vpdyWhWrw9Q,Storey 2 - Slab 7 (4 cm) - Opening 3,. Project: Project Name; Building: The building; Storey: Level 2; Top Elevation: 0.04; Bottom Elevation: 0; Global Top Elevation: 0.04; Global Bottom Elevation: 0; Has Own Geometry: 1; Children Have Geometry: 0; Global X: 3.01418343299203; Global Y: -3.59349651392824; Global Z: 0; Bounding Box Length: 0.0264536927622707; Bounding Box Width: 0.17597456489684; Bounding Box Height: 0.04
0XlJnPEunC0P3AqonNfbyB,Storey 2 - Slab 7 (4 cm) - Opening 4,. Project: Project Name; Building: The building; Storey: Level 2; Top Elevation: 0.04; Bottom Elevation: 0; Global Top Elevation: 0.04; Global Bottom Elevation: 0; Has Own Geometry: 1; Children Have Geometry: 0; Global X: 3.06080000350831; Global Y: -3.59349651392824; Global Z: 0; Bounding Box Length: 0.0264536927622707; Bounding Box Width: 0.17597456489684; Bounding Box Height: 0.04
3_r20Co092IxAQ_LfiZef6,Storey 2 - Slab 7 (4 cm) - Opening 5,. Project: Project Name; Building: The building; Storey: Level 2; Top Elevation: 0.04; Bottom Elevation: 0; Global Top Elevation: 0.04; Global Bottom Elevation: 0; Has Own Geometry: 1; Children Have Geometry: 0; Global X: 3.10741657402458; Global Y: -3.59349651392824; Global Z: 0; Bounding Box Length: 0.0264536927622707; Bounding Box Width: 0.17597456489684; Bounding Box Height: 0.04
0v17XSr5n8yfny0Qi6AhTG,Storey 2 - Slab 7 (4 cm) - Opening 6,. Project: Project Name; Building: The building; Storey: Level 2; Top Elevation: 0.04; Bottom Elevation: 0; Global Top Elevation: 0.04; Global Bottom Elevation: 0; Has Own Geometry: 1; Children Have Geometry: 0; Global X: 3.15536504655561; Global Y: -3.59349651392824; Global Z: 0; Bounding Box Length: 0.0264536927622707; Bounding Box Width: 0.17597456489684; Bounding Box Height: 0.04
1ASJkAKe53yeYarIB0ybxr,Storey 2 - Slab 7 (4 cm) - Opening 7,. Project: Project Name; Building: The building; Storey: Level 2; Top Elevation: 0.04; Bottom Elevation: 0; Global Top Elevation: 0.04; Global Bottom Elevation: 0; Has Own Geometry: 1; Children Have Geometry: 0; Global X: 3.19798591102763; Global Y: -3.59349651392824; Global Z: 0; Bounding Box Length: 0.0264536927622707; Bounding Box Width: 0.17597456489684; Bounding Box Height: 0.04
26vjlKGh98cwjIVqollwv8,Storey 2 - Slab 7 (4 cm) - Opening 8,. Project: Project Name; Building: The building; Storey: Level 2; Top Elevation: 0.04; Bottom Elevation: 0; Global Top Elevation: 0.04; Global Bottom Elevation: 0; Has Own Geometry: 1; Children Have Geometry: 0; Global X: 3.24193867751441; Global Y: -3.59349651392824; Global Z: 0; Bounding Box Length: 0.0264536927622716; Bounding Box Width: 0.17597456489684; Bounding Box Height: 0.04
19RyzPfnX8LOExbjMG$H3k,Storey 2 - Slab 7 (4 cm) - Opening 9,. Project: Project Name; Building: The building; Storey: Level 2; Top Elevation: 0.04; Bottom Elevation: 0; Global Top Elevation: 0.04; Global Bottom Elevation: 0; Has Own Geometry: 1; Children Have Geometry: 0; Global X: 3.28455954198643; Global Y: -3.59349651392824; Global Z: 0; Bounding Box Length: 0.0264536927622707; Bounding Box Width: 0.17597456489684; Bounding Box Height: 0.04
1mCgEEp0541RlWmKfijmwU,Storey 2 - Slab 7 (4 cm) - Opening 10,. Project: Project Name; Building: The building; Storey: Level 2; Top Elevation: 0.04; Bottom Elevation: 0; Global Top Elevation: 0.04; Global Bottom Elevation: 0; Has Own Geometry: 1; Children Have Geometry: 0; Global X: 3.32718040645846; Global Y: -3.59349651392824; Global Z: 0; Bounding Box Length: 0.0264536927622707; Bounding Box Width: 0.17597456489684; Bounding Box Height: 0.04
02SXHZ$R1FYvFhzQZm3Wpb,Storey 2 - Slab 7 (4 cm) - Opening 11,. Project: Project Name; Building: The building; Storey: Level 2; Top Elevation: 0.04; Bottom Elevation: 0; Global Top Elevation: 0.04; Global Bottom Elevation: 0; Has Own Geometry: 1; Children Have Geometry: 0; Global X: 2.92361409598898; Global Y: -3.39327436338717; Global Z: 0; Bounding Box Length: 0.0264536927622707; Bounding Box Width: 0.175974564896844; Bounding Box Height: 0.04
2FXB_PXon8tfBJgq0d38Yg,Storey 2 - Slab 7 (4 cm) - Opening 12,. Project: Project Name; Building: The building; Storey: Level 2; Top Elevation: 0.04; Bottom Elevation: 0; Global Top Elevation: 0.04; Global Bottom Elevation: 0; Has Own Geometry: 1; Children Have Geometry: 0; Global X: 2.96756686247575; Global Y: -3.39327436338717; Global Z: 0; Bounding Box Length: 0.0264536927622707; Bounding Box Width: 0.175974564896844; Bounding Box Height: 0.04
17Zq3oCoXEHhNFsA3Uj2O8,Storey 2 - Slab 7 (4 cm) - Opening 13,. Project: Project Name; Building: The building; Storey: Level 2; Top Elevation: 0.04; Bottom Elevation: 0; Global Top Elevation: 0.04; Global Bottom Elevation: 0; Has Own Geometry: 1; Children Have Geometry: 0; Global X: 3.01418343299203; Global Y: -3.39327436338717; Global Z: 0; Bounding Box Length: 0.0264536927622707; Bounding Box Width: 0.175974564896844; Bounding Box Height: 0.04
3POOFa7bb6yhRSXHegUk_R,Storey 2 - Slab 7 (4 cm) - Opening 14,. Project: Project Name; Building: The building; Storey: Level 2; Top Elevation: 0.04; Bottom Elevation: 0; Global Top Elevation: 0.04; Global Bottom Elevation: 0; Has Own Geometry: 1; Children Have Geometry: 0; Global X: 3.06080000350831; Global Y: -3.39327436338717; Global Z: 0; Bounding Box Length: 0.0264536927622707; Bounding Box Width: 0.175974564896844; Bounding Box Height: 0.04
38GXSzuGT8WfdIG$WfH1SE,Storey 2 - Slab 7 (4 cm) - Opening 15,. Project: Project Name; Building: The building; Storey: Level 2; Top Elevation: 0.04; Bottom Elevation: 0; Global Top Elevation: 0.04; Global Bottom Elevation: 0; Has Own Geometry: 1; Children Have Geometry: 0; Global X: 3.10741657402458; Global Y: -3.39327436338717; Global Z: 0; Bounding Box Length: 0.0264536927622707; Bounding Box Width: 0.175974564896844; Bounding Box Height: 0.04
2DQCZvvMf15hhF5SMeaooV,Storey 2 - Slab 7 (4 cm) - Opening 16,. Project: Project Name; Building: The building; Storey: Level 2; Top Elevation: 0.04; Bottom Elevation: 0; Global Top Elevation: 0.04; Global Bottom Elevation: 0; Has Own Geometry: 1; Children Have Geometry: 0; Global X: 3.15536504655561; Global Y: -3.39327436338717; Global Z: 0; Bounding Box Length: 0.0264536927622707; Bounding Box Width: 0.175974564896844; Bounding Box Height: 0.04
0a5UJNe1v9BA$hKn2N7WEp,Storey 2 - Slab 7 (4 cm) - Opening 17,. Project: Project Name; Building: The building; Storey: Level 2; Top Elevation: 0.04; Bottom Elevation: 0; Global Top Elevation: 0.04; Global Bottom Elevation: 0; Has Own Geometry: 1; Children Have Geometry: 0; Global X: 3.19798591102763; Global Y: -3.39327436338717; Global Z: 0; Bounding Box Length: 0.0264536927622707; Bounding Box Width: 0.175974564896844; Bounding Box Height: 0.04
2joI2FNjr4RRjzaElmTdIB,Storey 2 - Slab 7 (4 cm) - Opening 18,. Project: Project Name; Building: The building; Storey: Level 2; Top Elevation: 0.04; Bottom Elevation: 0; Global Top Elevation: 0.04; Global Bottom Elevation: 0; Has Own Geometry: 1; Children Have Geometry: 0; Global X: 3.24193867751441; Global Y: -3.39327436338717; Global Z: 0; Bounding Box Length: 0.0264536927622716; Bounding Box Width: 0.175974564896844; Bounding Box Height: 0.04
0LWPTAl1TBMPdQO8cSE37p,Storey 2 - Slab 7 (4 cm) - Opening 19,. Project: Project Name; Building: The building; Storey: Level 2; Top Elevation: 0.04; Bottom Elevation: 0; Global Top Elevation: 0.04; Global Bottom Elevation: 0; Has Own Geometry: 1; Children Have Geometry: 0; Global X: 3.28455954198643; Global Y: -3.39327436338717; Global Z: 0; Bounding Box Length: 0.0264536927622707; Bounding Box Width: 0.175974564896844; Bounding Box Height: 0.04
3YizBtUkb0I8ILe65_Tlto,Storey 2 - Slab 7 (4 cm) - Opening 20,. Project: Project Name; Building: The building; Storey: Level 2; Top Elevation: 0.04; Bottom Elevation: 0; Global Top Elevation: 0.04; Global Bottom Elevation: 0; Has Own Geometry: 1; Children Have Geometry: 0; Global X: 3.32718040645846; Global Y: -3.39327436338717; Global Z: 0; Bounding Box Length: 0.0264536927622707; Bounding Box Width: 0.175974564896844; Bounding Box Height: 0.04
2meqm_pxr91hvpz6VPQzfj,Storey 2 - Slab 7 (4 cm) - Opening 21,. Project: Project Name; Building: The building; Storey: Level 2; Top Elevation: 0.04; Bottom Elevation: 0; Global Top Elevation: 0.04; Global Bottom Elevation: 0; Has Own Geometry: 1; Children Have Geometry: 0; Global X: 2.92361409598898; Global Y: -3.19153537837231; Global Z: 0; Bounding Box Length: 0.0264536927622707; Bounding Box Width: 0.17597456489684; Bounding Box Height: 0.04
0qHNO1bA96TfEcPoR0jmGB,Storey 2 - Slab 7 (4 cm) - Opening 22,. Project: Project Name; Building: The building; Storey: Level 2; Top Elevation: 0.04; Bottom Elevation: 0; Global Top Elevation: 0.04; Global Bottom Elevation: 0; Has Own Geometry: 1; Children Have Geometry: 0; Global X: 2.96756686247575; Global Y: -3.19153537837231; Global Z: 0; Bounding Box Length: 0.0264536927622707; Bounding Box Width: 0.17597456489684; Bounding Box Height: 0.04
0rNi9UCXL89O6mWVwsQsCa,Storey 2 - Slab 7 (4 cm) - Opening 23,. Project: Project Name; Building: The building; Storey: Level 2; Top Elevation: 0.04; Bottom Elevation: 0; Global Top Elevation: 0.04; Global Bottom Elevation: 0; Has Own Geometry: 1; Children Have Geometry: 0; Global X: 3.01418343299203; Global Y: -3.19153537837231; Global Z: 0; Bounding Box Length: 0.0264536927622707; Bounding Box Width: 0.17597456489684; Bounding Box Height: 0.04
2zp8oHhzb4A8Hpkc5seiMy,Storey 2 - Slab 7 (4 cm) - Opening 24,. Project: Project Name; Building: The building; Storey: Level 2; Top Elevation: 0.04; Bottom Elevation: 0; Global Top Elevation: 0.04; Global Bottom Elevation: 0; Has Own Geometry: 1; Children Have Geometry: 0; Global X: 3.06080000350831; Global Y: -3.19153537837231; Global Z: 0; Bounding Box Length: 0.0264536927622707; Bounding Box Width: 0.17597456489684; Bounding Box Height: 0.04
0AN0_H72D0QgIBid5BpFuZ,Storey 2 - Slab 7 (4 cm) - Opening 25,. Project: Project Name; Building: The building; Storey: Level 2; Top Elevation: 0.04; Bottom Elevation: 0; Global Top Elevation: 0.04; Global Bottom Elevation: 0; Has Own Geometry: 1; Children Have Geometry: 0; Global X: 3.10741657402458; Global Y: -3.19153537837231; Global Z: 0; Bounding Box Length: 0.0264536927622707; Bounding Box Width: 0.17597456489684; Bounding Box Height: 0.04
3AEgpA9N16$fEWbUaht9mr,Storey 2 - Slab 7 (4 cm) - Opening 26,. Project: Project Name; Building: The building; Storey: Level 2; Top Elevation: 0.04; Bottom Elevation: 0; Global Top Elevation: 0.04; Global Bottom Elevation: 0; Has Own Geometry: 1; Children Have Geometry: 0; Global X: 3.15536504655561; Global Y: -3.19153537837231; Global Z: 0; Bounding Box Length: 0.0264536927622707; Bounding Box Width: 0.17597456489684; Bounding Box Height: 0.04
3TeQIfUHP4S93bI956XUUX,Storey 2 - Slab 7 (4 cm) - Opening 27,. Project: Project Name; Building: The building; Storey: Level 2; Top Elevation: 0.04; Bottom Elevation: 0; Global Top Elevation: 0.04; Global Bottom Elevation: 0; Has Own Geometry: 1; Children Have Geometry: 0; Global X: 3.19798591102763; Global Y: -3.19153537837231; Global Z: 0; Bounding Box Length: 0.0264536927622707; Bounding Box Width: 0.17597456489684; Bounding Box Height: 0.04
1bcbizm9D60O1dNOCA0Oqw,Storey 2 - Slab 7 (4 cm) - Opening 28,. Project: Project Name; Building: The building; Storey: Level 2; Top Elevation: 0.04; Bottom Elevation: 0; Global Top Elevation: 0.04; Global Bottom Elevation: 0; Has Own Geometry: 1; Children Have Geometry: 0; Global X: 3.24193867751441; Global Y: -3.19153537837231; Global Z: 0; Bounding Box Length: 0.0264536927622716; Bounding Box Width: 0.17597456489684; Bounding Box Height: 0.04
09l5m4sDj48PJxsloKmo4E,Storey 2 - Slab 7 (4 cm) - Opening 29,. Project: Project Name; Building: The building; Storey: Level 2; Top Elevation: 0.04; Bottom Elevation: 0; Global Top Elevation: 0.04; Global Bottom Elevation: 0; Has Own Geometry: 1; Children Have Geometry: 0; Global X: 3.28455954198643; Global Y: -3.19153537837231; Global Z: 0; Bounding Box Length: 0.0264536927622707; Bounding Box Width: 0.17597456489684; Bounding Box Height: 0.04
1s$T5HLxr10gKUD9aFaV_e,Storey 2 - Slab 7 (4 cm) - Opening 30,. Project: Project Name; Building: The building; Storey: Level 2; Top Elevation: 0.04; Bottom Elevation: 0; Global Top Elevation: 0.04; Global Bottom Elevation: 0; Has Own Geometry: 1; Children Have Geometry: 0; Global X: 3.32718040645846; Global Y: -3.19153537837231; Global Z: 0; Bounding Box Length: 0.0264536927622707; Bounding Box Width: 0.17597456489684; Bounding Box Height: 0.04
2bosgY$WfBNRDPQs3tsiAt,Storey 2 - Slab 7 (4 cm) - Opening 31,. Project: Project Name; Building: The building; Storey: Level 2; Top Elevation: 0.04; Bottom Elevation: 0; Global Top Elevation: 0.04; Global Bottom Elevation: 0; Has Own Geometry: 1; Children Have Geometry: 0; Global X: 2.92361409598898; Global Y: -2.99283006230504; Global Z: 0; Bounding Box Length: 0.0264536927622707; Bounding Box Width: 0.175974564896844; Bounding Box Height: 0.04
3pSZDOviL6ffcQn6a3uv5i,Storey 2 - Slab 7 (4 cm) - Opening 32,. Project: Project Name; Building: The building; Storey: Level 2; Top Elevation: 0.04; Bottom Elevation: 0; Global Top Elevation: 0.04; Global Bottom Elevation: 0; Has Own Geometry: 1; Children Have Geometry: 0; Global X: 2.92361409598898; Global Y: -2.7953010668501; Global Z: 0; Bounding Box Length: 0.0264536927622707; Bounding Box Width: 0.175974564896844; Bounding Box Height: 0.04
3r1wjb6mLC59C7h$Hk5CuG,Storey 2 - Slab 7 (4 cm) - Opening 33,. Project: Project Name; Building: The building; Storey: Level 2; Top Elevation: 0.04; Bottom Elevation: 0; Global Top Elevation: 0.04; Global Bottom Elevation: 0; Has Own Geometry: 1; Children Have Geometry: 0; Global X: 2.92361409598898; Global Y: -2.59659575078283; Global Z: 0; Bounding Box Length: 0.0264536927622707; Bounding Box Width: 0.17597456489684; Bounding Box Height: 0.04
1xULZQwAj1bwhjvaNikE4l,Storey 2 - Slab 7 (4 cm) - Opening 34,. Project: Project Name; Building: The building; Storey: Level 2; Top Elevation: 0.04; Bottom Elevation: 0; Global Top Elevation: 0.04; Global Bottom Elevation: 0; Has Own Geometry: 1; Children Have Geometry: 0; Global X: 2.96756686247575; Global Y: -2.99283006230504; Global Z: 0; Bounding Box Length: 0.0264536927622707; Bounding Box Width: 0.175974564896844; Bounding Box Height: 0.04
03pAl1nGD5Pv79IsqA7A82,Storey 2 - Slab 7 (4 cm) - Opening 35,. Project: Project Name; Building: The building; Storey: Level 2; Top Elevation: 0.04; Bottom Elevation: 0; Global Top Elevation: 0.04; Global Bottom Elevation: 0; Has Own Geometry: 1; Children Have Geometry: 0; Global X: 2.96756686247575; Global Y: -2.7953010668501; Global Z: 0; Bounding Box Length: 0.0264536927622707; Bounding Box Width: 0.175974564896844; Bounding Box Height: 0.04
1R8FRrB81CgR8oVb4WqtOU,Storey 2 - Slab 7 (4 cm) - Opening 36,. Project: Project Name; Building: The building; Storey: Level 2; Top Elevation: 0.04; Bottom Elevation: 0; Global Top Elevation: 0.04; Global Bottom Elevation: 0; Has Own Geometry: 1; Children Have Geometry: 0; Global X: 2.96756686247575; Global Y: -2.59659575078283; Global Z: 0; Bounding Box Length: 0.0264536927622707; Bounding Box Width: 0.17597456489684; Bounding Box Height: 0.04
0hzIcPYLv80wOJ4upmHf3_,Storey 2 - Slab 7 (4 cm) - Opening 37,. Project: Project Name; Building: The building; Storey: Level 2; Top Elevation: 0.04; Bottom Elevation: 0; Global Top Elevation: 0.04; Global Bottom Elevation: 0; Has Own Geometry: 1; Children Have Geometry: 0; Global X: 3.01418343299203; Global Y: -2.99283006230504; Global Z: 0; Bounding Box Length: 0.0264536927622707; Bounding Box Width: 0.175974564896844; Bounding Box Height: 0.04
1Ez_oX8MXA29KJ04OItaCv,Storey 2 - Slab 7 (4 cm) - Opening 38,. Project: Project Name; Building: The building; Storey: Level 2; Top Elevation: 0.04; Bottom Elevation: 0; Global Top Elevation: 0.04; Global Bottom Elevation: 0; Has Own Geometry: 1; Children Have Geometry: 0; Global X: 3.01418343299203; Global Y: -2.7953010668501; Global Z: 0; Bounding Box Length: 0.0264536927622707; Bounding Box Width: 0.175974564896844; Bounding Box Height: 0.04
08VkfB$D50qPsuU3XOoHwT,Storey 2 - Slab 7 (4 cm) - Opening 39,. Project: Project Name; Building: The building; Storey: Level 2; Top Elevation: 0.04; Bottom Elevation: 0; Global Top Elevation: 0.04; Global Bottom Elevation: 0; Has Own Geometry: 1; Children Have Geometry: 0; Global X: 3.06080000350831; Global Y: -2.99283006230504; Global Z: 0; Bounding Box Length: 0.0264536927622707; Bounding Box Width: 0.175974564896844; Bounding Box Height: 0.04
0owYjn3FPE8eCUZli_lIy1,Storey 2 - Slab 7 (4 cm) - Opening 40,. Project: Project Name; Building: The building; Storey: Level 2; Top Elevation: 0.04; Bottom Elevation: 0; Global Top Elevation: 0.04; Global Bottom Elevation: 0; Has Own Geometry: 1; Children Have Geometry: 0; Global X: 3.06080000350831; Global Y: -2.7953010668501; Global Z: 0; Bounding Box Length: 0.0264536927622707; Bounding Box Width: 0.175974564896844; Bounding Box Height: 0.04
1GPIJ9z_13TfWvVEJLBgLO,Storey 2 - Slab 7 (4 cm) - Opening 41,. Project: Project Name; Building: The building; Storey: Level 2; Top Elevation: 0.04; Bottom Elevation: 0; Global Top Elevation: 0.04; Global Bottom Elevation: 0; Has Own Geometry: 1; Children Have Geometry: 0; Global X: 3.10741657402458; Global Y: -2.99283006230504; Global Z: 0; Bounding Box Length: 0.0264536927622707; Bounding Box Width: 0.175974564896844; Bounding Box Height: 0.04
0sjcFoLFD35BFrR6Eo0OaR,Storey 2 - Slab 7 (4 cm) - Opening 42,. Project: Project Name; Building: The building; Storey: Level 2; Top Elevation: 0.04; Bottom Elevation: 0; Global Top Elevation: 0.04; Global Bottom Elevation: 0; Has Own Geometry: 1; Children Have Geometry: 0; Global X: 3.10741657402458; Global Y: -2.7953010668501; Global Z: 0; Bounding Box Length: 0.0264536927622707; Bounding Box Width: 0.175974564896844; Bounding Box Height: 0.04
3b_et7LSnAWeb7$hJqY_we,Storey 2 - Slab 7 (4 cm) - Opening 43,. Project: Project Name; Building: The building; Storey: Level 2; Top Elevation: 0.04; Bottom Elevation: 0; Global Top Elevation: 0.04; Global Bottom Elevation: 0; Has Own Geometry: 1; Children Have Geometry: 0; Global X: 3.15536504655561; Global Y: -2.99283006230504; Global Z: 0; Bounding Box Length: 0.0264536927622707; Bounding Box Width: 0.175974564896844; Bounding Box Height: 0.04
0X2Q0Fpg12cwSaTrIPcbLd,Storey 2 - Slab 7 (4 cm) - Opening 44,. Project: Project Name; Building: The building; Storey: Level 2; Top Elevation: 0.04; Bottom Elevation: 0; Global Top Elevation: 0.04; Global Bottom Elevation: 0; Has Own Geometry: 1; Children Have Geometry: 0; Global X: 3.15536504655561; Global Y: -2.7953010668501; Global Z: 0; Bounding Box Length: 0.0264536927622707; Bounding Box Width: 0.175974564896844; Bounding Box Height: 0.04
2lTOv_oN18WvDGVc3BXyqQ,Storey 2 - Slab 7 (4 cm) - Opening 45,. Project: Project Name; Building: The building; Storey: Level 2; Top Elevation: 0.04; Bottom Elevation: 0; Global Top Elevation: 0.04; Global Bottom Elevation: 0; Has Own Geometry: 1; Children Have Geometry: 0; Global X: 3.19798591102763; Global Y: -2.99283006230504; Global Z: 0; Bounding Box Length: 0.0264536927622707; Bounding Box Width: 0.175974564896844; Bounding Box Height: 0.04
0z7RVOz$D3oBlmydjIpAmR,Storey 2 - Slab 7 (4 cm) - Opening 46,. Project: Project Name; Building: The building; Storey: Level 2; Top Elevation: 0.04; Bottom Elevation: 0; Global Top Elevation: 0.04; Global Bottom Elevation: 0; Has Own Geometry: 1; Children Have Geometry: 0; Global X: 3.24193867751441; Global Y: -2.99283006230504; Global Z: 0; Bounding Box Length: 0.0264536927622716; Bounding Box Width: 0.175974564896844; Bounding Box Height: 0.04
39mIoAXJjEBOahnYB7HXwX,Storey 2 - Slab 7 (4 cm) - Opening 47,. Project: Project Name; Building: The building; Storey: Level 2; Top Elevation: 0.04; Bottom Elevation: 0; Global Top Elevation: 0.04; Global Bottom Elevation: 0; Has Own Geometry: 1; Children Have Geometry: 0; Global X: 3.28455954198643; Global Y: -2.99283006230504; Global Z: 0; Bounding Box Length: 0.0264536927622707; Bounding Box Width: 0.175974564896844; Bounding Box Height: 0.04
2TE0qE6YP4$wEJ48BwK6ob,Storey 2 - Slab 7 (4 cm) - Opening 48,. Project: Project Name; Building: The building; Storey: Level 2; Top Elevation: 0.04; Bottom Elevation: 0; Global Top Elevation: 0.04; Global Bottom Elevation: 0; Has Own Geometry: 1; Children Have Geometry: 0; Global X: 3.32718040645846; Global Y: -2.99283006230504; Global Z: 0; Bounding Box Length: 0.0264536927622707; Bounding Box Width: 0.175974564896844; Bounding Box Height: 0.04
2JUx2TmU14RBOrBtefMQjr,Storey 2 - Slab 7 (4 cm) - Opening 49,. Project: Project Name; Building: The building; Storey: Level 2; Top Elevation: 0.04; Bottom Elevation: 0; Global Top Elevation: 0.04; Global Bottom Elevation: 0; Has Own Geometry: 1; Children Have Geometry: 0; Global X: 3.19798591102763; Global Y: -2.7953010668501; Global Z: 0; Bounding Box Length: 0.0264536927622707; Bounding Box Width: 0.175974564896844; Bounding Box Height: 0.04
2YseM_FI92aw1oIDur3UaE,Storey 2 - Slab 7 (4 cm) - Opening 50,. Project: Project Name; Building: The building; Storey: Level 2; Top Elevation: 0.04; Bottom Elevation: 0; Global Top Elevation: 0.04; Global Bottom Elevation: 0; Has Own Geometry: 1; Children Have Geometry: 0; Global X: 3.24193867751441; Global Y: -2.7953010668501; Global Z: 0; Bounding Box Length: 0.0264536927622716; Bounding Box Width: 0.175974564896844; Bounding Box Height: 0.04
1rCEQxitrBC9YY7QRR1HtC,Storey 2 - Slab 7 (4 cm) - Opening 51,. Project: Project Name; Building: The building; Storey: Level 2; Top Elevation: 0.04; Bottom Elevation: 0; Global Top Elevation: 0.04; Global Bottom Elevation: 0; Has Own Geometry: 1; Children Have Geometry: 0; Global X: 3.28455954198643; Global Y: -2.7953010668501; Global Z: 0; Bounding Box Length: 0.0264536927622707; Bounding Box Width: 0.175974564896844; Bounding Box Height: 0.04
0QSVwPU39B1hLHeKE3n$$G,Storey 2 - Slab 7 (4 cm) - Opening 52,. Project: Project Name; Building: The building; Storey: Level 2; Top Elevation: 0.04; Bottom Elevation: 0; Global Top Elevation: 0.04; Global Bottom Elevation: 0; Has Own Geometry: 1; Children Have Geometry: 0; Global X: 3.32718040645846; Global Y: -2.7953010668501; Global Z: 0; Bounding Box Length: 0.0264536927622707; Bounding Box Width: 0.175974564896844; Bounding Box Height: 0.04
0inhAUh55CV8JHFFJrI0o9,Storey 2 - Slab 7 (4 cm) - Opening 53,. Project: Project Name; Building: The building; Storey: Level 2; Top Elevation: 0.04; Bottom Elevation: 0; Global Top Elevation: 0.04; Global Bottom Elevation: 0; Has Own Geometry: 1; Children Have Geometry: 0; Global X: 3.01418343299203; Global Y: -2.59659575078283; Global Z: 0; Bounding Box Length: 0.0264536927622707; Bounding Box Width: 0.17597456489684; Bounding Box Height: 0.04
1AhGv$FiH2ZveeZfYTvJkk,Storey 2 - Slab 7 (4 cm) - Opening 54,. Project: Project Name; Building: The building; Storey: Level 2; Top Elevation: 0.04; Bottom Elevation: 0; Global Top Elevation: 0.04; Global Bottom Elevation: 0; Has Own Geometry: 1; Children Have Geometry: 0; Global X: 3.06080000350831; Global Y: -2.59659575078283; Global Z: 0; Bounding Box Length: 0.0264536927622707; Bounding Box Width: 0.17597456489684; Bounding Box Height: 0.04
3AJ5tIxl9DAuKpA3QjyxVL,Storey 2 - Slab 7 (4 cm) - Opening 55,. Project: Project Name; Building: The building; Storey: Level 2; Top Elevation: 0.04; Bottom Elevation: 0; Global Top Elevation: 0.04; Global Bottom Elevation: 0; Has Own Geometry: 1; Children Have Geometry: 0; Global X: 3.10741657402458; Global Y: -2.59659575078283; Global Z: 0; Bounding Box Length: 0.0264536927622707; Bounding Box Width: 0.17597456489684; Bounding Box Height: 0.04
2ynj0soXzBFfUFZF2bXjL$,Storey 2 - Slab 7 (4 cm) - Opening 56,. Project: Project Name; Building: The building; Storey: Level 2; Top Elevation: 0.04; Bottom Elevation: 0; Global Top Elevation: 0.04; Global Bottom Elevation: 0; Has Own Geometry: 1; Children Have Geometry: 0; Global X: 3.15536504655561; Global Y: -2.59659575078283; Global Z: 0; Bounding Box Length: 0.0264536927622707; Bounding Box Width: 0.17597456489684; Bounding Box Height: 0.04
0fP7QclunFyxH2fq3nfieh,Storey 2 - Slab 7 (4 cm) - Opening 57,. Project: Project Name; Building: The building; Storey: Level 2; Top Elevation: 0.04; Bottom Elevation: 0; Global Top Elevation: 0.04; Global Bottom Elevation: 0; Has Own Geometry: 1; Children Have Geometry: 0; Global X: 3.19798591102763; Global Y: -2.59659575078283; Global Z: 0; Bounding Box Length: 0.0264536927622707; Bounding Box Width: 0.17597456489684; Bounding Box Height: 0.04
1S4ALQGBL0iRARqpqySwSq,Storey 2 - Slab 7 (4 cm) - Opening 58,. Project: Project Name; Building: The building; Storey: Level 2; Top Elevation: 0.04; Bottom Elevation: 0; Global Top Elevation: 0.04; Global Bottom Elevation: 0; Has Own Geometry: 1; Children Have Geometry: 0; Global X: 3.24193867751441; Global Y: -2.59659575078283; Global Z: 0; Bounding Box Length: 0.0264536927622716; Bounding Box Width: 0.17597456489684; Bounding Box Height: 0.04
0F9jX9gvz5Tu4HR9l1wGId,Storey 2 - Slab 7 (4 cm) - Opening 59,. Project: Project Name; Building: The building; Storey: Level 2; Top Elevation: 0.04; Bottom Elevation: 0; Global Top Elevation: 0.04; Global Bottom Elevation: 0; Has Own Geometry: 1; Children Have Geometry: 0; Global X: 3.28455954198643; Global Y: -2.59659575078283; Global Z: 0; Bounding Box Length: 0.0264536927622707; Bounding Box Width: 0.17597456489684; Bounding Box Height: 0.04
2IFZzCRX1Bn8cGry0B3w95,Storey 2 - Slab 7 (4 cm) - Opening 60,. Project: Project Name; Building: The building; Storey: Level 2; Top Elevation: 0.04; Bottom Elevation: 0; Global Top Elevation: 0.04; Global Bottom Elevation: 0; Has Own Geometry: 1; Children Have Geometry: 0; Global X: 3.32718040645846; Global Y: -2.59659575078283; Global Z: 0; Bounding Box Length: 0.0264536927622707; Bounding Box Width: 0.17597456489684; Bounding Box Height: 0.04
1oGT9QERv2UQ$wojw2NN_n,Storey 2 - Slab 6 (4 cm),. HWPO: 0; SC2D: 6; SC3D1: 251; SC3D2: 251; SCSC: 251; Project: Project Name; Building: The building; Storey: Level 2; Top Elevation: 0.04; Bottom Elevation: 0; Global Top Elevation: 0.04; Global Bottom Elevation: 0; Has Own Geometry: 1; Children Have Geometry: 1; Global X: -6.69876643707548; Global Y: 0.538709226094971; Global Z: 0; Bounding Box Length: 0.459411637725327; Bounding Box Width: 1.21452381761904; Bounding Box Height: 0.04
0rJjEVv1fB98ZeKe_$JveL,Storey 2 - Slab 6 (4 cm) - Opening 1,. Project: Project Name; Building: The building; Storey: Level 2; Top Elevation: 0.04; Bottom Elevation: 0; Global Top Elevation: 0.04; Global Bottom Elevation: 0; Has Own Geometry: 1; Children Have Geometry: 0; Global X: -6.68471325622742; Global Y: 0.56035771567176; Global Z: 0; Bounding Box Length: 0.0264536927622707; Bounding Box Width: 0.175974564896842; Bounding Box Height: 0.04
2GdV6DNa56VR0hH0B7L8Cd,Storey 2 - Slab 6 (4 cm) - Opening 2,. Project: Project Name; Building: The building; Storey: Level 2; Top Elevation: 0.04; Bottom Elevation: 0; Global Top Elevation: 0.04; Global Bottom Elevation: 0; Has Own Geometry: 1; Children Have Geometry: 0; Global X: -6.64076048974065; Global Y: 0.56035771567176; Global Z: 0; Bounding Box Length: 0.0264536927622707; Bounding Box Width: 0.175974564896842; Bounding Box Height: 0.04
3IB8I4mVb8$fX6Jkzn3OD4,Storey 2 - Slab 6 (4 cm) - Opening 3,. Project: Project Name; Building: The building; Storey: Level 2; Top Elevation: 0.04; Bottom Elevation: 0; Global Top Elevation: 0.04; Global Bottom Elevation: 0; Has Own Geometry: 1; Children Have Geometry: 0; Global X: -6.59414391922437; Global Y: 0.56035771567176; Global Z: 0; Bounding Box Length: 0.0264536927622707; Bounding Box Width: 0.175974564896842; Bounding Box Height: 0.04
0qsMvXVh18x8PzAgw_Azc8,Storey 2 - Slab 6 (4 cm) - Opening 4,. Project: Project Name; Building: The building; Storey: Level 2; Top Elevation: 0.04; Bottom Elevation: 0; Global Top Elevation: 0.04; Global Bottom Elevation: 0; Has Own Geometry: 1; Children Have Geometry: 0; Global X: -6.5475273487081; Global Y: 0.56035771567176; Global Z: 0; Bounding Box Length: 0.0264536927622707; Bounding Box Width: 0.175974564896842; Bounding Box Height: 0.04
31PANZqmD6_xt0V9f7LW_r,Storey 2 - Slab 6 (4 cm) - Opening 5,. Project: Project Name; Building: The building; Storey: Level 2; Top Elevation: 0.04; Bottom Elevation: 0; Global Top Elevation: 0.04; Global Bottom Elevation: 0; Has Own Geometry: 1; Children Have Geometry: 0; Global X: -6.50091077819182; Global Y: 0.56035771567176; Global Z: 0; Bounding Box Length: 0.0264536927622707; Bounding Box Width: 0.175974564896842; Bounding Box Height: 0.04
19qfzPa1f67wTLH$r8nBAD,Storey 2 - Slab 6 (4 cm) - Opening 6,. Project: Project Name; Building: The building; Storey: Level 2; Top Elevation: 0.04; Bottom Elevation: 0; Global Top Elevation: 0.04; Global Bottom Elevation: 0; Has Own Geometry: 1; Children Have Geometry: 0; Global X: -6.45296230566079; Global Y: 0.56035771567176; Global Z: 0; Bounding Box Length: 0.0264536927622707; Bounding Box Width: 0.175974564896842; Bounding Box Height: 0.04
1fgIahbuv4XekePSH2nN8L,Storey 2 - Slab 6 (4 cm) - Opening 7,. Project: Project Name; Building: The building; Storey: Level 2; Top Elevation: 0.04; Bottom Elevation: 0; Global Top Elevation: 0.04; Global Bottom Elevation: 0; Has Own Geometry: 1; Children Have Geometry: 0; Global X: -6.41034144118877; Global Y: 0.56035771567176; Global Z: 0; Bounding Box Length: 0.0264536927622707; Bounding Box Width: 0.175974564896842; Bounding Box Height: 0.04
3kaQEIIHrFufz4RSCpFGbM,Storey 2 - Slab 6 (4 cm) - Opening 8,. Project: Project Name; Building: The building; Storey: Level 2; Top Elevation: 0.04; Bottom Elevation: 0; Global Top Elevation: 0.04; Global Bottom Elevation: 0; Has Own Geometry: 1; Children Have Geometry: 0; Global X: -6.36638867470199; Global Y: 0.56035771567176; Global Z: 0; Bounding Box Length: 0.0264536927622707; Bounding Box Width: 0.175974564896842; Bounding Box Height: 0.04
1YoSPLTvPEE8xHABcm8Xe8,Storey 2 - Slab 6 (4 cm) - Opening 9,. Project: Project Name; Building: The building; Storey: Level 2; Top Elevation: 0.04; Bottom Elevation: 0; Global Top Elevation: 0.04; Global Bottom Elevation: 0; Has Own Geometry: 1; Children Have Geometry: 0; Global X: -6.32376781022997; Global Y: 0.56035771567176; Global Z: 0; Bounding Box Length: 0.0264536927622707; Bounding Box Width: 0.175974564896842; Bounding Box Height: 0.04
2f5RBYStT1u9cqzxjf_Zrd,Storey 2 - Slab 6 (4 cm) - Opening 10,. Project: Project Name; Building: The building; Storey: Level 2; Top Elevation: 0.04; Bottom Elevation: 0; Global Top Elevation: 0.04; Global Bottom Elevation: 0; Has Own Geometry: 1; Children Have Geometry: 0; Global X: -6.28114694575795; Global Y: 0.56035771567176; Global Z: 0; Bounding Box Length: 0.0264536927622707; Bounding Box Width: 0.175974564896842; Bounding Box Height: 0.04
2rG1JjTQ155xMbPPb7M9EN,Storey 2 - Slab 6 (4 cm) - Opening 11,. Project: Project Name; Building: The building; Storey: Level 2; Top Elevation: 0.04; Bottom Elevation: 0; Global Top Elevation: 0.04; Global Bottom Elevation: 0; Has Own Geometry: 1; Children Have Geometry: 0; Global X: -6.68471325622742; Global Y: 0.760579866212826; Global Z: 0; Bounding Box Length: 0.0264536927622707; Bounding Box Width: 0.175974564896842; Bounding Box Height: 0.04
3whkIKLpXEw9DA0Zr0la3S,Storey 2 - Slab 6 (4 cm) - Opening 12,. Project: Project Name; Building: The building; Storey: Level 2; Top Elevation: 0.04; Bottom Elevation: 0; Global Top Elevation: 0.04; Global Bottom Elevation: 0; Has Own Geometry: 1; Children Have Geometry: 0; Global X: -6.64076048974065; Global Y: 0.760579866212826; Global Z: 0; Bounding Box Length: 0.0264536927622707; Bounding Box Width: 0.175974564896842; Bounding Box Height: 0.04
2ULgZhb2nEe8Tfysj_RPBa,Storey 2 - Slab 6 (4 cm) - Opening 13,. Project: Project Name; Building: The building; Storey: Level 2; Top Elevation: 0.04; Bottom Elevation: 0; Global Top Elevation: 0.04; Global Bottom Elevation: 0; Has Own Geometry: 1; Children Have Geometry: 0; Global X: -6.59414391922437; Global Y: 0.760579866212826; Global Z: 0; Bounding Box Length: 0.0264536927622707; Bounding Box Width: 0.175974564896842; Bounding Box Height: 0.04
0JjZKs8mDAK9CQ2tUsPxzJ,Storey 2 - Slab 6 (4 cm) - Opening 14,. Project: Project Name; Building: The building; Storey: Level 2; Top Elevation: 0.04; Bottom Elevation: 0; Global Top Elevation: 0.04; Global Bottom Elevation: 0; Has Own Geometry: 1; Children Have Geometry: 0; Global X: -6.5475273487081; Global Y: 0.760579866212826; Global Z: 0; Bounding Box Length: 0.0264536927622707; Bounding Box Width: 0.175974564896842; Bounding Box Height: 0.04
1DTSvlNfX0lxPV6dtTqKaY,Storey 2 - Slab 6 (4 cm) - Opening 15,. Project: Project Name; Building: The building; Storey: Level 2; Top Elevation: 0.04; Bottom Elevation: 0; Global Top Elevation: 0.04; Global Bottom Elevation: 0; Has Own Geometry: 1; Children Have Geometry: 0; Global X: -6.50091077819182; Global Y: 0.760579866212826; Global Z: 0; Bounding Box Length: 0.0264536927622707; Bounding Box Width: 0.175974564896842; Bounding Box Height: 0.04
0r9gq_A9rDxgCEsPKOxuqi,Storey 2 - Slab 6 (4 cm) - Opening 16,. Project: Project Name; Building: The building; Storey: Level 2; Top Elevation: 0.04; Bottom Elevation: 0; Global Top Elevation: 0.04; Global Bottom Elevation: 0; Has Own Geometry: 1; Children Have Geometry: 0; Global X: -6.45296230566079; Global Y: 0.760579866212826; Global Z: 0; Bounding Box Length: 0.0264536927622707; Bounding Box Width: 0.175974564896842; Bounding Box Height: 0.04
39JVVcH3bAtvagyHgTEpqq,Storey 2 - Slab 6 (4 cm) - Opening 17,. Project: Project Name; Building: The building; Storey: Level 2; Top Elevation: 0.04; Bottom Elevation: 0; Global Top Elevation: 0.04; Global Bottom Elevation: 0; Has Own Geometry: 1; Children Have Geometry: 0; Global X: -6.41034144118877; Global Y: 0.760579866212826; Global Z: 0; Bounding Box Length: 0.0264536927622707; Bounding Box Width: 0.175974564896842; Bounding Box Height: 0.04
03bS2rhID5hvObZbVlgzO3,Storey 2 - Slab 6 (4 cm) - Opening 18,. Project: Project Name; Building: The building; Storey: Level 2; Top Elevation: 0.04; Bottom Elevation: 0; Global Top Elevation: 0.04; Global Bottom Elevation: 0; Has Own Geometry: 1; Children Have Geometry: 0; Global X: -6.36638867470199; Global Y: 0.760579866212826; Global Z: 0; Bounding Box Length: 0.0264536927622707; Bounding Box Width: 0.175974564896842; Bounding Box Height: 0.04
048t$92uf4QPkllzmdcjz6,Storey 2 - Slab 6 (4 cm) - Opening 19,. Project: Project Name; Building: The building; Storey: Level 2; Top Elevation: 0.04; Bottom Elevation: 0; Global Top Elevation: 0.04; Global Bottom Elevation: 0; Has Own Geometry: 1; Children Have Geometry: 0; Global X: -6.32376781022997; Global Y: 0.760579866212826; Global Z: 0; Bounding Box Length: 0.0264536927622707; Bounding Box Width: 0.175974564896842; Bounding Box Height: 0.04
3FmPlXGIfAJQzi9vthSAZe,Storey 2 - Slab 6 (4 cm) - Opening 20,. Project: Project Name; Building: The building; Storey: Level 2; Top Elevation: 0.04; Bottom Elevation: 0; Global Top Elevation: 0.04; Global Bottom Elevation: 0; Has Own Geometry: 1; Children Have Geometry: 0; Global X: -6.28114694575795; Global Y: 0.760579866212826; Global Z: 0; Bounding Box Length: 0.0264536927622707; Bounding Box Width: 0.175974564896842; Bounding Box Height: 0.04
0s0ziQc3b5jxpoJgQl5RWj,Storey 2 - Slab 6 (4 cm) - Opening 21,. Project: Project Name; Building: The building; Storey: Level 2; Top Elevation: 0.04; Bottom Elevation: 0; Global Top Elevation: 0.04; Global Bottom Elevation: 0; Has Own Geometry: 1; Children Have Geometry: 0; Global X: -6.68471325622742; Global Y: 0.962318851227687; Global Z: 0; Bounding Box Length: 0.0264536927622707; Bounding Box Width: 0.175974564896844; Bounding Box Height: 0.04
0BI3GDjmv9JPOw8t3xDVYG,Storey 2 - Slab 6 (4 cm) - Opening 22,. Project: Project Name; Building: The building; Storey: Level 2; Top Elevation: 0.04; Bottom Elevation: 0; Global Top Elevation: 0.04; Global Bottom Elevation: 0; Has Own Geometry: 1; Children Have Geometry: 0; Global X: -6.64076048974065; Global Y: 0.962318851227687; Global Z: 0; Bounding Box Length: 0.0264536927622707; Bounding Box Width: 0.175974564896844; Bounding Box Height: 0.04
1WerI3Fa115epLbLK3GTtW,Storey 2 - Slab 6 (4 cm) - Opening 23,. Project: Project Name; Building: The building; Storey: Level 2; Top Elevation: 0.04; Bottom Elevation: 0; Global Top Elevation: 0.04; Global Bottom Elevation: 0; Has Own Geometry: 1; Children Have Geometry: 0; Global X: -6.59414391922437; Global Y: 0.962318851227687; Global Z: 0; Bounding Box Length: 0.0264536927622707; Bounding Box Width: 0.175974564896844; Bounding Box Height: 0.04
1kVfynr7r9xhZ12kDrqU5k,Storey 2 - Slab 6 (4 cm) - Opening 24,. Project: Project Name; Building: The building; Storey: Level 2; Top Elevation: 0.04; Bottom Elevation: 0; Global Top Elevation: 0.04; Global Bottom Elevation: 0; Has Own Geometry: 1; Children Have Geometry: 0; Global X: -6.5475273487081; Global Y: 0.962318851227687; Global Z: 0; Bounding Box Length: 0.0264536927622707; Bounding Box Width: 0.175974564896844; Bounding Box Height: 0.04
0M6T9E8612xvEeUEK5fb5n,Storey 2 - Slab 6 (4 cm) - Opening 25,. Project: Project Name; Building: The building; Storey: Level 2; Top Elevation: 0.04; Bottom Elevation: 0; Global Top Elevation: 0.04; Global Bottom Elevation: 0; Has Own Geometry: 1; Children Have Geometry: 0; Global X: -6.50091077819182; Global Y: 0.962318851227687; Global Z: 0; Bounding Box Length: 0.0264536927622707; Bounding Box Width: 0.175974564896844; Bounding Box Height: 0.04
1NjcWvpOH34B3YD57MV0Xc,Storey 2 - Slab 6 (4 cm) - Opening 26,. Project: Project Name; Building: The building; Storey: Level 2; Top Elevation: 0.04; Bottom Elevation: 0; Global Top Elevation: 0.04; Global Bottom Elevation: 0; Has Own Geometry: 1; Children Have Geometry: 0; Global X: -6.45296230566079; Global Y: 0.962318851227687; Global Z: 0; Bounding Box Length: 0.0264536927622707; Bounding Box Width: 0.175974564896844; Bounding Box Height: 0.04
1mClw59Q1ECensUWQgvL7c,Storey 2 - Slab 6 (4 cm) - Opening 27,. Project: Project Name; Building: The building; Storey: Level 2; Top Elevation: 0.04; Bottom Elevation: 0; Global Top Elevation: 0.04; Global Bottom Elevation: 0; Has Own Geometry: 1; Children Have Geometry: 0; Global X: -6.41034144118877; Global Y: 0.962318851227687; Global Z: 0; Bounding Box Length: 0.0264536927622707; Bounding Box Width: 0.175974564896844; Bounding Box Height: 0.04
0UH0La2wL989dMNWwe69bD,Storey 2 - Slab 6 (4 cm) - Opening 28,. Project: Project Name; Building: The building; Storey: Level 2; Top Elevation: 0.04; Bottom Elevation: 0; Global Top Elevation: 0.04; Global Bottom Elevation: 0; Has Own Geometry: 1; Children Have Geometry: 0; Global X: -6.36638867470199; Global Y: 0.962318851227687; Global Z: 0; Bounding Box Length: 0.0264536927622707; Bounding Box Width: 0.175974564896844; Bounding Box Height: 0.04
1MMOMqn3L7xvApG6iSYnUM,Storey 2 - Slab 6 (4 cm) - Opening 29,. Project: Project Name; Building: The building; Storey: Level 2; Top Elevation: 0.04; Bottom Elevation: 0; Global Top Elevation: 0.04; Global Bottom Elevation: 0; Has Own Geometry: 1; Children Have Geometry: 0; Global X: -6.32376781022997; Global Y: 0.962318851227687; Global Z: 0; Bounding Box Length: 0.0264536927622707; Bounding Box Width: 0.175974564896844; Bounding Box Height: 0.04
3mpZaHxLf7tBgk9QK290jk,Storey 2 - Slab 6 (4 cm) - Opening 30,. Project: Project Name; Building: The building; Storey: Level 2; Top Elevation: 0.04; Bottom Elevation: 0; Global Top Elevation: 0.04; Global Bottom Elevation: 0; Has Own Geometry: 1; Children Have Geometry: 0; Global X: -6.28114694575795; Global Y: 0.962318851227687; Global Z: 0; Bounding Box Length: 0.0264536927622707; Bounding Box Width: 0.175974564896844; Bounding Box Height: 0.04
1FonB8nRz5h9p$3_vyObRh,Storey 2 - Slab 6 (4 cm) - Opening 31,. Project: Project Name; Building: The building; Storey: Level 2; Top Elevation: 0.04; Bottom Elevation: 0; Global Top Elevation: 0.04; Global Bottom Elevation: 0; Has Own Geometry: 1; Children Have Geometry: 0; Global X: -6.68471325622742; Global Y: 1.16102416729496; Global Z: 0; Bounding Box Length: 0.0264536927622707; Bounding Box Width: 0.17597456489684; Bounding Box Height: 0.04
3BubDpv3PFUfETgCka2Snr,Storey 2 - Slab 6 (4 cm) - Opening 32,. Project: Project Name; Building: The building; Storey: Level 2; Top Elevation: 0.04; Bottom Elevation: 0; Global Top Elevation: 0.04; Global Bottom Elevation: 0; Has Own Geometry: 1; Children Have Geometry: 0; Global X: -6.68471325622742; Global Y: 1.3585531627499; Global Z: 0; Bounding Box Length: 0.0264536927622707; Bounding Box Width: 0.175974564896842; Bounding Box Height: 0.04
0kwxyY0iz6awBgq5e93iQh,Storey 2 - Slab 6 (4 cm) - Opening 33,. Project: Project Name; Building: The building; Storey: Level 2; Top Elevation: 0.04; Bottom Elevation: 0; Global Top Elevation: 0.04; Global Bottom Elevation: 0; Has Own Geometry: 1; Children Have Geometry: 0; Global X: -6.68471325622742; Global Y: 1.55725847881717; Global Z: 0; Bounding Box Length: 0.0264536927622707; Bounding Box Width: 0.175974564896844; Bounding Box Height: 0.04
26rlDUTPv8HAeE75k9fo32,Storey 2 - Slab 6 (4 cm) - Opening 34,. Project: Project Name; Building: The building; Storey: Level 2; Top Elevation: 0.04; Bottom Elevation: 0; Global Top Elevation: 0.04; Global Bottom Elevation: 0; Has Own Geometry: 1; Children Have Geometry: 0; Global X: -6.64076048974065; Global Y: 1.16102416729496; Global Z: 0; Bounding Box Length: 0.0264536927622707; Bounding Box Width: 0.17597456489684; Bounding Box Height: 0.04
1rG6Q1XurCDAMS9kE9RVyU,Storey 2 - Slab 6 (4 cm) - Opening 35,. Project: Project Name; Building: The building; Storey: Level 2; Top Elevation: 0.04; Bottom Elevation: 0; Global Top Elevation: 0.04; Global Bottom Elevation: 0; Has Own Geometry: 1; Children Have Geometry: 0; Global X: -6.64076048974065; Global Y: 1.3585531627499; Global Z: 0; Bounding Box Length: 0.0264536927622707; Bounding Box Width: 0.175974564896842; Bounding Box Height: 0.04
0wTp2S9wnE$Rq8h3mxBBn0,Storey 2 - Slab 6 (4 cm) - Opening 36,. Project: Project Name; Building: The building; Storey: Level 2; Top Elevation: 0.04; Bottom Elevation: 0; Global Top Elevation: 0.04; Global Bottom Elevation: 0; Has Own Geometry: 1; Children Have Geometry: 0; Global X: -6.64076048974065; Global Y: 1.55725847881717; Global Z: 0; Bounding Box Length: 0.0264536927622707; Bounding Box Width: 0.175974564896844; Bounding Box Height: 0.04
1B_sEAg099xwLiNxhMKXJE,Storey 2 - Slab 6 (4 cm) - Opening 37,. Project: Project Name; Building: The building; Storey: Level 2; Top Elevation: 0.04; Bottom Elevation: 0; Global Top Elevation: 0.04; Global Bottom Elevation: 0; Has Own Geometry: 1; Children Have Geometry: 0; Global X: -6.59414391922437; Global Y: 1.16102416729496; Global Z: 0; Bounding Box Length: 0.0264536927622707; Bounding Box Width: 0.17597456489684; Bounding Box Height: 0.04
3zh0xv2L97iuiuwWhrqfUy,Storey 2 - Slab 6 (4 cm) - Opening 38,. Project: Project Name; Building: The building; Storey: Level 2; Top Elevation: 0.04; Bottom Elevation: 0; Global Top Elevation: 0.04; Global Bottom Elevation: 0; Has Own Geometry: 1; Children Have Geometry: 0; Global X: -6.59414391922437; Global Y: 1.3585531627499; Global Z: 0; Bounding Box Length: 0.0264536927622707; Bounding Box Width: 0.175974564896842; Bounding Box Height: 0.04
2mt0EnGzXFFh0swNH7R6Hc,Storey 2 - Slab 6 (4 cm) - Opening 39,. Project: Project Name; Building: The building; Storey: Level 2; Top Elevation: 0.04; Bottom Elevation: 0; Global Top Elevation: 0.04; Global Bottom Elevation: 0; Has Own Geometry: 1; Children Have Geometry: 0; Global X: -6.5475273487081; Global Y: 1.16102416729496; Global Z: 0; Bounding Box Length: 0.0264536927622707; Bounding Box Width: 0.17597456489684; Bounding Box Height: 0.04
3ADi_4sPrC6wobj_C3ITxK,Storey 2 - Slab 6 (4 cm) - Opening 40,. Project: Project Name; Building: The building; Storey: Level 2; Top Elevation: 0.04; Bottom Elevation: 0; Global Top Elevation: 0.04; Global Bottom Elevation: 0; Has Own Geometry: 1; Children Have Geometry: 0; Global X: -6.5475273487081; Global Y: 1.3585531627499; Global Z: 0; Bounding Box Length: 0.0264536927622707; Bounding Box Width: 0.175974564896842; Bounding Box Height: 0.04
0pG51qICr1y83aJCKEvTDP,Storey 2 - Slab 6 (4 cm) - Opening 41,. Project: Project Name; Building: The building; Storey: Level 2; Top Elevation: 0.04; Bottom Elevation: 0; Global Top Elevation: 0.04; Global Bottom Elevation: 0; Has Own Geometry: 1; Children Have Geometry: 0; Global X: -6.50091077819182; Global Y: 1.16102416729496; Global Z: 0; Bounding Box Length: 0.0264536927622707; Bounding Box Width: 0.17597456489684; Bounding Box Height: 0.04
0wSuVXFyj9wB8RoeC8ONoY,Storey 2 - Slab 6 (4 cm) - Opening 42,. Project: Project Name; Building: The building; Storey: Level 2; Top Elevation: 0.04; Bottom Elevation: 0; Global Top Elevation: 0.04; Global Bottom Elevation: 0; Has Own Geometry: 1; Children Have Geometry: 0; Global X: -6.50091077819182; Global Y: 1.3585531627499; Global Z: 0; Bounding Box Length: 0.0264536927622707; Bounding Box Width: 0.175974564896842; Bounding Box Height: 0.04
1xQd1k7I9DjQ38vos4wvut,Storey 2 - Slab 6 (4 cm) - Opening 43,. Project: Project Name; Building: The building; Storey: Level 2; Top Elevation: 0.04; Bottom Elevation: 0; Global Top Elevation: 0.04; Global Bottom Elevation: 0; Has Own Geometry: 1; Children Have Geometry: 0; Global X: -6.45296230566079; Global Y: 1.16102416729496; Global Z: 0; Bounding Box Length: 0.0264536927622707; Bounding Box Width: 0.17597456489684; Bounding Box Height: 0.04
2KX5TrkGTBIPiYRo1_hVOJ,Storey 2 - Slab 6 (4 cm) - Opening 44,. Project: Project Name; Building: The building; Storey: Level 2; Top Elevation: 0.04; Bottom Elevation: 0; Global Top Elevation: 0.04; Global Bottom Elevation: 0; Has Own Geometry: 1; Children Have Geometry: 0; Global X: -6.45296230566079; Global Y: 1.3585531627499; Global Z: 0; Bounding Box Length: 0.0264536927622707; Bounding Box Width: 0.175974564896842; Bounding Box Height: 0.04
1kU9wNxlr4Cv4MqUSCWf4o,Storey 2 - Slab 6 (4 cm) - Opening 45,. Project: Project Name; Building: The building; Storey: Level 2; Top Elevation: 0.04; Bottom Elevation: 0; Global Top Elevation: 0.04; Global Bottom Elevation: 0; Has Own Geometry: 1; Children Have Geometry: 0; Global X: -6.41034144118877; Global Y: 1.16102416729496; Global Z: 0; Bounding Box Length: 0.0264536927622707; Bounding Box Width: 0.17597456489684; Bounding Box Height: 0.04
11HcQa789B8QkhQ1vrKyWO,Storey 2 - Slab 6 (4 cm) - Opening 46,. Project: Project Name; Building: The building; Storey: Level 2; Top Elevation: 0.04; Bottom Elevation: 0; Global Top Elevation: 0.04; Global Bottom Elevation: 0; Has Own Geometry: 1; Children Have Geometry: 0; Global X: -6.36638867470199; Global Y: 1.16102416729496; Global Z: 0; Bounding Box Length: 0.0264536927622707; Bounding Box Width: 0.17597456489684; Bounding Box Height: 0.04
1MWc9Vb9zBOvC3VMauzP80,Storey 2 - Slab 6 (4 cm) - Opening 47,. Project: Project Name; Building: The building; Storey: Level 2; Top Elevation: 0.04; Bottom Elevation: 0; Global Top Elevation: 0.04; Global Bottom Elevation: 0; Has Own Geometry: 1; Children Have Geometry: 0; Global X: -6.32376781022997; Global Y: 1.16102416729496; Global Z: 0; Bounding Box Length: 0.0264536927622707; Bounding Box Width: 0.17597456489684; Bounding Box Height: 0.04
3BRB3dV8LBQxcUfvyzm2rn,Storey 2 - Slab 6 (4 cm) - Opening 48,. Project: Project Name; Building: The building; Storey: Level 2; Top Elevation: 0.04; Bottom Elevation: 0; Global Top Elevation: 0.04; Global Bottom Elevation: 0; Has Own Geometry: 1; Children Have Geometry: 0; Global X: -6.28114694575795; Global Y: 1.16102416729496; Global Z: 0; Bounding Box Length: 0.0264536927622707; Bounding Box Width: 0.17597456489684; Bounding Box Height: 0.04
1RigEtfkH6zOuPFKeF7b41,Storey 2 - Slab 6 (4 cm) - Opening 49,. Project: Project Name; Building: The building; Storey: Level 2; Top Elevation: 0.04; Bottom Elevation: 0; Global Top Elevation: 0.04; Global Bottom Elevation: 0; Has Own Geometry: 1; Children Have Geometry: 0; Global X: -6.41034144118877; Global Y: 1.3585531627499; Global Z: 0; Bounding Box Length: 0.0264536927622707; Bounding Box Width: 0.175974564896842; Bounding Box Height: 0.04
26ade1K3n9OvTnbzrGK5BM,Storey 2 - Slab 6 (4 cm) - Opening 50,. Project: Project Name; Building: The building; Storey: Level 2; Top Elevation: 0.04; Bottom Elevation: 0; Global Top Elevation: 0.04; Global Bottom Elevation: 0; Has Own Geometry: 1; Children Have Geometry: 0; Global X: -6.36638867470199; Global Y: 1.3585531627499; Global Z: 0; Bounding Box Length: 0.0264536927622707; Bounding Box Width: 0.175974564896842; Bounding Box Height: 0.04
09UIX_779Dfg59rJAdP4MD,Storey 2 - Slab 6 (4 cm) - Opening 51,. Project: Project Name; Building: The building; Storey: Level 2; Top Elevation: 0.04; Bottom Elevation: 0; Global Top Elevation: 0.04; Global Bottom Elevation: 0; Has Own Geometry: 1; Children Have Geometry: 0; Global X: -6.32376781022997; Global Y: 1.3585531627499; Global Z: 0; Bounding Box Length: 0.0264536927622707; Bounding Box Width: 0.175974564896842; Bounding Box Height: 0.04
0ozcSgw4T1Jv7862mfK7hm,Storey 2 - Slab 6 (4 cm) - Opening 52,. Project: Project Name; Building: The building; Storey: Level 2; Top Elevation: 0.04; Bottom Elevation: 0; Global Top Elevation: 0.04; Global Bottom Elevation: 0; Has Own Geometry: 1; Children Have Geometry: 0; Global X: -6.28114694575795; Global Y: 1.3585531627499; Global Z: 0; Bounding Box Length: 0.0264536927622707; Bounding Box Width: 0.175974564896842; Bounding Box Height: 0.04
32yWZbzlfD7xLqeISphS3Z,Storey 2 - Slab 6 (4 cm) - Opening 53,. Project: Project Name; Building: The building; Storey: Level 2; Top Elevation: 0.04; Bottom Elevation: 0; Global Top Elevation: 0.04; Global Bottom Elevation: 0; Has Own Geometry: 1; Children Have Geometry: 0; Global X: -6.59414391922437; Global Y: 1.55725847881717; Global Z: 0; Bounding Box Length: 0.0264536927622707; Bounding Box Width: 0.175974564896844; Bounding Box Height: 0.04
3x7J$0ELH1bRnjWVUYJzA9,Storey 2 - Slab 6 (4 cm) - Opening 54,. Project: Project Name; Building: The building; Storey: Level 2; Top Elevation: 0.04; Bottom Elevation: 0; Global Top Elevation: 0.04; Global Bottom Elevation: 0; Has Own Geometry: 1; Children Have Geometry: 0; Global X: -6.5475273487081; Global Y: 1.55725847881717; Global Z: 0; Bounding Box Length: 0.0264536927622707; Bounding Box Width: 0.175974564896844; Bounding Box Height: 0.04
319ZA_9NvCRe3zXfzZlB0k,Storey 2 - Slab 6 (4 cm) - Opening 55,. Project: Project Name; Building: The building; Storey: Level 2; Top Elevation: 0.04; Bottom Elevation: 0; Global Top Elevation: 0.04; Global Bottom Elevation: 0; Has Own Geometry: 1; Children Have Geometry: 0; Global X: -6.50091077819182; Global Y: 1.55725847881717; Global Z: 0; Bounding Box Length: 0.0264536927622707; Bounding Box Width: 0.175974564896844; Bounding Box Height: 0.04
24WydMUP5ByhAi90YQUpCV,Storey 2 - Slab 6 (4 cm) - Opening 56,. Project: Project Name; Building: The building; Storey: Level 2; Top Elevation: 0.04; Bottom Elevation: 0; Global Top Elevation: 0.04; Global Bottom Elevation: 0; Has Own Geometry: 1; Children Have Geometry: 0; Global X: -6.45296230566079; Global Y: 1.55725847881717; Global Z: 0; Bounding Box Length: 0.0264536927622707; Bounding Box Width: 0.175974564896844; Bounding Box Height: 0.04
2zQau91SzDgg80E04SG0ai,Storey 2 - Slab 6 (4 cm) - Opening 57,. Project: Project Name; Building: The building; Storey: Level 2; Top Elevation: 0.04; Bottom Elevation: 0; Global Top Elevation: 0.04; Global Bottom Elevation: 0; Has Own Geometry: 1; Children Have Geometry: 0; Global X: -6.41034144118877; Global Y: 1.55725847881717; Global Z: 0; Bounding Box Length: 0.0264536927622707; Bounding Box Width: 0.175974564896844; Bounding Box Height: 0.04
2GLXjYkh5308d3jDqGYFCA,Storey 2 - Slab 6 (4 cm) - Opening 58,. Project: Project Name; Building: The building; Storey: Level 2; Top Elevation: 0.04; Bottom Elevation: 0; Global Top Elevation: 0.04; Global Bottom Elevation: 0; Has Own Geometry: 1; Children Have Geometry: 0; Global X: -6.36638867470199; Global Y: 1.55725847881717; Global Z: 0; Bounding Box Length: 0.0264536927622707; Bounding Box Width: 0.175974564896844; Bounding Box Height: 0.04
2edP8qyQ16VO4dlf3IxRb7,Storey 2 - Slab 6 (4 cm) - Opening 59,. Project: Project Name; Building: The building; Storey: Level 2; Top Elevation: 0.04; Bottom Elevation: 0; Global Top Elevation: 0.04; Global Bottom Elevation: 0; Has Own Geometry: 1; Children Have Geometry: 0; Global X: -6.32376781022997; Global Y: 1.55725847881717; Global Z: 0; Bounding Box Length: 0.0264536927622707; Bounding Box Width: 0.175974564896844; Bounding Box Height: 0.04
1VDXw8qbL5G81a5IojBYQi,Storey 2 - Slab 6 (4 cm) - Opening 60,. Project: Project Name; Building: The building; Storey: Level 2; Top Elevation: 0.04; Bottom Elevation: 0; Global Top Elevation: 0.04; Global Bottom Elevation: 0; Has Own Geometry: 1; Children Have Geometry: 0; Global X: -6.28114694575795; Global Y: 1.55725847881717; Global Z: 0; Bounding Box Length: 0.0264536927622707; Bounding Box Width: 0.175974564896844; Bounding Box Height: 0.04
2Osru91Qf0RefrbFFJZUMp,Storey 2 - Slab 8 (14 cm),. HWPO: 0; SC2D: 6; SC3D1: 5; SC3D2: 132; SCSC: 5; Project: Project Name; Building: The building; Storey: Level 2; Top Elevation: 0; Bottom Elevation: -0.14; Global Top Elevation: 0; Global Bottom Elevation: -0.14; Has Own Geometry: 1; Children Have Geometry: 0; Global X: -10.2475283350678; Global Y: 5.86541977022443; Global Z: -0.14; Bounding Box Length: 7.3187291539668; Bounding Box Width: 3.09172391849283; Bounding Box Height: 0.14
3LYafxzsL279u8BAqpz1At,Storey 2 - Slab 9 (14 cm),. HWPO: 0; SC2D: 6; SC3D1: 8; SC3D2: 8; SCSC: 8; Project: Project Name; Building: The building; Storey: Level 2; Top Elevation: 0; Bottom Elevation: -0.14; Global Top Elevation: 0; Global Bottom Elevation: -0.14; Has Own Geometry: 1; Children Have Geometry: 1; Global X: -6.24036367474334; Global Y: -4.62336291521416; Global Z: -0.14; Bounding Box Length: 9.14992458988426; Bounding Box Width: 9.18215563511029; Bounding Box Height: 0.14
0XkdEQQY5EKQR2G9QCKA44,Storey 2 - Slab 9 (14 cm) - Opening 1,. Project: Project Name; Building: The building; Storey: Level 2; Top Elevation: 0; Bottom Elevation: -0.14; Global Top Elevation: 0; Global Bottom Elevation: -0.14; Has Own Geometry: 1; Children Have Geometry: 0; Global X: -1.82628300470128; Global Y: 1.99295232917499; Global Z: -0.14; Bounding Box Length: 1.65436649818; Bounding Box Width: 2.31483506932726; Bounding Box Height: 0.14
12DF8Ja9T8eeBI2Jhs$Ax0,Storey 2 - Slab 10 (12 cm),. HWPO: 0; SC2D: 6; SC3D1: 8; SC3D2: 8; SCSC: 8; Project: Project Name; Building: The building; Storey: Level 2; Top Elevation: -0.0199999999999996; Bottom Elevation: -0.14; Global Top Elevation: -0.0199999999999996; Global Bottom Elevation: -0.14; Has Own Geometry: 1; Children Have Geometry: 1; Global X: -11.0202966200707; Global Y: -4.62336291521416; Global Z: -0.14; Bounding Box Length: 16.5296145435812; Bounding Box Width: 13.7805066039314; Bounding Box Height: 0.12
3ool793PH6FA$6u3e0Y1JS,Storey 2 - Slab 10 (12 cm) - Opening 1,. Project: Project Name; Building: The building; Storey: Level 2; Top Elevation: -0.0199999999999996; Bottom Elevation: -0.14; Global Top Elevation: -0.0199999999999996; Global Bottom Elevation: -0.14; Has Own Geometry: 1; Children Have Geometry: 0; Global X: -6.24036367474334; Global Y: -4.62336291521416; Global Z: -0.14; Bounding Box Length: 9.14992458988426; Bounding Box Width: 9.18215563511029; Bounding Box Height: 0.12
32XfPtL_5EjgBUK9zUj547,Storey 2 - Slab 11 (14 cm),. HWPO: 0; SC2D: 6; SC3D1: 6; SC3D2: 6; SCSC: 6; Project: Project Name; Building: The building; Storey: Level 2; Top Elevation: 0; Bottom Elevation: -0.14; Global Top Elevation: 0; Global Bottom Elevation: -0.14; Has Own Geometry: 1; Children Have Geometry: 1; Global X: -12.5202966200707; Global Y: -6.12336291521416; Global Z: -0.14; Bounding Box Length: 19.5296145435812; Bounding Box Width: 16.7805066039314; Bounding Box Height: 0.14
1HqynsraTERvkcqjFe9Buf,Storey 2 - Slab 11 (14 cm) - Opening 1,. Project: Project Name; Building: The building; Storey: Level 2; Top Elevation: 0; Bottom Elevation: -0.14; Global Top Elevation: 0; Global Bottom Elevation: -0.14; Has Own Geometry: 1; Children Have Geometry: 0; Global X: -11.0202966200707; Global Y: -4.62336291521416; Global Z: -0.14; Bounding Box Length: 16.5296145435812; Bounding Box Width: 13.7805066039314; Bounding Box Height: 0.14
13i6WX5u5F3hLdNWM4JRxD,Storey 2 - Slab 12 (14 cm),. HWPO: 0; SC2D: 6; SC3D1: 5; SC3D2: 132; SCSC: 5; Project: Project Name; Building: The building; Storey: Level 2; Top Elevation: 0.14; Bottom Elevation: 0; Global Top Elevation: 0.14; Global Bottom Elevation: 0; Has Own Geometry: 1; Children Have Geometry: 0; Global X: -10.2475283350678; Global Y: -1.38227874630319; Global Z: 0; Bounding Box Length: 4.00868720401866; Bounding Box Width: 5.47716216527198; Bounding Box Height: 0.14
2b2ZYMCy54CvrYvdhj7pmg,Storey 2 - Slab 13 (14 cm),. HWPO: 0; SC2D: 6; SC3D1: 5; SC3D2: 132; SCSC: 5; Project: Project Name; Building: The building; Storey: Level 2; Top Elevation: 0.14; Bottom Elevation: 0; Global Top Elevation: 0.14; Global Bottom Elevation: 0; Has Own Geometry: 1; Children Have Geometry: 0; Global X: -1.28878346775562; Global Y: 5.63509238836715; Global Z: 0; Bounding Box Length: 1.13818931959019; Bounding Box Width: 3.32205130035011; Bounding Box Height: 0.14
2eljgr6nH1AAI$Dgc0ghmD,Storey 2 - Slab 15 (14 cm),. HWPO: 0; SC2D: 6; SC3D1: 5; SC3D2: 8; SCSC: 8; Project: Project Name; Building: The building; Storey: Level 2; Top Elevation: 0; Bottom Elevation: -0.14; Global Top Elevation: 0; Global Bottom Elevation: -0.14; Has Own Geometry: 1; Children Have Geometry: 0; Global X: -11.0202966200707; Global Y: 18.1571436887173; Global Z: -0.14; Bounding Box Length: 16.5296145435812; Bounding Box Width: 13.7805066039314; Bounding Box Height: 0.14
0oxoVZ3XnE$uq5XO8uZ5Y1,Storey 2 - Slab 18 (15 cm),. HWPO: 0; SC2D: 6; SC3D1: 101; SC3D2: 8; SCSC: 8; Project: Project Name; Building: The building; Storey: Level 2; Top Elevation: 0.00999999999999979; Bottom Elevation: -0.14; Global Top Elevation: 0.00999999999999979; Global Bottom Elevation: -0.14; Has Own Geometry: 1; Children Have Geometry: 0; Global X: -38.1139393771845; Global Y: 13.4071436887173; Global Z: -0.14; Bounding Box Length: 70.7169000578088; Bounding Box Width: 0.5; Bounding Box Height: 0.149999999999999
0uDXnQYLXBq8cdKmwrjmBe,Storey 2 - Slab 14 (14 cm),. HWPO: 0; SC2D: 6; SC3D1: 6; SC3D2: 6; SCSC: 6; Project: Project Name; Building: The building; Storey: Level 2; Top Elevation: 0; Bottom Elevation: -0.14; Global Top Elevation: 0; Global Bottom Elevation: -0.14; Has Own Geometry: 1; Children Have Geometry: 1; Global X: -12.5202966200707; Global Y: 16.6571436887173; Global Z: -0.14; Bounding Box Length: 19.5296145435812; Bounding Box Width: 16.7805066039314; Bounding Box Height: 0.14
31P4wCQEv9M8Zaacl$2mME,Storey 2 - Slab 14 (14 cm) - Opening 1,. Project: Project Name; Building: The building; Storey: Level 2; Top Elevation: 0; Bottom Elevation: -0.14; Global Top Elevation: 0; Global Bottom Elevation: -0.14; Has Own Geometry: 1; Children Have Geometry: 0; Global X: -11.0202966200707; Global Y: 18.1571436887173; Global Z: -0.14; Bounding Box Length: 16.5296145435812; Bounding Box Width: 13.7805066039314; Bounding Box Height: 0.14
1VMvmhvhTFVwEHVRjK39Yd,Storey 2 - Slab 22 (15 cm),. HWPO: 0; SC2D: 6; SC3D1: 101; SC3D2: 8; SCSC: 8; Project: Project Name; Building: The building; Storey: Level 2; Top Elevation: 0.00999999999999979; Bottom Elevation: -0.14; Global Top Elevation: 0.00999999999999979; Global Bottom Elevation: -0.14; Has Own Geometry: 1; Children Have Geometry: 0; Global X: -38.1139393771845; Global Y: -9.37336291521416; Global Z: -0.14; Bounding Box Length: 70.7169000578088; Bounding Box Width: 0.5; Bounding Box Height: 0.149999999999999
0t2g2nkY93BPTu0YvxEje6,Storey 2 - Slab 23 (14 cm),. HWPO: 0; SC2D: 6; SC3D1: 16; SC3D2: 8; SCSC: 101; Project: Project Name; Building: The building; Storey: Level 2; Top Elevation: 0; Bottom Elevation: -0.14; Global Top Elevation: 0; Global Bottom Elevation: -0.14; Has Own Geometry: 1; Children Have Geometry: 0; Global X: -38.1139393771845; Global Y: -21.7912947541278; Global Z: -0.14; Bounding Box Length: 70.7169000578088; Bounding Box Width: 15.6679318389136; Bounding Box Height: 0.14
1e4S_t0N99T9dYf2Z7ixZr,Storey 2 - Slab 17 (14 cm),. HWPO: 0; SC2D: 6; SC3D1: 16; SC3D2: 8; SCSC: 101; Project: Project Name; Building: The building; Storey: Level 2; Top Elevation: 0; Bottom Elevation: -0.14; Global Top Elevation: 0; Global Bottom Elevation: -0.14; Has Own Geometry: 1; Children Have Geometry: 0; Global X: -38.1139393771845; Global Y: -21.7013063401871; Global Z: -0.14; Bounding Box Length: 25.5936427571138; Bounding Box Width: 70.9669000578088; Bounding Box Height: 0.14
2acqwgfRD1POlqbSn4zExM,Storey 2 - Slab 20 (15 cm),. HWPO: 0; SC2D: 6; SC3D1: 101; SC3D2: 8; SCSC: 8; Project: Project Name; Building: The building; Storey: Level 2; Top Elevation: 0.00999999999999979; Bottom Elevation: -0.14; Global Top Elevation: 0.00999999999999979; Global Bottom Elevation: -0.14; Has Own Geometry: 1; Children Have Geometry: 0; Global X: 9.3510844650489; Global Y: -21.7013063401871; Global Z: -0.14; Bounding Box Length: 0.500000000000002; Bounding Box Width: 70.7169000578088; Bounding Box Height: 0.149999999999999
3gjxgTZwTFDxiJr_c_NJfR,Storey 2 - Slab 16 (15 cm),. HWPO: 0; SC2D: 6; SC3D1: 101; SC3D2: 8; SCSC: 8; Project: Project Name; Building: The building; Storey: Level 2; Top Elevation: 0.00999999999999979; Bottom Elevation: -0.14; Global Top Elevation: 0.00999999999999979; Global Bottom Elevation: -0.14; Has Own Geometry: 1; Children Have Geometry: 0; Global X: -15.7702966200707; Global Y: -21.7013063401871; Global Z: -0.14; Bounding Box Length: 0.500000000000005; Bounding Box Width: 70.7169000578088; Bounding Box Height: 0.149999999999999
3RVjB$2jDD7hIWB2HZYUhv,Storey 2 - Slab 21 (14 cm),. HWPO: 0; SC2D: 6; SC3D1: 16; SC3D2: 8; SCSC: 101; Project: Project Name; Building: The building; Storey: Level 2; Top Elevation: 0; Bottom Elevation: -0.14; Global Top Elevation: 0; Global Bottom Elevation: -0.14; Has Own Geometry: 1; Children Have Geometry: 0; Global X: 7.00931792351047; Global Y: -21.9513063401871; Global Z: -0.14; Bounding Box Length: 25.5936427571138; Bounding Box Width: 70.7408883264637; Bounding Box Height: 0.14
1PrYw3ekTACgj8DNZgvHBs,Storey 2 - Slab 19 (14 cm),. HWPO: 0; SC2D: 6; SC3D1: 16; SC3D2: 8; SCSC: 101; Project: Project Name; Building: The building; Storey: Level 2; Top Elevation: 0; Bottom Elevation: -0.14; Global Top Elevation: 0; Global Bottom Elevation: -0.14; Has Own Geometry: 1; Children Have Geometry: 0; Global X: -38.1139393771845; Global Y: 10.6571436887173; Global Z: -0.14; Bounding Box Length: 70.7169000578088; Bounding Box Width: 6; Bounding Box Height: 0.14
1XIybNslD2vhJBRgOrFujY,gW9_a75,3D - ÐåñéâÜëëùí ÷þñïò. Project: Project Name; Building: The building; Storey: Level 2; Top Elevation: 1.92413964445126; Bottom Elevation: 1.49999999393486; Global Top Elevation: 1.92413964445126; Global Bottom Elevation: 1.49999999393486; Has Own Geometry: 1; Children Have Geometry: 0; Global X: -1.64034019837981; Global Y: 8.80995948979881; Global Z: 1.49999999393486; Bounding Box Length: 0.35; Bounding Box Width: 0.350000000000001; Bounding Box Height: 0.424139650516396
30o7K7QxTEgA9lgtHInopc,gW9_a14,3D - ÐåñéâÜëëùí ÷þñïò. Project: Project Name; Building: The building; Storey: Level 2; Top Elevation: 4.06782904505695; Bottom Elevation: 0; Global Top Elevation: 4.06782904505695; Global Bottom Elevation: 0; Has Own Geometry: 1; Children Have Geometry: 0; Global X: 5.80351136149335; Global Y: -6.44967580149055; Global Z: 0; Bounding Box Length: 1.55687786387458; Bounding Box Width: 1.55687786387458; Bounding Box Height: 4.06782904505695
2pHkFF2I15HOHjFap9ND6W,gW9_a84,3D - ÐåñéâÜëëùí ÷þñïò. Project: Project Name; Building: The building; Storey: Level 2; Top Elevation: 3.85202858145125; Bottom Elevation: -8.88178419700125E-16; Global Top Elevation: 3.85202858145125; Global Bottom Elevation: -8.88178419700125E-16; Has Own Geometry: 1; Children Have Geometry: 0; Global X: -2.59753775277967; Global Y: 25.6973216247758; Global Z: -8.88178419700125E-16; Bounding Box Length: 7.05561145480522; Bounding Box Width: 4.11543641453579; Bounding Box Height: 3.85202858145125
2tX9bwkl16X9bt4PCClJBG,gW9_a85,3D - ÐåñéâÜëëùí ÷þñïò. Project: Project Name; Building: The building; Storey: Level 2; Top Elevation: 0.769011812697693; Bottom Elevation: 0.00101181269769235; Global Top Elevation: 0.769011812697693; Global Bottom Elevation: 0.00101181269769235; Has Own Geometry: 1; Children Have Geometry: 0; Global X: 1.82580888081102; Global Y: 22.3332660875266; Global Z: 0.00101181269769235; Bounding Box Length: 2.34465505561192; Bounding Box Width: 1.85646656434363; Bounding Box Height: 0.768000000000001
3sxaOwdKv62O_7hjVJkNo6,gW9_a75,3D - ÐåñéâÜëëùí ÷þñïò. Project: Project Name; Building: The building; Storey: Level 2; Top Elevation: 1.92413964445126; Bottom Elevation: 1.49999999393486; Global Top Elevation: 1.92413964445126; Global Bottom Elevation: 1.49999999393486; Has Own Geometry: 1; Children Have Geometry: 0; Global X: -2.93399660953; Global Y: 8.80995948979881; Global Z: 1.49999999393486; Bounding Box Length: 0.349999999999999; Bounding Box Width: 0.350000000000001; Bounding Box Height: 0.424139650516396
03kO5$tCn57AkX0LkL1kq0,gW9_a76_4MMAT_5,3D - ÐåñéâÜëëùí ÷þñïò. Project: Project Name; Building: The building; Storey: Level 2; Top Elevation: 1.0503801; Bottom Elevation: 0; Global Top Elevation: 1.0503801; Global Bottom Elevation: 0; Has Own Geometry: 1; Children Have Geometry: 0; Global X: 3.20438865745472; Global Y: 5.1428260158981; Global Z: 0; Bounding Box Length: 1.51306512; Bounding Box Width: 3.78989624999999; Bounding Box Height: 1.0503801
1T$n983K97B9LoEwrhXaz4,gW9_a76_4MMAT_6,3D - ÐåñéâÜëëùí ÷þñïò. Project: Project Name; Building: The building; Storey: Level 2; Top Elevation: 1.0503801; Bottom Elevation: 0; Global Top Elevation: 1.0503801; Global Bottom Elevation: 0; Has Own Geometry: 1; Children Have Geometry: 0; Global X: 0.40258400751002; Global Y: 5.73620199185553; Global Z: 0; Bounding Box Length: 1.2608876; Bounding Box Width: 3.03191699999999; Bounding Box Height: 1.0503801
2znNw3KT1BtQkMir$esbtX,gW9_a76_4MMAT_7,3D - ÐåñéâÜëëùí ÷þñïò. Project: Project Name; Building: The building; Storey: Level 2; Top Elevation: 1.0503801; Bottom Elevation: 0; Global Top Elevation: 1.0503801; Global Bottom Elevation: 0; Has Own Geometry: 1; Children Have Geometry: 0; Global X: -9.94901107303235; Global Y: 6.09359922787282; Global Z: 0; Bounding Box Length: 3.78989624999999; Bounding Box Width: 1.51306512; Bounding Box Height: 1.0503801
2ZS$IScvr8muhXbgfbbuf5,gW9_a4,3D - ÐåñéâÜëëùí ÷þñïò. Project: Project Name; Building: The building; Storey: Level 2; Top Elevation: 0.702367935842161; Bottom Elevation: 0; Global Top Elevation: 0.702367935842161; Global Bottom Elevation: 0; Has Own Geometry: 1; Children Have Geometry: 0; Global X: -10.0033483173764; Global Y: 31.09770286186; Global Z: 0; Bounding Box Length: 1.55; Bounding Box Width: 0.450000000000003; Bounding Box Height: 0.702367935842161
3KcoOEtGP74wo5fTvlJ0O$,gW9_a4,3D - ÐåñéâÜëëùí ÷þñïò. Project: Project Name; Building: The building; Storey: Level 2; Top Elevation: 0.702367935842161; Bottom Elevation: 0; Global Top Elevation: 0.702367935842161; Global Bottom Elevation: 0; Has Own Geometry: 1; Children Have Geometry: 0; Global X: -4.17710684955645; Global Y: 31.09770286186; Global Z: 0; Bounding Box Length: 1.55; Bounding Box Width: 0.450000000000003; Bounding Box Height: 0.702367935842161
3HV2inmBj3OgYnyyvyAW7w,gW9_a4,3D - ÐåñéâÜëëùí ÷þñïò. Project: Project Name; Building: The building; Storey: Level 2; Top Elevation: 0.702367935842161; Bottom Elevation: 0; Global Top Elevation: 0.702367935842161; Global Bottom Elevation: 0; Has Own Geometry: 1; Children Have Geometry: 0; Global X: -10.0033483173764; Global Y: 18.547091119506; Global Z: 0; Bounding Box Length: 1.55; Bounding Box Width: 0.449999999999999; Bounding Box Height: 0.702367935842161
1VIf9bK2r17R3WkThG_DQ1,gW9_a14,3D - ÐåñéâÜëëùí ÷þñïò. Project: Project Name; Building: The building; Storey: Level 2; Top Elevation: 4.06782904505695; Bottom Elevation: 0; Global Top Elevation: 4.06782904505695; Global Bottom Elevation: 0; Has Own Geometry: 1; Children Have Geometry: 0; Global X: 5.80351136149335; Global Y: 9.42657871111907; Global Z: 0; Bounding Box Length: 1.55687786387458; Bounding Box Width: 1.55687786387458; Bounding Box Height: 4.06782904505695
3qb40jf6D9LR$GTNN2VCx$,gW9_a4,3D - ÐåñéâÜëëùí ÷þñïò. Project: Project Name; Building: The building; Storey: Level 2; Top Elevation: 0.702367935842161; Bottom Elevation: 0; Global Top Elevation: 0.702367935842161; Global Bottom Elevation: 0; Has Own Geometry: 1; Children Have Geometry: 0; Global X: -4.17710684955645; Global Y: 18.547091119506; Global Z: 0; Bounding Box Length: 1.55; Bounding Box Width: 0.449999999999999; Bounding Box Height: 0.702367935842161
2fHFRfdUXC2AzyL5ZBDF78,gW9_a4,3D - ÐåñéâÜëëùí ÷þñïò. Project: Project Name; Building: The building; Storey: Level 2; Top Elevation: 0.702367935842161; Bottom Elevation: 0; Global Top Elevation: 0.702367935842161; Global Bottom Elevation: 0; Has Own Geometry: 1; Children Have Geometry: 0; Global X: 3.12511579011126; Global Y: 18.547091119506; Global Z: 0; Bounding Box Length: 1.55; Bounding Box Width: 0.449999999999999; Bounding Box Height: 0.702367935842161
1G41i1KRfFgxAnQZuEJLNo,gW9_a14,3D - ÐåñéâÜëëùí ÷þñïò. Project: Project Name; Building: The building; Storey: Level 2; Top Elevation: 4.06782904505695; Bottom Elevation: 0; Global Top Elevation: 4.06782904505695; Global Bottom Elevation: 0; Has Own Geometry: 1; Children Have Geometry: 0; Global X: -12.8713679219282; Global Y: -6.44967580149055; Global Z: 0; Bounding Box Length: 1.55687786387458; Bounding Box Width: 1.55687786387458; Bounding Box Height: 4.06782904505695
1bLN2k8$r7$g_5jv9CyGZX,gW9_a14,3D - ÐåñéâÜëëùí ÷þñïò. Project: Project Name; Building: The building; Storey: Level 2; Top Elevation: 4.06782904505695; Bottom Elevation: 0; Global Top Elevation: 4.06782904505695; Global Bottom Elevation: 0; Has Own Geometry: 1; Children Have Geometry: 0; Global X: -12.8713679219282; Global Y: 9.42657871111907; Global Z: 0; Bounding Box Length: 1.55687786387458; Bounding Box Width: 1.55687786387458; Bounding Box Height: 4.06782904505695
3ThEbjHyPEu90z8Royzowd,gW9_a76_4MMAT_8,3D - ÐåñéâÜëëùí ÷þñïò. Project: Project Name; Building: The building; Storey: Level 2; Top Elevation: 1.0503801; Bottom Elevation: 0; Global Top Elevation: 1.0503801; Global Bottom Elevation: 0; Has Own Geometry: 1; Children Have Geometry: 0; Global X: -10.6586065437822; Global Y: -3.46666810788791; Global Z: 0; Bounding Box Length: 3.78989624999999; Bounding Box Width: 1.51306512; Bounding Box Height: 1.0503801
14XMuCcyvBJByaKbVbvldY,gW9_a4,3D - ÐåñéâÜëëùí ÷þñïò. Project: Project Name; Building: The building; Storey: Level 2; Top Elevation: 0.702367935842161; Bottom Elevation: 0; Global Top Elevation: 0.702367935842161; Global Bottom Elevation: 0; Has Own Geometry: 1; Children Have Geometry: 0; Global X: 3.12511579011126; Global Y: 31.09770286186; Global Z: 0; Bounding Box Length: 1.55; Bounding Box Width: 0.450000000000003; Bounding Box Height: 0.702367935842161
36bdbfdkb6aRabnMrfkWih,gW9_a83,3D - ÐåñéâÜëëùí ÷þñïò. Project: Project Name; Building: The building; Storey: Level 2; Top Elevation: 3.600021; Bottom Elevation: -0.000670000000000393; Global Top Elevation: 3.600021; Global Bottom Elevation: -0.000670000000000393; Has Own Geometry: 1; Children Have Geometry: 0; Global X: -10.2448425695656; Global Y: 21.0857201593641; Global Z: -0.000670000000000393; Bounding Box Length: 4.614439; Bounding Box Width: 8.63525600000001; Bounding Box Height: 3.600691
10z0M9B1L1GwvRjTS$CMqU,gW9_a19,3D - ÐåñéâÜëëùí ÷þñïò. Project: Project Name; Building: The building; Storey: Level 2; Top Elevation: 12.3242301617835; Bottom Elevation: 1.18935306688155; Global Top Elevation: 12.3242301617835; Global Bottom Elevation: 1.18935306688155; Has Own Geometry: 1; Children Have Geometry: 0; Global X: -1.91570949560353; Global Y: 28.5099879307036; Global Z: 1.18935306688155; Bounding Box Length: 6.19604130124565; Bounding Box Width: 5.62234116430146; Bounding Box Height: 11.134877094902
36RCMErafF7Bw8w4b6h1h8,gW9_a19,3D - ÐåñéâÜëëùí ÷þñïò. Project: Project Name; Building: The building; Storey: Level 2; Top Elevation: 12.3242301617835; Bottom Elevation: 1.18935306688155; Global Top Elevation: 12.3242301617835; Global Bottom Elevation: 1.18935306688155; Has Own Geometry: 1; Children Have Geometry: 0; Global X: -9.92480364571369; Global Y: 16.366763240688; Global Z: 1.18935306688155; Bounding Box Length: 6.19604130124565; Bounding Box Width: 5.62234116430145; Bounding Box Height: 11.134877094902
3VoluxgNf3RR_Is5N9T7ul,gW9_a19,3D - ÐåñéâÜëëùí ÷þñïò. Project: Project Name; Building: The building; Storey: Level 2; Top Elevation: 12.3242301617835; Bottom Elevation: 1.18935306688155; Global Top Elevation: 12.3242301617835; Global Bottom Elevation: 1.18935306688155; Has Own Geometry: 1; Children Have Geometry: 0; Global X: -1.56458010697657; Global Y: 16.6593710645438; Global Z: 1.18935306688155; Bounding Box Length: 6.19604130124565; Bounding Box Width: 5.62234116430145; Bounding Box Height: 11.134877094902
2gF350qQX7HQ$XC4TrPmu8,gW9_a19,3D - ÐåñéâÜëëùí ÷þñïò. Project: Project Name; Building: The building; Storey: Level 2; Top Elevation: 12.3242301617835; Bottom Elevation: 1.18935306688155; Global Top Elevation: 12.3242301617835; Global Bottom Elevation: 1.18935306688155; Has Own Geometry: 1; Children Have Geometry: 0; Global X: -9.54023336293178; Global Y: 28.0752563066893; Global Z: 1.18935306688155; Bounding Box Length: 6.19604130124565; Bounding Box Width: 5.62234116430146; Bounding Box Height: 11.134877094902
1EXGT1nCz00Q9nUnKevtY$,gW7_a17,3D - ÕäñáõëéêÜ. Project: Project Name; Building: The building; Storey: Level 2; Top Elevation: 0.949999993543769; Bottom Elevation: 0.569438310323214; Global Top Elevation: 0.949999993543769; Global Bottom Elevation: 0.569438310323214; Has Own Geometry: 1; Children Have Geometry: 0; Global X: 0.554924291726723; Global Y: -3.81612986315733; Global Z: 0.569438310323214; Bounding Box Length: 0.416604449226937; Bounding Box Width: 0.54024591674478; Bounding Box Height: 0.380561683220555
1dAkt0eLj4L8$LyR_hck6b,gW7_a1,3D - ÕäñáõëéêÜ. Project: Project Name; Building: The building; Storey: Level 2; Top Elevation: 0.725; Bottom Elevation: 0; Global Top Elevation: 0.725; Global Bottom Elevation: 0; Has Own Geometry: 1; Children Have Geometry: 0; Global X: -0.0457898350744284; Global Y: -4.37394235733963; Global Z: 0; Bounding Box Length: 0.550000000000004; Bounding Box Width: 0.700244889477602; Bounding Box Height: 0.725
0JdAPd$fnBOP0Y8ddMdIdy,Level 3,. Project: Project Name; Building: The building; Top Elevation: 6; Bottom Elevation: 2.86; Global Top Elevation: 6; Global Bottom Elevation: 2.86; Has Own Geometry: 0; Children Have Geometry: 1; Global X: -7.47384178245836; Global Y: -4.62336291521416; Global Z: 2.86; Bounding Box Length: 10.3839026975993; Bounding Box Width: 10.485773693399; Bounding Box Height: 3.14
3Os9DnX0XEkh8LqHZGYXMa,Wall 25 cm,. IsExternal: 1; WAHG: 3; WHLR: 4360BCB87279437; Project: Project Name; Building: The building; Storey: Level 3; Top Elevation: 6; Bottom Elevation: 3; Global Top Elevation: 6; Global Bottom Elevation: 3; Has Own Geometry: 1; Children Have Geometry: 1; Global X: 2.65956091514092; Global Y: -4.62336291521416; Global Z: 3; Bounding Box Length: 0.250000000000001; Bounding Box Width: 8.93140634974919; Bounding Box Height: 3
3_GoL9h$j6HOupNhfPbNL5,Opening Shape:Orthogonal,. Project: Project Name; Building: The building; Storey: Level 3; Top Elevation: 5.3; Bottom Elevation: 3.8; Global Top Elevation: 5.3; Global Bottom Elevation: 3.8; Has Own Geometry: 1; Children Have Geometry: 0; Global X: 2.65956091514092; Global Y: -0.372800939951683; Global Z: 3.8; Bounding Box Length: 0.250000000000001; Bounding Box Width: 1.25592669685104; Bounding Box Height: 1.5
1NiTsrwY99iwz7700ypyd_,Opening Shape:Orthogonal,. Project: Project Name; Building: The building; Storey: Level 3; Top Elevation: 5.3; Bottom Elevation: 3.8; Global Top Elevation: 5.3; Global Bottom Elevation: 3.8; Has Own Geometry: 1; Children Have Geometry: 0; Global X: 2.65956091514092; Global Y: -1.63976109819237; Global Z: 3.8; Bounding Box Length: 0.25; Bounding Box Width: 1.26696015824069; Bounding Box Height: 1.5
3sfTqcqMDESvllKFEm8ffa,Opening Shape:Orthogonal,. Project: Project Name; Building: The building; Storey: Level 3; Top Elevation: 5.3; Bottom Elevation: 3.8; Global Top Elevation: 5.3; Global Bottom Elevation: 3.8; Has Own Geometry: 1; Children Have Geometry: 0; Global X: 2.65956091514092; Global Y: -3.12604527600844; Global Z: 3.8; Bounding Box Length: 0.25; Bounding Box Width: 1.0556458420739; Bounding Box Height: 1.5
2zEtwMbwj1sROtg19zkbD4,Opening Shape:Orthogonal,. Project: Project Name; Building: The building; Storey: Level 3; Top Elevation: 5.3; Bottom Elevation: 3.8; Global Top Elevation: 5.3; Global Bottom Elevation: 3.8; Has Own Geometry: 1; Children Have Geometry: 0; Global X: 2.65956091514092; Global Y: -4.19272457947199; Global Z: 3.8; Bounding Box Length: 0.25; Bounding Box Width: 1.06591961765604; Bounding Box Height: 1.5
0bg4jJkYvAcuZCknjOB8UJ,Wall 25 cm,. IsExternal: 1; WAHG: 3; WHLR: 4360BCB872793F6; Project: Project Name; Building: The building; Storey: Level 3; Top Elevation: 6; Bottom Elevation: 3; Global Top Elevation: 6; Global Bottom Elevation: 3; Has Own Geometry: 1; Children Have Geometry: 1; Global X: -5.94153500670634; Global Y: 4.30605770253116; Global Z: 3; Bounding Box Length: 8.85120809691319; Bounding Box Width: 0.251985750878738; Bounding Box Height: 3
3l8ww1uR94aPnUSJywh4Je,Opening Shape:Orthogonal,. Project: Project Name; Building: The building; Storey: Level 3; Top Elevation: 5.2; Bottom Elevation: 3; Global Top Elevation: 5.2; Global Bottom Elevation: 3; Has Own Geometry: 1; Children Have Geometry: 0; Global X: 0.50763014842009; Global Y: 4.30750457362049; Global Z: 3; Bounding Box Length: 1.25545359285487; Bounding Box Width: 0.250281642311318; Bounding Box Height: 2.2
2Dtt8B5E52awmoQyVN$CY4,Opening Shape:Square,. Project: Project Name; Building: The building; Storey: Level 3; Top Elevation: 5.2; Bottom Elevation: 3; Global Top Elevation: 5.2; Global Bottom Elevation: 3; Has Own Geometry: 1; Children Have Geometry: 0; Global X: -5.78252042572377; Global Y: 4.30609337747427; Global Z: 3; Bounding Box Length: 1.18265019041633; Bounding Box Width: 0.250265308857971; Bounding Box Height: 2.2
2C0zAVU5n7DRHTK4sBovsF,Opening Shape:Square,. Project: Project Name; Building: The building; Storey: Level 3; Top Elevation: 5.2; Bottom Elevation: 3; Global Top Elevation: 5.2; Global Bottom Elevation: 3; Has Own Geometry: 1; Children Have Geometry: 0; Global X: -2.56867358772025; Global Y: 4.30681440445429; Global Z: 3; Bounding Box Length: 0.792503407956812; Bounding Box Width: 0.250177779373677; Bounding Box Height: 2.2
1yyQ_d7X97AhdEtnL$F6Uh,Wall 10 cm,. IsExternal: 0; WAHG: 3; WHLR: 4360BCB872F3AE0; Project: Project Name; Building: The building; Storey: Level 3; Top Elevation: 6; Bottom Elevation: 3; Global Top Elevation: 6; Global Bottom Elevation: 3; Has Own Geometry: 1; Children Have Geometry: 0; Global X: -0.221916501487978; Global Y: -1.73976109819238; Global Z: 3; Bounding Box Length: 2.8814774166289; Bounding Box Width: 0.100000000000012; Bounding Box Height: 3
2J06mWlkbFnwkigCpCjTDq,Wall 10 cm,. IsExternal: 0; WAHG: 0.7; WHLR: 4360BCB872F9B48; Project: Project Name; Building: The building; Storey: Level 3; Has Own Geometry: 1; Children Have Geometry: 1
2RKaSqJd56HxXZVrjWi_S7,Opening Shape:Orthogonal,. Project: Project Name; Building: The building; Storey: Level 3; Top Elevation: 5.2; Bottom Elevation: 3; Global Top Elevation: 5.2; Global Bottom Elevation: 3; Has Own Geometry: 1; Children Have Geometry: 0; Global X: -5.98923400791596; Global Y: -0.0127341677952906; Global Z: 3; Bounding Box Length: 2.04078947579302; Bounding Box Width: 0.100545997087181; Bounding Box Height: 2.2
2CS2IJX9X2DegAjzAtB5KI,Opening Shape:Orthogonal,. Project: Project Name; Building: The building; Storey: Level 3; Top Elevation: 5.2; Bottom Elevation: 3; Global Top Elevation: 5.2; Global Bottom Elevation: 3; Has Own Geometry: 1; Children Have Geometry: 0; Global X: -3.94847128685739; Global Y: -0.0121881671290289; Global Z: 3; Bounding Box Length: 1.00002671894366; Bounding Box Width: 0.100267543765392; Bounding Box Height: 2.2
2cwDxvIDDAUwLRVVUAH1JR,Wall 10 cm,. IsExternal: 0; WAHG: 3; WHLR: 4360BCB872F3E20; Project: Project Name; Building: The building; Storey: Level 3; Top Elevation: 6; Bottom Elevation: 3; Global Top Elevation: 6; Global Bottom Elevation: 3; Has Own Geometry: 1; Children Have Geometry: 1; Global X: -0.221916501487978; Global Y: -2.711654585395; Global Z: 3; Bounding Box Length: 1.10376682880691; Bounding Box Width: 0.100000000000005; Bounding Box Height: 3
0RxUpYf8LDnucvOYsK8Y0G,Opening Shape:Orthogonal,. Project: Project Name; Building: The building; Storey: Level 3; Top Elevation: 5.2; Bottom Elevation: 3; Global Top Elevation: 5.2; Global Bottom Elevation: 3; Has Own Geometry: 1; Children Have Geometry: 0; Global X: -0.104117755356241; Global Y: -2.711654585395; Global Z: 3; Bounding Box Length: 0.7; Bounding Box Width: 0.100000000000001; Bounding Box Height: 2.2
2gIvI6AynCoQE7YrUWUohp,Wall 25 cm,. IsExternal: 1; WAHG: 3; WHLR: 4360BCB872794D2; Project: Project Name; Building: The building; Storey: Level 3; Top Elevation: 6; Bottom Elevation: 3; Global Top Elevation: 6; Global Bottom Elevation: 3; Has Own Geometry: 1; Children Have Geometry: 1; Global X: -6.24036367474334; Global Y: -4.62336291521416; Global Z: 3; Bounding Box Length: 0.252323096245186; Bounding Box Width: 8.93296829599264; Bounding Box Height: 3
0rOBd6mpf5mfa82CEaw8fX,Opening Shape:Square,. Project: Project Name; Building: The building; Storey: Level 3; Top Elevation: 5.2; Bottom Elevation: 3; Global Top Elevation: 5.2; Global Bottom Elevation: 3; Has Own Geometry: 1; Children Have Geometry: 0; Global X: -6.24029805871719; Global Y: 2.89778856098058; Global Z: 3; Bounding Box Length: 0.250312084985298; Bounding Box Width: 1.16656667938884; Bounding Box Height: 2.2
2XKuCHtSz9gRFcfscI6H1c,Opening Shape:Orthogonal,. Project: Project Name; Building: The building; Storey: Level 3; Top Elevation: 5.2; Bottom Elevation: 3; Global Top Elevation: 5.2; Global Bottom Elevation: 3; Has Own Geometry: 1; Children Have Geometry: 0; Global X: -6.23963565102229; Global Y: 0.436068052983128; Global Z: 3; Bounding Box Length: 0.250308304098715; Bounding Box Width: 1.15243502558343; Bounding Box Height: 2.2
3u6gBP6EL2TeE1g7Hx8KW6,Opening Shape:Orthogonal,. Project: Project Name; Building: The building; Storey: Level 3; Top Elevation: 5.2; Bottom Elevation: 3; Global Top Elevation: 5.2; Global Bottom Elevation: 3; Has Own Geometry: 1; Children Have Geometry: 0; Global X: -6.23865877701401; Global Y: -3.34398050941926; Global Z: 3; Bounding Box Length: 0.250342772081488; Bounding Box Width: 1.28126449166523; Bounding Box Height: 2.2
0JEg$6GHf54u5oTZCYuNXZ,Wall 10 cm,. IsExternal: 0; WAHG: 3; WHLR: 4360BCB872F3D24; Project: Project Name; Building: The building; Storey: Level 3; Top Elevation: 6; Bottom Elevation: 3; Global Top Elevation: 6; Global Bottom Elevation: 3; Has Own Geometry: 1; Children Have Geometry: 1; Global X: 0.881850327318929; Global Y: -4.37336291521416; Global Z: 3; Bounding Box Length: 0.100000000000011; Bounding Box Width: 2.63360181702179; Bounding Box Height: 3
2p2Ycyb0b3Sw3EZO6_3Ms7,Opening Shape:Orthogonal,. Project: Project Name; Building: The building; Storey: Level 3; Top Elevation: 5.2; Bottom Elevation: 3; Global Top Elevation: 5.2; Global Bottom Elevation: 3; Has Own Geometry: 1; Children Have Geometry: 0; Global X: 0.881850327318929; Global Y: -2.58976109819237; Global Z: 3; Bounding Box Length: 0.100000000000003; Bounding Box Width: 0.850000000000001; Bounding Box Height: 2.2
3_kfoG7YbDt9zl0iF3819C,Wall 10 cm,. IsExternal: 0; WAHG: 3; WHLR: 4360BCB872F458E; Project: Project Name; Building: The building; Storey: Level 3; Top Elevation: 6; Bottom Elevation: 3; Global Top Elevation: 6; Global Bottom Elevation: 3; Has Own Geometry: 1; Children Have Geometry: 1; Global X: -0.221916501487978; Global Y: 1.89295232917499; Global Z: 3; Bounding Box Length: 2.88147741662889; Bounding Box Width: 0.100000000000001; Bounding Box Height: 3
2bHhSYfqD6RxtQa7xT7mZW,Opening Shape:Orthogonal,. Project: Project Name; Building: The building; Storey: Level 3; Top Elevation: 5.2; Bottom Elevation: 3; Global Top Elevation: 5.2; Global Bottom Elevation: 3; Has Own Geometry: 1; Children Have Geometry: 0; Global X: 0.0718012706021436; Global Y: 1.89295232917499; Global Z: 3; Bounding Box Length: 0.85; Bounding Box Width: 0.0999999999999996; Bounding Box Height: 2.2
2uZ$5VWH1Dsu0XLBepT15R,Opening Shape:Orthogonal,. Project: Project Name; Building: The building; Storey: Level 3; Top Elevation: 5.2; Bottom Elevation: 3; Global Top Elevation: 5.2; Global Bottom Elevation: 3; Has Own Geometry: 1; Children Have Geometry: 0; Global X: 0.921801270602144; Global Y: 1.89295232917499; Global Z: 3; Bounding Box Length: 1.73775964453877; Bounding Box Width: 0.100000000000001; Bounding Box Height: 2.2
1spGEbByj2RAbw3UVywe6t,Wall 15 cm,. IsExternal: 0; WAHG: 3; WHLR: 4360BCB87296D08; Project: Project Name; Building: The building; Storey: Level 3; Top Elevation: 6; Bottom Elevation: 3; Global Top Elevation: 6; Global Bottom Elevation: 3; Has Own Geometry: 1; Children Have Geometry: 0; Global X: -2.98689017622593; Global Y: 0.0880690977737437; Global Z: 3; Bounding Box Length: 0.15; Bounding Box Width: 4.21868511966879; Bounding Box Height: 3
32YZJR3Pb2MRUDY0HNEZU7,Wall 25 cm,. IsExternal: 1; WAHG: 3; WHLR: 4360BCB87279487; Project: Project Name; Building: The building; Storey: Level 3; Top Elevation: 6; Bottom Elevation: 3; Global Top Elevation: 6; Global Bottom Elevation: 3; Has Own Geometry: 1; Children Have Geometry: 0; Global X: -6.23797370060734; Global Y: -4.62336291521416; Global Z: 3; Bounding Box Length: 9.14753461574826; Bounding Box Width: 0.25; Bounding Box Height: 3
0ApwFIlKz5ZB1vNu3JKnYI,Wall 25 cm,. IsExternal: 1; WAHG: 3; WHLR: 4360BCB87296CA8; Project: Project Name; Building: The building; Storey: Level 3; Top Elevation: 6; Bottom Elevation: 3; Global Top Elevation: 6; Global Bottom Elevation: 3; Has Own Geometry: 1; Children Have Geometry: 0; Global X: -1.59634331028464; Global Y: 1.74295232917499; Global Z: 3; Bounding Box Length: 1.37442680879666; Bounding Box Width: 0.25; Bounding Box Height: 3
25kytWHPn0p8Szk9KvGCRV,Wall 25 cm,. IsExternal: 1; WAHG: 3; WHLR: 4360BCB87296CC2; Project: Project Name; Building: The building; Storey: Level 3; Top Elevation: 6; Bottom Elevation: 3; Global Top Elevation: 6; Global Bottom Elevation: 3; Has Own Geometry: 1; Children Have Geometry: 0; Global X: -0.221916501487978; Global Y: -0.0119309058053361; Global Z: 3; Bounding Box Length: 0.25; Bounding Box Width: 1.90488323498033; Bounding Box Height: 3
2DC1zQiNT9GBzk32ZRcXYX,Wall 10 cm,. IsExternal: 0; WAHG: 3; WHLR: 4360BCB872F1DE1; Project: Project Name; Building: The building; Storey: Level 3; Top Elevation: 6; Bottom Elevation: 3; Global Top Elevation: 6; Global Bottom Elevation: 3; Has Own Geometry: 1; Children Have Geometry: 1; Global X: -0.321916501487978; Global Y: -4.19272457947199; Global Z: 3; Bounding Box Length: 0.1; Bounding Box Width: 4.18079367366666; Bounding Box Height: 3
3PiZ4JiqXFwx$C2FMQGJQm,Opening Shape:Square,. Project: Project Name; Building: The building; Storey: Level 3; Top Elevation: 5.2; Bottom Elevation: 3; Global Top Elevation: 5.2; Global Bottom Elevation: 3; Has Own Geometry: 1; Children Have Geometry: 0; Global X: -0.321916501487978; Global Y: -0.733382669788746; Global Z: 3; Bounding Box Length: 0.1; Bounding Box Width: 0.721451763983412; Bounding Box Height: 2.2
0dR1yOWWz16xnYSjlCGVWB,Opening Shape:Orthogonal,. Project: Project Name; Building: The building; Storey: Level 3; Top Elevation: 5.2; Bottom Elevation: 3; Global Top Elevation: 5.2; Global Bottom Elevation: 3; Has Own Geometry: 1; Children Have Geometry: 0; Global X: -0.321916501487978; Global Y: -1.60566741853478; Global Z: 3; Bounding Box Length: 0.1; Bounding Box Width: 0.872284748746033; Bounding Box Height: 2.2
1DN7Oce1D10vkIYhzNg1HZ,Opening Shape:Orthogonal,. Project: Project Name; Building: The building; Storey: Level 3; Top Elevation: 5.2; Bottom Elevation: 3; Global Top Elevation: 5.2; Global Bottom Elevation: 3; Has Own Geometry: 1; Children Have Geometry: 0; Global X: -0.321916501487978; Global Y: -2.73976109819238; Global Z: 3; Bounding Box Length: 0.1; Bounding Box Width: 1; Bounding Box Height: 2.2
1eei1vwzT4AQ2YP5crJSLO,Wall 25 cm,. IsExternal: 1; WAHG: 3; WHLR: 4360BCB87296CE6; Project: Project Name; Building: The building; Storey: Level 3; Top Elevation: 6; Bottom Elevation: 3; Global Top Elevation: 6; Global Bottom Elevation: 3; Has Own Geometry: 1; Children Have Geometry: 1; Global X: -2.98689017622593; Global Y: -0.0119309058053361; Global Z: 3; Bounding Box Length: 2.76497367473795; Bounding Box Width: 0.25; Bounding Box Height: 3
0pUL4fyBT0ff_VUowFfV3c,Opening Shape:Orthogonal,. Project: Project Name; Building: The building; Storey: Level 3; Top Elevation: 5.2; Bottom Elevation: 3; Global Top Elevation: 5.2; Global Bottom Elevation: 3; Has Own Geometry: 1; Children Have Geometry: 0; Global X: -2.58689017622593; Global Y: -0.0119309058053361; Global Z: 3; Bounding Box Length: 0.9; Bounding Box Width: 0.25; Bounding Box Height: 2.2
2ZHkK4SXX4bRkHPF5UOBrx,Wall 10 cm,. IsExternal: 0; WAHG: 3; WHLR: 4360BCB87297050; Project: Project Name; Building: The building; Storey: Level 3; Top Elevation: 6; Bottom Elevation: 5.2; Global Top Elevation: 6; Global Bottom Elevation: 5.2; Has Own Geometry: 1; Children Have Geometry: 1; Global X: -1.50168698646103; Global Y: 0.238069094194664; Global Z: 5.2; Bounding Box Length: 0.1; Bounding Box Width: 1.50488323498033; Bounding Box Height: 0.8
1noqYzrc599geZfDNq$QyD,Opening Shape:Orthogonal,. Project: Project Name; Building: The building; Storey: Level 3; Top Elevation: 5.2; Bottom Elevation: 3; Global Top Elevation: 5.2; Global Bottom Elevation: 3; Has Own Geometry: 1; Children Have Geometry: 0; Global X: -1.50168698646103; Global Y: 0.238069094194664; Global Z: 3; Bounding Box Length: 0.1; Bounding Box Width: 1.50488323498033; Bounding Box Height: 2.2
3ET7okocj1J8aW6oxPiAMO,"Window:1 panel, casement, orthogonal",O1. DST: 0.1; EDP: -0.271916501487978; JUF: 1; JUFD: 0.02; JUK: 1; LBM: 0; OTI: OTI; SRP: -0.271916501487978; SSL: 1; STR3D: 0; WDI: WDI; Project: Project Name; Building: The building; Storey: Level 3; Top Elevation: 5.2; Bottom Elevation: 3; Global Top Elevation: 5.2; Global Bottom Elevation: 3; Has Own Geometry: 1; Children Have Geometry: 0; Global X: -0.322416501487978; Global Y: -0.733382669788746; Global Z: 3; Bounding Box Length: 0.101000000000001; Bounding Box Width: 0.721451763983412; Bounding Box Height: 2.2
1o3sFT6AbF9h3LZOQ1z3NC,"Window:1 panel, casement, orthogonal",O1. DST: 0.1; EDP: 2.78456091514092; JUF: 1; JUFD: 0.02; JUK: 1; LBM: 0; OTI: OTI; SRP: 2.78456091514092; SSL: 12; STR3D: 1; WDI: WDI; Project: Project Name; Building: The building; Storey: Level 3; Top Elevation: 5.3; Bottom Elevation: 3.8; Global Top Elevation: 5.3; Global Bottom Elevation: 3.8; Has Own Geometry: 1; Children Have Geometry: 0; Global X: 2.65906091514092; Global Y: -1.63976109819237; Global Z: 3.8; Bounding Box Length: 0.251; Bounding Box Width: 1.26696015824069; Bounding Box Height: 1.5
21nZ_kRWn1JeOTWdvWJc7n,"Window:1 panel, casement, orthogonal",O1. DST: 0.1; EDP: 2.78456091514092; JUF: 1; JUFD: 0.02; JUK: 1; LBM: 0; OTI: OTI; SRP: 2.78456091514092; SSL: 12; STR3D: 1; WDI: WDI; Project: Project Name; Building: The building; Storey: Level 3; Top Elevation: 5.3; Bottom Elevation: 3.8; Global Top Elevation: 5.3; Global Bottom Elevation: 3.8; Has Own Geometry: 1; Children Have Geometry: 0; Global X: 2.65906091514092; Global Y: -0.372800939951683; Global Z: 3.8; Bounding Box Length: 0.251000000000001; Bounding Box Width: 1.25592669685104; Bounding Box Height: 1.5
0dBwFqdTj5UONnRCbOzWcL,"Window:1 panel, casement, orthogonal",O1. DST: 0.1; EDP: 1.76305569750848; JUF: 1; JUFD: 0.02; JUK: 1; LBM: 0; OTI: OTI; SRP: 0.507658192186572; SSL: 12; STR3D: 1; WDI: WDI; Project: Project Name; Building: The building; Storey: Level 3; Top Elevation: 5.2; Bottom Elevation: 3; Global Top Elevation: 5.2; Global Bottom Elevation: 3; Has Own Geometry: 1; Children Have Geometry: 0; Global X: 0.507630036245024; Global Y: 4.30700457363307; Global Z: 3; Bounding Box Length: 1.25545381720501; Bounding Box Width: 0.251281642286152; Bounding Box Height: 2.2
2UAOC1PCzC39EcLstt5Xjs,"Window:1 panel, casement, orthogonal",O1. DST: 0.1; EDP: -4.59989827907392; JUF: 1; JUFD: 0.02; JUK: 1; LBM: 0; OTI: OTI; SRP: -5.78249238195729; SSL: 1; STR3D: 0; WDI: WDI; Project: Project Name; Building: The building; Storey: Level 3; Top Elevation: 5.2; Bottom Elevation: 3; Global Top Elevation: 5.2; Global Bottom Elevation: 3; Has Own Geometry: 1; Children Have Geometry: 0; Global X: -5.78252053789884; Global Y: 4.30559337748685; Global Z: 3; Bounding Box Length: 1.18265041476647; Bounding Box Width: 0.251265308832803; Bounding Box Height: 2.2
30ZmHo6V597wQJlOnAVoz5,"Window:1 panel, casement, orthogonal",O1. DST: 0.1; EDP: 2.78456091514092; JUF: 1; JUFD: 0.02; JUK: 1; LBM: 0; OTI: OTI; SRP: 2.78456091514092; SSL: 12; STR3D: 1; WDI: WDI; Project: Project Name; Building: The building; Storey: Level 3; Top Elevation: 5.3; Bottom Elevation: 3.8; Global Top Elevation: 5.3; Global Bottom Elevation: 3.8; Has Own Geometry: 1; Children Have Geometry: 0; Global X: 2.65906091514092; Global Y: -4.19272457947199; Global Z: 3.8; Bounding Box Length: 0.251; Bounding Box Width: 1.06591961765604; Bounding Box Height: 1.5
3N898hrrT3bgxX$RGn2f$0,"Window:1 panel, casement, orthogonal",O1. DST: 0.1; EDP: -1.77619822352992; JUF: 1; JUFD: 0.02; JUK: 1; LBM: 0; OTI: OTI; SRP: -2.56864554395377; SSL: 1; STR3D: 0; WDI: WDI; Project: Project Name; Building: The building; Storey: Level 3; Top Elevation: 5.2; Bottom Elevation: 3; Global Top Elevation: 5.2; Global Bottom Elevation: 3; Has Own Geometry: 1; Children Have Geometry: 0; Global X: -2.56867369989532; Global Y: 4.30631440446687; Global Z: 3; Bounding Box Length: 0.792503632306945; Bounding Box Width: 0.251177779348511; Bounding Box Height: 2.2
0waRwCxg1DrwJlwj6Z9z0P,"Window:1 panel, casement, orthogonal",O1. DST: 0.1; EDP: -6.11463565549613; JUF: 1; JUFD: 0.02; JUK: 1; LBM: 0; OTI: OTI; SRP: -6.11432734244972; SSL: 12; STR3D: 1; WDI: WDI; Project: Project Name; Building: The building; Storey: Level 3; Top Elevation: 5.2; Bottom Elevation: 3; Global Top Elevation: 5.2; Global Bottom Elevation: 3; Has Own Geometry: 1; Children Have Geometry: 0; Global X: -6.24013565100439; Global Y: 0.436067919209455; Global Z: 3; Bounding Box Length: 0.251308304062924; Bounding Box Width: 1.15243529313077; Bounding Box Height: 2.2
2N6EfAW2v4kBqkhzoJ16Xb,"Window:1 panel, casement, orthogonal",O1. DST: 0.1; EDP: -6.11365878148786; JUF: 1; JUFD: 0.02; JUK: 1; LBM: 0; OTI: OTI; SRP: -6.11331600045868; SSL: 12; STR3D: 1; WDI: WDI; Project: Project Name; Building: The building; Storey: Level 3; Top Elevation: 5.2; Bottom Elevation: 3; Global Top Elevation: 5.2; Global Bottom Elevation: 3; Has Own Geometry: 1; Children Have Geometry: 0; Global X: -6.23915877699612; Global Y: -3.34398064319293; Global Z: 3; Bounding Box Length: 0.251342772045698; Bounding Box Width: 1.28126475921258; Bounding Box Height: 2.2
1T9Vts7uz0LBzYanmjqBO$,"Window:1 panel, casement, orthogonal",O1. DST: 0.1; EDP: -6.11529806319104; JUF: 1; JUFD: 0.02; JUK: 1; LBM: 0; OTI: OTI; SRP: -6.11498596925805; SSL: 1; STR3D: 2; WDI: WDI; Project: Project Name; Building: The building; Storey: Level 3; Top Elevation: 5.2; Bottom Elevation: 3; Global Top Elevation: 5.2; Global Bottom Elevation: 3; Has Own Geometry: 1; Children Have Geometry: 0; Global X: -6.2407980586993; Global Y: 2.89778842720691; Global Z: 3; Bounding Box Length: 0.251312084949507; Bounding Box Width: 1.16656694693618; Bounding Box Height: 2.2
2LEMLmN_DAqOwU4d0db0Dn,"Window:1 panel, casement, orthogonal",O1. DST: 0.1; EDP: 2.78456091514092; JUF: 1; JUFD: 0.02; JUK: 1; LBM: 0; OTI: OTI; SRP: 2.78456091514092; SSL: 12; STR3D: 1; WDI: WDI; Project: Project Name; Building: The building; Storey: Level 3; Top Elevation: 5.3; Bottom Elevation: 3.8; Global Top Elevation: 5.3; Global Bottom Elevation: 3.8; Has Own Geometry: 1; Children Have Geometry: 0; Global X: 2.65906091514092; Global Y: -3.12604527600844; Global Z: 3.8; Bounding Box Length: 0.251000000000001; Bounding Box Width: 1.0556458420739; Bounding Box Height: 1.5
3Xeg6JjDD50g4xve6YAHBN,"Window:2 panels, casement, orthogonal",O1. DST: 0.1; EDP: -5.98922063054874; JUF: 1; JUFD: 0.02; JUK: 1; LBM: 0; OTI: OTI; SRP: -3.94845790949017; SSL: 3; STR3D: 2; WDI: WDI; Project: Project Name; Building: The building; Storey: Level 3; Top Elevation: 5.2; Bottom Elevation: 3; Global Top Elevation: 5.2; Global Bottom Elevation: 3; Has Own Geometry: 1; Children Have Geometry: 0; Global X: -5.98923414168964; Global Y: -0.0132341677773944; Global Z: 3; Bounding Box Length: 2.04078974334036; Bounding Box Width: 0.101545997051389; Bounding Box Height: 2.2
2p0BFTjej46BLVp8cPgFwB,"Window:2 panels, casement, orthogonal",O1. DST: 0.1; EDP: 2.65956091514092; JUF: 1; JUFD: 0.02; JUK: 1; LBM: 0; OTI: OTI; SRP: 0.921801270602144; SSL: 3; STR3D: 0; WDI: WDI; Project: Project Name; Building: The building; Storey: Level 3; Top Elevation: 5.2; Bottom Elevation: 3; Global Top Elevation: 5.2; Global Bottom Elevation: 3; Has Own Geometry: 1; Children Have Geometry: 0; Global X: 0.921801270602144; Global Y: 1.89245232917499; Global Z: 3; Bounding Box Length: 1.73775964453877; Bounding Box Width: 0.101000000000001; Bounding Box Height: 2.2
0Vl8x2NiTFSOm4iTG5y8Qv,"Door:1 panel, casement, orthogonal, compact",O1. DST: 0.1; EDP: -0.271916501487978; JUF: 1; JUFD: 0.02; JUK: 1; LBM: 0; OTI: OTI; SRP: -0.271916501487978; SSL: 1; STR3D: 1; WDI: WDI; Project: Project Name; Building: The building; Storey: Level 3; Top Elevation: 5.2; Bottom Elevation: 3; Global Top Elevation: 5.2; Global Bottom Elevation: 3; Has Own Geometry: 1; Children Have Geometry: 0; Global X: -0.322416501487978; Global Y: -1.60566741853478; Global Z: 3; Bounding Box Length: 0.101; Bounding Box Width: 0.872284748746033; Bounding Box Height: 2.2
3KACjf2hX4dQzlzF7ZVBcC,"Door:1 panel, sliding, compact",O1. DST: 0.1; EDP: -1.45168698646103; JUF: 1; JUFD: 0.02; JUK: 1; LBM: 0; OTI: OTI; SRP: -1.45168698646103; SSL: 50; STR3D: 2; WDI: WDI; Project: Project Name; Building: The building; Storey: Level 3; Top Elevation: 5.2; Bottom Elevation: 3; Global Top Elevation: 5.2; Global Bottom Elevation: 3; Has Own Geometry: 1; Children Have Geometry: 0; Global X: -1.52668698646103; Global Y: 0.238069094194664; Global Z: 3; Bounding Box Length: 0.1255; Bounding Box Width: 1.50488323498033; Bounding Box Height: 2.2
3gxYyNBg91dOcyohDk$0da,"Door:1 panel, casement, orthogonal, compact",O1. DST: 0.1; EDP: -2.58689017622593; JUF: 1; JUFD: 0.02; JUK: 1; LBM: 0; OTI: OTI; SRP: -1.68689017622593; SSL: 1; STR3D: 0; WDI: WDI; Project: Project Name; Building: The building; Storey: Level 3; Top Elevation: 5.2; Bottom Elevation: 3; Global Top Elevation: 5.2; Global Bottom Elevation: 3; Has Own Geometry: 1; Children Have Geometry: 0; Global X: -2.58689017622593; Global Y: -0.0124309058053367; Global Z: 3; Bounding Box Length: 0.9; Bounding Box Width: 0.251000000000001; Bounding Box Height: 2.2
2tNtPPd6P9MOMvXz$oIUcl,"Door:1 panel, casement, orthogonal, compact",O1. DST: 0.1; EDP: 0.921801270602144; JUF: 1; JUFD: 0.02; JUK: 1; LBM: 0; OTI: OTI; SRP: 0.0718012706021438; SSL: 1; STR3D: 0; WDI: WDI; Project: Project Name; Building: The building; Storey: Level 3; Top Elevation: 5.2; Bottom Elevation: 3; Global Top Elevation: 5.2; Global Bottom Elevation: 3; Has Own Geometry: 1; Children Have Geometry: 0; Global X: 0.0718012706021436; Global Y: 1.89245232917499; Global Z: 3; Bounding Box Length: 0.85; Bounding Box Width: 0.101000000000001; Bounding Box Height: 2.2
1pdQBusBDAcf1xnqGUqI3_,"Door:1 panel, casement, orthogonal, compact",O1. DST: 0.1; EDP: 0.595882244643759; JUF: 1; JUFD: 0.02; JUK: 1; LBM: 0; OTI: OTI; SRP: -0.104117755356241; SSL: 1; STR3D: 1; WDI: WDI; Project: Project Name; Building: The building; Storey: Level 3; Top Elevation: 5.2; Bottom Elevation: 3; Global Top Elevation: 5.2; Global Bottom Elevation: 3; Has Own Geometry: 1; Children Have Geometry: 0; Global X: -0.104117755356241; Global Y: -2.712154585395; Global Z: 3; Bounding Box Length: 0.7; Bounding Box Width: 0.100999999999999; Bounding Box Height: 2.2
1h_QGtcTD7T9CPIP$ywFDw,"Door:1 panel, casement, orthogonal, compact",O1. DST: 0.1; EDP: -3.94845790949017; JUF: 1; JUFD: 0.02; JUK: 1; LBM: 0; OTI: OTI; SRP: -2.94845794528096; SSL: 1; STR3D: 1; WDI: WDI; Project: Project Name; Building: The building; Storey: Level 3; Top Elevation: 5.2; Bottom Elevation: 3; Global Top Elevation: 5.2; Global Bottom Elevation: 3; Has Own Geometry: 1; Children Have Geometry: 0; Global X: -3.94847142063106; Global Y: -0.0126881671111327; Global Z: 3; Bounding Box Length: 1.000026986491; Bounding Box Width: 0.101267543729602; Bounding Box Height: 2.2
3tE1byyhr2yRXF8pP8M$E3,"Door:1 panel, casement, orthogonal, compact",O1. DST: 0.1; EDP: 0.931850327318929; JUF: 1; JUFD: 0.02; JUK: 1; LBM: 0; OTI: OTI; SRP: 0.931850327318933; SSL: 1; STR3D: 3; WDI: WDI; Project: Project Name; Building: The building; Storey: Level 3; Top Elevation: 5.2; Bottom Elevation: 3; Global Top Elevation: 5.2; Global Bottom Elevation: 3; Has Own Geometry: 1; Children Have Geometry: 0; Global X: 0.881350327318929; Global Y: -2.58976109819237; Global Z: 3; Bounding Box Length: 0.101000000000004; Bounding Box Width: 0.850000000000001; Bounding Box Height: 2.2
0Xd4TRN3L4nfc996wJwZw_,"Door:1 panel, sliding, orthogonal, glass",O1. DST: 0.1; EDP: -0.271916501487978; JUF: 1; JUFD: 0.02; JUK: 1; LBM: 0; OTI: OTI; SRP: -0.271916501487978; SSL: 44; STR3D: 0; WDI: WDI; Project: Project Name; Building: The building; Storey: Level 3; Top Elevation: 5.2; Bottom Elevation: 3; Global Top Elevation: 5.2; Global Bottom Elevation: 3; Has Own Geometry: 1; Children Have Geometry: 0; Global X: -0.322416501487978; Global Y: -3.13976109819238; Global Z: 3; Bounding Box Length: 0.101; Bounding Box Width: 1.4; Bounding Box Height: 2.2
17sROyBCb72xS_FnoQpssy,Storey 3 - Slab 2 (5 cm),. HWPO: 0; SC2D: 6; SC3D1: 13; SC3D2: 13; SCSC: 13; Project: Project Name; Building: The building; Storey: Level 3; Top Elevation: 3; Bottom Elevation: 2.95; Global Top Elevation: 3; Global Bottom Elevation: 2.95; Has Own Geometry: 1; Children Have Geometry: 0; Global X: -2.93225700793546; Global Y: 4.55577562415066; Global Z: 2.95; Bounding Box Length: 1.62988797559373; Bounding Box Width: 0.937871932340748; Bounding Box Height: 0.0499999999999998
0R$eoav7n0QAi9CxKJ4Yrj,Storey 3 - Slab 4 (14 cm),. HWPO: 0; SC2D: 6; SC3D1: 8; SC3D2: 8; SCSC: 8; Project: Project Name; Building: The building; Storey: Level 3; Top Elevation: 3; Bottom Elevation: 2.86; Global Top Elevation: 3; Global Bottom Elevation: 2.86; Has Own Geometry: 1; Children Have Geometry: 0; Global X: -7.46347158248146; Global Y: -4.15675739297293; Global Z: 2.86; Bounding Box Length: 1.22536997254328; Bounding Box Width: 2.60896732116561; Bounding Box Height: 0.14
0uKTIbgw93BRgxPG2KgELG,Storey 3 - Slab 1 (14 cm),. HWPO: 0; SC2D: 6; SC3D1: 8; SC3D2: 8; SCSC: 8; Project: Project Name; Building: The building; Storey: Level 3; Top Elevation: 3; Bottom Elevation: 2.86; Global Top Elevation: 3; Global Bottom Elevation: 2.86; Has Own Geometry: 1; Children Have Geometry: 1; Global X: -6.24036367474334; Global Y: -4.62336291521416; Global Z: 2.86; Bounding Box Length: 9.14992458988426; Bounding Box Width: 9.18215563511029; Bounding Box Height: 0.14
3QulVVbY55Sf1eggC4TBcA,Storey 3 - Slab 1 (14 cm) - Opening 1,. Project: Project Name; Building: The building; Storey: Level 3; Top Elevation: 3; Bottom Elevation: 2.86; Global Top Elevation: 3; Global Bottom Elevation: 2.86; Has Own Geometry: 1; Children Have Geometry: 0; Global X: -1.82628300470128; Global Y: 1.99295232917499; Global Z: 2.86; Bounding Box Length: 1.65436649818; Bounding Box Width: 2.31439965898614; Bounding Box Height: 0.14
0Pm1WoH85FuRNaBovgc0iU,Storey 3 - Slab 5 (14 cm),. HWPO: 0; SC2D: 6; SC3D1: 8; SC3D2: 8; SCSC: 8; Project: Project Name; Building: The building; Storey: Level 3; Top Elevation: 3; Bottom Elevation: 2.86; Global Top Elevation: 3; Global Bottom Elevation: 2.86; Has Own Geometry: 1; Children Have Geometry: 0; Global X: -7.47384178245836; Global Y: -0.733177254555272; Global Z: 2.86; Bounding Box Length: 1.23482727297076; Bounding Box Width: 3.56885726773378; Bounding Box Height: 0.14
1nk_lpLun5$POacMuvG_w8,Storey 3 - Slab 3 (14 cm),. HWPO: 0; SC2D: 6; SC3D1: 8; SC3D2: 8; SCSC: 8; Project: Project Name; Building: The building; Storey: Level 3; Top Elevation: 3; Bottom Elevation: 2.86; Global Top Elevation: 3; Global Bottom Elevation: 2.86; Has Own Geometry: 1; Children Have Geometry: 0; Global X: 0.114581181331815; Global Y: 4.55741638673906; Global Z: 2.86; Bounding Box Length: 2.15962537096542; Bounding Box Width: 1.30499439144578; Bounding Box Height: 0.14
0KmL7ajKz5jw6SjWXWH3Yj,gW9_a7,3D - ÐåñéâÜëëùí ÷þñïò. Project: Project Name; Building: The building; Storey: Level 3; Top Elevation: 4.08302129295409; Bottom Elevation: 3.4675854732148; Global Top Elevation: 4.08302129295409; Global Bottom Elevation: 3.4675854732148; Has Own Geometry: 1; Children Have Geometry: 0; Global X: -3.75090827038028; Global Y: 3.52785640223101; Global Z: 3.4675854732148; Bounding Box Length: 0.750847132000153; Bounding Box Width: 0.763412515004694; Bounding Box Height: 0.615435819739284
2woSLOV0P29hktIAzt$Nrm,gW9_a7,3D - ÐåñéâÜëëùí ÷þñïò. Project: Project Name; Building: The building; Storey: Level 3; Top Elevation: 3.54151064647704; Bottom Elevation: 3.2337927366074; Global Top Elevation: 3.54151064647704; Global Bottom Elevation: 3.2337927366074; Has Own Geometry: 1; Children Have Geometry: 0; Global X: -5.21233004472426; Global Y: 3.71844179265524; Global Z: 3.2337927366074; Bounding Box Length: 0.375423566000076; Bounding Box Width: 0.381706257502346; Bounding Box Height: 0.307717909869642
06tsCUkjX1YhA5BMI$_A72,gW9_a7,3D - ÐåñéâÜëëùí ÷þñïò. Project: Project Name; Building: The building; Storey: Level 3; Top Elevation: 3.86641703436327; Bottom Elevation: 3.37406837857184; Global Top Elevation: 3.86641703436327; Global Bottom Elevation: 3.37406837857184; Has Own Geometry: 1; Children Have Geometry: 0; Global X: -5.79959262159791; Global Y: 3.60409055840071; Global Z: 3.37406837857184; Bounding Box Length: 0.600677705600122; Bounding Box Width: 0.610730012003755; Bounding Box Height: 0.492348655791428
1A6mBl6OjEawmFDRBaU1YZ,gW7_a17,3D - ÕäñáõëéêÜ. Project: Project Name; Building: The building; Storey: Level 3; Top Elevation: 3.94999999354377; Bottom Elevation: 3.56943831032321; Global Top Elevation: 3.94999999354377; Global Bottom Elevation: 3.56943831032321; Has Own Geometry: 1; Children Have Geometry: 0; Global X: 0.466231246362472; Global Y: -3.59993112716625; Global Z: 3.56943831032321; Bounding Box Length: 0.416604449226937; Bounding Box Width: 0.540245916744777; Bounding Box Height: 0.380561683220555
3IIK6aCxL6ux1UL8pCHq7u,gW7_a2,3D - ÕäñáõëéêÜ. Project: Project Name; Building: The building; Storey: Level 3; Top Elevation: 3.568185; Bottom Elevation: 3; Global Top Elevation: 3.568185; Global Bottom Elevation: 3; Has Own Geometry: 1; Children Have Geometry: 0; Global X: 0.0490760537972816; Global Y: -4.37384102920477; Global Z: 3; Bounding Box Length: 0.495000000000004; Bounding Box Width: 0.675220400529838; Bounding Box Height: 0.568185
0NsqH9$Hf0euCw6h_tGkDa,Storey 3 - Railing 3,. ELV: 0; HWPO: 0; KCLR: 256; KND: 1; KTHK: 0.03; KWTH: 0.1; MLGT: 0.5; RC2D: 256; RC3D: 256; RHGT: 0.6; RTHK: 0.05; SFRM: SFRM; SFRMCL: 0; SPT: -6.85642814597299; TYP: 5; WC2D: 256; WC3D: 256; WHGT: 0.3; WWTH: 0.1; Project: Project Name; Building: The building; Storey: Level 3; Top Elevation: 3.93; Bottom Elevation: 3; Global Top Elevation: 3.93; Global Bottom Elevation: 3; Has Own Geometry: 1; Children Have Geometry: 0; Global X: -7.47384178245836; Global Y: -0.733177254555272; Global Z: 3; Bounding Box Length: 1.23482727297076; Bounding Box Width: 3.56885726773378; Bounding Box Height: 0.93
2UAE58NlXFqf2vQen4dbT0,Storey 3 - Railing 2,. ELV: 0; HWPO: 0; KCLR: 256; KND: 1; KTHK: 0.03; KWTH: 0.1; MLGT: 0.5; RC2D: 256; RC3D: 256; RHGT: 0.6; RTHK: 0.05; SFRM: SFRM; SFRMCL: 0; SPT: 0.214581182393902; TYP: 5; WC2D: 256; WC3D: 256; WHGT: 0.3; WWTH: 0.1; Project: Project Name; Building: The building; Storey: Level 3; Top Elevation: 3.93; Bottom Elevation: 3; Global Top Elevation: 3.93; Global Bottom Elevation: 3; Has Own Geometry: 1; Children Have Geometry: 0; Global X: 0.114581181331815; Global Y: 4.55741638607798; Global Z: 3; Bounding Box Length: 2.15962537096542; Bounding Box Width: 1.30499439210685; Bounding Box Height: 0.93
2VchBXopH6PeHbHRBHYmRt,Storey 3 - Railing 1,. ELV: 0; HWPO: 0; KCLR: 256; KND: 1; KTHK: 0.03; KWTH: 0.1; MLGT: 0.5; RC2D: 256; RC3D: 256; RHGT: 0.6; RTHK: 0.05; SFRM: SFRM; SFRMCL: 0; SPT: -6.39911149040379; TYP: 5; WC2D: 256; WC3D: 256; WHGT: 0.3; WWTH: 0.1; Project: Project Name; Building: The building; Storey: Level 3; Top Elevation: 3.93; Bottom Elevation: 3; Global Top Elevation: 3.93; Global Bottom Elevation: 3; Has Own Geometry: 1; Children Have Geometry: 0; Global X: -7.45748716726591; Global Y: -4.15675739297293; Global Z: 3; Bounding Box Length: 1.21938555732774; Bounding Box Width: 2.60896732116563; Bounding Box Height: 0.93
0Mq2e5OpD2sv_zG3Ss4$UF,gW3_a104,3D - Eðéðëá Êáèéóôéêïý. Project: Project Name; Building: The building; Storey: Level 3; Top Elevation: 3.80000332828263; Bottom Elevation: 3.00000333754781; Global Top Elevation: 3.80000332828263; Global Bottom Elevation: 3.00000333754781; Has Own Geometry: 1; Children Have Geometry: 0; Global X: 0.921801270602144; Global Y: 1.99295232917499; Global Z: 3.00000333754781; Bounding Box Length: 0.799999990734875; Bounding Box Width: 1.35999997800297; Bounding Box Height: 0.799999990734818
0mtfhSrXjELPrTol264b6G,gW5_a44,3D - Åðéðëá Êïõæßíáò. Project: Project Name; Building: The building; Storey: Level 3; Has Own Geometry: 0; Children Have Geometry: 0
2xfekx$MT9wxPLx31CCjUD,gW3_a125,3D - Eðéðëá Êáèéóôéêïý. Project: Project Name; Building: The building; Storey: Level 3; Top Elevation: 3.90000195529909; Bottom Elevation: 3; Global Top Elevation: 3.90000195529909; Global Bottom Elevation: 3; Has Own Geometry: 1; Children Have Geometry: 0; Global X: -5.94924778796979; Global Y: -3.90923753944837; Global Z: 3; Bounding Box Length: 0.600000000000001; Bounding Box Width: 0.560000000000002; Bounding Box Height: 0.900001955299087
1wlllnH4n6OOdgogH_6Lfn,gW3_a104,3D - Eðéðëá Êáèéóôéêïý. Project: Project Name; Building: The building; Storey: Level 3; Top Elevation: 3.80000332828263; Bottom Elevation: 3.00000333754781; Global Top Elevation: 3.80000332828263; Global Bottom Elevation: 3.00000333754781; Has Own Geometry: 1; Children Have Geometry: 0; Global X: -2.81945853389577; Global Y: -2.76553328719013; Global Z: 3.00000333754781; Bounding Box Length: 1.59999997412115; Bounding Box Width: 0.799999990734877; Bounding Box Height: 0.799999990734818
2pfSHk8obBjfP6hU32E935,gW3_a116,3D - Eðéðëá Êáèéóôéêïý. Project: Project Name; Building: The building; Storey: Level 3; Top Elevation: 3.80001192092891; Bottom Elevation: 3.00027188569356; Global Top Elevation: 3.80001192092891; Global Bottom Elevation: 3.00027188569356; Has Own Geometry: 1; Children Have Geometry: 0; Global X: 0.645773270486992; Global Y: -1.05867324493561; Global Z: 3.00027188569356; Bounding Box Length: 1.97999996867817; Bounding Box Width: 0.989999973773958; Bounding Box Height: 0.799740035235345
3tjNWmpqv7aQ7k8WlsXzuq,gW3_a116,3D - Eðéðëá Êáèéóôéêïý. Project: Project Name; Building: The building; Storey: Level 3; Top Elevation: 3.80001192092891; Bottom Elevation: 3.00027188569356; Global Top Elevation: 3.80001192092891; Global Bottom Elevation: 3.00027188569356; Has Own Geometry: 1; Children Have Geometry: 0; Global X: 0.56711821312249; Global Y: 0.101287481779012; Global Z: 3.00027188569356; Bounding Box Length: 1.97999996867817; Bounding Box Width: 0.989999973773955; Bounding Box Height: 0.799740035235345
1KF7mELCn3PfXQueb$mA0v,gW3_a125,3D - Eðéðëá Êáèéóôéêïý. Project: Project Name; Building: The building; Storey: Level 3; Top Elevation: 3.90000195529909; Bottom Elevation: 3; Global Top Elevation: 3.90000195529909; Global Bottom Elevation: 3; Has Own Geometry: 1; Children Have Geometry: 0; Global X: -2.35533315812999; Global Y: -3.14456661432639; Global Z: 3; Bounding Box Length: 0.560000000000002; Bounding Box Width: 0.600000000000001; Bounding Box Height: 0.900001955299087
3GxGj$55fDmuc_Xn_cpDS6,gW6_a19,3D - Åðéðëá Ãñáöåßïõ. Project: Project Name; Building: The building; Storey: Level 3; Top Elevation: 3.62; Bottom Elevation: 3.03; Global Top Elevation: 3.62; Global Bottom Elevation: 3.03; Has Own Geometry: 1; Children Have Geometry: 0; Global X: 0.909001260893706; Global Y: 3.35295230717797; Global Z: 3.03; Bounding Box Length: 0.838200000864457; Bounding Box Width: 0.200000000000003; Bounding Box Height: 0.59
14rLGC67H76vPJnIPbGSYY,gW3_a104,3D - Eðéðëá Êáèéóôéêïý. Project: Project Name; Building: The building; Storey: Level 3; Top Elevation: 3.80000332828263; Bottom Elevation: 3.00000333754781; Global Top Elevation: 3.80000332828263; Global Bottom Elevation: 3.00000333754781; Has Own Geometry: 1; Children Have Geometry: 0; Global X: -4.41945850801692; Global Y: -2.76553328719013; Global Z: 3.00000333754781; Bounding Box Length: 1.59999997412115; Bounding Box Width: 0.799999990734875; Bounding Box Height: 0.799999990734818
3gGOg$U2547PVp4NejnDet,gW3_a125,3D - Eðéðëá Êáèéóôéêïý. Project: Project Name; Building: The building; Storey: Level 3; Top Elevation: 3.90000195529909; Bottom Elevation: 3; Global Top Elevation: 3.90000195529909; Global Bottom Elevation: 3; Has Own Geometry: 1; Children Have Geometry: 0; Global X: 1.31318345626508; Global Y: -1.28823323030668; Global Z: 3; Bounding Box Length: 0.560000000000002; Bounding Box Width: 0.600000000000001; Bounding Box Height: 0.900001955299087
2g34wPpuP6mgMYFr1ilAbU,gW3_a125,3D - Eðéðëá Êáèéóôéêïý. Project: Project Name; Building: The building; Storey: Level 3; Top Elevation: 3.90000195529909; Bottom Elevation: 3; Global Top Elevation: 3.90000195529909; Global Bottom Elevation: 3; Has Own Geometry: 1; Children Have Geometry: 0; Global X: 1.58909396673699; Global Y: 2.41888324629904; Global Z: 3; Bounding Box Length: 0.600000000000001; Bounding Box Width: 0.560000000000002; Bounding Box Height: 0.900001955299087
3t7k1lslr1LfEuzqij$cOj,gW3_a125,3D - Eðéðëá Êáèéóôéêïý. Project: Project Name; Building: The building; Storey: Level 3; Top Elevation: 3.90000195529909; Bottom Elevation: 3; Global Top Elevation: 3.90000195529909; Global Bottom Elevation: 3; Has Own Geometry: 1; Children Have Geometry: 0; Global X: 1.26662296951171; Global Y: 1.00350691059958; Global Z: 3; Bounding Box Length: 0.560000000000002; Bounding Box Width: 0.600000000000001; Bounding Box Height: 0.900001955299087
2jbN33vsfBdhZA5anLdCj1,gW3_a104,3D - Eðéðëá Êáèéóôéêïý. Project: Project Name; Building: The building; Storey: Level 3; Top Elevation: 3.80000332828263; Bottom Elevation: 3.00000333754781; Global Top Elevation: 3.80000332828263; Global Bottom Elevation: 3.00000333754781; Has Own Geometry: 1; Children Have Geometry: 0; Global X: -5.58681645493458; Global Y: -4.37336291521416; Global Z: 3.00000333754781; Bounding Box Length: 0.719999991661388; Bounding Box Width: 1.43999997670903; Bounding Box Height: 0.799999990734818
39mwPN6eD6EQnXtEve0UDh,gW3_a125,3D - Eðéðëá Êáèéóôéêïý. Project: Project Name; Building: The building; Storey: Level 3; Top Elevation: 3.90000195529909; Bottom Elevation: 3; Global Top Elevation: 3.90000195529909; Global Bottom Elevation: 3; Has Own Geometry: 1; Children Have Geometry: 0; Global X: -3.95533313225113; Global Y: -3.14456661432639; Global Z: 3; Bounding Box Length: 0.560000000000002; Bounding Box Width: 0.600000000000001; Bounding Box Height: 0.900001955299087
12SWgzBLb1GAjxtkcAAoJg,gW6_a45,3D - Åðéðëá Ãñáöåßïõ. Project: Project Name; Building: The building; Storey: Level 3; Top Elevation: 5.25; Bottom Elevation: 2.99932796033012; Global Top Elevation: 5.25; Global Bottom Elevation: 2.99932796033012; Has Own Geometry: 1; Children Have Geometry: 0; Global X: -2.66199747078163; Global Y: -4.37397029739827; Global Z: 2.99932796033012; Bounding Box Length: 2.19958949890453; Bounding Box Width: 0.340824792553175; Bounding Box Height: 2.25067203966988
33$DYr1IHAQxq8pzg2FkaY,gW6_a45,3D - Åðéðëá Ãñáöåßïõ. Project: Project Name; Building: The building; Storey: Level 3; Top Elevation: 5.25; Bottom Elevation: 2.99932796033012; Global Top Elevation: 5.25; Global Bottom Elevation: 2.99932796033012; Has Own Geometry: 1; Children Have Geometry: 0; Global X: 2.31934350477185; Global Y: 1.98956892893942; Global Z: 2.99932796033012; Bounding Box Length: 0.340824792553174; Bounding Box Width: 2.13638290410842; Bounding Box Height: 2.25067203966988
15mYf_oq90_hHwUTz4dmFA,gW6_a45,3D - Åðéðëá Ãñáöåßïõ. Project: Project Name; Building: The building; Storey: Level 3; Top Elevation: 5.25; Bottom Elevation: 2.99932796033012; Global Top Elevation: 5.25; Global Bottom Elevation: 2.99932796033012; Has Own Geometry: 1; Children Have Geometry: 0; Global X: -4.861755505741; Global Y: -4.37397029739827; Global Z: 2.99932796033012; Bounding Box Length: 1.769784654291; Bounding Box Width: 0.340824792553175; Bounding Box Height: 2.25067203966988
3aN5TvkUv9He$Dsv1QwhmY,gW5_a39,3D - Åðéðëá Êïõæßíáò. Project: Project Name; Building: The building; Storey: Level 3; Top Elevation: 4; Bottom Elevation: 3; Global Top Elevation: 4; Global Bottom Elevation: 3; Has Own Geometry: 1; Children Have Geometry: 0; Global X: 1.07054337268318; Global Y: -4.37336291521416; Global Z: 3; Bounding Box Length: 1.0465; Bounding Box Width: 0.540000000000003; Bounding Box Height: 1
1Orr2IsUX8lP_u6uyVZVc7,gW5_a20,3D - Åðéðëá Êïõæßíáò. Project: Project Name; Building: The building; Storey: Level 3; Top Elevation: 3.75; Bottom Elevation: 3; Global Top Elevation: 3.75; Global Bottom Elevation: 3; Has Own Geometry: 1; Children Have Geometry: 0; Global X: 2.01956091514092; Global Y: -3.09976109819237; Global Z: 3; Bounding Box Length: 0.640000000000003; Bounding Box Width: 1.36000000000001; Bounding Box Height: 0.75
06JUNT6bTATRtdGP4yxFbE,gW5_a18,3D - Åðéðëá Êïõæßíáò. Project: Project Name; Building: The building; Storey: Level 3; Top Elevation: 3.9; Bottom Elevation: 3; Global Top Elevation: 3.9; Global Bottom Elevation: 3; Has Own Geometry: 1; Children Have Geometry: 0; Global X: 2.11956091514092; Global Y: -4.37336291521416; Global Z: 3; Bounding Box Length: 0.539999999999996; Bounding Box Width: 0.540000000000003; Bounding Box Height: 0.9
39HGTgnL55BQVbewxmdRb$,gW8_a5_4MMAT_1,3D - ÓõìðëçñùìáôéêÜ Åðéðëá. Project: Project Name; Building: The building; Storey: Level 3; Top Elevation: 4.2; Bottom Elevation: 3.8; Global Top Elevation: 4.2; Global Bottom Elevation: 3.8; Has Own Geometry: 1; Children Have Geometry: 0; Global X: 0.892620568997013; Global Y: 0.204889069216181; Global Z: 3.8; Bounding Box Length: 0.479999999999989; Bounding Box Width: 0.322414519029707; Bounding Box Height: 0.399999999999999
2voXPZzXn5te3D5K5SVkBH,gW8_a5_4MMAT_1,3D - ÓõìðëçñùìáôéêÜ Åðéðëá. Project: Project Name; Building: The building; Storey: Level 3; Top Elevation: 4.2; Bottom Elevation: 3.8; Global Top Elevation: 4.2; Global Bottom Elevation: 3.8; Has Own Geometry: 1; Children Have Geometry: 0; Global X: 1.89809965058099; Global Y: 0.204889069216181; Global Z: 3.8; Bounding Box Length: 0.47999999999999; Bounding Box Width: 0.322414519029707; Bounding Box Height: 0.399999999999999
29A2D8Sa9428xuQiQvxQf2,gW3_a125,3D - Eðéðëá Êáèéóôéêïý. Project: Project Name; Building: The building; Storey: Level 3; Top Elevation: 3.90000195529909; Bottom Elevation: 3; Global Top Elevation: 3.90000195529909; Global Bottom Elevation: 3; Has Own Geometry: 1; Children Have Geometry: 0; Global X: -3.98396226256878; Global Y: 1.37937445337975; Global Z: 3; Bounding Box Length: 0.600000000000001; Bounding Box Width: 0.560000000000002; Bounding Box Height: 0.900001955299087
204bEUXd19JvtlCF5PnG2E,gW8_a5_4MMAT_1,3D - ÓõìðëçñùìáôéêÜ Åðéðëá. Project: Project Name; Building: The building; Storey: Level 3; Top Elevation: 4.2; Bottom Elevation: 3.8; Global Top Elevation: 4.2; Global Bottom Elevation: 3.8; Has Own Geometry: 1; Children Have Geometry: 0; Global X: -2.7523114416021; Global Y: -2.30959929418911; Global Z: 3.8; Bounding Box Length: 0.47999999999999; Bounding Box Width: 0.322414519029708; Bounding Box Height: 0.399999999999999
36prh9qGDCFwY8eUY3Koyf,gW3_a118,3D - Eðéðëá Êáèéóôéêïý. Project: Project Name; Building: The building; Storey: Level 3; Top Elevation: 3.79995231628413; Bottom Elevation: 2.99929228540259; Global Top Elevation: 3.79995231628413; Global Bottom Elevation: 2.99929228540259; Has Own Geometry: 1; Children Have Geometry: 0; Global X: -5.03488102562542; Global Y: 0.964125441297258; Global Z: 2.99929228540259; Bounding Box Length: 1.26283489691627; Bounding Box Width: 2.52091531758801; Bounding Box Height: 0.800660030881545
1GdIYhiKPBsBnAskuJ_wmo,gW8_a5_4MMAT_1,3D - ÓõìðëçñùìáôéêÜ Åðéðëá. Project: Project Name; Building: The building; Storey: Level 3; Top Elevation: 4.2; Bottom Elevation: 3.8; Global Top Elevation: 4.2; Global Bottom Elevation: 3.8; Has Own Geometry: 1; Children Have Geometry: 0; Global X: 1.89809965058099; Global Y: -0.468509317624589; Global Z: 3.8; Bounding Box Length: 0.47999999999999; Bounding Box Width: 0.322414519029707; Bounding Box Height: 0.399999999999999
1gplGJt_PEXQUmf2pRZCBB,gW3_a125,3D - Eðéðëá Êáèéóôéêïý. Project: Project Name; Building: The building; Storey: Level 3; Top Elevation: 3.90000195529909; Bottom Elevation: 3; Global Top Elevation: 3.90000195529909; Global Bottom Elevation: 3; Has Own Geometry: 1; Children Have Geometry: 0; Global X: -5.45922237360447; Global Y: 2.06160027672264; Global Z: 3; Bounding Box Length: 0.600000000000001; Bounding Box Width: 0.560000000000002; Bounding Box Height: 0.900001955299087
0RU2j8yTf7de8YofLV2dxi,gW3_a125,3D - Eðéðëá Êáèéóôéêïý. Project: Project Name; Building: The building; Storey: Level 3; Top Elevation: 3.90000195529909; Bottom Elevation: 3; Global Top Elevation: 3.90000195529909; Global Bottom Elevation: 3; Has Own Geometry: 1; Children Have Geometry: 0; Global X: -3.98396226256878; Global Y: 2.72587278892493; Global Z: 3; Bounding Box Length: 0.600000000000001; Bounding Box Width: 0.560000000000002; Bounding Box Height: 0.900001955299087
0d53eQNHTBb8rnI6Rs54Dq,gW3_a125,3D - Eðéðëá Êáèéóôéêïý. Project: Project Name; Building: The building; Storey: Level 3; Top Elevation: 3.90000195529909; Bottom Elevation: 3; Global Top Elevation: 3.90000195529909; Global Bottom Elevation: 3; Has Own Geometry: 1; Children Have Geometry: 0; Global X: -3.98396226256878; Global Y: 2.06160027672264; Global Z: 3; Bounding Box Length: 0.600000000000001; Bounding Box Width: 0.560000000000002; Bounding Box Height: 0.900001955299087
2Fcr4PNtD0nPjnmK0Xkne_,gW3_a125,3D - Eðéðëá Êáèéóôéêïý. Project: Project Name; Building: The building; Storey: Level 3; Top Elevation: 3.90000195529909; Bottom Elevation: 3; Global Top Elevation: 3.90000195529909; Global Bottom Elevation: 3; Has Own Geometry: 1; Children Have Geometry: 0; Global X: -5.45922237360447; Global Y: 1.37937445337975; Global Z: 3; Bounding Box Length: 0.600000000000001; Bounding Box Width: 0.560000000000002; Bounding Box Height: 0.900001955299087
31EFNuxOf5R9jDcPthoyag,gW8_a5_4MMAT_1,3D - ÓõìðëçñùìáôéêÜ Åðéðëá. Project: Project Name; Building: The building; Storey: Level 3; Top Elevation: 4.2; Bottom Elevation: 3.8; Global Top Elevation: 4.2; Global Bottom Elevation: 3.8; Has Own Geometry: 1; Children Have Geometry: 0; Global X: -4.62143415538953; Global Y: 3.12659866408771; Global Z: 3.8; Bounding Box Length: 0.47999999999999; Bounding Box Width: 0.322414519029707; Bounding Box Height: 0.399999999999999
0mDN30tyL7$O2JALJF2V5H,gW8_a5_4MMAT_1,3D - ÓõìðëçñùìáôéêÜ Åðéðëá. Project: Project Name; Building: The building; Storey: Level 3; Top Elevation: 4.2; Bottom Elevation: 3.8; Global Top Elevation: 4.2; Global Bottom Elevation: 3.8; Has Own Geometry: 1; Children Have Geometry: 0; Global X: 0.892620568997013; Global Y: -0.468509317624589; Global Z: 3.8; Bounding Box Length: 0.479999999999989; Bounding Box Width: 0.322414519029707; Bounding Box Height: 0.399999999999999
0zKJnCEWv68RI6C0YgUJmZ,gW3_a125,3D - Eðéðëá Êáèéóôéêïý. Project: Project Name; Building: The building; Storey: Level 3; Top Elevation: 3.90000195529909; Bottom Elevation: 3; Global Top Elevation: 3.90000195529909; Global Bottom Elevation: 3; Has Own Geometry: 1; Children Have Geometry: 0; Global X: -5.45922237360447; Global Y: 2.72587278892493; Global Z: 3; Bounding Box Length: 0.600000000000001; Bounding Box Width: 0.560000000000004; Bounding Box Height: 0.900001955299087
25hV5ake9CCPiJBhXIzKxR,gW8_a5_4MMAT_1,3D - ÓõìðëçñùìáôéêÜ Åðéðëá. Project: Project Name; Building: The building; Storey: Level 3; Top Elevation: 4.2; Bottom Elevation: 3.8; Global Top Elevation: 4.2; Global Bottom Elevation: 3.8; Has Own Geometry: 1; Children Have Geometry: 0; Global X: 0.923511207061195; Global Y: 2.14547350705461; Global Z: 3.8; Bounding Box Length: 0.322414519029707; Bounding Box Width: 0.47999999999999; Bounding Box Height: 0.399999999999999
3KSw9HlZrA4Q8i_oeMVnTl,gW8_a5_4MMAT_1,3D - ÓõìðëçñùìáôéêÜ Åðéðëá. Project: Project Name; Building: The building; Storey: Level 3; Top Elevation: 4.2; Bottom Elevation: 3.8; Global Top Elevation: 4.2; Global Bottom Elevation: 3.8; Has Own Geometry: 1; Children Have Geometry: 0; Global X: -4.27437548267985; Global Y: -2.30959929418911; Global Z: 3.8; Bounding Box Length: 0.47999999999999; Bounding Box Width: 0.322414519029708; Bounding Box Height: 0.399999999999999
0VbrrQEgjFgA3SbeWNnpaV,gW8_a5_4MMAT_1,3D - ÓõìðëçñùìáôéêÜ Åðéðëá. Project: Project Name; Building: The building; Storey: Level 3; Top Elevation: 4.2; Bottom Elevation: 3.8; Global Top Elevation: 4.2; Global Bottom Elevation: 3.8; Has Own Geometry: 1; Children Have Geometry: 0; Global X: -3.34803132881313; Global Y: -2.30959929418911; Global Z: 3.8; Bounding Box Length: 0.47999999999999; Bounding Box Width: 0.322414519029708; Bounding Box Height: 0.399999999999999
1qWNEsoEzBMQwXElB1lPc2,gW8_a5_4MMAT_1,3D - ÓõìðëçñùìáôéêÜ Åðéðëá. Project: Project Name; Building: The building; Storey: Level 3; Top Elevation: 4.2; Bottom Elevation: 3.8; Global Top Elevation: 4.2; Global Bottom Elevation: 3.8; Has Own Geometry: 1; Children Have Geometry: 0; Global X: -1.74683236001813; Global Y: -2.30959929418911; Global Z: 3.8; Bounding Box Length: 0.47999999999999; Bounding Box Width: 0.322414519029708; Bounding Box Height: 0.399999999999999
2$w_GPJiD4FeVDopJ7habZ,Storey 3 - Column 8 (W8 - 300 cm),. Project: Project Name; Building: The building; Storey: Level 3; Top Elevation: 5.999; Bottom Elevation: 2.999; Global Top Elevation: 5.999; Global Bottom Elevation: 2.999; Has Own Geometry: 1; Children Have Geometry: 0; Global X: 2.4923672920029; Global Y: -4.62336291521416; Global Z: 2.999; Bounding Box Length: 0.417193623138019; Bounding Box Width: 0.430638335742174; Bounding Box Height: 3
0f0fwgjwH0e9hn8eJdaDIA,Storey 3 - Column 6 (W8 - 300 cm),. Project: Project Name; Building: The building; Storey: Level 3; Top Elevation: 5.999; Bottom Elevation: 2.999; Global Top Elevation: 5.999; Global Bottom Elevation: 2.999; Has Own Geometry: 1; Children Have Geometry: 0; Global X: -3.09186282577371; Global Y: -4.62336291521416; Global Z: 2.999; Bounding Box Length: 0.417193623138019; Bounding Box Width: 0.430638335742174; Bounding Box Height: 3
0Rsr$khdD7jRraSllyCEBW,Storey 3 - Column 5 (W8 - 300 cm),. Project: Project Name; Building: The building; Storey: Level 3; Top Elevation: 5.999; Bottom Elevation: 2.999; Global Top Elevation: 5.999; Global Bottom Elevation: 2.999; Has Own Geometry: 1; Children Have Geometry: 0; Global X: -6.23797370060734; Global Y: -4.62336291521416; Global Z: 2.999; Bounding Box Length: 0.417193623138019; Bounding Box Width: 0.430638335742174; Bounding Box Height: 3
0LlbsFmw9CBw2knJnCYoaH,Storey 3 - Column 9 (W8 - 300 cm),. Project: Project Name; Building: The building; Storey: Level 3; Top Elevation: 5.999; Bottom Elevation: 2.999; Global Top Elevation: 5.999; Global Bottom Elevation: 2.999; Has Own Geometry: 1; Children Have Geometry: 0; Global X: 2.4923672920029; Global Y: -2.07039943393454; Global Z: 2.999; Bounding Box Length: 0.417193623138019; Bounding Box Width: 0.430638335742174; Bounding Box Height: 3
3n$Z3rwmXBAxLQ6PzReLsD,Storey 3 - Column 3 (W8 - 300 cm),. Project: Project Name; Building: The building; Storey: Level 3; Top Elevation: 5.999; Bottom Elevation: 2.999; Global Top Elevation: 5.999; Global Bottom Elevation: 2.999; Has Own Geometry: 1; Children Have Geometry: 0; Global X: -0.316820007870771; Global Y: 4.12545199391436; Global Z: 2.999; Bounding Box Length: 0.417193623138019; Bounding Box Width: 0.430638335742174; Bounding Box Height: 3
3HO3IgghHB0QSYukt8EPVU,Storey 3 - Column 10 (W8 - 300 cm),. Project: Project Name; Building: The building; Storey: Level 3; Top Elevation: 5.999; Bottom Elevation: 2.999; Global Top Elevation: 5.999; Global Bottom Elevation: 2.999; Has Own Geometry: 1; Children Have Geometry: 0; Global X: 2.4923672920029; Global Y: 0.883125756899359; Global Z: 2.999; Bounding Box Length: 0.417193623138019; Bounding Box Width: 0.430638335742172; Bounding Box Height: 3
2ystL3dnz94gw0WDI8QxzC,Storey 3 - Column 4 (W8 - 300 cm),. Project: Project Name; Building: The building; Storey: Level 3; Top Elevation: 5.999; Bottom Elevation: 2.999; Global Top Elevation: 5.999; Global Bottom Elevation: 2.999; Has Own Geometry: 1; Children Have Geometry: 0; Global X: 2.4923672920029; Global Y: 4.12608223547135; Global Z: 2.999; Bounding Box Length: 0.417193623138019; Bounding Box Width: 0.430638335742174; Bounding Box Height: 3
1WrMSNMS92Xx6KaH9mSvgs,Storey 3 - Column 7 (W8 - 300 cm),. Project: Project Name; Building: The building; Storey: Level 3; Top Elevation: 5.999; Bottom Elevation: 2.999; Global Top Elevation: 5.999; Global Bottom Elevation: 2.999; Has Own Geometry: 1; Children Have Geometry: 0; Global X: -0.462273711393717; Global Y: -4.62336291521416; Global Z: 2.999; Bounding Box Length: 0.417193623138019; Bounding Box Width: 0.430638335742174; Bounding Box Height: 3
2SSwrTyh10leD4m4e8lbFL,Storey 3 - Column 2 (W8 - 300 cm),. Project: Project Name; Building: The building; Storey: Level 3; Top Elevation: 6; Bottom Elevation: 3; Global Top Elevation: 6; Global Bottom Elevation: 3; Has Own Geometry: 1; Children Have Geometry: 0; Global X: -2.98577027930878; Global Y: 4.1247596171072; Global Z: 3; Bounding Box Length: 0.417193623138019; Bounding Box Width: 0.430638335742174; Bounding Box Height: 3
1pkBQD_SH2IRYAqWOncD$e,Storey 3 - Column 11 (W8 - 300 cm),. Project: Project Name; Building: The building; Storey: Level 3; Top Elevation: 5.999; Bottom Elevation: 2.999; Global Top Elevation: 5.999; Global Bottom Elevation: 2.999; Has Own Geometry: 1; Children Have Geometry: 0; Global X: -6.23797370060734; Global Y: 0.0611018585644789; Global Z: 2.999; Bounding Box Length: 0.417193623138019; Bounding Box Width: 0.430638335742174; Bounding Box Height: 3
2qd$bhEmrB2B$erOGOTQzO,Storey 3 - Column 12 (W8 - 300 cm),. Project: Project Name; Building: The building; Storey: Level 3; Top Elevation: 5.999; Bottom Elevation: 2.999; Global Top Elevation: 5.999; Global Bottom Elevation: 2.999; Has Own Geometry: 1; Children Have Geometry: 0; Global X: -2.98689017622593; Global Y: -0.0119309058053361; Global Z: 2.999; Bounding Box Length: 0.4; Bounding Box Width: 0.4; Bounding Box Height: 3
0MrgIXBA98HBR0Y6OUNTet,Storey 3 - Column 1 (W8 - 300 cm),. Project: Project Name; Building: The building; Storey: Level 3; Top Elevation: 6; Bottom Elevation: 3; Global Top Elevation: 6; Global Bottom Elevation: 3; Has Own Geometry: 1; Children Have Geometry: 0; Global X: -6.24036367474334; Global Y: 4.05953849394236; Global Z: 3; Bounding Box Length: 0.5; Bounding Box Width: 0.5; Bounding Box Height: 3
0go9D_CKj2OR3txFrPfMOz,Storey 3 - Beam 1 (25 cm),. Project: Project Name; Building: The building; Storey: Level 3; Top Elevation: 6; Bottom Elevation: 5.7; Global Top Elevation: 6; Global Bottom Elevation: 5.7; Has Own Geometry: 1; Children Have Geometry: 0; Global X: -5.94153500670634; Global Y: 4.30605770253116; Global Z: 5.7; Bounding Box Length: 8.85120809691319; Bounding Box Width: 0.251985750878738; Bounding Box Height: 0.3
1z48cbWZT4NBjCMIzejMhR,Storey 3 - Beam 4 (25 cm),. Project: Project Name; Building: The building; Storey: Level 3; Top Elevation: 6; Bottom Elevation: 5.7; Global Top Elevation: 6; Global Bottom Elevation: 5.7; Has Own Geometry: 1; Children Have Geometry: 0; Global X: -6.24036367474334; Global Y: -4.62336291521416; Global Z: 5.7; Bounding Box Length: 0.252389965188302; Bounding Box Width: 8.93296829599264; Bounding Box Height: 0.3
10tVdb70X6qgz9sxxFnZNs,Storey 3 - Beam 3 (25 cm),. Project: Project Name; Building: The building; Storey: Level 3; Top Elevation: 6; Bottom Elevation: 5.7; Global Top Elevation: 6; Global Bottom Elevation: 5.7; Has Own Geometry: 1; Children Have Geometry: 0; Global X: -6.23797370060734; Global Y: -4.62336291521416; Global Z: 5.7; Bounding Box Length: 9.14753461574826; Bounding Box Width: 0.25; Bounding Box Height: 0.3
3drdSk7Aj7NxWmzcJaA4QJ,Storey 3 - Beam 2 (25 cm),. Project: Project Name; Building: The building; Storey: Level 3; Top Elevation: 6; Bottom Elevation: 5.7; Global Top Elevation: 6; Global Bottom Elevation: 5.7; Has Own Geometry: 1; Children Have Geometry: 0; Global X: 2.65956091514092; Global Y: -4.62336291521416; Global Z: 5.7; Bounding Box Length: 0.25; Bounding Box Width: 9.18008348642769; Bounding Box Height: 0.3
1QJTQMhnD7_9tqP4Dg7$7$,Level 5,. Project: Project Name; Building: The building; Top Elevation: 12.02; Bottom Elevation: 8.86; Global Top Elevation: 12.02; Global Bottom Elevation: 8.86; Has Own Geometry: 0; Children Have Geometry: 1; Global X: -7.47384178245836; Global Y: -4.62336291521416; Global Z: 8.86; Bounding Box Length: 10.3839026975993; Bounding Box Width: 10.485773693399; Bounding Box Height: 3.16
3jAmU6lbLBlRobTdDwWJdJ,"Window:1 panel, casement, orthogonal",O1. DST: 0.1; EDP: 2.78456091514092; JUF: 1; JUFD: 0.02; JUK: 1; LBM: 0; OTI: OTI; SRP: 2.78456091514092; SSL: 12; STR3D: 1; WDI: WDI; Project: Project Name; Building: The building; Storey: Level 5; Top Elevation: 11.3; Bottom Elevation: 9.8; Global Top Elevation: 11.3; Global Bottom Elevation: 9.8; Has Own Geometry: 1; Children Have Geometry: 0; Global X: 2.65906091514092; Global Y: -0.372800939951683; Global Z: 9.8; Bounding Box Length: 0.251000000000002; Bounding Box Width: 1.25592669685104; Bounding Box Height: 1.5
3$VMW6dNL6UBAIhERsPdNa,"Window:1 panel, casement, orthogonal",O1. DST: 0.1; EDP: 2.78456091514092; JUF: 1; JUFD: 0.02; JUK: 1; LBM: 0; OTI: OTI; SRP: 2.78456091514092; SSL: 12; STR3D: 1; WDI: WDI; Project: Project Name; Building: The building; Storey: Level 5; Top Elevation: 11.3; Bottom Elevation: 9.8; Global Top Elevation: 11.3; Global Bottom Elevation: 9.8; Has Own Geometry: 1; Children Have Geometry: 0; Global X: 2.65906091514092; Global Y: -3.12604527600844; Global Z: 9.8; Bounding Box Length: 0.251; Bounding Box Width: 1.0556458420739; Bounding Box Height: 1.5
1X2JQdHMT4vupKm_F9WV5l,"Window:1 panel, casement, orthogonal",O1. DST: 0.1; EDP: 2.78456091514092; JUF: 1; JUFD: 0.02; JUK: 1; LBM: 0; OTI: OTI; SRP: 2.78456091514092; SSL: 12; STR3D: 1; WDI: WDI; Project: Project Name; Building: The building; Storey: Level 5; Top Elevation: 11.3; Bottom Elevation: 9.8; Global Top Elevation: 11.3; Global Bottom Elevation: 9.8; Has Own Geometry: 1; Children Have Geometry: 0; Global X: 2.65906091514092; Global Y: -4.19272457947199; Global Z: 9.8; Bounding Box Length: 0.251; Bounding Box Width: 1.06591961765604; Bounding Box Height: 1.5
2Zeb_UD1n62u_mb0WGtZF8,"Window:1 panel, casement, orthogonal",O1. DST: 0.1; EDP: 2.78456091514092; JUF: 1; JUFD: 0.02; JUK: 1; LBM: 0; OTI: OTI; SRP: 2.78456091514092; SSL: 12; STR3D: 1; WDI: WDI; Project: Project Name; Building: The building; Storey: Level 5; Top Elevation: 11.3; Bottom Elevation: 9.8; Global Top Elevation: 11.3; Global Bottom Elevation: 9.8; Has Own Geometry: 1; Children Have Geometry: 0; Global X: 2.65906091514092; Global Y: -1.63976109819237; Global Z: 9.8; Bounding Box Length: 0.251; Bounding Box Width: 1.26696015824069; Bounding Box Height: 1.5
0$nusNJOT5egV1yLvNIeee,"Window:1 panel, casement, orthogonal",O1. DST: 0.1; EDP: -6.11529806319104; JUF: 1; JUFD: 0.02; JUK: 1; LBM: 0; OTI: OTI; SRP: -6.11498596925805; SSL: 1; STR3D: 2; WDI: WDI; Project: Project Name; Building: The building; Storey: Level 5; Top Elevation: 11.2; Bottom Elevation: 9; Global Top Elevation: 11.2; Global Bottom Elevation: 9; Has Own Geometry: 1; Children Have Geometry: 0; Global X: -6.2407980586993; Global Y: 2.89778842720691; Global Z: 9; Bounding Box Length: 0.251312084949507; Bounding Box Width: 1.16656694693618; Bounding Box Height: 2.2
0W89Op6G589ewb4LUWoG3F,"Window:1 panel, casement, orthogonal",O1. DST: 0.1; EDP: -6.11463565549613; JUF: 1; JUFD: 0.02; JUK: 1; LBM: 0; OTI: OTI; SRP: -6.11432734244972; SSL: 12; STR3D: 1; WDI: WDI; Project: Project Name; Building: The building; Storey: Level 5; Top Elevation: 11.2; Bottom Elevation: 9; Global Top Elevation: 11.2; Global Bottom Elevation: 9; Has Own Geometry: 1; Children Have Geometry: 0; Global X: -6.24013565100439; Global Y: 0.436067919209455; Global Z: 9; Bounding Box Length: 0.251308304062925; Bounding Box Width: 1.15243529313077; Bounding Box Height: 2.2
0xUxjXHtnB3uRHezq2XpP8,"Window:1 panel, casement, orthogonal",O1. DST: 0.1; EDP: 1.76305569750848; JUF: 1; JUFD: 0.02; JUK: 1; LBM: 0; OTI: OTI; SRP: 0.507658192186572; SSL: 12; STR3D: 1; WDI: WDI; Project: Project Name; Building: The building; Storey: Level 5; Top Elevation: 11.2; Bottom Elevation: 9; Global Top Elevation: 11.2; Global Bottom Elevation: 9; Has Own Geometry: 1; Children Have Geometry: 0; Global X: 0.507630036245024; Global Y: 4.30700457363307; Global Z: 9; Bounding Box Length: 1.25545381720501; Bounding Box Width: 0.25128164228615; Bounding Box Height: 2.2
2V_SwdMgb0sBzEqhiIlQ7c,"Window:1 panel, casement, orthogonal",O1. DST: 0.1; EDP: -1.77619822352992; JUF: 1; JUFD: 0.02; JUK: 1; LBM: 0; OTI: OTI; SRP: -2.56864554395377; SSL: 1; STR3D: 0; WDI: WDI; Project: Project Name; Building: The building; Storey: Level 5; Top Elevation: 11.2; Bottom Elevation: 9; Global Top Elevation: 11.2; Global Bottom Elevation: 9; Has Own Geometry: 1; Children Have Geometry: 0; Global X: -2.56867369989532; Global Y: 4.30631440446687; Global Z: 9; Bounding Box Length: 0.792503632306945; Bounding Box Width: 0.251177779348513; Bounding Box Height: 2.2
2UWiEIWZTEsAp2mhPeIC4Y,"Window:2 panels, casement, orthogonal",O1. DST: 0.1; EDP: 2.65956091514092; JUF: 1; JUFD: 0.02; JUK: 1; LBM: 0; OTI: OTI; SRP: 0.921801270602144; SSL: 3; STR3D: 0; WDI: WDI; Project: Project Name; Building: The building; Storey: Level 5; Top Elevation: 11.2; Bottom Elevation: 9; Global Top Elevation: 11.2; Global Bottom Elevation: 9; Has Own Geometry: 1; Children Have Geometry: 0; Global X: 0.921801270602144; Global Y: 1.89245232917499; Global Z: 9; Bounding Box Length: 1.73775964453877; Bounding Box Width: 0.101000000000001; Bounding Box Height: 2.2
0ExtvIeyb5jhBCml1AHm5Q,"Window:1 panel, casement, orthogonal",O1. DST: 0.1; EDP: -0.271916501487978; JUF: 1; JUFD: 0.02; JUK: 1; LBM: 0; OTI: OTI; SRP: -0.271916501487978; SSL: 1; STR3D: 0; WDI: WDI; Project: Project Name; Building: The building; Storey: Level 5; Top Elevation: 11.2; Bottom Elevation: 9; Global Top Elevation: 11.2; Global Bottom Elevation: 9; Has Own Geometry: 1; Children Have Geometry: 0; Global X: -0.322416501487978; Global Y: -0.733382669788746; Global Z: 9; Bounding Box Length: 0.101000000000001; Bounding Box Width: 0.721451763983412; Bounding Box Height: 2.2
0VO8pETU1FxvklRHGoClkA,"Window:1 panel, casement, orthogonal",O1. DST: 0.1; EDP: -4.59989827907392; JUF: 1; JUFD: 0.02; JUK: 1; LBM: 0; OTI: OTI; SRP: -5.78249238195729; SSL: 1; STR3D: 0; WDI: WDI; Project: Project Name; Building: The building; Storey: Level 5; Top Elevation: 11.2; Bottom Elevation: 9; Global Top Elevation: 11.2; Global Bottom Elevation: 9; Has Own Geometry: 1; Children Have Geometry: 0; Global X: -5.78252053789884; Global Y: 4.30559337748685; Global Z: 9; Bounding Box Length: 1.18265041476647; Bounding Box Width: 0.251265308832803; Bounding Box Height: 2.2
21zL$FSv189OEvEiXbjZyt,"Window:2 panels, casement, orthogonal",O1. DST: 0.1; EDP: -3.08688910932912; JUF: 1; JUFD: 0.02; JUK: 1; LBM: 0; OTI: OTI; SRP: -4.82464875347233; SSL: 3; STR3D: 0; WDI: WDI; Project: Project Name; Building: The building; Storey: Level 5; Top Elevation: 11.2; Bottom Elevation: 9; Global Top Elevation: 11.2; Global Bottom Elevation: 9; Has Own Geometry: 1; Children Have Geometry: 0; Global X: -4.82464983098063; Global Y: 1.89240991677172; Global Z: 9; Bounding Box Length: 1.73776179915981; Bounding Box Width: 0.101037078203642; Bounding Box Height: 2.2
2Aso$8Pf9EyRfowzeV_PkT,"Window:1 panel, casement, orthogonal",O1. DST: 0.1; EDP: -6.11365878148786; JUF: 1; JUFD: 0.02; JUK: 1; LBM: 0; OTI: OTI; SRP: -6.11331600045868; SSL: 12; STR3D: 1; WDI: WDI; Project: Project Name; Building: The building; Storey: Level 5; Top Elevation: 11.2; Bottom Elevation: 9; Global Top Elevation: 11.2; Global Bottom Elevation: 9; Has Own Geometry: 1; Children Have Geometry: 0; Global X: -6.23915877699612; Global Y: -3.34398064319293; Global Z: 9; Bounding Box Length: 0.251342772045699; Bounding Box Width: 1.28126475921258; Bounding Box Height: 2.2
0zPRRIEhb7Z9Cxf8U58Mx6,"Door:1 panel, casement, orthogonal, compact",O1. DST: 0.1; EDP: 0.931850327318929; JUF: 1; JUFD: 0.02; JUK: 1; LBM: 0; OTI: OTI; SRP: 0.931850327318933; SSL: 1; STR3D: 3; WDI: WDI; Project: Project Name; Building: The building; Storey: Level 5; Top Elevation: 11.2; Bottom Elevation: 9; Global Top Elevation: 11.2; Global Bottom Elevation: 9; Has Own Geometry: 1; Children Have Geometry: 0; Global X: 0.881350327318929; Global Y: -2.58976109819237; Global Z: 9; Bounding Box Length: 0.101000000000004; Bounding Box Width: 0.850000000000001; Bounding Box Height: 2.2
1By84BxLr0A8uSf8slWZY2,"Door:1 panel, casement, orthogonal, compact",O1. DST: 0.1; EDP: -0.271916501487978; JUF: 1; JUFD: 0.02; JUK: 1; LBM: 0; OTI: OTI; SRP: -0.271916501487978; SSL: 1; STR3D: 1; WDI: WDI; Project: Project Name; Building: The building; Storey: Level 5; Top Elevation: 11.2; Bottom Elevation: 9; Global Top Elevation: 11.2; Global Bottom Elevation: 9; Has Own Geometry: 1; Children Have Geometry: 0; Global X: -0.322416501487978; Global Y: -1.60566741853478; Global Z: 9; Bounding Box Length: 0.101; Bounding Box Width: 0.872284748746033; Bounding Box Height: 2.2
3plXByCfH6V9DQyPz$QzQU,"Door:1 panel, sliding, compact",O1. DST: 0.1; EDP: -1.45168698646103; JUF: 1; JUFD: 0.02; JUK: 1; LBM: 0; OTI: OTI; SRP: -1.45168698646103; SSL: 50; STR3D: 2; WDI: WDI; Project: Project Name; Building: The building; Storey: Level 5; Top Elevation: 11.2; Bottom Elevation: 9; Global Top Elevation: 11.2; Global Bottom Elevation: 9; Has Own Geometry: 1; Children Have Geometry: 0; Global X: -1.52668698646103; Global Y: 0.238069094194664; Global Z: 9; Bounding Box Length: 0.125500000000001; Bounding Box Width: 1.50488323498033; Bounding Box Height: 2.2
0f5EzEHpvBHeS9k4vzknMs,"Door:1 panel, casement, orthogonal, compact",O1. DST: 0.1; EDP: 0.595882244643759; JUF: 1; JUFD: 0.02; JUK: 1; LBM: 0; OTI: OTI; SRP: -0.104117755356241; SSL: 1; STR3D: 1; WDI: WDI; Project: Project Name; Building: The building; Storey: Level 5; Top Elevation: 11.2; Bottom Elevation: 9; Global Top Elevation: 11.2; Global Bottom Elevation: 9; Has Own Geometry: 1; Children Have Geometry: 0; Global X: -0.104117755356241; Global Y: -2.712154585395; Global Z: 9; Bounding Box Length: 0.7; Bounding Box Width: 0.100999999999999; Bounding Box Height: 2.2
2nBor2h2LDdRgmXuWXJvIr,"Door:1 panel, casement, orthogonal, compact",O1. DST: 0.1; EDP: -4.82464875347233; JUF: 1; JUFD: 0.02; JUK: 1; LBM: 0; OTI: OTI; SRP: -5.67464875327884; SSL: 1; STR3D: 0; WDI: WDI; Project: Project Name; Building: The building; Storey: Level 5; Top Elevation: 11.2; Bottom Elevation: 9; Global Top Elevation: 11.2; Global Bottom Elevation: 9; Has Own Geometry: 1; Children Have Geometry: 0; Global X: -5.67464983078714; Global Y: 1.89239178049336; Global Z: 9; Bounding Box Length: 0.85000215482312; Bounding Box Width: 0.101018136255371; Bounding Box Height: 2.2
1wDkhtWcn0YQWAV_SEGlS_,"Door:1 panel, casement, orthogonal, compact",O1. DST: 0.1; EDP: 0.921801270602144; JUF: 1; JUFD: 0.02; JUK: 1; LBM: 0; OTI: OTI; SRP: 0.0718012706021438; SSL: 1; STR3D: 0; WDI: WDI; Project: Project Name; Building: The building; Storey: Level 5; Top Elevation: 11.2; Bottom Elevation: 9; Global Top Elevation: 11.2; Global Bottom Elevation: 9; Has Own Geometry: 1; Children Have Geometry: 0; Global X: 0.0718012706021436; Global Y: 1.89245232917499; Global Z: 9; Bounding Box Length: 0.85; Bounding Box Width: 0.101000000000001; Bounding Box Height: 2.2
1E5Rp2uInCIw$m4f80EKL0,"Door:1 panel, sliding, orthogonal, glass",O1. DST: 0.1; EDP: -0.271916501487978; JUF: 1; JUFD: 0.02; JUK: 1; LBM: 0; OTI: OTI; SRP: -0.271916501487978; SSL: 44; STR3D: 0; WDI: WDI; Project: Project Name; Building: The building; Storey: Level 5; Top Elevation: 11.2; Bottom Elevation: 9; Global Top Elevation: 11.2; Global Bottom Elevation: 9; Has Own Geometry: 1; Children Have Geometry: 0; Global X: -0.322416501487978; Global Y: -3.13976109819238; Global Z: 9; Bounding Box Length: 0.101; Bounding Box Width: 1.4; Bounding Box Height: 2.2
1ZXp70$$P0Exv5P5_c3aLO,"Door:1 panel, casement, orthogonal, compact",O1. DST: 0.1; EDP: -2.58689017622593; JUF: 1; JUFD: 0.02; JUK: 1; LBM: 0; OTI: OTI; SRP: -1.68689017622593; SSL: 1; STR3D: 0; WDI: WDI; Project: Project Name; Building: The building; Storey: Level 5; Top Elevation: 11.2; Bottom Elevation: 9; Global Top Elevation: 11.2; Global Bottom Elevation: 9; Has Own Geometry: 1; Children Have Geometry: 0; Global X: -2.58689017622593; Global Y: -0.0124309058053349; Global Z: 9; Bounding Box Length: 0.9; Bounding Box Width: 0.250999999999999; Bounding Box Height: 2.2
3kZt1icsnFt98DtMIVtwdX,Storey 5 - Slab 1 (14 cm),. HWPO: 0; SC2D: 6; SC3D1: 8; SC3D2: 8; SCSC: 8; Project: Project Name; Building: The building; Storey: Level 5; Top Elevation: 9; Bottom Elevation: 8.86; Global Top Elevation: 9; Global Bottom Elevation: 8.86; Has Own Geometry: 1; Children Have Geometry: 0; Global X: 0.114581181331815; Global Y: 4.55741638673906; Global Z: 8.86; Bounding Box Length: 2.15962537096542; Bounding Box Width: 1.30499439144578; Bounding Box Height: 0.140000000000001
2midM9zJ1FQw3CacbNvWYl,Storey 5 - Slab 2 (14 cm),. HWPO: 0; SC2D: 6; SC3D1: 8; SC3D2: 8; SCSC: 8; Project: Project Name; Building: The building; Storey: Level 5; Top Elevation: 9; Bottom Elevation: 8.86; Global Top Elevation: 9; Global Bottom Elevation: 8.86; Has Own Geometry: 1; Children Have Geometry: 0; Global X: -7.46347158248146; Global Y: -4.15675739297293; Global Z: 8.86; Bounding Box Length: 1.22536997254328; Bounding Box Width: 2.60896732116561; Bounding Box Height: 0.140000000000001
2dpnUdDpD8W9Yf$94XMVMM,Storey 5 - Slab 3 (14 cm),. HWPO: 0; SC2D: 6; SC3D1: 8; SC3D2: 8; SCSC: 8; Project: Project Name; Building: The building; Storey: Level 5; Top Elevation: 9; Bottom Elevation: 8.86; Global Top Elevation: 9; Global Bottom Elevation: 8.86; Has Own Geometry: 1; Children Have Geometry: 0; Global X: -7.47384178245836; Global Y: -0.733177254555272; Global Z: 8.86; Bounding Box Length: 1.23482727297076; Bounding Box Width: 3.56885726773378; Bounding Box Height: 0.140000000000001
0Rh3HoIkz8x9lquVXajxt4,Storey 5 - Slab 9 (16 cm),. HWPO: 0; SC2D: 6; SC3D1: 8; SC3D2: 8; SCSC: 8; Project: Project Name; Building: The building; Storey: Level 5; Top Elevation: 12.02; Bottom Elevation: 11.86; Global Top Elevation: 12.02; Global Bottom Elevation: 11.86; Has Own Geometry: 1; Children Have Geometry: 1; Global X: -6.24036367474334; Global Y: -4.62336291521416; Global Z: 11.86; Bounding Box Length: 9.14992458988426; Bounding Box Width: 9.18215563511029; Bounding Box Height: 0.16
2g8_EBEZv0Vx_vV4M6dEOt,Storey 5 - Slab 9 (16 cm) - Opening 1,. Project: Project Name; Building: The building; Storey: Level 5; Top Elevation: 12.02; Bottom Elevation: 11.86; Global Top Elevation: 12.02; Global Bottom Elevation: 11.86; Has Own Geometry: 1; Children Have Geometry: 0; Global X: -1.82628300470128; Global Y: 1.99295232917499; Global Z: 11.86; Bounding Box Length: 1.65436649818; Bounding Box Width: 2.31439965898614; Bounding Box Height: 0.16
38llBt0n5DrgsgyTXdYDRq,Storey 5 - Slab 8 (14 cm),. HWPO: 0; SC2D: 6; SC3D1: 8; SC3D2: 8; SCSC: 8; Project: Project Name; Building: The building; Storey: Level 5; Top Elevation: 9; Bottom Elevation: 8.86; Global Top Elevation: 9; Global Bottom Elevation: 8.86; Has Own Geometry: 1; Children Have Geometry: 1; Global X: -6.24036367474334; Global Y: -4.62336291521416; Global Z: 8.86; Bounding Box Length: 9.14992458988426; Bounding Box Width: 9.18215563511029; Bounding Box Height: 0.140000000000001
1h7eeRERL17BNQAxGkJ_AU,Storey 5 - Slab 8 (14 cm) - Opening 1,. Project: Project Name; Building: The building; Storey: Level 5; Top Elevation: 9; Bottom Elevation: 8.86; Global Top Elevation: 9; Global Bottom Elevation: 8.86; Has Own Geometry: 1; Children Have Geometry: 0; Global X: -1.82628300470128; Global Y: 1.99295232917499; Global Z: 8.86; Bounding Box Length: 1.65436649818; Bounding Box Width: 2.31439965898614; Bounding Box Height: 0.140000000000001
1GIgm8xsv6JP1QhXeglIFH,Storey 5 - Railing 1,. ELV: 0; HWPO: 0; KCLR: 256; KND: 1; KTHK: 0.03; KWTH: 0.1; MLGT: 0.5; RC2D: 256; RC3D: 256; RHGT: 0.6; RTHK: 0.05; SFRM: SFRM; SFRMCL: 0; SPT: -6.39911149040379; TYP: 5; WC2D: 256; WC3D: 256; WHGT: 0.3; WWTH: 0.1; Project: Project Name; Building: The building; Storey: Level 5; Top Elevation: 9.93; Bottom Elevation: 9; Global Top Elevation: 9.93; Global Bottom Elevation: 9; Has Own Geometry: 1; Children Have Geometry: 0; Global X: -7.45748716726591; Global Y: -4.15675739297293; Global Z: 9; Bounding Box Length: 1.21938555732774; Bounding Box Width: 2.60896732116563; Bounding Box Height: 0.93
0vb_u3S4n7shIBnNAXWssh,Storey 5 - Railing 2,. ELV: 0; HWPO: 0; KCLR: 256; KND: 1; KTHK: 0.03; KWTH: 0.1; MLGT: 0.5; RC2D: 256; RC3D: 256; RHGT: 0.6; RTHK: 0.05; SFRM: SFRM; SFRMCL: 0; SPT: -6.85642814597299; TYP: 5; WC2D: 256; WC3D: 256; WHGT: 0.3; WWTH: 0.1; Project: Project Name; Building: The building; Storey: Level 5; Top Elevation: 9.93; Bottom Elevation: 9; Global Top Elevation: 9.93; Global Bottom Elevation: 9; Has Own Geometry: 1; Children Have Geometry: 0; Global X: -7.47384178245836; Global Y: -0.733177254555272; Global Z: 9; Bounding Box Length: 1.23482727297076; Bounding Box Width: 3.56885726773378; Bounding Box Height: 0.93
2bQuGiu7P2IBkZ_wO04NWi,Storey 5 - Railing 3,. ELV: 0; HWPO: 0; KCLR: 256; KND: 1; KTHK: 0.03; KWTH: 0.1; MLGT: 0.5; RC2D: 256; RC3D: 256; RHGT: 0.6; RTHK: 0.05; SFRM: SFRM; SFRMCL: 0; SPT: 0.214581182393902; TYP: 5; WC2D: 256; WC3D: 256; WHGT: 0.3; WWTH: 0.1; Project: Project Name; Building: The building; Storey: Level 5; Top Elevation: 9.93; Bottom Elevation: 9; Global Top Elevation: 9.93; Global Bottom Elevation: 9; Has Own Geometry: 1; Children Have Geometry: 0; Global X: 0.114581181331815; Global Y: 4.55741638607798; Global Z: 9; Bounding Box Length: 2.15962537096542; Bounding Box Width: 1.30499439210685; Bounding Box Height: 0.93
3wDk5dZ3n3qxtoP4viYCi$,gW7_a17,3D - ÕäñáõëéêÜ. Project: Project Name; Building: The building; Storey: Level 5; Top Elevation: 9.94999999354377; Bottom Elevation: 9.56943831032321; Global Top Elevation: 9.94999999354377; Global Bottom Elevation: 9.56943831032321; Has Own Geometry: 1; Children Have Geometry: 0; Global X: 0.466231246362472; Global Y: -3.59993112716625; Global Z: 9.56943831032321; Bounding Box Length: 0.416604449226937; Bounding Box Width: 0.540245916744777; Bounding Box Height: 0.380561683220556
3Nt4TY1xnEfASxvJNO5Oda,gW7_a2,3D - ÕäñáõëéêÜ. Project: Project Name; Building: The building; Storey: Level 5; Top Elevation: 9.568185; Bottom Elevation: 9; Global Top Elevation: 9.568185; Global Bottom Elevation: 9; Has Own Geometry: 1; Children Have Geometry: 0; Global X: 0.0490760537972816; Global Y: -4.37384102920477; Global Z: 9; Bounding Box Length: 0.495000000000004; Bounding Box Width: 0.675220400529838; Bounding Box Height: 0.568185
2$jfWYSST5pP9UDE8P$yFX,Wall 25 cm,. IsExternal: 1; WAHG: 3; WHLR: 4360BCB87279860; Project: Project Name; Building: The building; Storey: Level 5; Top Elevation: 12; Bottom Elevation: 9; Global Top Elevation: 12; Global Bottom Elevation: 9; Has Own Geometry: 1; Children Have Geometry: 1; Global X: 2.65956091514092; Global Y: -4.62336291521416; Global Z: 9; Bounding Box Length: 0.250000000000001; Bounding Box Width: 8.93140634974919; Bounding Box Height: 3
1vcdBBrnv62QvDA5$TKO7w,Opening Shape:Orthogonal,. Project: Project Name; Building: The building; Storey: Level 5; Top Elevation: 11.3; Bottom Elevation: 9.8; Global Top Elevation: 11.3; Global Bottom Elevation: 9.8; Has Own Geometry: 1; Children Have Geometry: 0; Global X: 2.65956091514092; Global Y: -4.19272457947199; Global Z: 9.8; Bounding Box Length: 0.25; Bounding Box Width: 1.06591961765604; Bounding Box Height: 1.5
1shTJtzTr8yvLEw5x7bsQS,Opening Shape:Orthogonal,. Project: Project Name; Building: The building; Storey: Level 5; Top Elevation: 11.3; Bottom Elevation: 9.8; Global Top Elevation: 11.3; Global Bottom Elevation: 9.8; Has Own Geometry: 1; Children Have Geometry: 0; Global X: 2.65956091514092; Global Y: -0.372800939951681; Global Z: 9.8; Bounding Box Length: 0.250000000000001; Bounding Box Width: 1.25592669685104; Bounding Box Height: 1.5
2LqNo8bR9EaAeWWBfFwRTQ,Opening Shape:Orthogonal,. Project: Project Name; Building: The building; Storey: Level 5; Top Elevation: 11.3; Bottom Elevation: 9.8; Global Top Elevation: 11.3; Global Bottom Elevation: 9.8; Has Own Geometry: 1; Children Have Geometry: 0; Global X: 2.65956091514092; Global Y: -1.63976109819237; Global Z: 9.8; Bounding Box Length: 0.25; Bounding Box Width: 1.26696015824069; Bounding Box Height: 1.5
0WgvVO5jT0C9VroHb$VOT_,Opening Shape:Orthogonal,. Project: Project Name; Building: The building; Storey: Level 5; Top Elevation: 11.3; Bottom Elevation: 9.8; Global Top Elevation: 11.3; Global Bottom Elevation: 9.8; Has Own Geometry: 1; Children Have Geometry: 0; Global X: 2.65956091514092; Global Y: -3.12604527600844; Global Z: 9.8; Bounding Box Length: 0.25; Bounding Box Width: 1.0556458420739; Bounding Box Height: 1.5
3W0wfKHh91Nw3A1jO1k_J3,Wall 10 cm,. IsExternal: 0; WAHG: 3; WHLR: 4360BCB872F7C5F; Project: Project Name; Building: The building; Storey: Level 5; Top Elevation: 12; Bottom Elevation: 9; Global Top Elevation: 12; Global Bottom Elevation: 9; Has Own Geometry: 1; Children Have Geometry: 1; Global X: -0.221916501487978; Global Y: -2.711654585395; Global Z: 9; Bounding Box Length: 1.10376682880691; Bounding Box Width: 0.100000000000005; Bounding Box Height: 3
0x7h$6u6r8IADYiX5mytWP,Opening Shape:Orthogonal,. Project: Project Name; Building: The building; Storey: Level 5; Top Elevation: 11.2; Bottom Elevation: 9; Global Top Elevation: 11.2; Global Bottom Elevation: 9; Has Own Geometry: 1; Children Have Geometry: 0; Global X: -0.104117755356241; Global Y: -2.711654585395; Global Z: 9; Bounding Box Length: 0.7; Bounding Box Width: 0.100000000000001; Bounding Box Height: 2.2
3ILAidrV90XvT8Qwfi12LO,Wall 15 cm,. IsExternal: 0; WAHG: 3; WHLR: 4360BCB87297571; Project: Project Name; Building: The building; Storey: Level 5; Top Elevation: 12; Bottom Elevation: 9; Global Top Elevation: 12; Global Bottom Elevation: 9; Has Own Geometry: 1; Children Have Geometry: 0; Global X: -2.98689017622593; Global Y: -0.0119309058053361; Global Z: 9; Bounding Box Length: 0.15; Bounding Box Width: 4.31868512324787; Bounding Box Height: 3
2shEcxFMXD1hRoSmupv1Jq,Wall 10 cm,. IsExternal: 0; WAHG: 3; WHLR: 4360BCB872F8027; Project: Project Name; Building: The building; Storey: Level 5; Top Elevation: 12; Bottom Elevation: 9; Global Top Elevation: 12; Global Bottom Elevation: 9; Has Own Geometry: 1; Children Have Geometry: 1; Global X: 0.0278311166827145; Global Y: 1.89295232917499; Global Z: 9; Bounding Box Length: 2.6317297984582; Bounding Box Width: 0.0999999999999996; Bounding Box Height: 3
3FhSzfZfnECgHaMI2ZUfc5,Opening Shape:Orthogonal,. Project: Project Name; Building: The building; Storey: Level 5; Top Elevation: 11.2; Bottom Elevation: 9; Global Top Elevation: 11.2; Global Bottom Elevation: 9; Has Own Geometry: 1; Children Have Geometry: 0; Global X: 0.0718012706021436; Global Y: 1.89295232917499; Global Z: 9; Bounding Box Length: 0.85; Bounding Box Width: 0.0999999999999996; Bounding Box Height: 2.2
1Aj0P3LsjAd8nCZWGh92N2,Opening Shape:Orthogonal,. Project: Project Name; Building: The building; Storey: Level 5; Top Elevation: 11.2; Bottom Elevation: 9; Global Top Elevation: 11.2; Global Bottom Elevation: 9; Has Own Geometry: 1; Children Have Geometry: 0; Global X: 0.921801270602144; Global Y: 1.89295232917499; Global Z: 9; Bounding Box Length: 1.73775964453877; Bounding Box Width: 0.0999999999999996; Bounding Box Height: 2.2
3j4lZXPW1E_AxfRZboYVIs,Wall 10 cm,. IsExternal: 0; WAHG: 3; WHLR: 4360BCB872F83EF; Project: Project Name; Building: The building; Storey: Level 5; Top Elevation: 12; Bottom Elevation: 9; Global Top Elevation: 12; Global Bottom Elevation: 9; Has Own Geometry: 1; Children Have Geometry: 1; Global X: -5.98974385129844; Global Y: 1.89288505792086; Global Z: 9; Bounding Box Length: 3.00285580875231; Bounding Box Width: 0.100064070734422; Bounding Box Height: 3
2$WIGrm7f0w9dpNBC2Aw56,Opening Shape:Orthogonal,. Project: Project Name; Building: The building; Storey: Level 5; Top Elevation: 11.2; Bottom Elevation: 9; Global Top Elevation: 11.2; Global Bottom Elevation: 9; Has Own Geometry: 1; Children Have Geometry: 0; Global X: -5.67464982011874; Global Y: 1.89289178049324; Global Z: 9; Bounding Box Length: 0.850002133486321; Bounding Box Width: 0.100018136255597; Bounding Box Height: 2.2
3OI0wrqQXFTu2jim4dDtAv,Opening Shape:Orthogonal,. Project: Project Name; Building: The building; Storey: Level 5; Top Elevation: 11.2; Bottom Elevation: 9; Global Top Elevation: 11.2; Global Bottom Elevation: 9; Has Own Geometry: 1; Children Have Geometry: 0; Global X: -4.82464982031223; Global Y: 1.89290991677161; Global Z: 9; Bounding Box Length: 1.73776177782302; Bounding Box Width: 0.10003707820387; Bounding Box Height: 2.2
1DN44ui_TCmeL2l5H258n0,Wall 25 cm,. IsExternal: 1; WAHG: 3; WHLR: 4360BCB87304EC9; Project: Project Name; Building: The building; Storey: Level 5; Top Elevation: 12; Bottom Elevation: 9; Global Top Elevation: 12; Global Bottom Elevation: 9; Has Own Geometry: 1; Children Have Geometry: 1; Global X: -5.94153500670634; Global Y: 4.30605770253116; Global Z: 9; Bounding Box Length: 8.85120809691319; Bounding Box Width: 0.251985750878738; Bounding Box Height: 3
3J5k9nSfP7o8WA4_VYMj$Z,Opening Shape:Orthogonal,. Project: Project Name; Building: The building; Storey: Level 5; Top Elevation: 11.2; Bottom Elevation: 9; Global Top Elevation: 11.2; Global Bottom Elevation: 9; Has Own Geometry: 1; Children Have Geometry: 0; Global X: 0.50763014842009; Global Y: 4.30750457362049; Global Z: 9; Bounding Box Length: 1.25545359285487; Bounding Box Width: 0.250281642311318; Bounding Box Height: 2.2
1I3csN7yz37e0MXMF0fpaK,Opening Shape:Square,. Project: Project Name; Building: The building; Storey: Level 5; Top Elevation: 11.2; Bottom Elevation: 9; Global Top Elevation: 11.2; Global Bottom Elevation: 9; Has Own Geometry: 1; Children Have Geometry: 0; Global X: -5.78252042572377; Global Y: 4.30609337747427; Global Z: 9; Bounding Box Length: 1.18265019041633; Bounding Box Width: 0.250265308857971; Bounding Box Height: 2.2
0NF2Hw_0rFO9QyUk$9be7P,Opening Shape:Square,. Project: Project Name; Building: The building; Storey: Level 5; Top Elevation: 11.2; Bottom Elevation: 9; Global Top Elevation: 11.2; Global Bottom Elevation: 9; Has Own Geometry: 1; Children Have Geometry: 0; Global X: -2.56867358772025; Global Y: 4.30681440445429; Global Z: 9; Bounding Box Length: 0.792503407956812; Bounding Box Width: 0.250177779373677; Bounding Box Height: 2.2
3ZPNs46lD0aA1fkSASez1e,Wall 10 cm,. IsExternal: 0; WAHG: 3; WHLR: 4360BCB872F7BAA; Project: Project Name; Building: The building; Storey: Level 5; Top Elevation: 12; Bottom Elevation: 9; Global Top Elevation: 12; Global Bottom Elevation: 9; Has Own Geometry: 1; Children Have Geometry: 0; Global X: -0.221916501487978; Global Y: -1.73976109819238; Global Z: 9; Bounding Box Length: 2.8814774166289; Bounding Box Width: 0.100000000000012; Bounding Box Height: 3
3U_DVj7v90Ewx1nNjN80SD,Wall 10 cm,. IsExternal: 0; WAHG: 3; WHLR: 4360BCB872975C0; Project: Project Name; Building: The building; Storey: Level 5; Top Elevation: 12; Bottom Elevation: 11.2; Global Top Elevation: 12; Global Bottom Elevation: 11.2; Has Own Geometry: 1; Children Have Geometry: 1; Global X: -1.50168698646103; Global Y: 0.238069094194664; Global Z: 11.2; Bounding Box Length: 0.1; Bounding Box Width: 1.50488323498033; Bounding Box Height: 0.800000000000001
3v3p7n$mT5GAQBuY8fLolN,Opening Shape:Orthogonal,. Project: Project Name; Building: The building; Storey: Level 5; Top Elevation: 11.2; Bottom Elevation: 9; Global Top Elevation: 11.2; Global Bottom Elevation: 9; Has Own Geometry: 1; Children Have Geometry: 0; Global X: -1.50168698646103; Global Y: 0.238069094194664; Global Z: 9; Bounding Box Length: 0.1; Bounding Box Width: 1.50488323498033; Bounding Box Height: 2.2
3otq09XtTEp90wQJ2yTSaw,Wall 25 cm,. IsExternal: 1; WAHG: 3; WHLR: 4360BCB8729752B; Project: Project Name; Building: The building; Storey: Level 5; Top Elevation: 12; Bottom Elevation: 9; Global Top Elevation: 12; Global Bottom Elevation: 9; Has Own Geometry: 1; Children Have Geometry: 0; Global X: -0.222460228742471; Global Y: -0.0119309058053361; Global Z: 9; Bounding Box Length: 0.250543727254493; Bounding Box Width: 4.31932775849931; Bounding Box Height: 3
0gk6Q0uVP3tgObgGwW1Z4Z,Wall 25 cm,. IsExternal: 1; WAHG: 3; WHLR: 4360BCB872798B0; Project: Project Name; Building: The building; Storey: Level 5; Top Elevation: 12; Bottom Elevation: 9; Global Top Elevation: 12; Global Bottom Elevation: 9; Has Own Geometry: 1; Children Have Geometry: 0; Global X: -6.23797370060734; Global Y: -4.62336291521416; Global Z: 9; Bounding Box Length: 9.14753461574826; Bounding Box Width: 0.25; Bounding Box Height: 3
0xA20z_nT229$$gVnXyU2S,Wall 25 cm,. IsExternal: 1; WAHG: 3; WHLR: 4360BCB8729754F; Project: Project Name; Building: The building; Storey: Level 5; Top Elevation: 12; Bottom Elevation: 9; Global Top Elevation: 12; Global Bottom Elevation: 9; Has Own Geometry: 1; Children Have Geometry: 1; Global X: -2.98689017622593; Global Y: -0.0119309058053361; Global Z: 9; Bounding Box Length: 2.76494220186833; Bounding Box Width: 0.250000000000002; Bounding Box Height: 3
3nC7l4gy5F09oD7MJfZeaS,Opening Shape:Orthogonal,. Project: Project Name; Building: The building; Storey: Level 5; Top Elevation: 11.2; Bottom Elevation: 9; Global Top Elevation: 11.2; Global Bottom Elevation: 9; Has Own Geometry: 1; Children Have Geometry: 0; Global X: -2.58689017622593; Global Y: -0.0119309058053361; Global Z: 9; Bounding Box Length: 0.9; Bounding Box Width: 0.250000000000002; Bounding Box Height: 2.2
2QR2cB32r8afteRJkgTEQY,Wall 25 cm,. IsExternal: 1; WAHG: 3; WHLR: 4360BCB872798FB; Project: Project Name; Building: The building; Storey: Level 5; Top Elevation: 12; Bottom Elevation: 9; Global Top Elevation: 12; Global Bottom Elevation: 9; Has Own Geometry: 1; Children Have Geometry: 1; Global X: -6.24036367474334; Global Y: -4.62336291521416; Global Z: 9; Bounding Box Length: 0.252323096245186; Bounding Box Width: 8.93296829599264; Bounding Box Height: 3
32QWLlk5PD5x1_fwACiaPY,Opening Shape:Square,. Project: Project Name; Building: The building; Storey: Level 5; Top Elevation: 11.2; Bottom Elevation: 9; Global Top Elevation: 11.2; Global Bottom Elevation: 9; Has Own Geometry: 1; Children Have Geometry: 0; Global X: -6.24029805871719; Global Y: 2.89778856098058; Global Z: 9; Bounding Box Length: 0.250312084985298; Bounding Box Width: 1.16656667938884; Bounding Box Height: 2.2
2i6OQsyXfDcA3NNd0vlf$8,Opening Shape:Orthogonal,. Project: Project Name; Building: The building; Storey: Level 5; Top Elevation: 11.2; Bottom Elevation: 9; Global Top Elevation: 11.2; Global Bottom Elevation: 9; Has Own Geometry: 1; Children Have Geometry: 0; Global X: -6.23963565102229; Global Y: 0.436068052983128; Global Z: 9; Bounding Box Length: 0.250308304098715; Bounding Box Width: 1.15243502558343; Bounding Box Height: 2.2
1a0KlsFFT8ZRlPAGR4vPzD,Opening Shape:Orthogonal,. Project: Project Name; Building: The building; Storey: Level 5; Top Elevation: 11.2; Bottom Elevation: 9; Global Top Elevation: 11.2; Global Bottom Elevation: 9; Has Own Geometry: 1; Children Have Geometry: 0; Global X: -6.23865877701401; Global Y: -3.34398050941926; Global Z: 9; Bounding Box Length: 0.250342772081488; Bounding Box Width: 1.28126449166523; Bounding Box Height: 2.2
2SyfQX$HfBW81j8xBS_z6h,Wall 10 cm,. IsExternal: 0; WAHG: 3; WHLR: 4360BCB872F7B5E; Project: Project Name; Building: The building; Storey: Level 5; Top Elevation: 12; Bottom Elevation: 9; Global Top Elevation: 12; Global Bottom Elevation: 9; Has Own Geometry: 1; Children Have Geometry: 1; Global X: -0.321916501487978; Global Y: -4.19272457947199; Global Z: 9; Bounding Box Length: 0.1; Bounding Box Width: 4.18079367366666; Bounding Box Height: 3
2BQsHr_NbA6wpN71jJMAth,Opening Shape:Square,. Project: Project Name; Building: The building; Storey: Level 5; Top Elevation: 11.2; Bottom Elevation: 9; Global Top Elevation: 11.2; Global Bottom Elevation: 9; Has Own Geometry: 1; Children Have Geometry: 0; Global X: -0.321916501487978; Global Y: -0.733382669788746; Global Z: 9; Bounding Box Length: 0.1; Bounding Box Width: 0.721451763983412; Bounding Box Height: 2.2
2oKOfC1qH8tAXLflatUot$,Opening Shape:Orthogonal,. Project: Project Name; Building: The building; Storey: Level 5; Top Elevation: 11.2; Bottom Elevation: 9; Global Top Elevation: 11.2; Global Bottom Elevation: 9; Has Own Geometry: 1; Children Have Geometry: 0; Global X: -0.321916501487978; Global Y: -1.60566741853478; Global Z: 9; Bounding Box Length: 0.1; Bounding Box Width: 0.872284748746033; Bounding Box Height: 2.2
25oS0bF_rFluJGCjy3uFKf,Opening Shape:Orthogonal,. Project: Project Name; Building: The building; Storey: Level 5; Top Elevation: 11.2; Bottom Elevation: 9; Global Top Elevation: 11.2; Global Bottom Elevation: 9; Has Own Geometry: 1; Children Have Geometry: 0; Global X: -0.321916501487978; Global Y: -2.73976109819238; Global Z: 9; Bounding Box Length: 0.1; Bounding Box Width: 0.999999999999998; Bounding Box Height: 2.2
1xSQKIdPvC8gVvZ4QNNd7S,Wall 10 cm,. IsExternal: 0; WAHG: 3; WHLR: 4360BCB872F7C10; Project: Project Name; Building: The building; Storey: Level 5; Top Elevation: 12; Bottom Elevation: 9; Global Top Elevation: 12; Global Bottom Elevation: 9; Has Own Geometry: 1; Children Have Geometry: 1; Global X: 0.881850327318929; Global Y: -4.37336291521416; Global Z: 9; Bounding Box Length: 0.100000000000011; Bounding Box Width: 2.63360181702179; Bounding Box Height: 3
1i4r613Nv2jA7mfZoeEBZr,Opening Shape:Orthogonal,. Project: Project Name; Building: The building; Storey: Level 5; Top Elevation: 11.2; Bottom Elevation: 9; Global Top Elevation: 11.2; Global Bottom Elevation: 9; Has Own Geometry: 1; Children Have Geometry: 0; Global X: 0.881850327318929; Global Y: -2.58976109819237; Global Z: 9; Bounding Box Length: 0.100000000000003; Bounding Box Width: 0.850000000000001; Bounding Box Height: 2.2
006OGTwcP6TQIRDdlbPzOB,Wall 25 cm,. IsExternal: 1; WAHG: 3; WHLR: 4360BCB87297511; Project: Project Name; Building: The building; Storey: Level 5; Top Elevation: 12; Bottom Elevation: 9; Global Top Elevation: 12; Global Bottom Elevation: 9; Has Own Geometry: 1; Children Have Geometry: 0; Global X: -1.59634331028464; Global Y: 1.74295232917499; Global Z: 9; Bounding Box Length: 1.62442680879666; Bounding Box Width: 0.25; Bounding Box Height: 3
05xDD426n1COqhlGXX_dgZ,Storey 5 - Beam 1 (25 cm),. Project: Project Name; Building: The building; Storey: Level 5; Top Elevation: 12; Bottom Elevation: 11.7; Global Top Elevation: 12; Global Bottom Elevation: 11.7; Has Own Geometry: 1; Children Have Geometry: 0; Global X: 2.65956091514092; Global Y: -4.62336291521416; Global Z: 11.7; Bounding Box Length: 0.25; Bounding Box Width: 9.18008348642769; Bounding Box Height: 0.300000000000001
3IUdc6vXTDUPWYr04TTxi4,Storey 5 - Beam 2 (25 cm),. Project: Project Name; Building: The building; Storey: Level 5; Top Elevation: 12; Bottom Elevation: 11.7; Global Top Elevation: 12; Global Bottom Elevation: 11.7; Has Own Geometry: 1; Children Have Geometry: 0; Global X: -6.23797370060734; Global Y: -4.62336291521416; Global Z: 11.7; Bounding Box Length: 9.14753461574826; Bounding Box Width: 0.25; Bounding Box Height: 0.300000000000001
2aCtgi3pXBPvchHUrAIJK2,Storey 5 - Beam 4 (25 cm),. Project: Project Name; Building: The building; Storey: Level 5; Top Elevation: 12; Bottom Elevation: 11.7; Global Top Elevation: 12; Global Bottom Elevation: 11.7; Has Own Geometry: 1; Children Have Geometry: 0; Global X: -5.94153500670634; Global Y: 4.30605770253116; Global Z: 11.7; Bounding Box Length: 8.85120809691319; Bounding Box Width: 0.251985750878738; Bounding Box Height: 0.300000000000001
1qSXCIGJ58S9ZdSjLqpc7s,Storey 5 - Beam 3 (25 cm),. Project: Project Name; Building: The building; Storey: Level 5; Top Elevation: 12; Bottom Elevation: 11.7; Global Top Elevation: 12; Global Bottom Elevation: 11.7; Has Own Geometry: 1; Children Have Geometry: 0; Global X: -6.24036367474334; Global Y: -4.62336291521416; Global Z: 11.7; Bounding Box Length: 0.252389965188302; Bounding Box Width: 8.93296829599264; Bounding Box Height: 0.300000000000001
1cJvnuaeL7HvMFTnbAN8S4,Storey 5 - Column 7 (W8 - 300 cm),. Project: Project Name; Building: The building; Storey: Level 5; Top Elevation: 11.999; Bottom Elevation: 8.999; Global Top Elevation: 11.999; Global Bottom Elevation: 8.999; Has Own Geometry: 1; Children Have Geometry: 0; Global X: -0.462273711393717; Global Y: -4.62336291521416; Global Z: 8.999; Bounding Box Length: 0.417193623138019; Bounding Box Width: 0.430638335742174; Bounding Box Height: 3
1P97VVTcD4uOwARg4A3Ww3,Storey 5 - Column 8 (W8 - 300 cm),. Project: Project Name; Building: The building; Storey: Level 5; Top Elevation: 11.999; Bottom Elevation: 8.999; Global Top Elevation: 11.999; Global Bottom Elevation: 8.999; Has Own Geometry: 1; Children Have Geometry: 0; Global X: 2.4923672920029; Global Y: -4.62336291521416; Global Z: 8.999; Bounding Box Length: 0.417193623138019; Bounding Box Width: 0.430638335742174; Bounding Box Height: 3
3inEF96QTFbRtB74qJL2pg,Storey 5 - Column 6 (W8 - 300 cm),. Project: Project Name; Building: The building; Storey: Level 5; Top Elevation: 11.999; Bottom Elevation: 8.999; Global Top Elevation: 11.999; Global Bottom Elevation: 8.999; Has Own Geometry: 1; Children Have Geometry: 0; Global X: -3.09186282577371; Global Y: -4.62336291521416; Global Z: 8.999; Bounding Box Length: 0.417193623138019; Bounding Box Width: 0.430638335742174; Bounding Box Height: 3
2Hl9tFHNXDUOHEN_T1F57B,Storey 5 - Column 9 (W8 - 300 cm),. Project: Project Name; Building: The building; Storey: Level 5; Top Elevation: 11.999; Bottom Elevation: 8.999; Global Top Elevation: 11.999; Global Bottom Elevation: 8.999; Has Own Geometry: 1; Children Have Geometry: 0; Global X: 2.4923672920029; Global Y: -2.05936597254489; Global Z: 8.999; Bounding Box Length: 0.417193623138019; Bounding Box Width: 0.430638335742174; Bounding Box Height: 3
2YQqPi76XBgBg9$5SZnwI6,Storey 5 - Column 5 (W8 - 300 cm),. Project: Project Name; Building: The building; Storey: Level 5; Top Elevation: 11.999; Bottom Elevation: 8.999; Global Top Elevation: 11.999; Global Bottom Elevation: 8.999; Has Own Geometry: 1; Children Have Geometry: 0; Global X: -6.23797370060734; Global Y: -4.62336291521416; Global Z: 8.999; Bounding Box Length: 0.417193623138019; Bounding Box Width: 0.430638335742174; Bounding Box Height: 3
0xYYlWwCvArguj0cFRNyUK,Storey 5 - Column 2 (W8 - 300 cm),. Project: Project Name; Building: The building; Storey: Level 5; Top Elevation: 12; Bottom Elevation: 9; Global Top Elevation: 12; Global Bottom Elevation: 9; Has Own Geometry: 1; Children Have Geometry: 0; Global X: -2.98577027930878; Global Y: 4.1247596171072; Global Z: 9; Bounding Box Length: 0.417193623138019; Bounding Box Width: 0.430638335742174; Bounding Box Height: 3
35abGBkej5OBarRwYQ0_$q,Storey 5 - Column 3 (W8 - 300 cm),. Project: Project Name; Building: The building; Storey: Level 5; Top Elevation: 11.999; Bottom Elevation: 8.999; Global Top Elevation: 11.999; Global Bottom Elevation: 8.999; Has Own Geometry: 1; Children Have Geometry: 0; Global X: -0.316820007870771; Global Y: 4.12545199391436; Global Z: 8.999; Bounding Box Length: 0.417193623138019; Bounding Box Width: 0.430638335742174; Bounding Box Height: 3
3tDxJ7qcX97fY1yBd8RqwF,Storey 5 - Column 4 (W8 - 300 cm),. Project: Project Name; Building: The building; Storey: Level 5; Top Elevation: 11.999; Bottom Elevation: 8.999; Global Top Elevation: 11.999; Global Bottom Elevation: 8.999; Has Own Geometry: 1; Children Have Geometry: 0; Global X: 2.4923672920029; Global Y: 4.12608223547135; Global Z: 8.999; Bounding Box Length: 0.417193623138019; Bounding Box Width: 0.430638335742174; Bounding Box Height: 3
0q4MKj7853sQqMvINQfRYE,Storey 5 - Column 10 (W8 - 300 cm),. Project: Project Name; Building: The building; Storey: Level 5; Top Elevation: 11.999; Bottom Elevation: 8.999; Global Top Elevation: 11.999; Global Bottom Elevation: 8.999; Has Own Geometry: 1; Children Have Geometry: 0; Global X: 2.4923672920029; Global Y: 0.883125756899359; Global Z: 8.999; Bounding Box Length: 0.417193623138019; Bounding Box Width: 0.430638335742172; Bounding Box Height: 3
0goMktPyT2OBzUpfCv3SZg,Storey 5 - Column 12 (W8 - 300 cm),. Project: Project Name; Building: The building; Storey: Level 5; Top Elevation: 11.999; Bottom Elevation: 8.999; Global Top Elevation: 11.999; Global Bottom Elevation: 8.999; Has Own Geometry: 1; Children Have Geometry: 0; Global X: -2.98689017622593; Global Y: -0.0119309058053361; Global Z: 8.999; Bounding Box Length: 0.4; Bounding Box Width: 0.4; Bounding Box Height: 3
373kgkQG5Fteq4NIx0sRj5,Storey 5 - Column 1 (W8 - 300 cm),. Project: Project Name; Building: The building; Storey: Level 5; Top Elevation: 12; Bottom Elevation: 9; Global Top Elevation: 12; Global Bottom Elevation: 9; Has Own Geometry: 1; Children Have Geometry: 0; Global X: -6.24036367474334; Global Y: 4.05953849394236; Global Z: 9; Bounding Box Length: 0.5; Bounding Box Width: 0.5; Bounding Box Height: 3
2ak5D5jzjEN8obiCnnAZgy,Storey 5 - Column 11 (W8 - 300 cm),. Project: Project Name; Building: The building; Storey: Level 5; Top Elevation: 11.999; Bottom Elevation: 8.999; Global Top Elevation: 11.999; Global Bottom Elevation: 8.999; Has Own Geometry: 1; Children Have Geometry: 0; Global X: -6.23797370060734; Global Y: 0.0611018585644789; Global Z: 8.999; Bounding Box Length: 0.417193623138019; Bounding Box Width: 0.430638335742174; Bounding Box Height: 3
2tPVmQFtz2VwOn1Rw7YpG5,gW3_a116,3D - Eðéðëá Êáèéóôéêïý. Project: Project Name; Building: The building; Storey: Level 5; Top Elevation: 9.80001192092891; Bottom Elevation: 9.00027188569356; Global Top Elevation: 9.80001192092891; Global Bottom Elevation: 9.00027188569356; Has Own Geometry: 1; Children Have Geometry: 0; Global X: 0.56711821312249; Global Y: 0.101287481779012; Global Z: 9.00027188569356; Bounding Box Length: 1.97999996867817; Bounding Box Width: 0.989999973773955; Bounding Box Height: 0.799740035235345
3_2KkRkaj2aBUxfeTJEDo9,gW3_a125,3D - Eðéðëá Êáèéóôéêïý. Project: Project Name; Building: The building; Storey: Level 5; Top Elevation: 9.90000195529909; Bottom Elevation: 9; Global Top Elevation: 9.90000195529909; Global Bottom Elevation: 9; Has Own Geometry: 1; Children Have Geometry: 0; Global X: 1.31318345626508; Global Y: -1.28823323030668; Global Z: 9; Bounding Box Length: 0.560000000000002; Bounding Box Width: 0.600000000000001; Bounding Box Height: 0.900001955299087
1XWtu5U9T8TwpYWkLExi5o,gW6_a19,3D - Åðéðëá Ãñáöåßïõ. Project: Project Name; Building: The building; Storey: Level 5; Top Elevation: 9.62; Bottom Elevation: 9.03; Global Top Elevation: 9.62; Global Bottom Elevation: 9.03; Has Own Geometry: 1; Children Have Geometry: 0; Global X: -2.70006920305684; Global Y: -2.77336294109302; Global Z: 9.03; Bounding Box Length: 0.838200000864458; Bounding Box Width: 0.400000000000006; Bounding Box Height: 0.59
2fsir_9Wf91eyI9XRDTxaA,gW3_a104,3D - Eðéðëá Êáèéóôéêïý. Project: Project Name; Building: The building; Storey: Level 5; Top Elevation: 9.80000332828263; Bottom Elevation: 9.00000333754781; Global Top Elevation: 9.80000332828263; Global Bottom Elevation: 9.00000333754781; Has Own Geometry: 1; Children Have Geometry: 0; Global X: -4.86271054371294; Global Y: 1.99290717530048; Global Z: 9.00000333754781; Bounding Box Length: 1.51999997541509; Bounding Box Width: 0.799999990734877; Bounding Box Height: 0.799999990734818
0ATYjcmz13WfiGu_MReHsm,gW3_a125,3D - Eðéðëá Êáèéóôéêïý. Project: Project Name; Building: The building; Storey: Level 5; Top Elevation: 9.90000195529909; Bottom Elevation: 9; Global Top Elevation: 9.90000195529909; Global Bottom Elevation: 9; Has Own Geometry: 1; Children Have Geometry: 0; Global X: 1.26662296951171; Global Y: 1.00350691059958; Global Z: 9; Bounding Box Length: 0.560000000000002; Bounding Box Width: 0.600000000000001; Bounding Box Height: 0.900001955299087
0e17lPpF1AFwAOuTNjyC16,gW6_a19,3D - Åðéðëá Ãñáöåßïõ. Project: Project Name; Building: The building; Storey: Level 5; Top Elevation: 9.62; Bottom Elevation: 9.03; Global Top Elevation: 9.62; Global Bottom Elevation: 9.03; Has Own Geometry: 1; Children Have Geometry: 0; Global X: 0.909001260893706; Global Y: 3.35295230717797; Global Z: 9.03; Bounding Box Length: 0.838200000864457; Bounding Box Width: 0.200000000000003; Bounding Box Height: 0.59
0UBslzBH16PgXW$m99YrYg,gW3_a125,3D - Eðéðëá Êáèéóôéêïý. Project: Project Name; Building: The building; Storey: Level 5; Top Elevation: 9.90000195529909; Bottom Elevation: 9; Global Top Elevation: 9.90000195529909; Global Bottom Elevation: 9; Has Own Geometry: 1; Children Have Geometry: 0; Global X: -5.52391520273237; Global Y: -3.79432959734302; Global Z: 9; Bounding Box Length: 0.560000000000002; Bounding Box Width: 0.600000000000001; Bounding Box Height: 0.900001955299087
0n09XDkpX8FP1xJABXz4Ku,gW3_a104,3D - Eðéðëá Êáèéóôéêïý. Project: Project Name; Building: The building; Storey: Level 5; Top Elevation: 9.80000332828263; Bottom Elevation: 9.00000333754781; Global Top Elevation: 9.80000332828263; Global Bottom Elevation: 9.00000333754781; Has Own Geometry: 1; Children Have Geometry: 0; Global X: -5.98804057849815; Global Y: -2.12496146298516; Global Z: 9.00000333754781; Bounding Box Length: 1.59999997412115; Bounding Box Width: 0.799999990734875; Bounding Box Height: 0.799999990734818
0agG3KJcz3IQFAAUMO6NBD,gW6_a45,3D - Åðéðëá Ãñáöåßïõ. Project: Project Name; Building: The building; Storey: Level 5; Top Elevation: 11.25; Bottom Elevation: 8.99932796033012; Global Top Elevation: 11.25; Global Bottom Elevation: 8.99932796033012; Has Own Geometry: 1; Children Have Geometry: 0; Global X: 2.31934350477185; Global Y: 1.98956892893942; Global Z: 8.99932796033012; Bounding Box Length: 0.340824792553174; Bounding Box Width: 2.13638290410842; Bounding Box Height: 2.25067203966988
0de03pSnX4TAIrt7vmFcsX,gW3_a125,3D - Eðéðëá Êáèéóôéêïý. Project: Project Name; Building: The building; Storey: Level 5; Top Elevation: 9.90000195529909; Bottom Elevation: 9; Global Top Elevation: 9.90000195529909; Global Bottom Elevation: 9; Has Own Geometry: 1; Children Have Geometry: 0; Global X: -4.16592349409707; Global Y: 0.632185761437029; Global Z: 9; Bounding Box Length: 0.600000000000001; Bounding Box Width: 0.560000000000002; Bounding Box Height: 0.900001955299087
2Js2raE6HAwPW$tPpKtRYG,gW3_a125,3D - Eðéðëá Êáèéóôéêïý. Project: Project Name; Building: The building; Storey: Level 5; Top Elevation: 9.90000195529909; Bottom Elevation: 9; Global Top Elevation: 9.90000195529909; Global Bottom Elevation: 9; Has Own Geometry: 1; Children Have Geometry: 0; Global X: -3.13633169903322; Global Y: -3.80226356840187; Global Z: 9; Bounding Box Length: 0.600000000000001; Bounding Box Width: 0.560000000000002; Bounding Box Height: 0.900001955299087
3jjSjwjyT87exUI2X8k_9l,gW3_a125,3D - Eðéðëá Êáèéóôéêïý. Project: Project Name; Building: The building; Storey: Level 5; Top Elevation: 9.90000195529909; Bottom Elevation: 9; Global Top Elevation: 9.90000195529909; Global Bottom Elevation: 9; Has Own Geometry: 1; Children Have Geometry: 0; Global X: 1.58909396673699; Global Y: 2.41888324629904; Global Z: 9; Bounding Box Length: 0.600000000000001; Bounding Box Width: 0.560000000000002; Bounding Box Height: 0.900001955299087
1XpsPtO9z9OAAT6oWdZEOf,gW3_a125,3D - Eðéðëá Êáèéóôéêïý. Project: Project Name; Building: The building; Storey: Level 5; Top Elevation: 9.90000195529909; Bottom Elevation: 9; Global Top Elevation: 9.90000195529909; Global Bottom Elevation: 9; Has Own Geometry: 1; Children Have Geometry: 0; Global X: -4.48900896927288; Global Y: 2.57194049317162; Global Z: 9; Bounding Box Length: 0.560000000000003; Bounding Box Width: 0.600000000000001; Bounding Box Height: 0.900001955299087
0p7wE2EkD9phS8OLMrgbkD,gW3_a125,3D - Eðéðëá Êáèéóôéêïý. Project: Project Name; Building: The building; Storey: Level 5; Top Elevation: 9.90000195529909; Bottom Elevation: 9; Global Top Elevation: 9.90000195529909; Global Bottom Elevation: 9; Has Own Geometry: 1; Children Have Geometry: 0; Global X: -5.52391520273237; Global Y: -0.745928154379147; Global Z: 9; Bounding Box Length: 0.560000000000002; Bounding Box Width: 0.600000000000001; Bounding Box Height: 0.900001955299087
2ymZ1XL318ZhrcgNzC_8rx,gW3_a125,3D - Eðéðëá Êáèéóôéêïý. Project: Project Name; Building: The building; Storey: Level 5; Top Elevation: 9.90000195529909; Bottom Elevation: 9; Global Top Elevation: 9.90000195529909; Global Bottom Elevation: 9; Has Own Geometry: 1; Children Have Geometry: 0; Global X: -5.52391520273237; Global Y: -2.50399479012142; Global Z: 9; Bounding Box Length: 0.560000000000002; Bounding Box Width: 0.600000000000001; Bounding Box Height: 0.900001955299087
1ZERjxYMD7LRH4kwpNyn6H,gW3_a104,3D - Eðéðëá Êáèéóôéêïý. Project: Project Name; Building: The building; Storey: Level 5; Top Elevation: 9.80000332828263; Bottom Elevation: 9.00000333754781; Global Top Elevation: 9.80000332828263; Global Bottom Elevation: 9.00000333754781; Has Own Geometry: 1; Children Have Geometry: 0; Global X: -3.7868901669608; Global Y: 0.168060385671243; Global Z: 9.00000333754781; Bounding Box Length: 0.799999990734877; Bounding Box Width: 1.59999997412115; Bounding Box Height: 0.799999990734818
3zgeNoQqr77fSrwp_zErGO,gW3_a104,3D - Eðéðëá Êáèéóôéêïý. Project: Project Name; Building: The building; Storey: Level 5; Top Elevation: 9.80000332828263; Bottom Elevation: 9.00000333754781; Global Top Elevation: 9.80000332828263; Global Bottom Elevation: 9.00000333754781; Has Own Geometry: 1; Children Have Geometry: 0; Global X: -5.98804057849815; Global Y: -1.32496147225028; Global Z: 9.00000333754781; Bounding Box Length: 1.59999997412115; Bounding Box Width: 0.799999990734877; Bounding Box Height: 0.799999990734818
2XJy4uY6XATfs2kgDfnXxv,gW3_a104,3D - Eðéðëá Êáèéóôéêïý. Project: Project Name; Building: The building; Storey: Level 5; Top Elevation: 9.80000332828263; Bottom Elevation: 9.00000333754781; Global Top Elevation: 9.80000332828263; Global Bottom Elevation: 9.00000333754781; Has Own Geometry: 1; Children Have Geometry: 0; Global X: -2.6746692026357; Global Y: -4.37336291521416; Global Z: 9.00000333754781; Bounding Box Length: 0.799999990734876; Bounding Box Width: 1.59999997412115; Bounding Box Height: 0.799999990734818
0bYC8GLAf6ZugDjHz7LO8G,gW3_a116,3D - Eðéðëá Êáèéóôéêïý. Project: Project Name; Building: The building; Storey: Level 5; Top Elevation: 9.80001192092891; Bottom Elevation: 9.00027188569356; Global Top Elevation: 9.80001192092891; Global Bottom Elevation: 9.00027188569356; Has Own Geometry: 1; Children Have Geometry: 0; Global X: 0.645773270486992; Global Y: -1.05867324493561; Global Z: 9.00027188569356; Bounding Box Length: 1.97999996867817; Bounding Box Width: 0.989999973773958; Bounding Box Height: 0.799740035235345
0U5eRnH3HDGgWAFASZjL70,gW3_a104,3D - Eðéðëá Êáèéóôéêïý. Project: Project Name; Building: The building; Storey: Level 5; Top Elevation: 9.80000332828263; Bottom Elevation: 9.00000333754781; Global Top Elevation: 9.80000332828263; Global Bottom Elevation: 9.00000333754781; Has Own Geometry: 1; Children Have Geometry: 0; Global X: -5.98804057849815; Global Y: -4.37336291521416; Global Z: 9.00000333754781; Bounding Box Length: 1.59999997412115; Bounding Box Width: 0.799999990734875; Bounding Box Height: 0.799999990734818
3FRybmxv1F8f9kSpPw_kmX,gW5_a44,3D - Åðéðëá Êïõæßíáò. Project: Project Name; Building: The building; Storey: Level 5; Has Own Geometry: 0; Children Have Geometry: 0
2m_sKr0dnD$9y0EKigCmFR,gW8_a5_4MMAT_1,3D - ÓõìðëçñùìáôéêÜ Åðéðëá. Project: Project Name; Building: The building; Storey: Level 5; Top Elevation: 10.2; Bottom Elevation: 9.8; Global Top Elevation: 10.2; Global Bottom Elevation: 9.8; Has Own Geometry: 1; Children Have Geometry: 0; Global X: 1.8706375433983; Global Y: 0.204889069216181; Global Z: 9.8; Bounding Box Length: 0.47999999999999; Bounding Box Width: 0.322414519029707; Bounding Box Height: 0.399999999999999
2kHLNh39L8KAEAW_TLOhQI,gW8_a5_4MMAT_1,3D - ÓõìðëçñùìáôéêÜ Åðéðëá. Project: Project Name; Building: The building; Storey: Level 5; Top Elevation: 10.2; Bottom Elevation: 9.8; Global Top Elevation: 10.2; Global Bottom Elevation: 9.8; Has Own Geometry: 1; Children Have Geometry: 0; Global X: 0.923511207061195; Global Y: 2.14547350705461; Global Z: 9.8; Bounding Box Length: 0.322414519029707; Bounding Box Width: 0.47999999999999; Bounding Box Height: 0.399999999999999
3MRXOOnlD1UBnlHyszYKo$,gW8_a5_4MMAT_1,3D - ÓõìðëçñùìáôéêÜ Åðéðëá. Project: Project Name; Building: The building; Storey: Level 5; Top Elevation: 10.2; Bottom Elevation: 9.8; Global Top Elevation: 10.2; Global Bottom Elevation: 9.8; Has Own Geometry: 1; Children Have Geometry: 0; Global X: 0.923511207061195; Global Y: 2.78250965961808; Global Z: 9.8; Bounding Box Length: 0.322414519029707; Bounding Box Width: 0.47999999999999; Bounding Box Height: 0.399999999999999
1EvN_1oQnFhh2o3fombGX5,gW8_a5_4MMAT_1,3D - ÓõìðëçñùìáôéêÜ Åðéðëá. Project: Project Name; Building: The building; Storey: Level 5; Top Elevation: 10.2; Bottom Elevation: 9.8; Global Top Elevation: 10.2; Global Bottom Elevation: 9.8; Has Own Geometry: 1; Children Have Geometry: 0; Global X: 1.8706375433983; Global Y: -0.468509317624589; Global Z: 9.8; Bounding Box Length: 0.47999999999999; Bounding Box Width: 0.322414519029707; Bounding Box Height: 0.399999999999999
2PaGENDsL6Swu5Wk4bs84c,gW5_a39,3D - Åðéðëá Êïõæßíáò. Project: Project Name; Building: The building; Storey: Level 5; Top Elevation: 10; Bottom Elevation: 9; Global Top Elevation: 10; Global Bottom Elevation: 9; Has Own Geometry: 1; Children Have Geometry: 0; Global X: 1.07054337268318; Global Y: -4.37336291521416; Global Z: 9; Bounding Box Length: 1.0465; Bounding Box Width: 0.540000000000003; Bounding Box Height: 1
27Wg44P9v5KRuPAIWNeNv_,gW8_a5_4MMAT_1,3D - ÓõìðëçñùìáôéêÜ Åðéðëá. Project: Project Name; Building: The building; Storey: Level 5; Top Elevation: 10.2; Bottom Elevation: 9.8; Global Top Elevation: 10.2; Global Bottom Elevation: 9.8; Has Own Geometry: 1; Children Have Geometry: 0; Global X: -3.31927475870544; Global Y: 1.00972819332749; Global Z: 9.8; Bounding Box Length: 0.322414519029707; Bounding Box Width: 0.47999999999999; Bounding Box Height: 0.399999999999999
03CtOuje96PheFUwDjBW78,gW8_a5_4MMAT_1,3D - ÓõìðëçñùìáôéêÜ Åðéðëá. Project: Project Name; Building: The building; Storey: Level 5; Top Elevation: 10.2; Bottom Elevation: 9.8; Global Top Elevation: 10.2; Global Bottom Elevation: 9.8; Has Own Geometry: 1; Children Have Geometry: 0; Global X: -2.2188039530534; Global Y: -3.29259402400985; Global Z: 9.8; Bounding Box Length: 0.322414519029706; Bounding Box Width: 0.47999999999999; Bounding Box Height: 0.399999999999999
0Jhpxq7rr0PP0HNevucHmr,gW8_a5_4MMAT_1,3D - ÓõìðëçñùìáôéêÜ Åðéðëá. Project: Project Name; Building: The building; Storey: Level 5; Top Elevation: 10.2; Bottom Elevation: 9.8; Global Top Elevation: 10.2; Global Bottom Elevation: 9.8; Has Own Geometry: 1; Children Have Geometry: 0; Global X: -2.2188039530534; Global Y: -4.11101780857333; Global Z: 9.8; Bounding Box Length: 0.322414519029706; Bounding Box Width: 0.47999999999999; Bounding Box Height: 0.399999999999999
3uCJQ1u$XBSPfLOpwJaBIX,gW5_a18,3D - Åðéðëá Êïõæßíáò. Project: Project Name; Building: The building; Storey: Level 5; Top Elevation: 9.9; Bottom Elevation: 9; Global Top Elevation: 9.9; Global Bottom Elevation: 9; Has Own Geometry: 1; Children Have Geometry: 0; Global X: 2.11956091514092; Global Y: -4.37336291521416; Global Z: 9; Bounding Box Length: 0.539999999999996; Bounding Box Width: 0.540000000000003; Bounding Box Height: 0.9
3R1gQvaS5Amee_sMRN68es,gW8_a5_4MMAT_1,3D - ÓõìðëçñùìáôéêÜ Åðéðëá. Project: Project Name; Building: The building; Storey: Level 5; Top Elevation: 10.2; Bottom Elevation: 9.8; Global Top Elevation: 10.2; Global Bottom Elevation: 9.8; Has Own Geometry: 1; Children Have Geometry: 0; Global X: -5.49521182039586; Global Y: -4.1969241864517; Global Z: 9.8; Bounding Box Length: 0.47999999999999; Bounding Box Width: 0.322414519029707; Bounding Box Height: 0.399999999999999
2v9UVKihH49v37FVr9hgCN,gW8_a5_4MMAT_1,3D - ÓõìðëçñùìáôéêÜ Åðéðëá. Project: Project Name; Building: The building; Storey: Level 5; Top Elevation: 10.2; Bottom Elevation: 9.8; Global Top Elevation: 10.2; Global Bottom Elevation: 9.8; Has Own Geometry: 1; Children Have Geometry: 0; Global X: -5.49521182039586; Global Y: -1.79116919566617; Global Z: 9.8; Bounding Box Length: 0.47999999999999; Bounding Box Width: 0.322414519029708; Bounding Box Height: 0.399999999999999
3BUb2cT$nARhBjl7awJivQ,gW8_a5_4MMAT_1,3D - ÓõìðëçñùìáôéêÜ Åðéðëá. Project: Project Name; Building: The building; Storey: Level 5; Top Elevation: 10.2; Bottom Elevation: 9.8; Global Top Elevation: 10.2; Global Bottom Elevation: 9.8; Has Own Geometry: 1; Children Have Geometry: 0; Global X: -5.49521182039586; Global Y: -1.18116826786411; Global Z: 9.8; Bounding Box Length: 0.47999999999999; Bounding Box Width: 0.322414519029707; Bounding Box Height: 0.399999999999999
30euQMmnfDFg2np3dhLuyA,gW8_a5_4MMAT_1,3D - ÓõìðëçñùìáôéêÜ Åðéðëá. Project: Project Name; Building: The building; Storey: Level 5; Top Elevation: 10.2; Bottom Elevation: 9.8; Global Top Elevation: 10.2; Global Bottom Elevation: 9.8; Has Own Geometry: 1; Children Have Geometry: 0; Global X: -4.41542295302199; Global Y: 2.0295921948262; Global Z: 9.8; Bounding Box Length: 0.47999999999999; Bounding Box Width: 0.322414519029707; Bounding Box Height: 0.399999999999999
1nIs2RrjPFmOOcBaY6OPUf,gW6_a45,3D - Åðéðëá Ãñáöåßïõ. Project: Project Name; Building: The building; Storey: Level 5; Top Elevation: 11.25; Bottom Elevation: 8.99932796033012; Global Top Elevation: 11.25; Global Bottom Elevation: 8.99932796033012; Has Own Geometry: 1; Children Have Geometry: 0; Global X: -3.32714780011563; Global Y: 1.9791788360568; Global Z: 8.99932796033012; Bounding Box Length: 0.340824792553173; Bounding Box Width: 2.32600268849675; Bounding Box Height: 2.25067203966988
1apfdLOKb2iRD1glZOyCnG,gW3_a104,3D - Eðéðëá Êáèéóôéêïý. Project: Project Name; Building: The building; Storey: Level 5; Top Elevation: 9.80000332828263; Bottom Elevation: 9.00000333754781; Global Top Elevation: 9.80000332828263; Global Bottom Elevation: 9.00000333754781; Has Own Geometry: 1; Children Have Geometry: 0; Global X: 0.921801270602144; Global Y: 1.99295232917499; Global Z: 9.00000333754781; Bounding Box Length: 0.799999990734875; Bounding Box Width: 1.35999997800297; Bounding Box Height: 0.799999990734818
2X6h_TDVPChBOLK_UNwptD,gW5_a20,3D - Åðéðëá Êïõæßíáò. Project: Project Name; Building: The building; Storey: Level 5; Top Elevation: 9.75; Bottom Elevation: 9; Global Top Elevation: 9.75; Global Bottom Elevation: 9; Has Own Geometry: 1; Children Have Geometry: 0; Global X: 2.01956091514092; Global Y: -3.09976109819237; Global Z: 9; Bounding Box Length: 0.640000000000004; Bounding Box Width: 1.36000000000001; Bounding Box Height: 0.75
1lgn$1KTfCr9GziR4p4kCS,gW6_a45,3D - Åðéðëá Ãñáöåßïõ. Project: Project Name; Building: The building; Storey: Level 5; Top Elevation: 11.25; Bottom Elevation: 8.99932796033012; Global Top Elevation: 11.25; Global Bottom Elevation: 8.99932796033012; Has Own Geometry: 1; Children Have Geometry: 0; Global X: -4.38135606403559; Global Y: -4.37397029739827; Global Z: 8.99932796033012; Bounding Box Length: 1.28941453384059; Bounding Box Width: 0.340824792553175; Bounding Box Height: 2.25067203966988
0ctr87R7P99xWAPupbjawg,gW6_a45,3D - Åðéðëá Ãñáöåßïõ. Project: Project Name; Building: The building; Storey: Level 5; Top Elevation: 11.25; Bottom Elevation: 8.99932796033012; Global Top Elevation: 11.25; Global Bottom Elevation: 8.99932796033012; Has Own Geometry: 1; Children Have Geometry: 0; Global X: -1.87818785536754; Global Y: -4.37397029739827; Global Z: 8.99932796033012; Bounding Box Length: 1.4158277234328; Bounding Box Width: 0.340824792553175; Bounding Box Height: 2.25067203966988
2NSvKUs2rDsBJZALPmWfwF,Level 6,. Project: Project Name; Building: The building; Top Elevation: 15.05; Bottom Elevation: 12; Global Top Elevation: 15.05; Global Bottom Elevation: 12; Has Own Geometry: 0; Children Have Geometry: 1; Global X: -6.24036367474334; Global Y: -4.62336291521416; Global Z: 12; Bounding Box Length: 9.14992458988426; Bounding Box Width: 9.18290140915652; Bounding Box Height: 3.05
2H2fHXKszA1uyMNAPAvBkG,"Door:1 panel, casement, orthogonal, compact",O1. DST: 0.1; EDP: -2.78576879051636; JUF: 1; JUFD: 0.02; JUK: 1; LBM: 0; OTI: OTI; SRP: -1.83511090634947; SSL: 1; STR3D: 3; WDI: WDI; Project: Project Name; Building: The building; Storey: Level 6; Top Elevation: 14.2; Bottom Elevation: 12; Global Top Elevation: 14.2; Global Bottom Elevation: 12; Has Own Geometry: 1; Children Have Geometry: 0; Global X: -2.78577028675274; Global Y: 1.79245530678205; Global Z: 12; Bounding Box Length: 0.95066087663965; Bounding Box Width: 0.201014153300221; Bounding Box Height: 2.2
3ma8E_t4T9mgZlqLMqzZWQ,Storey 6 - Slab 1 (15 cm),. HWPO: 0; SC2D: 6; SC3D1: 8; SC3D2: 8; SCSC: 8; Project: Project Name; Building: The building; Storey: Level 6; Top Elevation: 15.05; Bottom Elevation: 14.9; Global Top Elevation: 15.05; Global Bottom Elevation: 14.9; Has Own Geometry: 1; Children Have Geometry: 0; Global X: -2.98582636684175; Global Y: 1.79295232915283; Global Z: 14.9; Bounding Box Length: 3.01391469406661; Bounding Box Width: 2.76312281409376; Bounding Box Height: 0.15
0stJkMnzb75hqQ0LMNU9YT,Storey 6 - Column 3 (W8 - 70 cm),. Project: Project Name; Building: The building; Storey: Level 6; Top Elevation: 12.7; Bottom Elevation: 12; Global Top Elevation: 12.7; Global Bottom Elevation: 12; Has Own Geometry: 1; Children Have Geometry: 0; Global X: -0.316820007870771; Global Y: 4.12545199391436; Global Z: 12; Bounding Box Length: 0.417193623138019; Bounding Box Width: 0.430638335742174; Bounding Box Height: 0.699999999999999
2C8zqi5$56pA4q4wNV66Ok,Storey 6 - Column 5 (W8 - 70 cm),. Project: Project Name; Building: The building; Storey: Level 6; Top Elevation: 12.7; Bottom Elevation: 12; Global Top Elevation: 12.7; Global Bottom Elevation: 12; Has Own Geometry: 1; Children Have Geometry: 0; Global X: -6.23797370060734; Global Y: -4.62336291521416; Global Z: 12; Bounding Box Length: 0.417193623138019; Bounding Box Width: 0.430638335742174; Bounding Box Height: 0.699999999999999
2g4knBQw915fqohm2KsmD1,Storey 6 - Column 6 (W8 - 70 cm),. Project: Project Name; Building: The building; Storey: Level 6; Top Elevation: 12.7; Bottom Elevation: 12; Global Top Elevation: 12.7; Global Bottom Elevation: 12; Has Own Geometry: 1; Children Have Geometry: 0; Global X: -3.09186282577371; Global Y: -4.62336291521416; Global Z: 12; Bounding Box Length: 0.417193623138019; Bounding Box Width: 0.430638335742174; Bounding Box Height: 0.699999999999999
3ApYdkG$DDQBL0zoaxYRHD,Storey 6 - Column 7 (W8 - 70 cm),. Project: Project Name; Building: The building; Storey: Level 6; Top Elevation: 12.7; Bottom Elevation: 12; Global Top Elevation: 12.7; Global Bottom Elevation: 12; Has Own Geometry: 1; Children Have Geometry: 0; Global X: -0.462273711393717; Global Y: -4.62336291521416; Global Z: 12; Bounding Box Length: 0.417193623138019; Bounding Box Width: 0.430638335742174; Bounding Box Height: 0.699999999999999
2OBEVUkKr4MB_8NGrnoDda,Storey 6 - Column 9 (W8 - 70 cm),. Project: Project Name; Building: The building; Storey: Level 6; Top Elevation: 12.7; Bottom Elevation: 12; Global Top Elevation: 12.7; Global Bottom Elevation: 12; Has Own Geometry: 1; Children Have Geometry: 0; Global X: 2.4923672920029; Global Y: -2.05936597254489; Global Z: 12; Bounding Box Length: 0.417193623138019; Bounding Box Width: 0.430638335742174; Bounding Box Height: 0.699999999999999
3aRUxO_8b1LAr6r2PoN9B$,Storey 6 - Column 1 (W8 - 70 cm),. Project: Project Name; Building: The building; Storey: Level 6; Top Elevation: 12.7; Bottom Elevation: 12; Global Top Elevation: 12.7; Global Bottom Elevation: 12; Has Own Geometry: 1; Children Have Geometry: 0; Global X: -6.24036367474334; Global Y: 4.05953849394236; Global Z: 12; Bounding Box Length: 0.5; Bounding Box Width: 0.5; Bounding Box Height: 0.699999999999999
1m2qAk7oDAjf1W4fQNEoDv,Storey 6 - Column 4 (W8 - 70 cm),. Project: Project Name; Building: The building; Storey: Level 6; Top Elevation: 12.7; Bottom Elevation: 12; Global Top Elevation: 12.7; Global Bottom Elevation: 12; Has Own Geometry: 1; Children Have Geometry: 0; Global X: 2.4923672920029; Global Y: 4.12608223547135; Global Z: 12; Bounding Box Length: 0.417193623138019; Bounding Box Width: 0.430638335742174; Bounding Box Height: 0.699999999999999
12flj8xsn0TRDpDHEWVscm,Storey 6 - Column 2 (W8 - 70 cm),. Project: Project Name; Building: The building; Storey: Level 6; Top Elevation: 12.7; Bottom Elevation: 12; Global Top Elevation: 12.7; Global Bottom Elevation: 12; Has Own Geometry: 1; Children Have Geometry: 0; Global X: -2.98577027930878; Global Y: 4.1247596171072; Global Z: 12; Bounding Box Length: 0.417193623138019; Bounding Box Width: 0.430638335742174; Bounding Box Height: 0.699999999999999
2KpaOhKQD69QThk81hV7PE,Storey 6 - Column 8 (W8 - 70 cm),. Project: Project Name; Building: The building; Storey: Level 6; Top Elevation: 12.7; Bottom Elevation: 12; Global Top Elevation: 12.7; Global Bottom Elevation: 12; Has Own Geometry: 1; Children Have Geometry: 0; Global X: 2.4923672920029; Global Y: -4.62336291521416; Global Z: 12; Bounding Box Length: 0.417193623138019; Bounding Box Width: 0.430638335742174; Bounding Box Height: 0.699999999999999
1tLmEIfV970fM96aa0u6dh,Storey 6 - Column 10 (W8 - 70 cm),. Project: Project Name; Building: The building; Storey: Level 6; Top Elevation: 12.7; Bottom Elevation: 12; Global Top Elevation: 12.7; Global Bottom Elevation: 12; Has Own Geometry: 1; Children Have Geometry: 0; Global X: 2.4923672920029; Global Y: 0.883125756899359; Global Z: 12; Bounding Box Length: 0.417193623138019; Bounding Box Width: 0.430638335742172; Bounding Box Height: 0.699999999999999
2ofihgBPv6zQt_wyIeFUxT,Storey 6 - Column 11 (W8 - 70 cm),. Project: Project Name; Building: The building; Storey: Level 6; Top Elevation: 12.7; Bottom Elevation: 12; Global Top Elevation: 12.7; Global Bottom Elevation: 12; Has Own Geometry: 1; Children Have Geometry: 0; Global X: -6.23797370060734; Global Y: 0.0611018585644789; Global Z: 12; Bounding Box Length: 0.417193623138019; Bounding Box Width: 0.430638335742174; Bounding Box Height: 0.699999999999999
1_$CE58WbFquYkqPMNQjr6,Wall 25 cm,. IsExternal: 1; WAHG: 0.7; WHLR: 4360BCB87279B11; Project: Project Name; Building: The building; Storey: Level 6; Top Elevation: 12.7; Bottom Elevation: 12; Global Top Elevation: 12.7; Global Bottom Elevation: 12; Has Own Geometry: 1; Children Have Geometry: 0; Global X: -6.24036367474334; Global Y: -4.62336291521416; Global Z: 12; Bounding Box Length: 0.252323096245186; Bounding Box Width: 8.93296829599264; Bounding Box Height: 0.699999999999999
17ITUx02L2uvMWqiErv674,Wall 20 cm,. IsExternal: 1; WAHG: 3; WHLR: 4360BCB8731D61A; Project: Project Name; Building: The building; Storey: Level 6; Top Elevation: 15; Bottom Elevation: 12; Global Top Elevation: 15; Global Bottom Elevation: 12; Has Own Geometry: 1; Children Have Geometry: 0; Global X: -0.172435466678192; Global Y: 1.79299719925124; Global Z: 12; Bounding Box Length: 0.200523793903053; Bounding Box Width: 2.51307360522368; Bounding Box Height: 3
2BUUT8CwvD8PtROp3b0oZu,Wall 25 cm,. IsExternal: 1; WAHG: 0.7; WHLR: 4360BCB87279A35; Project: Project Name; Building: The building; Storey: Level 6; Top Elevation: 12.7; Bottom Elevation: 12; Global Top Elevation: 12.7; Global Bottom Elevation: 12; Has Own Geometry: 1; Children Have Geometry: 0; Global X: -5.94159109423931; Global Y: 4.30473482033479; Global Z: 12; Bounding Box Length: 2.95582081493053; Bounding Box Width: 0.250663119931342; Bounding Box Height: 0.699999999999999
1mhpaJUILE5uW$N_1KDAhC,Wall 25 cm,. IsExternal: 1; WAHG: 3; WHLR: 4360BCB87331D52; Project: Project Name; Building: The building; Storey: Level 6; Top Elevation: 15.001; Bottom Elevation: 12.001; Global Top Elevation: 15.001; Global Bottom Elevation: 12.001; Has Own Geometry: 1; Children Have Geometry: 0; Global X: -2.98582636684174; Global Y: 4.30544281658526; Global Z: 12.001; Bounding Box Length: 3.08625606964196; Bounding Box Width: 0.250647513071272; Bounding Box Height: 3
2UATNQcw1BtggKdWiT4aKt,Wall 20 cm,. IsExternal: 1; WAHG: 3; WHLR: 4360BCB8731F031; Project: Project Name; Building: The building; Storey: Level 6; Top Elevation: 15; Bottom Elevation: 12; Global Top Elevation: 15; Global Bottom Elevation: 12; Has Own Geometry: 1; Children Have Geometry: 0; Global X: -2.98577027930878; Global Y: 1.79295232915283; Global Z: 12; Bounding Box Length: 0.2; Bounding Box Width: 2.51244561740493; Bounding Box Height: 3
3ehNwWkxPCiv7tuu5L$_9i,Wall 25 cm,. IsExternal: 1; WAHG: 0.7; WHLR: 4360BCB87279AC6; Project: Project Name; Building: The building; Storey: Level 6; Top Elevation: 12.7; Bottom Elevation: 12; Global Top Elevation: 12.7; Global Bottom Elevation: 12; Has Own Geometry: 1; Children Have Geometry: 0; Global X: -6.23797370060734; Global Y: -4.62336291521416; Global Z: 12; Bounding Box Length: 9.14753461574826; Bounding Box Width: 0.25; Bounding Box Height: 0.699999999999999
1A1T2YFBH0Eeyq8eDPdGQl,Wall 25 cm,. IsExternal: 1; WAHG: 0.699999999999999; WHLR: 4360BCB87331C96; Project: Project Name; Building: The building; Storey: Level 6; Top Elevation: 12.701; Bottom Elevation: 12.001; Global Top Elevation: 12.701; Global Bottom Elevation: 12.001; Has Own Geometry: 1; Children Have Geometry: 0; Global X: 0.100373615267257; Global Y: 4.30609033594815; Global Z: 12.001; Bounding Box Length: 2.80918729987366; Bounding Box Width: 0.250630235265323; Bounding Box Height: 0.699999999999999
0QsyL5RU5Cb8AgR8HcT9RT,Wall 25 cm,. IsExternal: 1; WAHG: 0.7; WHLR: 4360BCB87279A76; Project: Project Name; Building: The building; Storey: Level 6; Top Elevation: 12.7; Bottom Elevation: 12; Global Top Elevation: 12.7; Global Bottom Elevation: 12; Has Own Geometry: 1; Children Have Geometry: 0; Global X: 2.65956091514092; Global Y: -4.62336291521416; Global Z: 12; Bounding Box Length: 0.25; Bounding Box Width: 8.93002739260164; Bounding Box Height: 0.699999999999999
2yX4NxYcz9ZeamOjpE9hDn,Wall 20 cm,. IsExternal: 1; WAHG: 3; WHLR: 4360BCB8731D68C; Project: Project Name; Building: The building; Storey: Level 6; Top Elevation: 15; Bottom Elevation: 12; Global Top Elevation: 15; Global Bottom Elevation: 12; Has Own Geometry: 1; Children Have Geometry: 1; Global X: -2.98577027930878; Global Y: 1.79295232915283; Global Z: 12; Bounding Box Length: 3.01385860653364; Bounding Box Width: 0.20004189191507; Bounding Box Height: 3
1KNy8eKXD5RBNSb8QNjeES,Opening Shape:Orthogonal,. Project: Project Name; Building: The building; Storey: Level 6; Top Elevation: 14.2; Bottom Elevation: 12; Global Top Elevation: 14.2; Global Bottom Elevation: 12; Has Own Geometry: 1; Children Have Geometry: 0; Global X: -2.78577027930878; Global Y: 1.79295530678199; Global Z: 12; Bounding Box Length: 0.950660861751726; Bounding Box Width: 0.200014153300332; Bounding Box Height: 2.2
10Fbet4ZH8Qxmc64NbvITZ,Storey 6 - Beam 2 (25 cm),. Project: Project Name; Building: The building; Storey: Level 6; Top Elevation: 12.7; Bottom Elevation: 12.4; Global Top Elevation: 12.7; Global Bottom Elevation: 12.4; Has Own Geometry: 1; Children Have Geometry: 0; Global X: 2.65956091514092; Global Y: -4.62336291521416; Global Z: 12.4; Bounding Box Length: 0.25; Bounding Box Width: 9.18008348642769; Bounding Box Height: 0.300000000000001
2BM18GwfjEygfnJTgrNEdz,Storey 6 - Beam 3 (25 cm),. Project: Project Name; Building: The building; Storey: Level 6; Top Elevation: 12.7; Bottom Elevation: 12.4; Global Top Elevation: 12.7; Global Bottom Elevation: 12.4; Has Own Geometry: 1; Children Have Geometry: 0; Global X: -6.23797370060734; Global Y: -4.62336291521416; Global Z: 12.4; Bounding Box Length: 9.14753461574826; Bounding Box Width: 0.25; Bounding Box Height: 0.300000000000001
3WE6w6$YX5fAewmTsXbNk3,Storey 6 - Beam 4 (25 cm),. Project: Project Name; Building: The building; Storey: Level 6; Top Elevation: 12.7; Bottom Elevation: 12.4; Global Top Elevation: 12.7; Global Bottom Elevation: 12.4; Has Own Geometry: 1; Children Have Geometry: 0; Global X: -6.24036367474334; Global Y: -4.62336291521416; Global Z: 12.4; Bounding Box Length: 0.252389965188302; Bounding Box Width: 8.93296829599264; Bounding Box Height: 0.300000000000001
16zM6ugUz3qfG0ch4ELxgK,Storey 6 - Beam 1 (25 cm),. Project: Project Name; Building: The building; Storey: Level 6; Top Elevation: 12.7; Bottom Elevation: 12.4; Global Top Elevation: 12.7; Global Bottom Elevation: 12.4; Has Own Geometry: 1; Children Have Geometry: 0; Global X: -5.94159109423931; Global Y: 4.30473482033479; Global Z: 12.4; Bounding Box Length: 2.95587690246349; Bounding Box Width: 0.250663132514589; Bounding Box Height: 0.300000000000001
13H1xf3UTEHgMHzeszoOuL,Level 1,. Project: Project Name; Building: The building; Top Elevation: 0; Bottom Elevation: -6.66666666666667; Global Top Elevation: 0; Global Bottom Elevation: -6.66666666666667; Has Own Geometry: 0; Children Have Geometry: 1; Global X: -6.24036367474334; Global Y: -4.62336291521416; Global Z: -6.66666666666667; Bounding Box Length: 10.2999245898843; Bounding Box Width: 9.18290140915652; Bounding Box Height: 6.66666666666667
3VUgDtdGbBbevFjjTzRS7G,Wall 25 cm,. IsExternal: 1; WAHG: 3; WHLR: 4360BCB87277B8C; Project: Project Name; Building: The building; Storey: Level 1; Top Elevation: 0; Bottom Elevation: -3; Global Top Elevation: 0; Global Bottom Elevation: -3; Has Own Geometry: 1; Children Have Geometry: 0; Global X: -6.23797370060734; Global Y: -4.62336291521416; Global Z: -3; Bounding Box Length: 9.14753461574826; Bounding Box Width: 0.25; Bounding Box Height: 3
2e8biPJdrDgwyz20sLsMgj,Wall 25 cm,. IsExternal: 1; WAHG: 3; WHLR: 4360BCB87277C90; Project: Project Name; Building: The building; Storey: Level 1; Top Elevation: 0; Bottom Elevation: -3; Global Top Elevation: 0; Global Bottom Elevation: -3; Has Own Geometry: 1; Children Have Geometry: 0; Global X: -6.24036367474334; Global Y: -4.62336291521416; Global Z: -3; Bounding Box Length: 0.252323096245186; Bounding Box Width: 8.93296829599264; Bounding Box Height: 3
0CXmM0$NDALeF1E8F0PHtU,Wall 25 cm,. IsExternal: 1; WAHG: 3; WHLR: 4360BCB8727AF75; Project: Project Name; Building: The building; Storey: Level 1; Top Elevation: 0; Bottom Elevation: -3; Global Top Elevation: 0; Global Bottom Elevation: -3; Has Own Geometry: 1; Children Have Geometry: 0; Global X: -5.94147891881796; Global Y: 4.30672057121353; Global Z: -3; Bounding Box Length: 8.43384621082086; Bounding Box Width: 0.25; Bounding Box Height: 3
0jNVr6f6PFgeZnUkNOGTmb,Wall 20 cm,. IsExternal: 1; WAHG: 3; WHLR: 4360BCB8728F1FC; Project: Project Name; Building: The building; Storey: Level 1; Top Elevation: 0; Bottom Elevation: -3; Global Top Elevation: 0; Global Bottom Elevation: -3; Has Own Geometry: 1; Children Have Geometry: 0; Global X: 2.90956091514092; Global Y: -1.84404680467381; Global Z: -3; Bounding Box Length: 1.15; Bounding Box Width: 0.199999999999999; Bounding Box Height: 3
09u5i2apnA2ey1Vp2QG3vw,Wall 20 cm,. IsExternal: 1; WAHG: 3; WHLR: 4360BCB8728F22E; Project: Project Name; Building: The building; Storey: Level 1; Top Elevation: 0; Bottom Elevation: -3; Global Top Elevation: 0; Global Bottom Elevation: -3; Has Own Geometry: 1; Children Have Geometry: 0; Global X: 3.85956091514092; Global Y: -1.84404680467381; Global Z: -3; Bounding Box Length: 0.2; Bounding Box Width: 4.87567257436977; Bounding Box Height: 3
1VS_ximnv02fK76_5WBWk0,Wall 25 cm,. IsExternal: 1; WAHG: 3; WHLR: 4360BCB87277B18; Project: Project Name; Building: The building; Storey: Level 1; Top Elevation: 0; Bottom Elevation: -3; Global Top Elevation: 0; Global Bottom Elevation: -3; Has Own Geometry: 1; Children Have Geometry: 1; Global X: 2.65956091514092; Global Y: -4.62336291521416; Global Z: -3; Bounding Box Length: 0.25; Bounding Box Width: 9.18008348642769; Bounding Box Height: 3
2d3hG4XPz7IOWP9GPMYDIu,Opening Shape:Orthogonal,. Project: Project Name; Building: The building; Storey: Level 1; Top Elevation: -0.8; Bottom Elevation: -3; Global Top Elevation: -0.8; Global Bottom Elevation: -3; Has Own Geometry: 1; Children Have Geometry: 0; Global X: 2.65956091514092; Global Y: -1.62692719555293; Global Z: -3; Bounding Box Length: 0.25; Bounding Box Width: 1; Bounding Box Height: 2.2
3ZElLOOwP98gixDcaLv3ce,Wall 25 cm,. IsExternal: 1; WAHG: 3; WHLR: 4360BCB87295368; Project: Project Name; Building: The building; Storey: Level 1; Top Elevation: 0; Bottom Elevation: -3; Global Top Elevation: 0; Global Bottom Elevation: -3; Has Own Geometry: 1; Children Have Geometry: 0; Global X: -0.221916501487978; Global Y: -0.0119309058053361; Global Z: -3; Bounding Box Length: 0.25; Bounding Box Width: 2.00488323498033; Bounding Box Height: 3
1PQC6Z0Sf5Tgr2tPZD7_LC,Wall 25 cm,. IsExternal: 1; WAHG: 3; WHLR: 4360BCB8729534E; Project: Project Name; Building: The building; Storey: Level 1; Top Elevation: 0; Bottom Elevation: -3; Global Top Elevation: 0; Global Bottom Elevation: -3; Has Own Geometry: 1; Children Have Geometry: 0; Global X: -1.59634331028464; Global Y: 1.74295232917499; Global Z: -3; Bounding Box Length: 1.42442680879666; Bounding Box Width: 0.25; Bounding Box Height: 3
35GPAlt1z65Q$XP0UiPosI,Wall 15 cm,. IsExternal: 0; WAHG: 3; WHLR: 4360BCB872955EF; Project: Project Name; Building: The building; Storey: Level 1; Top Elevation: 0; Bottom Elevation: -3; Global Top Elevation: 0; Global Bottom Elevation: -3; Has Own Geometry: 1; Children Have Geometry: 0; Global X: -2.98689017622593; Global Y: -0.0119309058053361; Global Z: -3; Bounding Box Length: 0.15; Bounding Box Width: 4.31865147701886; Bounding Box Height: 3
3wmCqJFQH5ueB1f72u5rbt,Wall 25 cm,. IsExternal: 1; WAHG: 3; WHLR: 4360BCB8729538C; Project: Project Name; Building: The building; Storey: Level 1; Top Elevation: 0; Bottom Elevation: -3; Global Top Elevation: 0; Global Bottom Elevation: -3; Has Own Geometry: 1; Children Have Geometry: 1; Global X: -2.98689017622593; Global Y: -0.0119309058053361; Global Z: -3; Bounding Box Length: 2.91497367473795; Bounding Box Width: 0.250000000000002; Bounding Box Height: 3
19bkUfkej719mDFJvh8BrL,Opening Shape:Orthogonal,. Project: Project Name; Building: The building; Storey: Level 1; Top Elevation: -0.8; Bottom Elevation: -3; Global Top Elevation: -0.8; Global Bottom Elevation: -3; Has Own Geometry: 1; Children Have Geometry: 0; Global X: -2.58689017622593; Global Y: -0.0119309058053361; Global Z: -3; Bounding Box Length: 0.9; Bounding Box Width: 0.250000000000002; Bounding Box Height: 2.2
2hG490Wlb9pAYr$UUnD_YJ,Wall 10 cm,. IsExternal: 0; WAHG: 3; WHLR: 4360BCB87295442; Project: Project Name; Building: The building; Storey: Level 1; Top Elevation: 0; Bottom Elevation: -0.8; Global Top Elevation: 0; Global Bottom Elevation: -0.8; Has Own Geometry: 1; Children Have Geometry: 1; Global X: -1.50168698646103; Global Y: 0.238069094194664; Global Z: -0.8; Bounding Box Length: 0.1; Bounding Box Width: 1.50488323498033; Bounding Box Height: 0.8
1ZSS2gQ0bEkh_M6$i7_zI9,Opening Shape:Orthogonal,. Project: Project Name; Building: The building; Storey: Level 1; Top Elevation: -0.8; Bottom Elevation: -3; Global Top Elevation: -0.8; Global Bottom Elevation: -3; Has Own Geometry: 1; Children Have Geometry: 0; Global X: -1.50168698646103; Global Y: 0.238069094194664; Global Z: -3; Bounding Box Length: 0.1; Bounding Box Width: 1.50488323498033; Bounding Box Height: 2.2
1WbvNPI8H9DOcposqB9O8o,Wall 10 cm,. IsExternal: 0; WAHG: 3; WHLR: 4360BCB87327E10; Project: Project Name; Building: The building; Storey: Level 1; Top Elevation: 0; Bottom Elevation: -3; Global Top Elevation: 0; Global Bottom Elevation: -3; Has Own Geometry: 1; Children Have Geometry: 1; Global X: -2.83689017622593; Global Y: 2.97136219732693; Global Z: -3; Bounding Box Length: 1.16827271973996; Bounding Box Width: 0.103952669391306; Bounding Box Height: 3
2HcRRre$TBaONu2ftLeJis,Opening Shape:Orthogonal,. Project: Project Name; Building: The building; Storey: Level 1; Top Elevation: -0.8; Bottom Elevation: -3; Global Top Elevation: -0.8; Global Bottom Elevation: -3; Has Own Geometry: 1; Children Have Geometry: 0; Global X: -2.83689017622593; Global Y: 2.97136219732693; Global Z: -3; Bounding Box Length: 0.8; Bounding Box Width: 0.103952669391306; Bounding Box Height: 2.2
3hwkH1$61EnPphoSUBC0ox,Wall 10 cm,. IsExternal: 0; WAHG: 3; WHLR: 4360BCB873287CE; Project: Project Name; Building: The building; Storey: Level 1; Top Elevation: 0; Bottom Elevation: -3; Global Top Elevation: 0; Global Bottom Elevation: -3; Has Own Geometry: 1; Children Have Geometry: 0; Global X: -1.76861745648597; Global Y: 2.97136219732693; Global Z: -3; Bounding Box Length: 0.1; Bounding Box Width: 1.3353583738866; Bounding Box Height: 3
0S_Esgvjr76fZln6oNnxJy,Wall 20 cm,. IsExternal: 0; WAHG: 3; WHLR: 4360BCB87329F98; Project: Project Name; Building: The building; Storey: Level 1; Top Elevation: 0; Bottom Elevation: -3; Global Top Elevation: 0; Global Bottom Elevation: -3; Has Own Geometry: 1; Children Have Geometry: 0; Global X: -0.171916501487978; Global Y: 1.99295232917499; Global Z: -3; Bounding Box Length: 0.2; Bounding Box Width: 2.31376824203853; Bounding Box Height: 3
0nHa$_q2bDkhdIyeeyHIek,Wall 10 cm,. IsExternal: 0; WAHG: 3; WHLR: 4360BCB8732A2D1; Project: Project Name; Building: The building; Storey: Level 1; Top Elevation: 0; Bottom Elevation: -3; Global Top Elevation: 0; Global Bottom Elevation: -3; Has Own Geometry: 1; Children Have Geometry: 0; Global X: 0.028083498512022; Global Y: -3.19679607217769; Global Z: -3; Bounding Box Length: 1.87640158780088; Bounding Box Width: 0.100000000000001; Bounding Box Height: 3
35SbLXvVP3Twe8hpI8jDmr,Wall 10 cm,. IsExternal: 0; WAHG: 3; WHLR: 4360BCB87329706; Project: Project Name; Building: The building; Storey: Level 1; Top Elevation: 0; Bottom Elevation: -3; Global Top Elevation: 0; Global Bottom Elevation: -3; Has Own Geometry: 1; Children Have Geometry: 1; Global X: -0.0719165014879786; Global Y: -4.37336291521416; Global Z: -3; Bounding Box Length: 0.100000000000001; Bounding Box Width: 4.36143200940882; Bounding Box Height: 3
0e5npVpX17SAC0T6EXDJmy,Opening Shape:Orthogonal,. Project: Project Name; Building: The building; Storey: Level 1; Top Elevation: -0.8; Bottom Elevation: -3; Global Top Elevation: -0.8; Global Bottom Elevation: -3; Has Own Geometry: 1; Children Have Geometry: 0; Global X: -0.0719165014879786; Global Y: -0.911930905805335; Global Z: -3; Bounding Box Length: 0.100000000000001; Bounding Box Width: 0.899999999999999; Bounding Box Height: 2.2
2RGhkapMz5zR0T2ajf8ucM,"Door:1 panel, casement, orthogonal, compact",O1. DST: 0.1; EDP: 2.78456091514092; JUF: 1; JUFD: 0.02; JUK: 1; LBM: 0; OTI: OTI; SRP: 2.78456091514092; SSL: 1; STR3D: 2; WDI: WDI; Project: Project Name; Building: The building; Storey: Level 1; Top Elevation: -0.8; Bottom Elevation: -3; Global Top Elevation: -0.8; Global Bottom Elevation: -3; Has Own Geometry: 1; Children Have Geometry: 0; Global X: 2.65906091514092; Global Y: -1.62692719555293; Global Z: -3; Bounding Box Length: 0.251; Bounding Box Width: 0.999999999999998; Bounding Box Height: 2.2
37vsNca2P5iwKYe7ueIH_u,"Door:1 panel, casement, orthogonal, compact",O1. DST: 0.1; EDP: -2.58689017622593; JUF: 1; JUFD: 0.02; JUK: 1; LBM: 0; OTI: OTI; SRP: -1.68689017622593; SSL: 1; STR3D: 0; WDI: WDI; Project: Project Name; Building: The building; Storey: Level 1; Top Elevation: -0.8; Bottom Elevation: -3; Global Top Elevation: -0.8; Global Bottom Elevation: -3; Has Own Geometry: 1; Children Have Geometry: 0; Global X: -2.58689017622593; Global Y: -0.0124309058053349; Global Z: -3; Bounding Box Length: 0.9; Bounding Box Width: 0.250999999999999; Bounding Box Height: 2.2
3UObS30aj6NuV3sUYXVJJk,"Door:1 panel, sliding, compact",O1. DST: 0.1; EDP: -1.45168698646103; JUF: 1; JUFD: 0.02; JUK: 1; LBM: 0; OTI: OTI; SRP: -1.45168698646103; SSL: 50; STR3D: 2; WDI: WDI; Project: Project Name; Building: The building; Storey: Level 1; Top Elevation: -0.8; Bottom Elevation: -3; Global Top Elevation: -0.8; Global Bottom Elevation: -3; Has Own Geometry: 1; Children Have Geometry: 0; Global X: -1.52668698646103; Global Y: 0.238069094194664; Global Z: -3; Bounding Box Length: 0.1255; Bounding Box Width: 1.50488323498033; Bounding Box Height: 2.2
2fgJaT6l5FgOU4cgo29ngr,"Door:1 panel, casement, orthogonal, compact",O1. DST: 0.1; EDP: -2.83689017622593; JUF: 1; JUFD: 0.02; JUK: 1; LBM: 0; OTI: OTI; SRP: -2.03689017622593; SSL: 1; STR3D: 3; WDI: WDI; Project: Project Name; Building: The building; Storey: Level 1; Top Elevation: -0.799999999999999; Bottom Elevation: -3; Global Top Elevation: -0.799999999999999; Global Bottom Elevation: -3; Has Own Geometry: 1; Children Have Geometry: 0; Global X: -2.83689017622593; Global Y: 2.97086219732693; Global Z: -3; Bounding Box Length: 0.8; Bounding Box Width: 0.104952669391304; Bounding Box Height: 2.2
3JRC0PIJv8eQf24Cunjh6i,"Door:1 panel, casement, orthogonal, compact",O1. DST: 0.1; EDP: -0.0219165014879784; JUF: 1; JUFD: 0.02; JUK: 1; LBM: 0; OTI: OTI; SRP: -0.0219165014879782; SSL: 1; STR3D: 0; WDI: WDI; Project: Project Name; Building: The building; Storey: Level 1; Top Elevation: -0.8; Bottom Elevation: -3; Global Top Elevation: -0.8; Global Bottom Elevation: -3; Has Own Geometry: 1; Children Have Geometry: 0; Global X: -0.0724165014879783; Global Y: -0.911930905805335; Global Z: -3; Bounding Box Length: 0.101; Bounding Box Width: 0.899999999999999; Bounding Box Height: 2.2
3lmzm7b7122wsW7I84GBA0,Storey 1 - Stair 1,. AGL: 0; ALD: 0.475; CL2D: 256; CL3D: CL3D; COEF: 0; ELV1: 0; ELV2: 3; FRI: 0; FRK: 1; LR: LR; MTL: MTL; NSTP: 17; PTS: PTS; RR: RR; RZR1: 0.13; RZR2: 0.2; SBL: SBL; SSI: 1; STPW: 0.2; TRD1: 0.25; TRD2: 0.3; TYP: 1; VSB: VSB; WTH: 0.95; Project: Project Name; Building: The building; Storey: Level 1; Top Elevation: -3; Bottom Elevation: -6; Global Top Elevation: -3; Global Bottom Elevation: -6; Has Own Geometry: 1; Children Have Geometry: 0; Global X: 2.90956091514092; Global Y: -0.540990345959989; Global Z: -6; Bounding Box Length: 0.95; Bounding Box Width: 3.48908703958434; Bounding Box Height: 3
00yiuImd99Q9ddOaQ6frsR,Storey 1 - Stair 2,. AGL: 0; ALD: 0.62; CL2D: 256; CL3D: CL3D; COEF: 0; ELV1: 0; ELV2: 0.5; FRI: 0; FRK: 1; LR: LR; MTL: MTL; NSTP: 3; PTS: PTS; RR: RR; RZR1: 0.13; RZR2: 0.2; SBL: SBL; SSI: 1; STPW: 1; TRD1: 0.25; TRD2: 0.3; TYP: 1; VSB: VSB; WTH: 1.24; Project: Project Name; Building: The building; Storey: Level 1; Top Elevation: -5.5; Bottom Elevation: -6.66666666666667; Global Top Elevation: -5.5; Global Bottom Elevation: -6.66666666666667; Has Own Geometry: 1; Children Have Geometry: 0; Global X: -2.83634331028464; Global Y: 1.52508408458769; Global Z: -6.66666666666667; Bounding Box Length: 1.24; Bounding Box Width: 0.467868244587303; Bounding Box Height: 1.16666666666667
2oqguAY1z4g9X8CK6gLV5L,gW6_a31,3D - Åðéðëá Ãñáöåßïõ. Project: Project Name; Building: The building; Storey: Level 1; Top Elevation: -2.25; Bottom Elevation: -3; Global Top Elevation: -2.25; Global Bottom Elevation: -3; Has Own Geometry: 1; Children Have Geometry: 0; Global X: 2.25956091514092; Global Y: 0.114720571213525; Global Z: -3; Bounding Box Length: 0.400000000000003; Bounding Box Width: 4.192; Bounding Box Height: 0.75
1r5XCNqzvAM9uU6KGNnOtJ,gW5_a18,3D - Åðéðëá Êïõæßíáò. Project: Project Name; Building: The building; Storey: Level 1; Top Elevation: -2.1; Bottom Elevation: -3; Global Top Elevation: -2.1; Global Bottom Elevation: -3; Has Own Geometry: 1; Children Have Geometry: 0; Global X: 0.0280834985120282; Global Y: -4.37336291521416; Global Z: -3; Bounding Box Length: 0.539999999999995; Bounding Box Width: 0.540000000000003; Bounding Box Height: 0.9
1lP_J34Un2Cek1jVeKbRJV,gW5_a22,3D - Åðéðëá Êïõæßíáò. Project: Project Name; Building: The building; Storey: Level 1; Top Elevation: -0.8; Bottom Elevation: -3; Global Top Elevation: -0.8; Global Bottom Elevation: -3; Has Own Geometry: 1; Children Have Geometry: 0; Global X: 1.61462832030923; Global Y: -4.37299879127208; Global Z: -3; Bounding Box Length: 1.0395; Bounding Box Width: 0.558; Bounding Box Height: 2.2
0RKzdO3n1DjANeB8oR81ts,gW5_a39,3D - Åðéðëá Êïõæßíáò. Project: Project Name; Building: The building; Storey: Level 1; Top Elevation: -2; Bottom Elevation: -3; Global Top Elevation: -2; Global Bottom Elevation: -3; Has Own Geometry: 1; Children Have Geometry: 0; Global X: 0.568083498512023; Global Y: -4.37336291521416; Global Z: -3; Bounding Box Length: 1.0465; Bounding Box Width: 0.540000000000003; Bounding Box Height: 1
3HlY09LYz9uvWJw9gVk4Vd,gW6_a31,3D - Åðéðëá Ãñáöåßïõ. Project: Project Name; Building: The building; Storey: Level 1; Top Elevation: -2.25; Bottom Elevation: -3; Global Top Elevation: -2.25; Global Bottom Elevation: -3; Has Own Geometry: 1; Children Have Geometry: 0; Global X: -5.99024918253497; Global Y: -3.97336291521416; Global Z: -3; Bounding Box Length: 0.400000000000002; Bounding Box Width: 4.016; Bounding Box Height: 0.75
36zOHyKQDE$eK40LPziA5d,gW3_a116,3D - Eðéðëá Êáèéóôéêïý. Project: Project Name; Building: The building; Storey: Level 1; Top Elevation: -2.19998807907109; Bottom Elevation: -2.99972811430644; Global Top Elevation: -2.19998807907109; Global Bottom Elevation: -2.99972811430644; Has Own Geometry: 1; Children Have Geometry: 0; Global X: 0.0688894736266326; Global Y: -2.64482137261747; Global Z: -2.99972811430644; Bounding Box Length: 1.79999997152561; Bounding Box Width: 0.899999976158142; Bounding Box Height: 0.799740035235345
2UOy_6WjjEHR2QV$moX_kH,gW6_a31,3D - Åðéðëá Ãñáöåßïõ. Project: Project Name; Building: The building; Storey: Level 1; Top Elevation: -2.25; Bottom Elevation: -3; Global Top Elevation: -2.25; Global Bottom Elevation: -3; Has Own Geometry: 1; Children Have Geometry: 0; Global X: -0.471916501487979; Global Y: -4.20393090580534; Global Z: -3; Bounding Box Length: 0.400000000000003; Bounding Box Width: 4.192; Bounding Box Height: 0.75
2IyoP$66X4IfPpVuyOGAgU,gW3_a125,3D - Eðéðëá Êáèéóôéêïý. Project: Project Name; Building: The building; Storey: Level 1; Top Elevation: -2.09999804470091; Bottom Elevation: -3; Global Top Elevation: -2.09999804470091; Global Bottom Elevation: -3; Has Own Geometry: 1; Children Have Geometry: 0; Global X: 0.820336121171874; Global Y: 3.58377623503331; Global Z: -3; Bounding Box Length: 0.560000000000001; Bounding Box Width: 0.600000000000001; Bounding Box Height: 0.900001955299087
0L$q_ocfTEzRwdBVAdxlkr,gW8_a5_4MMAT_1,3D - ÓõìðëçñùìáôéêÜ Åðéðëá. Project: Project Name; Building: The building; Storey: Level 1; Top Elevation: -1.8; Bottom Elevation: -2.2; Global Top Elevation: -1.8; Global Bottom Elevation: -2.2; Has Own Geometry: 1; Children Have Geometry: 0; Global X: 0.230177157270564; Global Y: -2.15966933357246; Global Z: -2.2; Bounding Box Length: 0.47999999999999; Bounding Box Width: 0.322414519029707; Bounding Box Height: 0.399999999999999
1tnfYsA8HFe9xFijWX7oA6,gW6_a31,3D - Åðéðëá Ãñáöåßïõ. Project: Project Name; Building: The building; Storey: Level 1; Top Elevation: -2.25; Bottom Elevation: -3; Global Top Elevation: -2.25; Global Bottom Elevation: -3; Has Own Geometry: 1; Children Have Geometry: 0; Global X: -2.67027371139372; Global Y: -4.37336291521416; Global Z: -3; Bounding Box Length: 2.208; Bounding Box Width: 0.400000000000002; Bounding Box Height: 0.75
00eO_QkarCHAQEQeTcxe$s,gW3_a125,3D - Eðéðëá Êáèéóôéêïý. Project: Project Name; Building: The building; Storey: Level 1; Top Elevation: -2.09999804470091; Bottom Elevation: -3; Global Top Elevation: -2.09999804470091; Global Bottom Elevation: -3; Has Own Geometry: 1; Children Have Geometry: 0; Global X: 0.669870248276581; Global Y: -2.97065502563438; Global Z: -3; Bounding Box Length: 0.560000000000002; Bounding Box Width: 0.600000000000001; Bounding Box Height: 0.900001955299087
27M9HJH_z1yhgwk8T3qLjb,gW6_a31,3D - Åðéðëá Ãñáöåßïõ. Project: Project Name; Building: The building; Storey: Level 1; Top Elevation: -2.25; Bottom Elevation: -3; Global Top Elevation: -2.25; Global Bottom Elevation: -3; Has Own Geometry: 1; Children Have Geometry: 0; Global X: -5.82786282577372; Global Y: -4.37336291521416; Global Z: -3; Bounding Box Length: 2.736; Bounding Box Width: 0.400000000000002; Bounding Box Height: 0.75
2u5FIZq6n5Qxu40w$NKVRE,gW3_a116,3D - Eðéðëá Êáèéóôéêïý. Project: Project Name; Building: The building; Storey: Level 1; Top Elevation: -2.19998807907109; Bottom Elevation: -2.99972811430644; Global Top Elevation: -2.19998807907109; Global Bottom Elevation: -2.99972811430644; Has Own Geometry: 1; Children Have Geometry: 0; Global X: 0.120831364782658; Global Y: 2.86794560791493; Global Z: -2.99972811430644; Bounding Box Length: 1.97999996867817; Bounding Box Width: 0.989999973773957; Bounding Box Height: 0.799740035235345
2TxedJ48DAYgjPV5M76Bgr,gW8_a5_4MMAT_1,3D - ÓõìðëçñùìáôéêÜ Åðéðëá. Project: Project Name; Building: The building; Storey: Level 1; Top Elevation: -1.8; Bottom Elevation: -2.2; Global Top Elevation: -1.8; Global Bottom Elevation: -2.2; Has Own Geometry: 1; Children Have Geometry: 0; Global X: 1.23565623885454; Global Y: -2.15966933357246; Global Z: -2.2; Bounding Box Length: 0.47999999999999; Bounding Box Width: 0.322414519029707; Bounding Box Height: 0.399999999999999
2QQkBi$RjCCxfBDN6LaPIR,gW6_a31,3D - Åðéðëá Ãñáöåßïõ. Project: Project Name; Building: The building; Storey: Level 1; Top Elevation: -2.25; Bottom Elevation: -3; Global Top Elevation: -2.25; Global Bottom Elevation: -3; Has Own Geometry: 1; Children Have Geometry: 0; Global X: -5.73889017622593; Global Y: 3.90672057121353; Global Z: -3; Bounding Box Length: 2.752; Bounding Box Width: 0.400000000000002; Bounding Box Height: 0.75
3pWlVXcA1EE8EAaHN58Uke,gW6_a31,3D - Åðéðëá Ãñáöåßïõ. Project: Project Name; Building: The building; Storey: Level 1; Top Elevation: -2.25; Bottom Elevation: -3; Global Top Elevation: -2.25; Global Bottom Elevation: -3; Has Own Geometry: 1; Children Have Geometry: 0; Global X: -5.99024918253497; Global Y: 0.491739828159483; Global Z: -3; Bounding Box Length: 0.400000000000002; Bounding Box Width: 3.424; Bounding Box Height: 0.75
2$EfGpHfPEfQADSxDUJRyC,gW8_a5_4MMAT_1,3D - ÓõìðëçñùìáôéêÜ Åðéðëá. Project: Project Name; Building: The building; Storey: Level 1; Top Elevation: -1.8; Bottom Elevation: -2.2; Global Top Elevation: -1.8; Global Bottom Elevation: -2.2; Has Own Geometry: 1; Children Have Geometry: 0; Global X: 1.45181280224115; Global Y: 2.9715471953521; Global Z: -2.2; Bounding Box Length: 0.479999999999989; Bounding Box Width: 0.322414519029707; Bounding Box Height: 0.399999999999999
1fR12Cxqz26fUJUbgr0g62,gW8_a5_4MMAT_1,3D - ÓõìðëçñùìáôéêÜ Åðéðëá. Project: Project Name; Building: The building; Storey: Level 1; Top Elevation: -1.8; Bottom Elevation: -2.2; Global Top Elevation: -1.8; Global Bottom Elevation: -2.2; Has Own Geometry: 1; Children Have Geometry: 0; Global X: 0.446333720657181; Global Y: 2.9715471953521; Global Z: -2.2; Bounding Box Length: 0.47999999999999; Bounding Box Width: 0.322414519029707; Bounding Box Height: 0.399999999999999
2INr1Zzy1AiR_OGHIMPr3o,Storey 1 - Column 12 (W8 - 300 cm),. Project: Project Name; Building: The building; Storey: Level 1; Top Elevation: -0.000999999999999446; Bottom Elevation: -3.001; Global Top Elevation: -0.000999999999999446; Global Bottom Elevation: -3.001; Has Own Geometry: 1; Children Have Geometry: 0; Global X: -2.98689017622593; Global Y: -0.0119309058053361; Global Z: -3.001; Bounding Box Length: 0.4; Bounding Box Width: 0.4; Bounding Box Height: 3
2bt2sjorHEtx1Zeaf0KhYJ,Storey 1 - Column 6 (W8 - 300 cm),. Project: Project Name; Building: The building; Storey: Level 1; Top Elevation: -0.000999999999999446; Bottom Elevation: -3.001; Global Top Elevation: -0.000999999999999446; Global Bottom Elevation: -3.001; Has Own Geometry: 1; Children Have Geometry: 0; Global X: -3.09186282577371; Global Y: -4.62336291521416; Global Z: -3.001; Bounding Box Length: 0.417193623138019; Bounding Box Width: 0.430638335742174; Bounding Box Height: 3
0HAc5UElf5BeV45xgJj_CF,Storey 1 - Column 3 (W8 - 300 cm),. Project: Project Name; Building: The building; Storey: Level 1; Top Elevation: -0.000999999999999446; Bottom Elevation: -3.001; Global Top Elevation: -0.000999999999999446; Global Bottom Elevation: -3.001; Has Own Geometry: 1; Children Have Geometry: 0; Global X: -0.316820007870771; Global Y: 4.12608223547135; Global Z: -3.001; Bounding Box Length: 0.417193623138019; Bounding Box Width: 0.430638335742174; Bounding Box Height: 3
1Aqr$oThvFP86TXED3w2Je,Storey 1 - Column 7 (W8 - 300 cm),. Project: Project Name; Building: The building; Storey: Level 1; Top Elevation: -0.000999999999999446; Bottom Elevation: -3.001; Global Top Elevation: -0.000999999999999446; Global Bottom Elevation: -3.001; Has Own Geometry: 1; Children Have Geometry: 0; Global X: -0.462273711393717; Global Y: -4.62336291521416; Global Z: -3.001; Bounding Box Length: 0.417193623138019; Bounding Box Width: 0.430638335742174; Bounding Box Height: 3
1GAPaVqGD9XPSqx6wpRx3N,Storey 1 - Column 8 (W8 - 300 cm),. Project: Project Name; Building: The building; Storey: Level 1; Top Elevation: -0.000999999999999446; Bottom Elevation: -3.001; Global Top Elevation: -0.000999999999999446; Global Bottom Elevation: -3.001; Has Own Geometry: 1; Children Have Geometry: 0; Global X: 2.4923672920029; Global Y: -4.62336291521416; Global Z: -3.001; Bounding Box Length: 0.417193623138019; Bounding Box Width: 0.430638335742174; Bounding Box Height: 3
042XST51b4X8UGrklsM68b,Storey 1 - Column 5 (W8 - 300 cm),. Project: Project Name; Building: The building; Storey: Level 1; Top Elevation: -0.000999999999999446; Bottom Elevation: -3.001; Global Top Elevation: -0.000999999999999446; Global Bottom Elevation: -3.001; Has Own Geometry: 1; Children Have Geometry: 0; Global X: -6.23797370060734; Global Y: -4.62336291521416; Global Z: -3.001; Bounding Box Length: 0.417193623138019; Bounding Box Width: 0.430638335742174; Bounding Box Height: 3
3Nn$R4rXz7VPQO3A1tgi48,Storey 1 - Column 9 (W8 - 300 cm),. Project: Project Name; Building: The building; Storey: Level 1; Top Elevation: -0.000999999999999446; Bottom Elevation: -3.001; Global Top Elevation: -0.000999999999999446; Global Bottom Elevation: -3.001; Has Own Geometry: 1; Children Have Geometry: 0; Global X: 2.4923672920029; Global Y: -2.05936597254489; Global Z: -3.001; Bounding Box Length: 0.417193623138019; Bounding Box Width: 0.430638335742174; Bounding Box Height: 3
2RiyXxjzPAkxbfy6ChFFN9,Storey 1 - Column 4 (W8 - 300 cm),. Project: Project Name; Building: The building; Storey: Level 1; Top Elevation: -0.000999999999999446; Bottom Elevation: -3.001; Global Top Elevation: -0.000999999999999446; Global Bottom Elevation: -3.001; Has Own Geometry: 1; Children Have Geometry: 0; Global X: 2.4923672920029; Global Y: 4.12608223547135; Global Z: -3.001; Bounding Box Length: 0.417193623138019; Bounding Box Width: 0.430638335742174; Bounding Box Height: 3
2Ec1xS4Qf0_xhuEiGq$KKv,Storey 1 - Column 10 (W8 - 300 cm),. Project: Project Name; Building: The building; Storey: Level 1; Top Elevation: -0.000999999999999446; Bottom Elevation: -3.001; Global Top Elevation: -0.000999999999999446; Global Bottom Elevation: -3.001; Has Own Geometry: 1; Children Have Geometry: 0; Global X: 2.4923672920029; Global Y: 0.883125756899359; Global Z: -3.001; Bounding Box Length: 0.417193623138019; Bounding Box Width: 0.430638335742172; Bounding Box Height: 3
3_hoBavOv6$OVcj2ZsYEzJ,Storey 1 - Column 11 (W8 - 300 cm),. Project: Project Name; Building: The building; Storey: Level 1; Top Elevation: -0.000999999999999446; Bottom Elevation: -3.001; Global Top Elevation: -0.000999999999999446; Global Bottom Elevation: -3.001; Has Own Geometry: 1; Children Have Geometry: 0; Global X: -6.23934223281202; Global Y: 0.0611014924173094; Global Z: -3.001; Bounding Box Length: 0.417193623138019; Bounding Box Width: 0.430638335742174; Bounding Box Height: 3
1LGHrYyKP9x96sVVsI1Ual,Storey 1 - Column 2 (W8 - 300 cm),. Project: Project Name; Building: The building; Storey: Level 1; Top Elevation: -0.000999999999999446; Bottom Elevation: -3.001; Global Top Elevation: -0.000999999999999446; Global Bottom Elevation: -3.001; Has Own Geometry: 1; Children Have Geometry: 0; Global X: -2.98577027930878; Global Y: 4.12608223547135; Global Z: -3.001; Bounding Box Length: 0.417193623138019; Bounding Box Width: 0.430638335742174; Bounding Box Height: 3
23BflBpVzAqxAdkItWuMqA,Storey 1 - Column 1 (W8 - 300 cm),. Project: Project Name; Building: The building; Storey: Level 1; Top Elevation: 0; Bottom Elevation: -3; Global Top Elevation: 0; Global Bottom Elevation: -3; Has Own Geometry: 1; Children Have Geometry: 0; Global X: -6.24036367474334; Global Y: 4.05953849394236; Global Z: -3; Bounding Box Length: 0.5; Bounding Box Width: 0.5; Bounding Box Height: 3
2MxAuUfIfE0w2MTFk88Ju$,Storey 1 - Beam 3 (25 cm),. Project: Project Name; Building: The building; Storey: Level 1; Top Elevation: 0; Bottom Elevation: -0.3; Global Top Elevation: 0; Global Bottom Elevation: -0.3; Has Own Geometry: 1; Children Have Geometry: 0; Global X: -6.24036367474334; Global Y: -4.62336291521416; Global Z: -0.3; Bounding Box Length: 0.252389965188302; Bounding Box Width: 8.93296829599264; Bounding Box Height: 0.3
2z2FmqIzr96BJMQRECSkjm,Storey 1 - Beam 2 (25 cm),. Project: Project Name; Building: The building; Storey: Level 1; Top Elevation: 0; Bottom Elevation: -0.3; Global Top Elevation: 0; Global Bottom Elevation: -0.3; Has Own Geometry: 1; Children Have Geometry: 0; Global X: -6.23797370060734; Global Y: -4.62336291521416; Global Z: -0.3; Bounding Box Length: 9.14753461574826; Bounding Box Width: 0.25; Bounding Box Height: 0.3
3TYslVE2jAlx6ZkBseP$Dz,Storey 1 - Beam 6 (20 cm),. Project: Project Name; Building: The building; Storey: Level 1; Top Elevation: 0; Bottom Elevation: -0.3; Global Top Elevation: 0; Global Bottom Elevation: -0.3; Has Own Geometry: 1; Children Have Geometry: 0; Global X: 3.85956091514092; Global Y: -1.84404680467381; Global Z: -0.3; Bounding Box Length: 0.2; Bounding Box Width: 4.87567257436977; Bounding Box Height: 0.3
1$rwcKjmzFHROtUWl6qLCZ,Storey 1 - Beam 1 (25 cm),. Project: Project Name; Building: The building; Storey: Level 1; Top Elevation: 0; Bottom Elevation: -0.3; Global Top Elevation: 0; Global Bottom Elevation: -0.3; Has Own Geometry: 1; Children Have Geometry: 0; Global X: 2.65956091514092; Global Y: -4.62336291521416; Global Z: -0.3; Bounding Box Length: 0.25; Bounding Box Width: 9.18008348642769; Bounding Box Height: 0.3
1HKmPGTjHErvCaf9ZfXco_,Storey 1 - Beam 4 (25 cm),. Project: Project Name; Building: The building; Storey: Level 1; Top Elevation: 0; Bottom Elevation: -0.3; Global Top Elevation: 0; Global Bottom Elevation: -0.3; Has Own Geometry: 1; Children Have Geometry: 0; Global X: -5.94147891881796; Global Y: 4.30672057121353; Global Z: -0.3; Bounding Box Length: 8.43384621082086; Bounding Box Width: 0.250000000000002; Bounding Box Height: 0.3
02n4lXK0jBdg6iQm1afR5m,Storey 1 - Beam 5 (20 cm),. Project: Project Name; Building: The building; Storey: Level 1; Top Elevation: 0; Bottom Elevation: -0.3; Global Top Elevation: 0; Global Bottom Elevation: -0.3; Has Own Geometry: 1; Children Have Geometry: 0; Global X: 2.90956091514092; Global Y: -1.84404680467381; Global Z: -0.3; Bounding Box Length: 1.15; Bounding Box Width: 0.199999999999999; Bounding Box Height: 0.3
