GlobalId,Name,Text
0a3v3dJi10mxIqGCSrYdxN,0001,. Description: ViewDefinition [CoordinationView_V2.0]; Implementation Level: 2;1; Originating System: 21.0.0.383 - Exporter 21.0.0.383 - Alternate UI 21.0.0.383; Preprocessor Version: The EXPRESS Data Manager Version 5.02.0100.07 : 28 Aug 2013; Schema Identifiers: IFC2X3; Time Stamp: 2021-11-21T06:45:25
0a3v3dJi10mxIqGCSrYdxL,Default,. Category: Project Information; Project: 0001; Top Elevation: 12250.0000000003; Bottom Elevation: -150.031390487338; Global Top Elevation: 12250.0000000003; Global Bottom Elevation: -150.031390487338; Has Own Geometry: 0; Children Have Geometry: 1; Global X: -87425.8269556931; Global Y: -23518.2550642611; Global Z: -150.031390487338; Bounding Box Length: 162370.097199126; Bounding Box Width: 131182.102680056; Bounding Box Height: 12400.0313904876
0a3v3dJi10mxIqGCSrYdxM,N/A,. Address lines: Enter address here; Country: MA; Region: Boston; IsLandmarked: 9.88131291682493E-324; NumberOfStoreys: 5; Category: Project Information; Project: 0001; Top Elevation: 12250.0000000003; Bottom Elevation: -150.031390487338; Global Top Elevation: 12250.0000000003; Global Bottom Elevation: -150.031390487338; Has Own Geometry: 0; Children Have Geometry: 1; Global X: -87425.8269556931; Global Y: -23518.2550642611; Global Z: -150.031390487338; Bounding Box Length: 162370.097199126; Bounding Box Width: 131182.102680056; Bounding Box Height: 12400.0313904876
0a3v3dJi10mxIqGCVATO0G,Street level,. Name: Street level; AboveGround: 9.88131291682493E-324; Category: Levels; Name: Street level; Project: 0001; Top Elevation: 8950; Bottom Elevation: -150.031390487338; Global Top Elevation: 8950; Global Bottom Elevation: -150.031390487338; Has Own Geometry: 0; Children Have Geometry: 1; Global X: -87425.8269556931; Global Y: -23518.2550642611; Global Z: -150.031390487338; Bounding Box Length: 162370.097199126; Bounding Box Width: 131182.102680056; Bounding Box Height: 9100.03139048734
0ZRQUHwuv8SOaxY18jH6Mu,Floor:Generic 150mm - Filled:348347,. Roughness: 914.4; Category: Floors; Reference: Generic 150mm - Filled; Reference: Generic 150mm - Filled; IsExternal: 0; LoadBearing: 0; PitchAngle: 0; Reference: Generic 150mm - Filled; Project: 0001; Storey: Street level; Top Elevation: 0; Bottom Elevation: -150; Global Top Elevation: 0; Global Bottom Elevation: -150; Has Own Geometry: 1; Children Have Geometry: 1; Global X: -17523.3908484548; Global Y: -22170.2665725993; Global Z: -150; Bounding Box Length: 36186.8180176245; Bounding Box Width: 36389.9830814245; Bounding Box Height: 150; Layer: A-FLOR
0OYSuH3T9CufsaYBbdUcUQ,Floor:Generic 150mm - Filled:348347:2,. Roughness: 914.4; Reference: Generic 150mm - Filled; Category: Floors; Reference: Generic 150mm - Filled; Project: 0001; Storey: Street level; Top Elevation: 0; Bottom Elevation: -150; Global Top Elevation: 0; Global Bottom Elevation: -150; Has Own Geometry: 1; Children Have Geometry: 0; Global X: 3127.98110080635; Global Y: -19011.9973489164; Global Z: -150; Bounding Box Length: 7200.97156685533; Bounding Box Width: 10768.8111371028; Bounding Box Height: 150; Layer: A-FLOR
0ZRQUHwuv8SOaxY18jH6Nj,Floor:Street:348398,. Roughness: 914.4; Category: Floors; Reference: Street; Reference: Street; IsExternal: 0; LoadBearing: 0; PitchAngle: 0; Reference: Street; ThermalTransmittance: 7.66666666666667; Project: 0001; Storey: Street level; Top Elevation: 0; Bottom Elevation: -150; Global Top Elevation: 0; Global Bottom Elevation: -150; Has Own Geometry: 1; Children Have Geometry: 0; Global X: -87425.8269556931; Global Y: -23518.2550642611; Global Z: -150; Bounding Box Length: 162370.097199126; Bounding Box Width: 131182.102680056; Bounding Box Height: 150; Layer: A-FLOR
1a4rX7oO92KvTbFQs2wfqs,Ramp:Ramp 1:471387,. Category: Ramps; Reference: Ramp 1; IsExternal: 0; Reference: Ramp 1; Project: 0001; Storey: Street level; Top Elevation: 450.000000000002; Bottom Elevation: -150.031390487338; Global Top Elevation: 450.000000000002; Global Bottom Elevation: -150.031390487338; Has Own Geometry: 1; Children Have Geometry: 0; Global X: -16473.0666860757; Global Y: -7957.6873489826; Global Z: -150.031390487338; Bounding Box Length: 5911.51369409867; Bounding Box Width: 23699.2167515163; Bounding Box Height: 600.03139048734; Layer: A-FLOR-LEVL
2lWrGK6Aj43QEHo8Gwf52A,Assembled Stair:Stair:571581,. Category: Stairs; Reference: 190mm max riser 250mm going; IsExternal: 0; NumberOfRiser: 3; NumberOfTreads: 2; Reference: 190mm max riser 250mm going; RiserHeight: 150; TreadLength: 250; Project: 0001; Storey: Street level; Top Elevation: 1550; Bottom Elevation: -8.88178419700125E-13; Global Top Elevation: 1550; Global Bottom Elevation: -8.88178419700125E-13; Has Own Geometry: 0; Children Have Geometry: 1; Global X: -2599.35947863727; Global Y: 2368.81609259143; Global Z: -8.88178419700125E-13; Bounding Box Length: 9659.64485636276; Bounding Box Width: 4629.81634122745; Bounding Box Height: 1550.00000000001
2lWrGK6Aj43QEHo8Gwf53_,Assembled Stair:Stair:571581 Run 1,. Category: Runs; Reference: 50mm Tread 13mm Riser; NosingLength: 0; NumberOfRiser: 3; NumberOfTreads: 2; Reference: 50mm Tread 13mm Riser; RiserHeight: 150; TreadLength: 250; TreadLengthAtInnerSide: 250; TreadLengthAtOffset: 250; Project: 0001; Storey: Street level; Top Elevation: 400; Bottom Elevation: 0; Global Top Elevation: 400; Global Bottom Elevation: 0; Has Own Geometry: 1; Children Have Geometry: 0; Global X: -2572.84297434277; Global Y: 2369.67158607494; Global Z: 0; Bounding Box Length: 9584.82920262166; Bounding Box Width: 4593.60550868463; Bounding Box Height: 400; Layer: S-STRS
2lWrGK6Aj43QEHo8Gwf55a,Assembled Stair:Stair:571581 Stringer 1,. ProfileName: Stringer - 50mm Width; IsExternal: 0; Reference: Stringer - 50mm Width; Slope: 26.5650511770663; Category: Supports; Reference: Stringer - 50mm Width; Project: 0001; Storey: Street level; Top Elevation: 523.258497187447; Bottom Elevation: -8.88178419700125E-13; Global Top Elevation: 523.258497187447; Global Bottom Elevation: -8.88178419700125E-13; Has Own Geometry: 1; Children Have Geometry: 0; Global X: 6856.82285813676; Global Y: 2368.81609259143; Global Z: -8.88178419700125E-13; Bounding Box Length: 203.462519588733; Bounding Box Width: 592.520074204664; Bounding Box Height: 523.258497187448; Layer: S-STRS
2lWrGK6Aj43QEHo8Gwf55Z,Assembled Stair:Stair:571581 Stringer 2,. ProfileName: Stringer - 50mm Width; IsExternal: 0; Reference: Stringer - 50mm Width; Slope: 26.565051177078; Category: Supports; Reference: Stringer - 50mm Width; Project: 0001; Storey: Street level; Top Elevation: 523.258497187474; Bottom Elevation: 0; Global Top Elevation: 523.258497187474; Global Bottom Elevation: 0; Has Own Geometry: 1; Children Have Geometry: 0; Global X: -2599.35947863727; Global Y: 6539.01302604763; Global Z: 0; Bounding Box Length: 459.619407771256; Bounding Box Width: 459.619407771256; Bounding Box Height: 523.258497187474; Layer: S-STRS
2lWrGK6Aj43QEHo8Gwf54M,Railing:1100mm:571681,. Category: Railings; Reference: 1100mm; Height: 1100; IsExternal: 0; Reference: 1100mm; Project: 0001; Storey: Street level; Top Elevation: 1550; Bottom Elevation: 150; Global Top Elevation: 1550; Global Bottom Elevation: 150; Has Own Geometry: 1; Children Have Geometry: 0; Global X: -2563.72129686546; Global Y: 6503.37484427582; Global Z: 150; Bounding Box Length: 459.619407771256; Bounding Box Width: 459.619407771257; Bounding Box Height: 1400; Layer: A-FLOR-HRAL
2lWrGK6Aj43QEHo8Gwf54I,Railing:1100mm:571685,. ProfileName: 1100mm; ProfileName: 1100mm; ProfileName: 1100mm; ProfileName: 1100mm; ProfileName: 1100mm; ProfileName: 1100mm; ProfileName: 1100mm; ProfileName: 1100mm; Category: Railings; Reference: 1100mm; Height: 1100; IsExternal: 0; Reference: 1100mm; Project: 0001; Storey: Street level; Top Elevation: 1550; Bottom Elevation: 149.999999999999; Global Top Elevation: 1550; Global Bottom Elevation: 149.999999999999; Has Own Geometry: 1; Children Have Geometry: 0; Global X: 6808.13731549458; Global Y: 2381.84981568336; Global Z: 149.999999999999; Bounding Box Length: 203.46251958874; Bounding Box Width: 592.520074204671; Bounding Box Height: 1400.00000000001; Layer: A-FLOR-HRAL
29w45MKkv9yu3UjOOOyCma,Basic Wall:Generic - 300mm:471837,. XDim: 22261.0645849265; YDim: 300.000000000001; Roughness: 914.4; Category: Walls; Reference: Generic - 300mm; Reference: Generic - 300mm; ExtendToStructure: 0; IsExternal: 1; LoadBearing: 0; Reference: Generic - 300mm; Project: 0001; Storey: Street level; Top Elevation: 450; Bottom Elevation: 0; Global Top Elevation: 450; Global Bottom Elevation: 0; Has Own Geometry: 1; Children Have Geometry: 0; Global X: -12788.5735096577; Global Y: -7957.68734898257; Global Z: 0; Bounding Box Length: 2227.02051768072; Bounding Box Width: 22203.3884367502; Bounding Box Height: 450; Layer: A-WALL
2cqpA3Ub16Ex8H$4a3QA8u,Basic Wall:Generic - 300mm:519060,. XDim: 25636.0668819558; YDim: 300.000000000001; Roughness: 914.4; Category: Walls; Reference: Generic - 300mm; Reference: Generic - 300mm; ExtendToStructure: 0; IsExternal: 1; LoadBearing: 0; Reference: Generic - 300mm; Project: 0001; Storey: Street level; Top Elevation: 450; Bottom Elevation: 0; Global Top Elevation: 450; Global Bottom Elevation: 0; Has Own Geometry: 1; Children Have Geometry: 0; Global X: 14003.692641799; Global Y: -22173.0551970514; Global Z: 0; Bounding Box Length: 4674.73782745211; Bounding Box Width: 25310.5213670766; Bounding Box Height: 450; Layer: A-WALL
0PfeWE7Aj7GBHCsLa67379,UC-Universal Columns-Column:UC305x305x97:552739,. FilletRadius: 15.2; FlangeThickness: 15.4; OverallDepth: 307.9; OverallWidth: 305.3; ProfileName: UC305x305x97; WebThickness: 9.90000000000002; IsExternal: 0; LoadBearing: 1; Reference: UC305x305x97; Category: Structural Columns; Reference: UC305x305x97; Reference: UC305x305x97; Project: 0001; Storey: Street level; Top Elevation: 8950; Bottom Elevation: 0; Global Top Elevation: 8950; Global Bottom Elevation: 0; Has Own Geometry: 1; Children Have Geometry: 0; Global X: 9298.84165763784; Global Y: -13548.6778467414; Global Z: 0; Bounding Box Length: 374.539497156671; Bounding Box Width: 376.378675100412; Bounding Box Height: 8950; Layer: S-COLS
1eu4XPbTzBchVWRGaY34FW,M_Rectangular Column:10*10:572147,. ProfileName: 10*10; XDim: 199.999999999999; YDim: 200; IsExternal: 0; Reference: 10*10; Category: Columns; Reference: 10*10; Reference: 10*10; Project: 0001; Storey: Street level; Top Elevation: 4850; Bottom Elevation: 0; Global Top Elevation: 4850; Global Bottom Elevation: 0; Has Own Geometry: 1; Children Have Geometry: 0; Global X: -2705.42549581525; Global Y: 6256.17031357301; Global Z: 0; Bounding Box Length: 282.842712474619; Bounding Box Width: 282.842712474619; Bounding Box Height: 4850; Layer: A-COLS
1eu4XPbTzBchVWRGaY34Ai,M_Rectangular Column:10*10:572351,. ProfileName: 10*10; XDim: 199.999999999999; YDim: 200; IsExternal: 0; Reference: 10*10; Category: Columns; Reference: 10*10; Reference: 10*10; Project: 0001; Storey: Street level; Top Elevation: 4850; Bottom Elevation: 0; Global Top Elevation: 4850; Global Bottom Elevation: 0; Has Own Geometry: 1; Children Have Geometry: 0; Global X: 6611.90499373438; Global Y: 2188.54982801481; Global Z: 0; Bounding Box Length: 244.917864402179; Bounding Box Width: 244.917864402183; Bounding Box Height: 4850; Layer: A-COLS
13JhjHaRn51Oib0nWSpKdu,M_Parking Space:4800 x 2400mm - 90 deg:570290,. ProfileName: 4800 x 2400mm - 90 deg; XDim: 101.600000000001; YDim: 4800; Reference: 4800 x 2400mm - 90 deg; Category: Parking; Reference: 4800 x 2400mm - 90 deg; Project: 0001; Storey: Street level; Top Elevation: 3.17499999999971; Bottom Elevation: 0; Global Top Elevation: 3.17499999999971; Global Bottom Elevation: 0; Has Own Geometry: 1; Children Have Geometry: 0; Global X: -9261.2030810654; Global Y: 7659.31737364522; Global Z: 0; Bounding Box Length: 1652.26139598459; Bounding Box Width: 4573.68739542876; Bounding Box Height: 3.17499999999971; Layer: C-PRKG
13JhjHaRn51Oib0nWSpKu_,M_Parking Space:4800 x 2400mm - 90 deg:570484,. ProfileName: 4800 x 2400mm - 90 deg; XDim: 101.600000000001; YDim: 4800; Reference: 4800 x 2400mm - 90 deg; Category: Parking; Reference: 4800 x 2400mm - 90 deg; Project: 0001; Storey: Street level; Top Elevation: 3.17499999999971; Bottom Elevation: 0; Global Top Elevation: 3.17499999999971; Global Bottom Elevation: 0; Has Own Geometry: 1; Children Have Geometry: 0; Global X: 10797.1315800928; Global Y: 998.434404843714; Global Z: 0; Bounding Box Length: 1652.26139598459; Bounding Box Width: 4573.68739542876; Bounding Box Height: 3.17499999999971; Layer: C-PRKG
13JhjHaRn51Oib0nWSpKwr,M_Parking Space:4800 x 2400mm - 90 deg:570623,. ProfileName: 4800 x 2400mm - 90 deg; XDim: 101.600000000001; YDim: 4800; Reference: 4800 x 2400mm - 90 deg; Category: Parking; Reference: 4800 x 2400mm - 90 deg; Project: 0001; Storey: Street level; Top Elevation: 3.17499999999971; Bottom Elevation: 0; Global Top Elevation: 3.17499999999971; Global Bottom Elevation: 0; Has Own Geometry: 1; Children Have Geometry: 0; Global X: 8526.75712466394; Global Y: 1776.50884352944; Global Z: 0; Bounding Box Length: 1652.26139598459; Bounding Box Width: 4573.68739542876; Bounding Box Height: 3.17499999999971; Layer: C-PRKG
13JhjHaRn51Oib0nWSpKzj,M_Parking Space:4800 x 2400mm - 90 deg:570663,. ProfileName: 4800 x 2400mm - 90 deg; XDim: 101.600000000001; YDim: 4800; Reference: 4800 x 2400mm - 90 deg; Category: Parking; Reference: 4800 x 2400mm - 90 deg; Project: 0001; Storey: Street level; Top Elevation: 3.17499999999971; Bottom Elevation: 0; Global Top Elevation: 3.17499999999971; Global Bottom Elevation: 0; Has Own Geometry: 1; Children Have Geometry: 0; Global X: 13067.5060355217; Global Y: 220.359966158; Global Z: 0; Bounding Box Length: 1652.26139598459; Bounding Box Width: 4573.68739542876; Bounding Box Height: 3.17499999999971; Layer: C-PRKG
13JhjHaRn51Oib0nWSpKyb,M_Parking Space:4800 x 2400mm - 90 deg:570735,. ProfileName: 4800 x 2400mm - 90 deg; XDim: 101.600000000001; YDim: 4800; Reference: 4800 x 2400mm - 90 deg; Category: Parking; Reference: 4800 x 2400mm - 90 deg; Project: 0001; Storey: Street level; Top Elevation: 3.17499999999971; Bottom Elevation: 0; Global Top Elevation: 3.17499999999971; Global Bottom Elevation: 0; Has Own Geometry: 1; Children Have Geometry: 0; Global X: -6990.82862563653; Global Y: 6881.24293495949; Global Z: 0; Bounding Box Length: 1652.26139598459; Bounding Box Width: 4573.68739542876; Bounding Box Height: 3.17499999999971; Layer: C-PRKG
0a3v3dJi10mxIqGCVASCqx,Grond floor,. Name: Grond floor; AboveGround: 9.88131291682493E-324; Category: Levels; Name: Grond floor; Project: 0001; Top Elevation: 12250.0000000003; Bottom Elevation: 88.0000000000001; Global Top Elevation: 12250.0000000003; Global Bottom Elevation: 88.0000000000001; Has Own Geometry: 0; Children Have Geometry: 1; Global X: -17508.8953686974; Global Y: -22175.7958908724; Global Z: 88.0000000000001; Bounding Box Length: 35416.7667637327; Bounding Box Width: 30489.6603462282; Bounding Box Height: 12162.0000000003
0HG2A49bzDARlPHy2ZDHwJ,Basic Wall:CW 102-50-100p:350250,. XDim: 3551.999862424; YDim: 264; Roughness: 914.4; Category: Walls; Reference: CW 102-50-100p; Reference: CW 102-50-100p; ExtendToStructure: 0; IsExternal: 1; LoadBearing: 0; Reference: CW 102-50-100p; ThermalTransmittance: 0.87233965970269; Project: 0001; Storey: Grond floor; Top Elevation: 12250.0000000003; Bottom Elevation: 450; Global Top Elevation: 12250.0000000003; Global Bottom Elevation: 450; Has Own Geometry: 1; Children Have Geometry: 0; Global X: -10948.7842714974; Global Y: 1715.22264418355; Global Z: 450; Bounding Box Length: 2698.31937972695; Bounding Box Width: 2698.31937972694; Bounding Box Height: 11800.0000000003; Layer: A-WALL
0HG2A49bzDARlPHy2ZDHpc,Basic Wall:CW 102-50-100p:350815,. Roughness: 914.4; Category: Walls; Reference: CW 102-50-100p; Reference: CW 102-50-100p; ExtendToStructure: 0; IsExternal: 1; LoadBearing: 0; Reference: CW 102-50-100p; ThermalTransmittance: 0.87233965970269; Project: 0001; Storey: Grond floor; Top Elevation: 4850; Bottom Elevation: 450; Global Top Elevation: 4850; Global Bottom Elevation: 450; Has Own Geometry: 1; Children Have Geometry: 0; Global X: 11039.4663404093; Global Y: -7187.60787965217; Global Z: 450; Bounding Box Length: 1697.79354800808; Bounding Box Width: 5455.95475915809; Bounding Box Height: 4400; Layer: A-WALL
0HG2A49bzDARlPHy2ZDHg7,Basic Wall:CW 102-50-100p:351294,. Roughness: 914.4; Category: Walls; Reference: CW 102-50-100p; Reference: CW 102-50-100p; ExtendToStructure: 0; IsExternal: 1; LoadBearing: 0; Reference: CW 102-50-100p; ThermalTransmittance: 0.87233965970269; Project: 0001; Storey: Grond floor; Top Elevation: 4850; Bottom Elevation: 450; Global Top Elevation: 4850; Global Bottom Elevation: 450; Has Own Geometry: 1; Children Have Geometry: 1; Global X: 6547.16277581163; Global Y: -7119.33599678967; Global Z: 450; Bounding Box Length: 4560.57544746022; Bounding Box Width: 1391.70629419384; Bounding Box Height: 4400; Layer: A-WALL
0ILlj_8499jgSJqaW7BinW,M_Single-Flush:0762 x 2032mm:414370:1,. XDim: 762; YDim: 2032; Project: 0001; Storey: Grond floor; Top Elevation: 2482; Bottom Elevation: 450; Global Top Elevation: 2482; Global Bottom Elevation: 450; Has Own Geometry: 1; Children Have Geometry: 0; Global X: 6756.43130247304; Global Y: -6169.69641855571; Global Z: 450; Bounding Box Length: 804.3380940503; Bounding Box Width: 451.929425738449; Bounding Box Height: 2032; Layer: A-WALL
0HG2A49bzDARlPHy2ZDHeE,Basic Wall:CW 102-50-100p:351415,. Roughness: 914.4; Category: Walls; Reference: CW 102-50-100p; Reference: CW 102-50-100p; ExtendToStructure: 0; IsExternal: 1; LoadBearing: 0; Reference: CW 102-50-100p; ThermalTransmittance: 0.87233965970269; Project: 0001; Storey: Grond floor; Top Elevation: 4850; Bottom Elevation: 450; Global Top Elevation: 4850; Global Bottom Elevation: 450; Has Own Geometry: 1; Children Have Geometry: 1; Global X: 6157.69439787309; Global Y: -6069.00782368245; Global Z: 450; Bounding Box Length: 667.002277876484; Bounding Box Width: 436.30746427636; Bounding Box Height: 4400; Layer: A-WALL
0OBLGKgGv3gf4YniPTyOaM,Basic Wall:CW 102-50-100p:351415,. ProfileName: 0762 x 2032mm; XDim: 2032; YDim: 263.999999999999; Reference: 0762 x 2032mm; Category: Doors; Reference: 0762 x 2032mm; Project: 0001; Storey: Grond floor; Top Elevation: 2482; Bottom Elevation: 450; Global Top Elevation: 2482; Global Bottom Elevation: 450; Has Own Geometry: 1; Children Have Geometry: 0; Global X: 6756.42479288707; Global Y: -6169.77017779462; Global Z: 450; Bounding Box Length: 804.350920428686; Bounding Box Width: 452.07698915845; Bounding Box Height: 2032; Layer: A-DOOR
0HG2A49bzDARlPHy2ZDHkq,Basic Wall:CW 102-50-100p:351501,. Roughness: 914.4; Category: Walls; Reference: CW 102-50-100p; Reference: CW 102-50-100p; ExtendToStructure: 0; IsExternal: 1; LoadBearing: 0; Reference: CW 102-50-100p; ThermalTransmittance: 0.87233965970269; Project: 0001; Storey: Grond floor; Top Elevation: 4850; Bottom Elevation: 450; Global Top Elevation: 4850; Global Bottom Elevation: 450; Has Own Geometry: 1; Children Have Geometry: 0; Global X: 2617.16465651693; Global Y: -11912.8232182555; Global Z: 450; Bounding Box Length: 1428.2218701982; Bounding Box Width: 4549.82046213267; Bounding Box Height: 4400; Layer: A-WALL
0HG2A49bzDARlPHy2ZDHYh,Basic Wall:Interior - 135mm Partition (2-hr):351762,. Roughness: 914.4; Category: Walls; Reference: Interior - 135mm Partition (2-hr); Reference: Interior - 135mm Partition (2-hr); ExtendToStructure: 0; IsExternal: 0; LoadBearing: 0; Reference: Interior - 135mm Partition (2-hr); ThermalTransmittance: 0.374531835205993; Project: 0001; Storey: Grond floor; Top Elevation: 4850; Bottom Elevation: 450; Global Top Elevation: 4850; Global Bottom Elevation: 450; Has Own Geometry: 1; Children Have Geometry: 1; Global X: -4686.62493303346; Global Y: -9684.86027686074; Global Z: 450; Bounding Box Length: 1246.60008251855; Bounding Box Width: 4497.93109903721; Bounding Box Height: 4400; Layer: I-WALL
0AmyuC6YjAavzNb8r6o6I$,Basic Wall:Interior - 135mm Partition (2-hr):351762,. ProfileName: 0915 x 2134mm; XDim: 2134; YDim: 264; Reference: 0915 x 2134mm; Category: Doors; Reference: 0915 x 2134mm; Project: 0001; Storey: Grond floor; Top Elevation: 2584; Bottom Elevation: 450; Global Top Elevation: 2584; Global Bottom Elevation: 450; Has Own Geometry: 1; Children Have Geometry: 0; Global X: -4320.28277380961; Global Y: -5373.60536805678; Global Z: 450; Bounding Box Length: 833.678895018938; Bounding Box Width: 833.678895018942; Bounding Box Height: 2134; Layer: A-DOOR
0HG2A49bzDARlPHy2ZDHZ9,Basic Wall:CW 102-50-100p:351856,. Roughness: 914.4; Category: Walls; Reference: CW 102-50-100p; Reference: CW 102-50-100p; ExtendToStructure: 0; IsExternal: 1; LoadBearing: 0; Reference: CW 102-50-100p; ThermalTransmittance: 0.87233965970269; Project: 0001; Storey: Grond floor; Top Elevation: 4850; Bottom Elevation: 450; Global Top Elevation: 4850; Global Bottom Elevation: 450; Has Own Geometry: 1; Children Have Geometry: 1; Global X: -10762.1080812642; Global Y: -5420.34671553787; Global Z: 450; Bounding Box Length: 7210.38552074269; Bounding Box Width: 7322.24554995466; Bounding Box Height: 4400; Layer: A-WALL
0oaWyEpLXEbOSg6WZy61Ce,M_Single-Flush:0915 x 2134mm:543783:1,. XDim: 915; YDim: 2134; Project: 0001; Storey: Grond floor; Top Elevation: 2584; Bottom Elevation: 450; Global Top Elevation: 2584; Global Bottom Elevation: 450; Has Own Geometry: 1; Children Have Geometry: 0; Global X: -4320.28277380961; Global Y: -5373.60536805679; Global Z: 450; Bounding Box Length: 833.678895018939; Bounding Box Width: 833.678895018942; Bounding Box Height: 2134; Layer: A-WALL
2RMpgrzej4Lg$r4DshTPL4,Basic Wall:Interior - 135mm Partition (2-hr):354523,. Roughness: 914.4; Category: Walls; Reference: Interior - 135mm Partition (2-hr); Reference: Interior - 135mm Partition (2-hr); ExtendToStructure: 0; IsExternal: 0; LoadBearing: 0; Reference: Interior - 135mm Partition (2-hr); ThermalTransmittance: 0.374531835205993; Project: 0001; Storey: Grond floor; Top Elevation: 4850; Bottom Elevation: 450; Global Top Elevation: 4850; Global Bottom Elevation: 450; Has Own Geometry: 1; Children Have Geometry: 1; Global X: 6497.79561670827; Global Y: -5665.76613908618; Global Z: 450; Bounding Box Length: 1431.2861326292; Bounding Box Width: 4884.02453394557; Bounding Box Height: 4400; Layer: I-WALL
1S_xZsbUHD0ARievEtROVG,Basic Wall:Interior - 135mm Partition (2-hr):354523,. ProfileName: 0762 x 2032mm; XDim: 2032; YDim: 263.999999999999; Reference: 0762 x 2032mm; Category: Doors; Reference: 0762 x 2032mm; Project: 0001; Storey: Grond floor; Top Elevation: 2482; Bottom Elevation: 450; Global Top Elevation: 2482; Global Bottom Elevation: 450; Has Own Geometry: 1; Children Have Geometry: 0; Global X: 6756.42479288707; Global Y: -6169.77017779462; Global Z: 450; Bounding Box Length: 804.350920428685; Bounding Box Width: 452.07698915845; Bounding Box Height: 2032; Layer: A-DOOR
1XtC_MuVf1wBP2kkPVvfat,Door-Double-Sliding1:showers:545286:1,. XDim: 2032; YDim: 799.999999999999; Project: 0001; Storey: Grond floor; Top Elevation: 2482; Bottom Elevation: 450; Global Top Elevation: 2482; Global Bottom Elevation: 450; Has Own Geometry: 1; Children Have Geometry: 0; Global X: 6924.74039020858; Global Y: -4078.92714251597; Global Z: 450; Bounding Box Length: 337.612175011959; Bounding Box Width: 807.844223391925; Bounding Box Height: 2032; Layer: A-WALL
2lrUU8Tqz92AICLQu1TLtQ,Basic Wall:CW 102-50-100p:357834,. Roughness: 914.4; Category: Walls; Reference: CW 102-50-100p; Reference: CW 102-50-100p; ExtendToStructure: 0; IsExternal: 1; LoadBearing: 0; Reference: CW 102-50-100p; ThermalTransmittance: 0.87233965970269; Project: 0001; Storey: Grond floor; Top Elevation: 4850; Bottom Elevation: 450; Global Top Elevation: 4850; Global Bottom Elevation: 450; Has Own Geometry: 1; Children Have Geometry: 0; Global X: 3674.56950379209; Global Y: -7425.37746056468; Global Z: 450; Bounding Box Length: 904.760344453015; Bounding Box Width: 552.58565444749; Bounding Box Height: 4400; Layer: A-WALL
2lrUU8Tqz92AICLQu1TLyn,Basic Wall:CW 102-50-100p:358177,. Roughness: 914.4; Category: Walls; Reference: CW 102-50-100p; Reference: CW 102-50-100p; ExtendToStructure: 0; IsExternal: 1; LoadBearing: 0; Reference: CW 102-50-100p; ThermalTransmittance: 0.87233965970269; Project: 0001; Storey: Grond floor; Top Elevation: 8950; Bottom Elevation: 450; Global Top Elevation: 8950; Global Bottom Elevation: 450; Has Own Geometry: 1; Children Have Geometry: 0; Global X: -2133.02717133017; Global Y: 1476.80849658842; Global Z: 450; Bounding Box Length: 1650.52472091059; Bounding Box Width: 696.885430689477; Bounding Box Height: 8500; Layer: A-WALL
2lrUU8Tqz92AICLQu1TLNx,Basic Wall:CW 102-50-100p:359915,. Roughness: 914.4; Category: Walls; Reference: CW 102-50-100p; Reference: CW 102-50-100p; ExtendToStructure: 0; IsExternal: 1; LoadBearing: 0; Reference: CW 102-50-100p; ThermalTransmittance: 0.87233965970269; Project: 0001; Storey: Grond floor; Top Elevation: 4488; Bottom Elevation: 450; Global Top Elevation: 4488; Global Bottom Elevation: 450; Has Own Geometry: 1; Children Have Geometry: 1; Global X: -5823.88901788281; Global Y: -11845.6296893416; Global Z: 450; Bounding Box Length: 8507.73849268099; Bounding Box Width: 2476.88899124165; Bounding Box Height: 4038; Layer: A-WALL
2JJqxZjqn96xzCFNfZMpfb,Door-Exterior-Double-Two_Lite:my door:388452:1,. XDim: 2235.2; YDim: 1601.6; Project: 0001; Storey: Grond floor; Top Elevation: 2685.2; Bottom Elevation: 450; Global Top Elevation: 2685.2; Global Bottom Elevation: 450; Has Own Geometry: 1; Children Have Geometry: 0; Global X: -1682.20530810508; Global Y: -11121.7274659434; Global Z: 450; Bounding Box Length: 1616.04853562479; Bounding Box Width: 662.945725594574; Bounding Box Height: 2235.2; Layer: A-WALL
2JJqxZjqn96xzCFNfZMn8n,"Window-Sliding-Double:60"" x 48"":378160:1",. XDim: 1219.2; YDim: 1524; Project: 0001; Storey: Grond floor; Top Elevation: 2583.6; Bottom Elevation: 1364.4; Global Top Elevation: 2583.6; Global Bottom Elevation: 1364.4; Has Own Geometry: 1; Children Have Geometry: 0; Global X: -4083.16770666159; Global Y: -10470.0724258706; Global Z: 1364.4; Bounding Box Length: 1541.00410576325; Bounding Box Width: 643.194939616365; Bounding Box Height: 1219.2; Layer: A-WALL
2JJqxZjqn96xzCFNfZMn9F,"Window-Sliding-Double:60"" x 48"":378190:1",. XDim: 1219.2; YDim: 1524; Project: 0001; Storey: Grond floor; Top Elevation: 2583.6; Bottom Elevation: 1364.4; Global Top Elevation: 2583.6; Global Bottom Elevation: 1364.4; Has Own Geometry: 1; Children Have Geometry: 0; Global X: 775.378886435853; Global Y: -11748.7831056967; Global Z: 1364.4; Bounding Box Length: 1541.00410576325; Bounding Box Width: 643.194939616365; Bounding Box Height: 1219.2; Layer: A-WALL
0Tvs4M7R97jQCgozPunvhD,Basic Wall:Interior - 135mm Partition (2-hr):362025,. Roughness: 914.4; Category: Walls; Reference: Interior - 135mm Partition (2-hr); Reference: Interior - 135mm Partition (2-hr); ExtendToStructure: 0; IsExternal: 0; LoadBearing: 0; Reference: Interior - 135mm Partition (2-hr); ThermalTransmittance: 0.374531835205993; Project: 0001; Storey: Grond floor; Top Elevation: 4488; Bottom Elevation: 450; Global Top Elevation: 4488; Global Bottom Elevation: 450; Has Own Geometry: 1; Children Have Geometry: 1; Global X: -3515.06385357762; Global Y: -7334.72761727734; Global Z: 450; Bounding Box Length: 7353.6910126235; Bounding Box Width: 1933.22941556023; Bounding Box Height: 4038; Layer: I-WALL
3l5o4aOCnB5wzaaFO_psfF,Basic Wall:Interior - 135mm Partition (2-hr):362025,. ProfileName: 0813 x 2134mm; XDim: 2134; YDim: 135.5; Reference: 0813 x 2134mm; Category: Doors; Reference: 0813 x 2134mm; Project: 0001; Storey: Grond floor; Top Elevation: 2584; Bottom Elevation: 450; Global Top Elevation: 2584; Global Bottom Elevation: 450; Has Own Geometry: 1; Children Have Geometry: 0; Global X: -960.146276816922; Global Y: -7154.65890494421; Global Z: 450; Bounding Box Length: 329.069607078041; Bounding Box Width: 821.551564944138; Bounding Box Height: 2134; Layer: A-DOOR
3L1iuATGf0Yf1rYHn6aFIu,Basic Wall:Interior - 135mm Partition (2-hr):362025,. ProfileName: 0813 x 2134mm; XDim: 2134; YDim: 135.500000000001; Reference: 0813 x 2134mm; Category: Doors; Reference: 0813 x 2134mm; Project: 0001; Storey: Grond floor; Top Elevation: 2584; Bottom Elevation: 450; Global Top Elevation: 2584; Global Bottom Elevation: 450; Has Own Geometry: 1; Children Have Geometry: 0; Global X: 820.482037815573; Global Y: -7623.42787837289; Global Z: 450; Bounding Box Length: 329.069607078044; Bounding Box Width: 821.551564944138; Bounding Box Height: 2134; Layer: A-DOOR
0OiLrHXyX3EhX8CwTrmlO1,Basic Wall:Interior - 135mm Partition (2-hr):362025,. ProfileName: 0915 x 2134mm; XDim: 2134; YDim: 914.999999999999; Reference: 0915 x 2134mm; Category: Doors; Reference: 0915 x 2134mm; Project: 0001; Storey: Grond floor; Top Elevation: 2584; Bottom Elevation: 450; Global Top Elevation: 2584; Global Bottom Elevation: 450; Has Own Geometry: 1; Children Have Geometry: 0; Global X: -4320.28277380962; Global Y: -5373.60536805679; Global Z: 450; Bounding Box Length: 833.67889501894; Bounding Box Width: 833.678895018941; Bounding Box Height: 2134; Layer: A-DOOR
2KkamhFdbA7fwu_Zegmt$$,Door-Double-Sliding:my door 2:390429:1,. XDim: 2032; YDim: 1500; Project: 0001; Storey: Grond floor; Top Elevation: 2482; Bottom Elevation: 450; Global Top Elevation: 2482; Global Bottom Elevation: 450; Has Own Geometry: 1; Children Have Geometry: 0; Global X: -514.262210686633; Global Y: -6649.60323160752; Global Z: 450; Bounding Box Length: 1487.94370635418; Bounding Box Width: 496.074139552277; Bounding Box Height: 2032; Layer: A-WALL
2JJqxZjqn96xzCFMbZMtwH,Basic Wall:Interior - 135mm Partition (2-hr):371088,. Roughness: 914.4; Category: Walls; Reference: Interior - 135mm Partition (2-hr); Reference: Interior - 135mm Partition (2-hr); ExtendToStructure: 0; IsExternal: 0; LoadBearing: 0; Reference: Interior - 135mm Partition (2-hr); ThermalTransmittance: 0.374531835205993; Project: 0001; Storey: Grond floor; Top Elevation: 4850; Bottom Elevation: 450; Global Top Elevation: 4850; Global Bottom Elevation: 450; Has Own Geometry: 1; Children Have Geometry: 1; Global X: -1785.22078567035; Global Y: -10448.4747444045; Global Z: 450; Bounding Box Length: 1180.1662832283; Bounding Box Width: 4219.20271672891; Bounding Box Height: 4400; Layer: I-WALL
3frUtLYhn2wRjxnhPympep,M_Single-Flush:0813 x 2134mm:388657:1,. XDim: 813; YDim: 2134; Project: 0001; Storey: Grond floor; Top Elevation: 2584; Bottom Elevation: 450; Global Top Elevation: 2584; Global Bottom Elevation: 450; Has Own Geometry: 1; Children Have Geometry: 0; Global X: -960.14627681692; Global Y: -7154.65890494416; Global Z: 450; Bounding Box Length: 329.069607078045; Bounding Box Width: 821.551564944137; Bounding Box Height: 2134; Layer: A-WALL
3frUtLYhn2wRjxnhPympdN,M_Single-Flush:0813 x 2134mm:388565:1,. XDim: 813; YDim: 2134; Project: 0001; Storey: Grond floor; Top Elevation: 2584; Bottom Elevation: 450; Global Top Elevation: 2584; Global Bottom Elevation: 450; Has Own Geometry: 1; Children Have Geometry: 0; Global X: -1482.08803298737; Global Y: -9237.34420355661; Global Z: 450; Bounding Box Length: 329.069607078045; Bounding Box Width: 821.551564944144; Bounding Box Height: 2134; Layer: A-WALL
2JJqxZjqn96xzCFMbZMtwu,Basic Wall:Interior - 135mm Partition (2-hr):371129,. XDim: 2864.5; YDim: 135.499999999999; Roughness: 914.4; Category: Walls; Reference: Interior - 135mm Partition (2-hr); Reference: Interior - 135mm Partition (2-hr); ExtendToStructure: 0; IsExternal: 0; LoadBearing: 0; Reference: Interior - 135mm Partition (2-hr); ThermalTransmittance: 0.374531835205993; Project: 0001; Storey: Grond floor; Top Elevation: 4850; Bottom Elevation: 450; Global Top Elevation: 4850; Global Bottom Elevation: 450; Has Own Geometry: 1; Children Have Geometry: 0; Global X: -4026.32081284748; Global Y: -8269.32216793869; Global Z: 450; Bounding Box Length: 2811.51295956233; Bounding Box Width: 827.773825958539; Bounding Box Height: 4400; Layer: I-WALL
2JJqxZjqn96xzCFMbZMtqw,Basic Wall:Interior - 135mm Partition (2-hr):371259,. XDim: 2703.13771617297; YDim: 135.5; Roughness: 914.4; Category: Walls; Reference: Interior - 135mm Partition (2-hr); Reference: Interior - 135mm Partition (2-hr); ExtendToStructure: 0; IsExternal: 0; LoadBearing: 0; Reference: Interior - 135mm Partition (2-hr); ThermalTransmittance: 0.374531835205993; Project: 0001; Storey: Grond floor; Top Elevation: 4850; Bottom Elevation: 450; Global Top Elevation: 4850; Global Bottom Elevation: 450; Has Own Geometry: 1; Children Have Geometry: 1; Global X: 392.337518164604; Global Y: -9331.8374589763; Global Z: 450; Bounding Box Length: 788.547868506565; Bounding Box Width: 2654.99104127658; Bounding Box Height: 4400; Layer: I-WALL
2KkamhFdbA7fwu_ZegmsHI,M_Single-Flush:0813 x 2134mm:388784:1,. XDim: 813.000000000001; YDim: 2134; Project: 0001; Storey: Grond floor; Top Elevation: 2584; Bottom Elevation: 450; Global Top Elevation: 2584; Global Bottom Elevation: 450; Has Own Geometry: 1; Children Have Geometry: 0; Global X: 820.48203781557; Global Y: -7623.42787837289; Global Z: 450; Bounding Box Length: 329.069607078045; Bounding Box Width: 821.551564944145; Bounding Box Height: 2134; Layer: A-WALL
2JJqxZjqn96xzCFMbZMtsE,Basic Wall:Interior - 135mm Partition (2-hr):371343,. Roughness: 914.4; Category: Walls; Reference: Interior - 135mm Partition (2-hr); Reference: Interior - 135mm Partition (2-hr); ExtendToStructure: 0; IsExternal: 0; LoadBearing: 0; Reference: Interior - 135mm Partition (2-hr); ThermalTransmittance: 0.374531835205993; Project: 0001; Storey: Grond floor; Top Elevation: 4850; Bottom Elevation: 450; Global Top Elevation: 4850; Global Bottom Elevation: 450; Has Own Geometry: 1; Children Have Geometry: 0; Global X: 669.62842740129; Global Y: -9398.03881160988; Global Z: 450; Bounding Box Length: 2620.72992551692; Bounding Box Width: 779.638645220308; Bounding Box Height: 4400; Layer: I-WALL
3GmS7mABTBQuE6NPqBqFFM,Basic Wall:my bath:412279,. XDim: 1158.53046467435; YDim: 79; Roughness: 914.4; Category: Walls; Reference: my bath; Reference: my bath; ExtendToStructure: 0; IsExternal: 0; LoadBearing: 0; Reference: my bath; ThermalTransmittance: 0.575730735163862; Project: 0001; Storey: Grond floor; Top Elevation: 4850; Bottom Elevation: 450; Global Top Elevation: 4850; Global Bottom Elevation: 450; Has Own Geometry: 1; Children Have Geometry: 0; Global X: 7702.06360351181; Global Y: -1963.56384076975; Global Z: 450; Bounding Box Length: 1139.55056477028; Bounding Box Width: 375.915141644143; Bounding Box Height: 4400; Layer: I-WALL
3GmS7mABTBQuE6NPqBqFC$,Basic Wall:my bath:412318,. XDim: 1158.53046467435; YDim: 78.9999999999996; Roughness: 914.4; Category: Walls; Reference: my bath; Reference: my bath; ExtendToStructure: 0; IsExternal: 0; LoadBearing: 0; Reference: my bath; ThermalTransmittance: 0.575730735163862; Project: 0001; Storey: Grond floor; Top Elevation: 4850; Bottom Elevation: 450; Global Top Elevation: 4850; Global Bottom Elevation: 450; Has Own Geometry: 1; Children Have Geometry: 0; Global X: 7314.15517815667; Global Y: -3412.53832416775; Global Z: 450; Bounding Box Length: 1139.55056477028; Bounding Box Width: 375.915141644143; Bounding Box Height: 4400; Layer: I-WALL
3GmS7mABTBQuE6NPqBqFD6,Basic Wall:my bath:412391,. Roughness: 914.4; Category: Walls; Reference: my bath; Reference: my bath; ExtendToStructure: 0; IsExternal: 0; LoadBearing: 0; Reference: my bath; ThermalTransmittance: 0.575730735163862; Project: 0001; Storey: Grond floor; Top Elevation: 4850; Bottom Elevation: 450; Global Top Elevation: 4850; Global Bottom Elevation: 450; Has Own Geometry: 1; Children Have Geometry: 1; Global X: 7749.85159228517; Global Y: -5985.79846834006; Global Z: 450; Bounding Box Length: 1376.65374138308; Bounding Box Width: 4877.18684899858; Bounding Box Height: 4400; Layer: I-WALL
3wKqkC_119sv6KhPYFGFel,Door-Double-Sliding1:showers:415088:1,. XDim: 2032; YDim: 799.999999999999; Project: 0001; Storey: Grond floor; Top Elevation: 2482; Bottom Elevation: 450; Global Top Elevation: 2482; Global Bottom Elevation: 450; Has Own Geometry: 1; Children Have Geometry: 0; Global X: 8185.09764489455; Global Y: -4360.32618285588; Global Z: 450; Bounding Box Length: 283.030909112429; Bounding Box Width: 793.245065443436; Bounding Box Height: 2032; Layer: A-WALL
3GmS7mABTBQuE6NOuBqFB8,M_Single-Flush:0762 x 2032mm:412521:1,. XDim: 762; YDim: 2032; Project: 0001; Storey: Grond floor; Top Elevation: 2482; Bottom Elevation: 450; Global Top Elevation: 2482; Global Bottom Elevation: 450; Has Own Geometry: 1; Children Have Geometry: 0; Global X: 8469.04255193047; Global Y: -3299.67580175502; Global Z: 450; Bounding Box Length: 273.212006421409; Bounding Box Width: 756.535541475607; Bounding Box Height: 2032; Layer: A-WALL
3GmS7mABTBQuE6NOuBqFDT,"Flush_Door_with_Louvers_2218:24"" x 80"":412412:1",. XDim: 609.6; YDim: 2032; Project: 0001; Storey: Grond floor; Top Elevation: 2482; Bottom Elevation: 450; Global Top Elevation: 2482; Global Bottom Elevation: 450; Has Own Geometry: 1; Children Have Geometry: 0; Global X: 8867.65390666613; Global Y: -1810.65700581536; Global Z: 450; Bounding Box Length: 233.833038786905; Bounding Box Width: 609.311029562548; Bounding Box Height: 2032; Layer: A-WALL
0ILlj_8499jgSJqbi7Bj1F,Basic Wall:my bath:413325,. Roughness: 914.4; Category: Walls; Reference: my bath; Reference: my bath; ExtendToStructure: 0; IsExternal: 0; LoadBearing: 0; Reference: my bath; ThermalTransmittance: 0.575730735163862; Project: 0001; Storey: Grond floor; Top Elevation: 4850; Bottom Elevation: 450; Global Top Elevation: 4850; Global Bottom Elevation: 450; Has Own Geometry: 1; Children Have Geometry: 0; Global X: 10375.4567989233; Global Y: -3912.02307364715; Global Z: 450; Bounding Box Length: 686.230929864236; Bounding Box Width: 2298.21467088504; Bounding Box Height: 4400; Layer: I-WALL
0ILlj_8499jgSJqbi7Bizs,Basic Wall:my bath:414132,. XDim: 1363.72800834659; YDim: 79.0000000000012; Roughness: 914.4; Category: Walls; Reference: my bath; Reference: my bath; ExtendToStructure: 0; IsExternal: 0; LoadBearing: 0; Reference: my bath; ThermalTransmittance: 0.575730735163862; Project: 0001; Storey: Grond floor; Top Elevation: 4850; Bottom Elevation: 450; Global Top Elevation: 4850; Global Bottom Elevation: 450; Has Own Geometry: 1; Children Have Geometry: 0; Global X: 8715.83458121717; Global Y: -6244.40408524349; Global Z: 450; Bounding Box Length: 428.980379012572; Bounding Box Width: 1337.76790132829; Bounding Box Height: 4400; Layer: I-WALL
0ILlj_8499jgSJqbi7Bizw,Basic Wall:my bath:414136,. XDim: 1363.72800834659; YDim: 78.9999999999996; Roughness: 914.4; Category: Walls; Reference: my bath; Reference: my bath; ExtendToStructure: 0; IsExternal: 0; LoadBearing: 0; Reference: my bath; ThermalTransmittance: 0.575730735163862; Project: 0001; Storey: Grond floor; Top Elevation: 4850; Bottom Elevation: 450; Global Top Elevation: 4850; Global Bottom Elevation: 450; Has Own Geometry: 1; Children Have Geometry: 0; Global X: 9681.81757014914; Global Y: -6503.0097021469; Global Z: 450; Bounding Box Length: 428.980379012572; Bounding Box Width: 1337.76790132829; Bounding Box Height: 4400; Layer: I-WALL
3wKqkC_119sv6KhOkFGFn0,Basic Wall:my bath:414495,. XDim: 3397.13433099813; YDim: 78.9999999999996; Roughness: 914.4; Category: Walls; Reference: my bath; Reference: my bath; ExtendToStructure: 0; IsExternal: 0; LoadBearing: 0; Reference: my bath; ThermalTransmittance: 0.575730735163862; Project: 0001; Storey: Grond floor; Top Elevation: 4850; Bottom Elevation: 450; Global Top Elevation: 4850; Global Bottom Elevation: 450; Has Own Geometry: 1; Children Have Geometry: 1; Global X: 8178.83197129773; Global Y: -5546.97843011871; Global Z: 450; Bounding Box Length: 3302.00381859645; Bounding Box Width: 954.830675497185; Bounding Box Height: 4400; Layer: I-WALL
3wKqkC_119sv6KhPYFGFjl,Door-Double-Sliding1:showers:414768:1,. XDim: 2032; YDim: 799.999999999999; Project: 0001; Storey: Grond floor; Top Elevation: 2482; Bottom Elevation: 450; Global Top Elevation: 2482; Global Bottom Elevation: 450; Has Own Geometry: 1; Children Have Geometry: 0; Global X: 10390.5005063404; Global Y: -5467.35671867548; Global Z: 450; Bounding Box Length: 793.245065443436; Bounding Box Width: 283.030909112426; Bounding Box Height: 2032; Layer: A-WALL
3wKqkC_119sv6KhPYFGFjL,Door-Double-Sliding1:showers:414730:1,. XDim: 2032; YDim: 799.999999999999; Project: 0001; Storey: Grond floor; Top Elevation: 2482; Bottom Elevation: 450; Global Top Elevation: 2482; Global Bottom Elevation: 450; Has Own Geometry: 1; Children Have Geometry: 0; Global X: 9203.24256169259; Global Y: -5149.51305202153; Global Z: 450; Bounding Box Length: 793.245065443436; Bounding Box Width: 283.030909112434; Bounding Box Height: 2032; Layer: A-WALL
3wKqkC_119sv6KhPYFGFo5,Door-Double-Sliding1:showers:414682:1,. XDim: 2032; YDim: 799.999999999999; Project: 0001; Storey: Grond floor; Top Elevation: 2482; Bottom Elevation: 450; Global Top Elevation: 2482; Global Bottom Elevation: 450; Has Own Geometry: 1; Children Have Geometry: 0; Global X: 8237.25959633984; Global Y: -4890.90744143056; Global Z: 450; Bounding Box Length: 793.245065443432; Bounding Box Width: 283.030909112426; Bounding Box Height: 2032; Layer: A-WALL
3wKqkC_119sv6KhOkFGFp9,Basic Wall:my bath:414614,. XDim: 1397.13433099813; YDim: 78.9999999999995; Roughness: 914.4; Category: Walls; Reference: my bath; Reference: my bath; ExtendToStructure: 0; IsExternal: 0; LoadBearing: 0; Reference: my bath; ThermalTransmittance: 0.575730735163862; Project: 0001; Storey: Grond floor; Top Elevation: 4850; Bottom Elevation: 450; Global Top Elevation: 4850; Global Bottom Elevation: 450; Has Own Geometry: 1; Children Have Geometry: 1; Global X: 10652.188808149; Global Y: -3524.69304278956; Global Z: 450; Bounding Box Length: 1370.03784073246; Bounding Box Width: 437.619441690345; Bounding Box Height: 4400; Layer: I-WALL
3wKqkC_119sv6KhPYFGFlT,Door-Double-Sliding1:showers:414850:1,. XDim: 2032; YDim: 799.999999999999; Project: 0001; Storey: Grond floor; Top Elevation: 2482; Bottom Elevation: 450; Global Top Elevation: 2482; Global Bottom Elevation: 450; Has Own Geometry: 1; Children Have Geometry: 0; Global X: 10931.8913323843; Global Y: -3445.07132252699; Global Z: 450; Bounding Box Length: 793.245065443432; Bounding Box Width: 283.030909112426; Bounding Box Height: 2032; Layer: A-WALL
1KESbtZtX7lvp5W1UzgNq1,Basic Wall:CW 102-50-100p:463754,. Roughness: 914.4; Category: Walls; Reference: CW 102-50-100p; Reference: CW 102-50-100p; ExtendToStructure: 0; IsExternal: 1; LoadBearing: 0; Reference: CW 102-50-100p; ThermalTransmittance: 0.87233965970269; Project: 0001; Storey: Grond floor; Top Elevation: 4850; Bottom Elevation: 450; Global Top Elevation: 4850; Global Bottom Elevation: 450; Has Own Geometry: 1; Children Have Geometry: 0; Global X: -6218.33198475002; Global Y: 2037.20239321029; Global Z: 450; Bounding Box Length: 4595.14872795394; Bounding Box Width: 4408.47253772071; Bounding Box Height: 4400; Layer: A-WALL
0Ta6VGk0rDCumPbaKpeAua,Basic Wall:Interior - Blockwork 190:524828,. XDim: 7635.36671624056; YDim: 213.999999999999; Roughness: 914.4; Category: Walls; Reference: Interior - Blockwork 190; Reference: Interior - Blockwork 190; ExtendToStructure: 0; IsExternal: 0; LoadBearing: 0; Reference: Interior - Blockwork 190; ThermalTransmittance: 5.46218487394958; Project: 0001; Storey: Grond floor; Top Elevation: 12150.0000000003; Bottom Elevation: 450; Global Top Elevation: 12150.0000000003; Global Bottom Elevation: 450; Has Own Geometry: 1; Children Have Geometry: 0; Global X: -8401.78574294445; Global Y: -1323.47459939646; Global Z: 450; Bounding Box Length: 5550.34043307367; Bounding Box Width: 5550.34043307369; Bounding Box Height: 11700.0000000003; Layer: I-WALL
09YPv4$b1CdgqALY37tPsv,Basic Wall:Interior - Blockwork 190:526016,. XDim: 2855.86991765308; YDim: 214; Roughness: 914.4; Category: Walls; Reference: Interior - Blockwork 190; Reference: Interior - Blockwork 190; ExtendToStructure: 0; IsExternal: 0; LoadBearing: 0; Reference: Interior - Blockwork 190; ThermalTransmittance: 5.46218487394958; Project: 0001; Storey: Grond floor; Top Elevation: 11888.0000000003; Bottom Elevation: 450; Global Top Elevation: 11888.0000000003; Global Bottom Elevation: 450; Has Own Geometry: 1; Children Have Geometry: 1; Global X: -3966.60448785209; Global Y: -208.315421415136; Global Z: 450; Bounding Box Length: 2170.72583613308; Bounding Box Width: 2170.72583613308; Bounding Box Height: 11438.0000000003; Layer: I-WALL
1uz_tOhc98APvO5kiwkBR0,M_Single-Flush:0813 x 2134mm:540025:1,. XDim: 813; YDim: 2134; Project: 0001; Storey: Grond floor; Top Elevation: 11084; Bottom Elevation: 8950; Global Top Elevation: 11084; Global Bottom Elevation: 8950; Has Own Geometry: 1; Children Have Geometry: 0; Global X: -2598.88456481573; Global Y: 1159.40450162122; Global Z: 8950; Bounding Box Length: 726.198664278585; Bounding Box Width: 726.198664278584; Bounding Box Height: 2134; Layer: A-WALL
1PN2e_A5LD5PkXFXXX4xo_,M_Single-Flush:0813 x 2134mm:537113:1,. XDim: 813; YDim: 2134; Project: 0001; Storey: Grond floor; Top Elevation: 6984; Bottom Elevation: 4850; Global Top Elevation: 6984; Global Bottom Elevation: 4850; Has Own Geometry: 1; Children Have Geometry: 0; Global X: -2598.88456481573; Global Y: 1159.40450162122; Global Z: 4850; Bounding Box Length: 726.198664278585; Bounding Box Width: 726.198664278584; Bounding Box Height: 2134; Layer: A-WALL
09YPv4$b1CdgqALZF7tPsu,M_Single-Flush:0813 x 2134mm:526017:1,. XDim: 813; YDim: 2134; Project: 0001; Storey: Grond floor; Top Elevation: 2584; Bottom Elevation: 450; Global Top Elevation: 2584; Global Bottom Elevation: 450; Has Own Geometry: 1; Children Have Geometry: 0; Global X: -2598.88456481573; Global Y: 1159.40450162122; Global Z: 450; Bounding Box Length: 726.198664278585; Bounding Box Width: 726.198664278584; Bounding Box Height: 2134; Layer: A-WALL
1IR9BSAyP9PhzDA3NiQoBR,Basic Wall:Interior - Blockwork 190:529000,. XDim: 1577.07323370601; YDim: 214; Roughness: 914.4; Category: Walls; Reference: Interior - Blockwork 190; Reference: Interior - Blockwork 190; ExtendToStructure: 0; IsExternal: 0; LoadBearing: 0; Reference: Interior - Blockwork 190; ThermalTransmittance: 5.46218487394958; Project: 0001; Storey: Grond floor; Top Elevation: 12150.0000000003; Bottom Elevation: 450; Global Top Elevation: 12150.0000000003; Global Bottom Elevation: 450; Has Own Geometry: 1; Children Have Geometry: 1; Global X: -2905.94431607227; Global Y: -414.13527879056; Global Z: 450; Bounding Box Length: 1266.48002915524; Bounding Box Width: 1266.48002915524; Bounding Box Height: 11700.0000000003; Layer: I-WALL
2eyHDDjdL4vfbUgYLevVse,Door-Double-Sliding1:elevator door:572733:1,. XDim: 2032; YDim: 1200; Project: 0001; Storey: Grond floor; Top Elevation: 10982; Bottom Elevation: 8950; Global Top Elevation: 10982; Global Bottom Elevation: 8950; Has Own Geometry: 1; Children Have Geometry: 0; Global X: -2848.2892213805; Global Y: -205.159332924872; Global Z: 8950; Bounding Box Length: 999.848988597776; Bounding Box Width: 999.848988597776; Bounding Box Height: 2032; Layer: A-WALL
2eyHDDjdL4vfbUgYLevVsm,Door-Double-Sliding1:elevator door:572709:1,. XDim: 2032; YDim: 1200; Project: 0001; Storey: Grond floor; Top Elevation: 6882; Bottom Elevation: 4850; Global Top Elevation: 6882; Global Bottom Elevation: 4850; Has Own Geometry: 1; Children Have Geometry: 0; Global X: -2848.2892213805; Global Y: -205.159332924872; Global Z: 4850; Bounding Box Length: 999.848988597776; Bounding Box Width: 999.848988597776; Bounding Box Height: 2032; Layer: A-WALL
2eyHDDjdL4vfbUgYLevVoK,Door-Double-Sliding1:elevator door:572417:1,. XDim: 2032; YDim: 1200; Project: 0001; Storey: Grond floor; Top Elevation: 2482; Bottom Elevation: 450; Global Top Elevation: 2482; Global Bottom Elevation: 450; Has Own Geometry: 1; Children Have Geometry: 0; Global X: -2848.2892213805; Global Y: -205.159332924872; Global Z: 450; Bounding Box Length: 999.848988597776; Bounding Box Width: 999.848988597776; Bounding Box Height: 2032; Layer: A-WALL
1IR9BSAyP9PhzDA3NiQoBV,Basic Wall:Interior - Blockwork 190:529004,. XDim: 4555.999862424; YDim: 214; Roughness: 914.4; Category: Walls; Reference: Interior - Blockwork 190; Reference: Interior - Blockwork 190; ExtendToStructure: 0; IsExternal: 0; LoadBearing: 0; Reference: Interior - Blockwork 190; ThermalTransmittance: 5.46218487394958; Project: 0001; Storey: Grond floor; Top Elevation: 11888.0000000003; Bottom Elevation: 450; Global Top Elevation: 11888.0000000003; Global Bottom Elevation: 450; Has Own Geometry: 1; Children Have Geometry: 1; Global X: -5163.68438706987; Global Y: -3635.71367659554; Global Z: 450; Bounding Box Length: 3372.89924897891; Bounding Box Width: 3372.8992489789; Bounding Box Height: 11438.0000000003; Layer: I-WALL
1uz_tOhc98APvO5kiwkBR2,M_Single-Flush:0813 x 2134mm:540027:1,. XDim: 813; YDim: 2134; Project: 0001; Storey: Grond floor; Top Elevation: 11084; Bottom Elevation: 8950; Global Top Elevation: 11084; Global Bottom Elevation: 8950; Has Own Geometry: 1; Children Have Geometry: 0; Global X: -3620.60071110645; Global Y: -2092.63000063212; Global Z: 8950; Bounding Box Length: 726.198664278585; Bounding Box Width: 726.198664278577; Bounding Box Height: 2134; Layer: A-WALL
1PN2e_A5LD5PkXFXXX4xpI,M_Single-Flush:0813 x 2134mm:537205:1,. XDim: 813; YDim: 2134; Project: 0001; Storey: Grond floor; Top Elevation: 6984; Bottom Elevation: 4850; Global Top Elevation: 6984; Global Bottom Elevation: 4850; Has Own Geometry: 1; Children Have Geometry: 0; Global X: -3620.60071110645; Global Y: -2092.63000063212; Global Z: 4850; Bounding Box Length: 726.198664278585; Bounding Box Width: 726.198664278577; Bounding Box Height: 2134; Layer: A-WALL
3flyJIT_zA09n1j3HYE8nr,M_Single-Flush:0813 x 2134mm:530475:1,. XDim: 813; YDim: 2134; Project: 0001; Storey: Grond floor; Top Elevation: 2584; Bottom Elevation: 450; Global Top Elevation: 2584; Global Bottom Elevation: 450; Has Own Geometry: 1; Children Have Geometry: 0; Global X: -3620.60071110645; Global Y: -2092.63000063212; Global Z: 450; Bounding Box Length: 726.198664278585; Bounding Box Width: 726.198664278577; Bounding Box Height: 2134; Layer: A-WALL
3flyJIT_zA09n1j2TYE82s,Basic Wall:Interior - 79mm Partition (1-hr):529640,. XDim: 3055.999862424; YDim: 78.9999999999997; Roughness: 914.4; Category: Walls; Reference: Interior - 79mm Partition (1-hr); Reference: Interior - 79mm Partition (1-hr); ExtendToStructure: 0; IsExternal: 0; LoadBearing: 0; Reference: Interior - 79mm Partition (1-hr); ThermalTransmittance: 0.575730735163862; Project: 0001; Storey: Grond floor; Top Elevation: 12150.0000000003; Bottom Elevation: 450; Global Top Elevation: 12150.0000000003; Global Bottom Elevation: 450; Has Own Geometry: 1; Children Have Geometry: 1; Global X: -9727.9609230307; Global Y: 1024.02227482549; Global Z: 450; Bounding Box Length: 2216.7796617389; Bounding Box Width: 2216.7796617389; Bounding Box Height: 11700.0000000003; Layer: I-WALL
1uz_tOhc98APvO5kiwkBOv,"Flush_Door_with_Louvers_2218:24"" x 80"":540032:1",. XDim: 609.6; YDim: 2032; Project: 0001; Storey: Grond floor; Top Elevation: 10982; Bottom Elevation: 8950; Global Top Elevation: 10982; Global Bottom Elevation: 8950; Has Own Geometry: 1; Children Have Geometry: 0; Global X: -8041.05172777393; Global Y: 2710.93147008225; Global Z: 8950; Bounding Box Length: 486.913729525057; Bounding Box Width: 486.913729525057; Bounding Box Height: 2032; Layer: A-WALL
1PN2e_A5LD5PkXFXXX4xpT,"Flush_Door_with_Louvers_2218:24"" x 80"":537210:1",. XDim: 609.6; YDim: 2032; Project: 0001; Storey: Grond floor; Top Elevation: 6882; Bottom Elevation: 4850; Global Top Elevation: 6882; Global Bottom Elevation: 4850; Has Own Geometry: 1; Children Have Geometry: 0; Global X: -8041.05172777393; Global Y: 2710.93147008225; Global Z: 4850; Bounding Box Length: 486.913729525057; Bounding Box Width: 486.913729525057; Bounding Box Height: 2032; Layer: A-WALL
1iy4AzAKj4BuQtqGgsjlTD,"Flush_Door_with_Louvers_2218:24"" x 80"":531087:1",. XDim: 609.6; YDim: 2032; Project: 0001; Storey: Grond floor; Top Elevation: 2482; Bottom Elevation: 450; Global Top Elevation: 2482; Global Bottom Elevation: 450; Has Own Geometry: 1; Children Have Geometry: 0; Global X: -8041.05172777393; Global Y: 2710.93147008225; Global Z: 450; Bounding Box Length: 486.913729525057; Bounding Box Width: 486.913729525057; Bounding Box Height: 2032; Layer: A-WALL
3flyJIT_zA09n1j2TYE86k,Basic Wall:Interior - 79mm Partition (1-hr):529904,. XDim: 6375.86177957711; YDim: 78.9999999999999; Roughness: 914.4; Category: Walls; Reference: Interior - 79mm Partition (1-hr); Reference: Interior - 79mm Partition (1-hr); ExtendToStructure: 0; IsExternal: 0; LoadBearing: 0; Reference: Interior - 79mm Partition (1-hr); ThermalTransmittance: 0.575730735163862; Project: 0001; Storey: Grond floor; Top Elevation: 12150.0000000003; Bottom Elevation: 450; Global Top Elevation: 12150.0000000003; Global Bottom Elevation: 450; Has Own Geometry: 1; Children Have Geometry: 1; Global X: -8399.33061584778; Global Y: -2211.62395395243; Global Z: 450; Bounding Box Length: 4564.27653596083; Bounding Box Width: 4564.27653596085; Bounding Box Height: 11700.0000000003; Layer: I-WALL
0IUrb2HMzB$vQgKl_aZA7w,"Flush_Door_with_Louvers_2218:24"" x 80"":565955:1",. XDim: 609.6; YDim: 2032; Project: 0001; Storey: Grond floor; Top Elevation: 10982; Bottom Elevation: 8950; Global Top Elevation: 10982; Global Bottom Elevation: 8950; Has Own Geometry: 1; Children Have Geometry: 0; Global X: -4387.72874006235; Global Y: -2145.86302330208; Global Z: 8950; Bounding Box Length: 486.913729525056; Bounding Box Width: 486.913729525057; Bounding Box Height: 2032; Layer: A-WALL
0IUrb2HMzB$vQgKl_aZA7x,"Flush_Door_with_Louvers_2218:24"" x 80"":565954:1",. XDim: 609.6; YDim: 2032; Project: 0001; Storey: Grond floor; Top Elevation: 10982; Bottom Elevation: 8950; Global Top Elevation: 10982; Global Bottom Elevation: 8950; Has Own Geometry: 1; Children Have Geometry: 0; Global X: -8328.61993772911; Global Y: 1795.02817436472; Global Z: 8950; Bounding Box Length: 486.913729525057; Bounding Box Width: 486.913729525057; Bounding Box Height: 2032; Layer: A-WALL
0IUrb2HMzB$vQgKl_aZA6I,"Flush_Door_with_Louvers_2218:24"" x 80"":565931:1",. XDim: 609.6; YDim: 2032; Project: 0001; Storey: Grond floor; Top Elevation: 6882; Bottom Elevation: 4850; Global Top Elevation: 6882; Global Bottom Elevation: 4850; Has Own Geometry: 1; Children Have Geometry: 0; Global X: -4387.72874006235; Global Y: -2145.86302330208; Global Z: 4850; Bounding Box Length: 486.913729525056; Bounding Box Width: 486.913729525057; Bounding Box Height: 2032; Layer: A-WALL
0IUrb2HMzB$vQgKl_aZA6J,"Flush_Door_with_Louvers_2218:24"" x 80"":565930:1",. XDim: 609.6; YDim: 2032; Project: 0001; Storey: Grond floor; Top Elevation: 6882; Bottom Elevation: 4850; Global Top Elevation: 6882; Global Bottom Elevation: 4850; Has Own Geometry: 1; Children Have Geometry: 0; Global X: -8328.61993772911; Global Y: 1795.02817436472; Global Z: 4850; Bounding Box Length: 486.913729525057; Bounding Box Width: 486.913729525057; Bounding Box Height: 2032; Layer: A-WALL
1uz_tOhc98APvO5kiwkBOc,Door-Double-Sliding1:showers:540063:1,. XDim: 2032; YDim: 799.999999999999; Project: 0001; Storey: Grond floor; Top Elevation: 10982; Bottom Elevation: 8950; Global Top Elevation: 10982; Global Bottom Elevation: 8950; Has Own Geometry: 1; Children Have Geometry: 0; Global X: -7649.44387439943; Global Y: 981.218979897115; Global Z: 8950; Bounding Box Length: 621.546860662974; Bounding Box Width: 621.546860662974; Bounding Box Height: 2032; Layer: A-WALL
0SSvh4ccD6kxypL3dkhLU4,"Flush_Door_with_Louvers_2218:24"" x 80"":564477:1",. XDim: 609.6; YDim: 2032; Project: 0001; Storey: Grond floor; Top Elevation: 2482; Bottom Elevation: 450; Global Top Elevation: 2482; Global Bottom Elevation: 450; Has Own Geometry: 1; Children Have Geometry: 0; Global X: -4387.72874006235; Global Y: -2145.86302330208; Global Z: 450; Bounding Box Length: 486.913729525056; Bounding Box Width: 486.913729525057; Bounding Box Height: 2032; Layer: A-WALL
0SSvh4ccD6kxypL3dkhLSU,"Flush_Door_with_Louvers_2218:24"" x 80"":564327:1",. XDim: 609.6; YDim: 2032; Project: 0001; Storey: Grond floor; Top Elevation: 2482; Bottom Elevation: 450; Global Top Elevation: 2482; Global Bottom Elevation: 450; Has Own Geometry: 1; Children Have Geometry: 0; Global X: -8328.61993772911; Global Y: 1795.02817436472; Global Z: 450; Bounding Box Length: 486.913729525057; Bounding Box Width: 486.913729525057; Bounding Box Height: 2032; Layer: A-WALL
3flyJIT_zA09n1j2TYE8Db,Basic Wall:Interior - 79mm Partition (1-hr):530235,. XDim: 1817.96699979803; YDim: 78.9999999999999; Roughness: 914.4; Category: Walls; Reference: Interior - 79mm Partition (1-hr); Reference: Interior - 79mm Partition (1-hr); ExtendToStructure: 0; IsExternal: 0; LoadBearing: 0; Reference: Interior - 79mm Partition (1-hr); ThermalTransmittance: 0.575730735163862; Project: 0001; Storey: Grond floor; Top Elevation: 12150.0000000003; Bottom Elevation: 450; Global Top Elevation: 12150.0000000003; Global Bottom Elevation: 450; Has Own Geometry: 1; Children Have Geometry: 0; Global X: -7434.6857232466; Global Y: -1294.70876908134; Global Z: 450; Bounding Box Length: 1341.35822924429; Bounding Box Width: 1341.35822924429; Bounding Box Height: 11700.0000000003; Layer: I-WALL
0PfeWE7Aj7GBHCsLa672r6,Basic Wall:CW 102-50-100p:553900,. Roughness: 914.4; Category: Walls; Reference: CW 102-50-100p; Reference: CW 102-50-100p; ExtendToStructure: 0; IsExternal: 1; LoadBearing: 0; Reference: CW 102-50-100p; ThermalTransmittance: 0.87233965970269; Project: 0001; Storey: Grond floor; Top Elevation: 4850; Bottom Elevation: 450; Global Top Elevation: 4850; Global Bottom Elevation: 450; Has Own Geometry: 1; Children Have Geometry: 0; Global X: 4570.01444856839; Global Y: -1986.67756072061; Global Z: 450; Bounding Box Length: 7911.80136369329; Bounding Box Width: 2303.06276526497; Bounding Box Height: 4400; Layer: A-WALL
2fHxj7Rx94QRwaUE$6kfmY,Basic Wall:CW 102-50-100p:557736,. XDim: 481.999999999975; YDim: 264; Roughness: 914.4; Category: Walls; Reference: CW 102-50-100p; Reference: CW 102-50-100p; ExtendToStructure: 0; IsExternal: 1; LoadBearing: 0; Reference: CW 102-50-100p; ThermalTransmittance: 0.87233965970269; Project: 0001; Storey: Grond floor; Top Elevation: 12250.0000000003; Bottom Elevation: 450; Global Top Elevation: 12250.0000000003; Global Bottom Elevation: 450; Has Own Geometry: 1; Children Have Geometry: 0; Global X: -6559.1574532819; Global Y: 6104.84946239911; Global Z: 450; Bounding Box Length: 527.501658765148; Bounding Box Width: 527.501658765146; Bounding Box Height: 11800.0000000003; Layer: A-WALL
0B1crjb4D8q9w$WfMlF5ud,Basic Wall:CW 102-50-100p:559259,. Roughness: 914.4; Category: Walls; Reference: CW 102-50-100p; Reference: CW 102-50-100p; ExtendToStructure: 0; IsExternal: 1; LoadBearing: 0; Reference: CW 102-50-100p; ThermalTransmittance: 0.87233965970269; Project: 0001; Storey: Grond floor; Top Elevation: 8607.70949626961; Bottom Elevation: 450; Global Top Elevation: 8607.70949626961; Global Bottom Elevation: 450; Has Own Geometry: 1; Children Have Geometry: 0; Global X: -11553.0259916352; Global Y: -8420.26973251846; Global Z: 450; Bounding Box Length: 1176.14319727377; Bounding Box Width: 560.758555032131; Bounding Box Height: 8157.70949626961; Layer: A-WALL
0B1crjb4D8q9w$WfMlF5_S,Basic Wall:CW 102-50-100p:559392,. Roughness: 914.4; Category: Walls; Reference: CW 102-50-100p; Reference: CW 102-50-100p; ExtendToStructure: 0; IsExternal: 1; LoadBearing: 0; Reference: CW 102-50-100p; ThermalTransmittance: 0.87233965970269; Project: 0001; Storey: Grond floor; Top Elevation: 8950; Bottom Elevation: 450; Global Top Elevation: 8950; Global Bottom Elevation: 450; Has Own Geometry: 1; Children Have Geometry: 0; Global X: -11537.4709579528; Global Y: -7928.06521897847; Global Z: 450; Bounding Box Length: 309.059301261685; Bounding Box Width: 855.100876898725; Bounding Box Height: 8500; Layer: A-WALL
09HlCCXBH8yBUKP68fHDFE,Basic Wall:CW 102-50-100p:562416,. Roughness: 914.4; Category: Walls; Reference: CW 102-50-100p; Reference: CW 102-50-100p; ExtendToStructure: 0; IsExternal: 1; LoadBearing: 0; Reference: CW 102-50-100p; ThermalTransmittance: 0.87233965970269; Project: 0001; Storey: Grond floor; Top Elevation: 8950; Bottom Elevation: 450; Global Top Elevation: 8950; Global Bottom Elevation: 450; Has Own Geometry: 1; Children Have Geometry: 0; Global X: -11200.3002308098; Global Y: -2238.70442142151; Global Z: 450; Bounding Box Length: 2196.05960757531; Bounding Box Width: 2382.73579780855; Bounding Box Height: 8500; Layer: A-WALL
09HlCCXBH8yBUKP68fHD58,Basic Wall:CW 102-50-100p:562806,. Roughness: 914.4; Category: Walls; Reference: CW 102-50-100p; Reference: CW 102-50-100p; ExtendToStructure: 0; IsExternal: 1; LoadBearing: 0; Reference: CW 102-50-100p; ThermalTransmittance: 0.87233965970269; Project: 0001; Storey: Grond floor; Top Elevation: 8950; Bottom Elevation: 450; Global Top Elevation: 8950; Global Bottom Elevation: 450; Has Own Geometry: 1; Children Have Geometry: 0; Global X: -11254.7616289001; Global Y: -3195.41271666381; Global Z: 450; Bounding Box Length: 335.13931615028; Bounding Box Width: 1237.38621330232; Bounding Box Height: 8500; Layer: A-WALL
0SSvh4ccD6kxypL2hkhLSW,Basic Wall:Interior - 79mm Partition (1-hr):564313,. XDim: 1817.96699979803; YDim: 78.9999999999999; Roughness: 914.4; Category: Walls; Reference: Interior - 79mm Partition (1-hr); Reference: Interior - 79mm Partition (1-hr); ExtendToStructure: 0; IsExternal: 0; LoadBearing: 0; Reference: Interior - 79mm Partition (1-hr); ThermalTransmittance: 0.575730735163862; Project: 0001; Storey: Grond floor; Top Elevation: 12150.0000000003; Bottom Elevation: 450; Global Top Elevation: 12150.0000000003; Global Bottom Elevation: 450; Has Own Geometry: 1; Children Have Geometry: 1; Global X: -8566.05657314507; Global Y: -163.337919182858; Global Z: 450; Bounding Box Length: 1341.35822924429; Bounding Box Width: 1341.35822924429; Bounding Box Height: 11700.0000000003; Layer: I-WALL
0IUrb2HMzB$vQgKl_aZA7y,"Flush_Door_with_Louvers_2218:24"" x 80"":565957:1",. XDim: 609.6; YDim: 2032; Project: 0001; Storey: Grond floor; Top Elevation: 10982; Bottom Elevation: 8950; Global Top Elevation: 10982; Global Bottom Elevation: 8950; Has Own Geometry: 1; Children Have Geometry: 0; Global X: -7801.50903332041; Global Y: 601.209620641804; Global Z: 8950; Bounding Box Length: 486.913729525058; Bounding Box Width: 486.913729525057; Bounding Box Height: 2032; Layer: A-WALL
0IUrb2HMzB$vQgKl_aZA7z,"Flush_Door_with_Louvers_2218:24"" x 80"":565956:1",. XDim: 609.6; YDim: 2032; Project: 0001; Storey: Grond floor; Top Elevation: 10982; Bottom Elevation: 8950; Global Top Elevation: 10982; Global Bottom Elevation: 8950; Has Own Geometry: 1; Children Have Geometry: 0; Global X: -8482.61797296506; Global Y: -79.8993190028412; Global Z: 8950; Bounding Box Length: 486.913729525057; Bounding Box Width: 486.913729525057; Bounding Box Height: 2032; Layer: A-WALL
0IUrb2HMzB$vQgKl_aZA6K,"Flush_Door_with_Louvers_2218:24"" x 80"":565933:1",. XDim: 609.6; YDim: 2032; Project: 0001; Storey: Grond floor; Top Elevation: 6882; Bottom Elevation: 4850; Global Top Elevation: 6882; Global Bottom Elevation: 4850; Has Own Geometry: 1; Children Have Geometry: 0; Global X: -7801.50903332041; Global Y: 601.209620641804; Global Z: 4850; Bounding Box Length: 486.913729525058; Bounding Box Width: 486.913729525057; Bounding Box Height: 2032; Layer: A-WALL
0IUrb2HMzB$vQgKl_aZA6L,"Flush_Door_with_Louvers_2218:24"" x 80"":565932:1",. XDim: 609.6; YDim: 2032; Project: 0001; Storey: Grond floor; Top Elevation: 6882; Bottom Elevation: 4850; Global Top Elevation: 6882; Global Bottom Elevation: 4850; Has Own Geometry: 1; Children Have Geometry: 0; Global X: -8482.61797296506; Global Y: -79.8993190028412; Global Z: 4850; Bounding Box Length: 486.913729525057; Bounding Box Width: 486.913729525057; Bounding Box Height: 2032; Layer: A-WALL
0SSvh4ccD6kxypL3dkhLMT,"Flush_Door_with_Louvers_2218:24"" x 80"":564964:1",. XDim: 609.6; YDim: 2032; Project: 0001; Storey: Grond floor; Top Elevation: 2482; Bottom Elevation: 450; Global Top Elevation: 2482; Global Bottom Elevation: 450; Has Own Geometry: 1; Children Have Geometry: 0; Global X: -7801.50903332041; Global Y: 601.209620641804; Global Z: 450; Bounding Box Length: 486.913729525058; Bounding Box Width: 486.913729525057; Bounding Box Height: 2032; Layer: A-WALL
0SSvh4ccD6kxypL3dkhLKV,"Flush_Door_with_Louvers_2218:24"" x 80"":564838:1",. XDim: 609.6; YDim: 2032; Project: 0001; Storey: Grond floor; Top Elevation: 2482; Bottom Elevation: 450; Global Top Elevation: 2482; Global Bottom Elevation: 450; Has Own Geometry: 1; Children Have Geometry: 0; Global X: -8482.61797296506; Global Y: -79.8993190028412; Global Z: 450; Bounding Box Length: 486.913729525057; Bounding Box Width: 486.913729525057; Bounding Box Height: 2032; Layer: A-WALL
0SSvh4ccD6kxypL2hkhLSa,Basic Wall:Interior - 79mm Partition (1-hr):564317,. XDim: 1817.96699979803; YDim: 79.0000000000003; Roughness: 914.4; Category: Walls; Reference: Interior - 79mm Partition (1-hr); Reference: Interior - 79mm Partition (1-hr); ExtendToStructure: 0; IsExternal: 0; LoadBearing: 0; Reference: Interior - 79mm Partition (1-hr); ThermalTransmittance: 0.575730735163862; Project: 0001; Storey: Grond floor; Top Elevation: 12150.0000000003; Bottom Elevation: 450; Global Top Elevation: 12150.0000000003; Global Bottom Elevation: 450; Has Own Geometry: 1; Children Have Geometry: 1; Global X: -6303.31487334812; Global Y: -2426.07961897982; Global Z: 450; Bounding Box Length: 1341.35822924429; Bounding Box Width: 1341.35822924429; Bounding Box Height: 11700.0000000003; Layer: I-WALL
0IUrb2HMzB$vQgKl_aZA7_,"Flush_Door_with_Louvers_2218:24"" x 80"":565959:1",. XDim: 609.6; YDim: 2032; Project: 0001; Storey: Grond floor; Top Elevation: 10982; Bottom Elevation: 8950; Global Top Elevation: 10982; Global Bottom Elevation: 8950; Has Own Geometry: 1; Children Have Geometry: 0; Global X: -5519.58105174755; Global Y: -1642.34579737924; Global Z: 8950; Bounding Box Length: 486.913729525058; Bounding Box Width: 486.913729525057; Bounding Box Height: 2032; Layer: A-WALL
0IUrb2HMzB$vQgKl_aZA7$,"Flush_Door_with_Louvers_2218:24"" x 80"":565958:1",. XDim: 609.6; YDim: 2032; Project: 0001; Storey: Grond floor; Top Elevation: 10982; Bottom Elevation: 8950; Global Top Elevation: 10982; Global Bottom Elevation: 8950; Has Own Geometry: 1; Children Have Geometry: 0; Global X: -6167.10241928583; Global Y: -2289.86716491752; Global Z: 8950; Bounding Box Length: 486.913729525058; Bounding Box Width: 486.913729525057; Bounding Box Height: 2032; Layer: A-WALL
0IUrb2HMzB$vQgKl_aZA6M,"Flush_Door_with_Louvers_2218:24"" x 80"":565935:1",. XDim: 609.6; YDim: 2032; Project: 0001; Storey: Grond floor; Top Elevation: 6882; Bottom Elevation: 4850; Global Top Elevation: 6882; Global Bottom Elevation: 4850; Has Own Geometry: 1; Children Have Geometry: 0; Global X: -5519.58105174755; Global Y: -1642.34579737924; Global Z: 4850; Bounding Box Length: 486.913729525058; Bounding Box Width: 486.913729525057; Bounding Box Height: 2032; Layer: A-WALL
0IUrb2HMzB$vQgKl_aZA6N,"Flush_Door_with_Louvers_2218:24"" x 80"":565934:1",. XDim: 609.6; YDim: 2032; Project: 0001; Storey: Grond floor; Top Elevation: 6882; Bottom Elevation: 4850; Global Top Elevation: 6882; Global Bottom Elevation: 4850; Has Own Geometry: 1; Children Have Geometry: 0; Global X: -6167.10241928583; Global Y: -2289.86716491752; Global Z: 4850; Bounding Box Length: 486.913729525058; Bounding Box Width: 486.913729525057; Bounding Box Height: 2032; Layer: A-WALL
0SSvh4ccD6kxypL3dkhLGg,"Flush_Door_with_Louvers_2218:24"" x 80"":565075:1",. XDim: 609.6; YDim: 2032; Project: 0001; Storey: Grond floor; Top Elevation: 2482; Bottom Elevation: 450; Global Top Elevation: 2482; Global Bottom Elevation: 450; Has Own Geometry: 1; Children Have Geometry: 0; Global X: -5519.58105174755; Global Y: -1642.34579737924; Global Z: 450; Bounding Box Length: 486.913729525058; Bounding Box Width: 486.913729525057; Bounding Box Height: 2032; Layer: A-WALL
0SSvh4ccD6kxypL3dkhLGh,"Flush_Door_with_Louvers_2218:24"" x 80"":565074:1",. XDim: 609.6; YDim: 2032; Project: 0001; Storey: Grond floor; Top Elevation: 2482; Bottom Elevation: 450; Global Top Elevation: 2482; Global Bottom Elevation: 450; Has Own Geometry: 1; Children Have Geometry: 0; Global X: -6167.10241928583; Global Y: -2289.86716491752; Global Z: 450; Bounding Box Length: 486.913729525058; Bounding Box Width: 486.913729525057; Bounding Box Height: 2032; Layer: A-WALL
0SSvh4ccD6kxypL2hkhLLA,Basic Wall:Interior - 79mm Partition (1-hr):564787,. XDim: 3121; YDim: 78.9999999999999; Roughness: 914.4; Category: Walls; Reference: Interior - 79mm Partition (1-hr); Reference: Interior - 79mm Partition (1-hr); ExtendToStructure: 0; IsExternal: 0; LoadBearing: 0; Reference: Interior - 79mm Partition (1-hr); ThermalTransmittance: 0.575730735163862; Project: 0001; Storey: Grond floor; Top Elevation: 12150.0000000003; Bottom Elevation: 449.999999999851; Global Top Elevation: 12150.0000000003; Global Bottom Elevation: 449.999999999851; Has Own Geometry: 1; Children Have Geometry: 1; Global X: -7872.21971143907; Global Y: -1732.24275727382; Global Z: 449.999999999851; Bounding Box Length: 2262.74169979695; Bounding Box Width: 2262.74169979695; Bounding Box Height: 11700.0000000004; Layer: I-WALL
0otTNT04f4yxCWabMpAfzR,Basic Wall:Interior - 79mm Partition (1-hr):564787:1,. ProfileName: Interior - 79mm Partition (1-hr); XDim: 11700.0000000003; YDim: 78.9999999999993; Roughness: 914.4; Reference: Interior - 79mm Partition (1-hr); Category: Walls; Reference: Interior - 79mm Partition (1-hr); Project: 0001; Storey: Grond floor; Top Elevation: 12150.0000000002; Bottom Elevation: 449.999999999851; Global Top Elevation: 12150.0000000002; Global Bottom Elevation: 449.999999999851; Has Own Geometry: 1; Children Have Geometry: 0; Global X: -6796.71029725433; Global Y: -656.73334308908; Global Z: 449.999999999851; Bounding Box Length: 111.722871427473; Bounding Box Width: 111.722871427475; Bounding Box Height: 11700.0000000003; Layer: I-WALL
2lrUU8Tqz92AICLQu1TLwT,Curtain Wall:Storefront:358029,. IsExternal: 1; Reference: Storefront; Category: Walls; Reference: Storefront; Project: 0001; Storey: Grond floor; Top Elevation: 4850; Bottom Elevation: 450; Global Top Elevation: 4850; Global Bottom Elevation: 450; Has Own Geometry: 0; Children Have Geometry: 1; Global X: 4472.71696673873; Global Y: -7050.22543736254; Global Z: 450; Bounding Box Length: 1791.59031264074; Bounding Box Width: 1158.65124492543; Bounding Box Height: 4400
2lrUU8Tqz92AICLQu1TLwU,System Panel:Glazed:358030,. ProfileName: Glazed; XDim: 25; YDim: 925.000000000001; IsExternal: 1; Reference: Glazed; ThermalTransmittance: 6.7069; Category: Curtain Panels; Reference: Glazed; Project: 0001; Storey: Grond floor; Top Elevation: 2825; Bottom Elevation: 500; Global Top Elevation: 2825; Global Bottom Elevation: 500; Has Own Geometry: 1; Children Have Geometry: 0; Global X: 4566.82162022739; Global Y: -7002.61576744912; Global Z: 500; Bounding Box Length: 805.755705022207; Bounding Box Width: 497.839401809351; Bounding Box Height: 2325; Layer: A-GLAZ-CURT
2lrUU8Tqz92AICLQu1TLw1,System Panel:Glazed:358033,. ProfileName: Glazed; XDim: 25; YDim: 925.000000000001; IsExternal: 1; Reference: Glazed; ThermalTransmittance: 6.7069; Category: Curtain Panels; Reference: Glazed; Project: 0001; Storey: Grond floor; Top Elevation: 2825; Bottom Elevation: 500; Global Top Elevation: 2825; Global Bottom Elevation: 500; Has Own Geometry: 1; Children Have Geometry: 0; Global X: 5402.55973841195; Global Y: -6500.45364441183; Global Z: 500; Bounding Box Length: 805.755705022208; Bounding Box Width: 497.83940180935; Bounding Box Height: 2325; Layer: A-GLAZ-CURT
2lrUU8Tqz92AICLQu1TLw3,System Panel:Glazed:358035,. ProfileName: Glazed; XDim: 25; YDim: 925.000000000001; IsExternal: 1; Reference: Glazed; ThermalTransmittance: 6.7069; Category: Curtain Panels; Reference: Glazed; Project: 0001; Storey: Grond floor; Top Elevation: 4800; Bottom Elevation: 2875; Global Top Elevation: 4800; Global Bottom Elevation: 2875; Has Own Geometry: 1; Children Have Geometry: 0; Global X: 4566.82162022739; Global Y: -7002.61576744912; Global Z: 2875; Bounding Box Length: 805.755705022207; Bounding Box Width: 497.839401809351; Bounding Box Height: 1925; Layer: A-GLAZ-CURT
2lrUU8Tqz92AICLQu1TLw4,System Panel:Glazed:358036,. ProfileName: Glazed; XDim: 25; YDim: 925.000000000001; IsExternal: 1; Reference: Glazed; ThermalTransmittance: 6.7069; Category: Curtain Panels; Reference: Glazed; Project: 0001; Storey: Grond floor; Top Elevation: 4800; Bottom Elevation: 2875; Global Top Elevation: 4800; Global Bottom Elevation: 2875; Has Own Geometry: 1; Children Have Geometry: 0; Global X: 5402.55973841195; Global Y: -6500.45364441183; Global Z: 2875; Bounding Box Length: 805.755705022208; Bounding Box Width: 497.83940180935; Bounding Box Height: 1925; Layer: A-GLAZ-CURT
2lrUU8Tqz92AICLQu1TLwD,Rectangular Mullion:50 x 150mm:358045,. ProfileName: 50 x 150mm; XDim: 150; YDim: 50; IsExternal: 1; Reference: 50 x 150mm; Span: 925.000000000001; Category: Curtain Wall Mullions; Reference: 50 x 150mm; Project: 0001; Storey: Grond floor; Top Elevation: 4850; Bottom Elevation: 4800; Global Top Elevation: 4850; Global Bottom Elevation: 4800; Has Own Geometry: 1; Children Have Geometry: 0; Global X: 5351.3134499584; Global Y: -6522.31141057973; Global Z: 4800; Bounding Box Length: 870.135464385966; Bounding Box Width: 604.985314397112; Bounding Box Height: 49.9999999999991; Layer: A-GLAZ-CWMG
2lrUU8Tqz92AICLQu1TLwE,Rectangular Mullion:50 x 150mm:358046,. ProfileName: 50 x 150mm; XDim: 150; YDim: 50; IsExternal: 1; Reference: 50 x 150mm; Span: 925.000000000001; Category: Curtain Wall Mullions; Reference: 50 x 150mm; Project: 0001; Storey: Grond floor; Top Elevation: 4850; Bottom Elevation: 4800; Global Top Elevation: 4850; Global Bottom Elevation: 4800; Has Own Geometry: 1; Children Have Geometry: 0; Global X: 4515.57533177384; Global Y: -7024.47353361703; Global Z: 4800; Bounding Box Length: 870.135464385965; Bounding Box Width: 604.985314397112; Bounding Box Height: 49.9999999999991; Layer: A-GLAZ-CWMG
2lrUU8Tqz92AICLQu1TLwF,Rectangular Mullion:50 x 150mm:358047,. ProfileName: 50 x 150mm; XDim: 150; YDim: 50; IsExternal: 1; Reference: 50 x 150mm; Span: 925.000000000001; Category: Curtain Wall Mullions; Reference: 50 x 150mm; Project: 0001; Storey: Grond floor; Top Elevation: 500; Bottom Elevation: 450; Global Top Elevation: 500; Global Bottom Elevation: 450; Has Own Geometry: 1; Children Have Geometry: 0; Global X: 4515.57533177383; Global Y: -7024.47353361703; Global Z: 450; Bounding Box Length: 870.135464385965; Bounding Box Width: 604.985314397111; Bounding Box Height: 49.9999999999998; Layer: A-GLAZ-CWMG
2lrUU8Tqz92AICLQu1TLwm,Rectangular Mullion:50 x 150mm:358048,. ProfileName: 50 x 150mm; XDim: 150; YDim: 50; IsExternal: 1; Reference: 50 x 150mm; Span: 925.000000000001; Category: Curtain Wall Mullions; Reference: 50 x 150mm; Project: 0001; Storey: Grond floor; Top Elevation: 500; Bottom Elevation: 450; Global Top Elevation: 500; Global Bottom Elevation: 450; Has Own Geometry: 1; Children Have Geometry: 0; Global X: 5351.31344995839; Global Y: -6522.31141057973; Global Z: 450; Bounding Box Length: 870.135464385966; Bounding Box Width: 604.985314397112; Bounding Box Height: 49.9999999999998; Layer: A-GLAZ-CWMG
2lrUU8Tqz92AICLQu1TLwn,Rectangular Mullion:50 x 150mm:358049,. ProfileName: 50 x 150mm; XDim: 150; YDim: 50; IsExternal: 1; Reference: 50 x 150mm; Span: 2400; Category: Curtain Wall Mullions; Reference: 50 x 150mm; Project: 0001; Storey: Grond floor; Top Elevation: 2850; Bottom Elevation: 450; Global Top Elevation: 2850; Global Bottom Elevation: 450; Has Own Geometry: 1; Children Have Geometry: 0; Global X: 6144.19320310785; Global Y: -6045.90119128793; Global Z: 450; Bounding Box Length: 120.114076271612; Bounding Box Width: 154.32699885082; Bounding Box Height: 2400; Layer: A-GLAZ-CWMG
2lrUU8Tqz92AICLQu1TLwo,Rectangular Mullion:50 x 150mm:358050,. ProfileName: 50 x 150mm; XDim: 150; YDim: 50; IsExternal: 1; Reference: 50 x 150mm; Span: 2000; Category: Curtain Wall Mullions; Reference: 50 x 150mm; Project: 0001; Storey: Grond floor; Top Elevation: 4850; Bottom Elevation: 2850; Global Top Elevation: 4850; Global Bottom Elevation: 2850; Has Own Geometry: 1; Children Have Geometry: 0; Global X: 6144.19320310785; Global Y: -6045.90119128793; Global Z: 2850; Bounding Box Length: 120.114076271612; Bounding Box Width: 154.32699885082; Bounding Box Height: 2000; Layer: A-GLAZ-CWMG
2lrUU8Tqz92AICLQu1TLwr,Rectangular Mullion:50 x 150mm:358053,. ProfileName: 50 x 150mm; XDim: 150; YDim: 50; IsExternal: 1; Reference: 50 x 150mm; Span: 2000; Category: Curtain Wall Mullions; Reference: 50 x 150mm; Project: 0001; Storey: Grond floor; Top Elevation: 4850; Bottom Elevation: 2850; Global Top Elevation: 4850; Global Bottom Elevation: 2850; Has Own Geometry: 1; Children Have Geometry: 0; Global X: 4472.71696673873; Global Y: -7050.22543736254; Global Z: 2850; Bounding Box Length: 120.114076271612; Bounding Box Width: 154.32699885082; Bounding Box Height: 2000; Layer: A-GLAZ-CWMG
2lrUU8Tqz92AICLQu1TLws,Rectangular Mullion:50 x 150mm:358054,. ProfileName: 50 x 150mm; XDim: 150; YDim: 50; IsExternal: 1; Reference: 50 x 150mm; Span: 2400; Category: Curtain Wall Mullions; Reference: 50 x 150mm; Project: 0001; Storey: Grond floor; Top Elevation: 2850; Bottom Elevation: 450; Global Top Elevation: 2850; Global Bottom Elevation: 450; Has Own Geometry: 1; Children Have Geometry: 0; Global X: 4472.71696673873; Global Y: -7050.22543736254; Global Z: 450; Bounding Box Length: 120.114076271612; Bounding Box Width: 154.32699885082; Bounding Box Height: 2400; Layer: A-GLAZ-CWMG
2lrUU8Tqz92AICLQu1TLwv,Rectangular Mullion:50 x 150mm:358057,. ProfileName: 50 x 150mm; XDim: 150; YDim: 50; IsExternal: 1; Reference: 50 x 150mm; Span: 925.000000000001; Category: Curtain Wall Mullions; Reference: 50 x 150mm; Project: 0001; Storey: Grond floor; Top Elevation: 2875; Bottom Elevation: 2825; Global Top Elevation: 2875; Global Bottom Elevation: 2825; Has Own Geometry: 1; Children Have Geometry: 0; Global X: 4515.57533177384; Global Y: -7024.47353361703; Global Z: 2825; Bounding Box Length: 870.135464385965; Bounding Box Width: 604.985314397112; Bounding Box Height: 50; Layer: A-GLAZ-CWMG
2lrUU8Tqz92AICLQu1TLww,Rectangular Mullion:50 x 150mm:358058,. ProfileName: 50 x 150mm; XDim: 150; YDim: 50; IsExternal: 1; Reference: 50 x 150mm; Span: 925.000000000001; Category: Curtain Wall Mullions; Reference: 50 x 150mm; Project: 0001; Storey: Grond floor; Top Elevation: 2875; Bottom Elevation: 2825; Global Top Elevation: 2875; Global Bottom Elevation: 2825; Has Own Geometry: 1; Children Have Geometry: 0; Global X: 5351.3134499584; Global Y: -6522.31141057973; Global Z: 2825; Bounding Box Length: 870.135464385966; Bounding Box Width: 604.985314397112; Bounding Box Height: 50; Layer: A-GLAZ-CWMG
2lrUU8Tqz92AICLQu1TLw$,Rectangular Mullion:50 x 150mm:358063,. ProfileName: 50 x 150mm; XDim: 150; YDim: 50; IsExternal: 1; Reference: 50 x 150mm; Span: 2400; Category: Curtain Wall Mullions; Reference: 50 x 150mm; Project: 0001; Storey: Grond floor; Top Elevation: 2850; Bottom Elevation: 450; Global Top Elevation: 2850; Global Bottom Elevation: 450; Has Own Geometry: 1; Children Have Geometry: 0; Global X: 5308.45508492329; Global Y: -6548.06331432524; Global Z: 450; Bounding Box Length: 120.114076271612; Bounding Box Width: 154.32699885082; Bounding Box Height: 2400; Layer: A-GLAZ-CWMG
2lrUU8Tqz92AICLQu1TLwW,Rectangular Mullion:50 x 150mm:358064,. ProfileName: 50 x 150mm; XDim: 150; YDim: 50; IsExternal: 1; Reference: 50 x 150mm; Span: 2000; Category: Curtain Wall Mullions; Reference: 50 x 150mm; Project: 0001; Storey: Grond floor; Top Elevation: 4850; Bottom Elevation: 2850; Global Top Elevation: 4850; Global Bottom Elevation: 2850; Has Own Geometry: 1; Children Have Geometry: 0; Global X: 5308.45508492329; Global Y: -6548.06331432524; Global Z: 2850; Bounding Box Length: 120.114076271612; Bounding Box Width: 154.32699885082; Bounding Box Height: 2000; Layer: A-GLAZ-CWMG
0B1crjb4D8q9w$WfMlF5z3,Curtain Wall:Storefront:559615,. IsExternal: 1; Reference: Storefront; Category: Walls; Reference: Storefront; Project: 0001; Storey: Grond floor; Top Elevation: 8950; Bottom Elevation: 450; Global Top Elevation: 8950; Global Bottom Elevation: 450; Has Own Geometry: 0; Children Have Geometry: 1; Global X: -11405.1162454974; Global Y: -7086.65136203869; Global Z: 450; Bounding Box Length: 374.979093893309; Bounding Box Width: 3902.15361065861; Bounding Box Height: 8500
0B1crjb4D8q9w$WfMlF5oy,System Panel:Glazed:559616,. ProfileName: Glazed; XDim: 25; YDim: 1225.0000001016; IsExternal: 1; Reference: Glazed; ThermalTransmittance: 6.7069; Category: Curtain Panels; Reference: Glazed; Project: 0001; Storey: Grond floor; Top Elevation: 2825; Bottom Elevation: 500; Global Top Elevation: 2825; Global Bottom Elevation: 500; Has Own Geometry: 1; Children Have Geometry: 0; Global X: -11154.1855699361; Global Y: -4464.55980630645; Global Z: 500; Bounding Box Length: 95.703420618469; Bounding Box Width: 1224.39926607893; Bounding Box Height: 2325; Layer: A-GLAZ-CURT
0B1crjb4D8q9w$WfMlF5ou,System Panel:Glazed:559620,. ProfileName: Glazed; XDim: 25; YDim: 1249.9999997968; IsExternal: 1; Reference: Glazed; ThermalTransmittance: 6.7069; Category: Curtain Panels; Reference: Glazed; Project: 0001; Storey: Grond floor; Top Elevation: 2825; Bottom Elevation: 500; Global Top Elevation: 2825; Global Bottom Elevation: 500; Has Own Geometry: 1; Children Have Geometry: 0; Global X: -11229.2620507119; Global Y: -5762.39011936977; Global Z: 500; Bounding Box Length: 97.1471990775517; Bounding Box Width: 1249.35754102975; Bounding Box Height: 2325; Layer: A-GLAZ-CURT
0B1crjb4D8q9w$WfMlF5ow,System Panel:Glazed:559622,. ProfileName: Glazed; XDim: 25; YDim: 1225.0000001016; IsExternal: 1; Reference: Glazed; ThermalTransmittance: 6.7069; Category: Curtain Panels; Reference: Glazed; Project: 0001; Storey: Grond floor; Top Elevation: 2825; Bottom Elevation: 500; Global Top Elevation: 2825; Global Bottom Elevation: 500; Has Own Geometry: 1; Children Have Geometry: 0; Global X: -11302.8947530286; Global Y: -7035.26215748224; Global Z: 500; Bounding Box Length: 95.703420618469; Bounding Box Width: 1224.39926607893; Bounding Box Height: 2325; Layer: A-GLAZ-CURT
0B1crjb4D8q9w$WfMlF5oo,System Panel:Glazed:559630,. ProfileName: Glazed; XDim: 25; YDim: 1225.0000001016; IsExternal: 1; Reference: Glazed; ThermalTransmittance: 6.7069; Category: Curtain Panels; Reference: Glazed; Project: 0001; Storey: Grond floor; Top Elevation: 5225; Bottom Elevation: 2875; Global Top Elevation: 5225; Global Bottom Elevation: 2875; Has Own Geometry: 1; Children Have Geometry: 0; Global X: -11154.1855699361; Global Y: -4464.55980630645; Global Z: 2875; Bounding Box Length: 95.703420618469; Bounding Box Width: 1224.39926607893; Bounding Box Height: 2350; Layer: A-GLAZ-CURT
0B1crjb4D8q9w$WfMlF5op,System Panel:Glazed:559631,. ProfileName: Glazed; XDim: 25; YDim: 1249.9999997968; IsExternal: 1; Reference: Glazed; ThermalTransmittance: 6.7069; Category: Curtain Panels; Reference: Glazed; Project: 0001; Storey: Grond floor; Top Elevation: 5225; Bottom Elevation: 2875; Global Top Elevation: 5225; Global Bottom Elevation: 2875; Has Own Geometry: 1; Children Have Geometry: 0; Global X: -11229.2620507119; Global Y: -5762.39011936977; Global Z: 2875; Bounding Box Length: 97.1471990775517; Bounding Box Width: 1249.35754102975; Bounding Box Height: 2350; Layer: A-GLAZ-CURT
0B1crjb4D8q9w$WfMlF5oi,System Panel:Glazed:559632,. ProfileName: Glazed; XDim: 25; YDim: 1225.0000001016; IsExternal: 1; Reference: Glazed; ThermalTransmittance: 6.7069; Category: Curtain Panels; Reference: Glazed; Project: 0001; Storey: Grond floor; Top Elevation: 5225; Bottom Elevation: 2875; Global Top Elevation: 5225; Global Bottom Elevation: 2875; Has Own Geometry: 1; Children Have Geometry: 0; Global X: -11302.8947530286; Global Y: -7035.26215748224; Global Z: 2875; Bounding Box Length: 95.703420618469; Bounding Box Width: 1224.39926607893; Bounding Box Height: 2350; Layer: A-GLAZ-CURT
0B1crjb4D8q9w$WfMlF5of,System Panel:Glazed:559637,. ProfileName: Glazed; XDim: 25; YDim: 1225.0000001016; IsExternal: 1; Reference: Glazed; ThermalTransmittance: 6.7069; Category: Curtain Panels; Reference: Glazed; Project: 0001; Storey: Grond floor; Top Elevation: 7625; Bottom Elevation: 5275; Global Top Elevation: 7625; Global Bottom Elevation: 5275; Has Own Geometry: 1; Children Have Geometry: 0; Global X: -11154.1855699361; Global Y: -4464.55980630645; Global Z: 5275; Bounding Box Length: 95.703420618469; Bounding Box Width: 1224.39926607893; Bounding Box Height: 2350; Layer: A-GLAZ-CURT
0B1crjb4D8q9w$WfMlF5og,System Panel:Glazed:559638,. ProfileName: Glazed; XDim: 25; YDim: 1249.9999997968; IsExternal: 1; Reference: Glazed; ThermalTransmittance: 6.7069; Category: Curtain Panels; Reference: Glazed; Project: 0001; Storey: Grond floor; Top Elevation: 7625; Bottom Elevation: 5275; Global Top Elevation: 7625; Global Bottom Elevation: 5275; Has Own Geometry: 1; Children Have Geometry: 0; Global X: -11229.2620507119; Global Y: -5762.39011936977; Global Z: 5275; Bounding Box Length: 97.1471990775517; Bounding Box Width: 1249.35754102975; Bounding Box Height: 2350; Layer: A-GLAZ-CURT
0B1crjb4D8q9w$WfMlF5oh,System Panel:Glazed:559639,. ProfileName: Glazed; XDim: 25; YDim: 1225.0000001016; IsExternal: 1; Reference: Glazed; ThermalTransmittance: 6.7069; Category: Curtain Panels; Reference: Glazed; Project: 0001; Storey: Grond floor; Top Elevation: 7625; Bottom Elevation: 5275; Global Top Elevation: 7625; Global Bottom Elevation: 5275; Has Own Geometry: 1; Children Have Geometry: 0; Global X: -11302.8947530286; Global Y: -7035.26215748224; Global Z: 5275; Bounding Box Length: 95.703420618469; Bounding Box Width: 1224.39926607893; Bounding Box Height: 2350; Layer: A-GLAZ-CURT
0B1crjb4D8q9w$WfMlF5oW,System Panel:Glazed:559644,. ProfileName: Glazed; XDim: 25; YDim: 1225.0000001016; IsExternal: 1; Reference: Glazed; ThermalTransmittance: 6.7069; Category: Curtain Panels; Reference: Glazed; Project: 0001; Storey: Grond floor; Top Elevation: 8900; Bottom Elevation: 7675; Global Top Elevation: 8900; Global Bottom Elevation: 7675; Has Own Geometry: 1; Children Have Geometry: 0; Global X: -11154.1855699361; Global Y: -4464.55980630645; Global Z: 7675; Bounding Box Length: 95.703420618469; Bounding Box Width: 1224.39926607893; Bounding Box Height: 1225; Layer: A-GLAZ-CURT
0B1crjb4D8q9w$WfMlF5oX,System Panel:Glazed:559645,. ProfileName: Glazed; XDim: 25; YDim: 1249.9999997968; IsExternal: 1; Reference: Glazed; ThermalTransmittance: 6.7069; Category: Curtain Panels; Reference: Glazed; Project: 0001; Storey: Grond floor; Top Elevation: 8900; Bottom Elevation: 7675; Global Top Elevation: 8900; Global Bottom Elevation: 7675; Has Own Geometry: 1; Children Have Geometry: 0; Global X: -11229.2620507119; Global Y: -5762.39011936977; Global Z: 7675; Bounding Box Length: 97.1471990775517; Bounding Box Width: 1249.35754102975; Bounding Box Height: 1225; Layer: A-GLAZ-CURT
0B1crjb4D8q9w$WfMlF5oY,System Panel:Glazed:559646,. ProfileName: Glazed; XDim: 25; YDim: 1225.0000001016; IsExternal: 1; Reference: Glazed; ThermalTransmittance: 6.7069; Category: Curtain Panels; Reference: Glazed; Project: 0001; Storey: Grond floor; Top Elevation: 8900; Bottom Elevation: 7675; Global Top Elevation: 8900; Global Bottom Elevation: 7675; Has Own Geometry: 1; Children Have Geometry: 0; Global X: -11302.8947530286; Global Y: -7035.26215748224; Global Z: 7675; Bounding Box Length: 95.703420618469; Bounding Box Width: 1224.39926607893; Bounding Box Height: 1225; Layer: A-GLAZ-CURT
0B1crjb4D8q9w$WfMlF5oN,Rectangular Mullion:50 x 150mm:559659,. ProfileName: 50 x 150mm; XDim: 150; YDim: 50; IsExternal: 1; Reference: 50 x 150mm; Span: 1225.0000001016; Category: Curtain Wall Mullions; Reference: 50 x 150mm; Project: 0001; Storey: Grond floor; Top Elevation: 8950; Bottom Elevation: 8900; Global Top Elevation: 8950; Global Bottom Elevation: 8900; Has Own Geometry: 1; Children Have Geometry: 0; Global X: -11402.2286885498; Global Y: -7036.73481162989; Global Z: 8900; Bounding Box Length: 220.494796894061; Bounding Box Width: 1231.61815846235; Bounding Box Height: 49.9999999999982; Layer: A-GLAZ-CWMG
0B1crjb4D8q9w$WfMlF5oG,Rectangular Mullion:50 x 150mm:559660,. ProfileName: 50 x 150mm; XDim: 150; YDim: 50; IsExternal: 1; Reference: 50 x 150mm; Span: 1225.0000001016; Category: Curtain Wall Mullions; Reference: 50 x 150mm; Project: 0001; Storey: Grond floor; Top Elevation: 8950; Bottom Elevation: 8900; Global Top Elevation: 8950; Global Bottom Elevation: 8900; Has Own Geometry: 1; Children Have Geometry: 0; Global X: -11253.5195054573; Global Y: -4466.0324604541; Global Z: 8900; Bounding Box Length: 220.494796894061; Bounding Box Width: 1231.61815846235; Bounding Box Height: 49.9999999999982; Layer: A-GLAZ-CWMG
0B1crjb4D8q9w$WfMlF5oH,Rectangular Mullion:50 x 150mm:559661,. ProfileName: 50 x 150mm; XDim: 150; YDim: 50; IsExternal: 1; Reference: 50 x 150mm; Span: 1249.9999997968; Category: Curtain Wall Mullions; Reference: 50 x 150mm; Project: 0001; Storey: Grond floor; Top Elevation: 8950; Bottom Elevation: 8900; Global Top Elevation: 8950; Global Bottom Elevation: 8900; Has Own Geometry: 1; Children Have Geometry: 0; Global X: -11328.5959862155; Global Y: -5763.86277321312; Global Z: 8900; Bounding Box Length: 221.938575353146; Bounding Box Width: 1256.57643341317; Bounding Box Height: 49.9999999999982; Layer: A-GLAZ-CWMG
0B1crjb4D8q9w$WfMlF5oD,Rectangular Mullion:50 x 150mm:559665,. ProfileName: 50 x 150mm; XDim: 150; YDim: 50; IsExternal: 1; Reference: 50 x 150mm; Span: 1225.0000001016; Category: Curtain Wall Mullions; Reference: 50 x 150mm; Project: 0001; Storey: Grond floor; Top Elevation: 500; Bottom Elevation: 450; Global Top Elevation: 500; Global Bottom Elevation: 450; Has Own Geometry: 1; Children Have Geometry: 0; Global X: -11253.5195054455; Global Y: -4466.03246025124; Global Z: 450; Bounding Box Length: 220.49479689406; Bounding Box Width: 1231.61815846235; Bounding Box Height: 49.9999999999998; Layer: A-GLAZ-CWMG
0B1crjb4D8q9w$WfMlF5oE,Rectangular Mullion:50 x 150mm:559666,. ProfileName: 50 x 150mm; XDim: 150; YDim: 50; IsExternal: 1; Reference: 50 x 150mm; Span: 1249.9999997968; Category: Curtain Wall Mullions; Reference: 50 x 150mm; Project: 0001; Storey: Grond floor; Top Elevation: 500; Bottom Elevation: 450; Global Top Elevation: 500; Global Bottom Elevation: 450; Has Own Geometry: 1; Children Have Geometry: 0; Global X: -11328.5959862389; Global Y: -5763.86277361884; Global Z: 450; Bounding Box Length: 221.938575353142; Bounding Box Width: 1256.57643341317; Bounding Box Height: 49.9999999999998; Layer: A-GLAZ-CWMG
0B1crjb4D8q9w$WfMlF5oF,Rectangular Mullion:50 x 150mm:559667,. ProfileName: 50 x 150mm; XDim: 150; YDim: 50; IsExternal: 1; Reference: 50 x 150mm; Span: 1225.0000001016; Category: Curtain Wall Mullions; Reference: 50 x 150mm; Project: 0001; Storey: Grond floor; Top Elevation: 500; Bottom Elevation: 450; Global Top Elevation: 500; Global Bottom Elevation: 450; Has Own Geometry: 1; Children Have Geometry: 0; Global X: -11402.228688538; Global Y: -7036.73481142703; Global Z: 450; Bounding Box Length: 220.494796894061; Bounding Box Width: 1231.61815846235; Bounding Box Height: 49.9999999999998; Layer: A-GLAZ-CWMG
0B1crjb4D8q9w$WfMlF5oB,Rectangular Mullion:50 x 150mm:559671,. ProfileName: 50 x 150mm; XDim: 150; YDim: 50; IsExternal: 1; Reference: 50 x 150mm; Span: 2400; Category: Curtain Wall Mullions; Reference: 50 x 150mm; Project: 0001; Storey: Grond floor; Top Elevation: 2850; Bottom Elevation: 450; Global Top Elevation: 2850; Global Bottom Elevation: 450; Has Own Geometry: 1; Children Have Geometry: 0; Global X: -11405.1162454974; Global Y: -7086.65136203869; Global Z: 450; Bounding Box Length: 152.637208484079; Bounding Box Width: 58.5792213703371; Bounding Box Height: 2400; Layer: A-GLAZ-CWMG
0B1crjb4D8q9w$WfMlF5o4,Rectangular Mullion:50 x 150mm:559672,. ProfileName: 50 x 150mm; XDim: 150; YDim: 50; IsExternal: 1; Reference: 50 x 150mm; Span: 2400; Category: Curtain Wall Mullions; Reference: 50 x 150mm; Project: 0001; Storey: Grond floor; Top Elevation: 5250; Bottom Elevation: 2850; Global Top Elevation: 5250; Global Bottom Elevation: 2850; Has Own Geometry: 1; Children Have Geometry: 0; Global X: -11405.1162454974; Global Y: -7086.65136203869; Global Z: 2850; Bounding Box Length: 152.637208484079; Bounding Box Width: 58.5792213703371; Bounding Box Height: 2400; Layer: A-GLAZ-CWMG
0B1crjb4D8q9w$WfMlF5o5,Rectangular Mullion:50 x 150mm:559673,. ProfileName: 50 x 150mm; XDim: 150; YDim: 50; IsExternal: 1; Reference: 50 x 150mm; Span: 2400; Category: Curtain Wall Mullions; Reference: 50 x 150mm; Project: 0001; Storey: Grond floor; Top Elevation: 7650; Bottom Elevation: 5250; Global Top Elevation: 7650; Global Bottom Elevation: 5250; Has Own Geometry: 1; Children Have Geometry: 0; Global X: -11405.1162454974; Global Y: -7086.65136203869; Global Z: 5250; Bounding Box Length: 152.637208484079; Bounding Box Width: 58.5792213703371; Bounding Box Height: 2400; Layer: A-GLAZ-CWMG
0B1crjb4D8q9w$WfMlF5o6,Rectangular Mullion:50 x 150mm:559674,. ProfileName: 50 x 150mm; XDim: 150; YDim: 50; IsExternal: 1; Reference: 50 x 150mm; Span: 1300; Category: Curtain Wall Mullions; Reference: 50 x 150mm; Project: 0001; Storey: Grond floor; Top Elevation: 8950; Bottom Elevation: 7650; Global Top Elevation: 8950; Global Bottom Elevation: 7650; Has Own Geometry: 1; Children Have Geometry: 0; Global X: -11405.1162454974; Global Y: -7086.65136203869; Global Z: 7650; Bounding Box Length: 152.637208484079; Bounding Box Width: 58.5792213703371; Bounding Box Height: 1300; Layer: A-GLAZ-CWMG
0B1crjb4D8q9w$WfMlF5o0,Rectangular Mullion:50 x 150mm:559676,. ProfileName: 50 x 150mm; XDim: 150; YDim: 50; IsExternal: 1; Reference: 50 x 150mm; Span: 1300; Category: Curtain Wall Mullions; Reference: 50 x 150mm; Project: 0001; Storey: Grond floor; Top Elevation: 8950; Bottom Elevation: 7650; Global Top Elevation: 8950; Global Bottom Elevation: 7650; Has Own Geometry: 1; Children Have Geometry: 0; Global X: -11182.7743600881; Global Y: -3243.07697275042; Global Z: 7650; Bounding Box Length: 152.637208484077; Bounding Box Width: 58.5792213703371; Bounding Box Height: 1300; Layer: A-GLAZ-CWMG
0B1crjb4D8q9w$WfMlF5o1,Rectangular Mullion:50 x 150mm:559677,. ProfileName: 50 x 150mm; XDim: 150; YDim: 50; IsExternal: 1; Reference: 50 x 150mm; Span: 2400; Category: Curtain Wall Mullions; Reference: 50 x 150mm; Project: 0001; Storey: Grond floor; Top Elevation: 2850; Bottom Elevation: 450; Global Top Elevation: 2850; Global Bottom Elevation: 450; Has Own Geometry: 1; Children Have Geometry: 0; Global X: -11182.7743600881; Global Y: -3243.07697275042; Global Z: 450; Bounding Box Length: 152.637208484077; Bounding Box Width: 58.5792213703371; Bounding Box Height: 2400; Layer: A-GLAZ-CWMG
0B1crjb4D8q9w$WfMlF5o2,Rectangular Mullion:50 x 150mm:559678,. ProfileName: 50 x 150mm; XDim: 150; YDim: 50; IsExternal: 1; Reference: 50 x 150mm; Span: 2400; Category: Curtain Wall Mullions; Reference: 50 x 150mm; Project: 0001; Storey: Grond floor; Top Elevation: 5250; Bottom Elevation: 2850; Global Top Elevation: 5250; Global Bottom Elevation: 2850; Has Own Geometry: 1; Children Have Geometry: 0; Global X: -11182.7743600881; Global Y: -3243.07697275042; Global Z: 2850; Bounding Box Length: 152.637208484077; Bounding Box Width: 58.5792213703371; Bounding Box Height: 2400; Layer: A-GLAZ-CWMG
0B1crjb4D8q9w$WfMlF5o3,Rectangular Mullion:50 x 150mm:559679,. ProfileName: 50 x 150mm; XDim: 150; YDim: 50; IsExternal: 1; Reference: 50 x 150mm; Span: 2400; Category: Curtain Wall Mullions; Reference: 50 x 150mm; Project: 0001; Storey: Grond floor; Top Elevation: 7650; Bottom Elevation: 5250; Global Top Elevation: 7650; Global Bottom Elevation: 5250; Has Own Geometry: 1; Children Have Geometry: 0; Global X: -11182.7743600881; Global Y: -3243.07697275042; Global Z: 5250; Bounding Box Length: 152.637208484077; Bounding Box Width: 58.5792213703371; Bounding Box Height: 2400; Layer: A-GLAZ-CWMG
0B1crjb4D8q9w$WfMlF5pz,Rectangular Mullion:50 x 150mm:559681,. ProfileName: 50 x 150mm; XDim: 150; YDim: 50; IsExternal: 1; Reference: 50 x 150mm; Span: 1225.0000001016; Category: Curtain Wall Mullions; Reference: 50 x 150mm; Project: 0001; Storey: Grond floor; Top Elevation: 2875; Bottom Elevation: 2825; Global Top Elevation: 2875; Global Bottom Elevation: 2825; Has Own Geometry: 1; Children Have Geometry: 0; Global X: -11253.5195054573; Global Y: -4466.0324604541; Global Z: 2825; Bounding Box Length: 220.494796894061; Bounding Box Width: 1231.61815846235; Bounding Box Height: 50; Layer: A-GLAZ-CWMG
0B1crjb4D8q9w$WfMlF5p_,Rectangular Mullion:50 x 150mm:559682,. ProfileName: 50 x 150mm; XDim: 150; YDim: 50; IsExternal: 1; Reference: 50 x 150mm; Span: 1249.9999997968; Category: Curtain Wall Mullions; Reference: 50 x 150mm; Project: 0001; Storey: Grond floor; Top Elevation: 2875; Bottom Elevation: 2825; Global Top Elevation: 2875; Global Bottom Elevation: 2825; Has Own Geometry: 1; Children Have Geometry: 0; Global X: -11328.5959862155; Global Y: -5763.86277321312; Global Z: 2825; Bounding Box Length: 221.938575353146; Bounding Box Width: 1256.57643341317; Bounding Box Height: 50; Layer: A-GLAZ-CWMG
0B1crjb4D8q9w$WfMlF5p$,Rectangular Mullion:50 x 150mm:559683,. ProfileName: 50 x 150mm; XDim: 150; YDim: 50; IsExternal: 1; Reference: 50 x 150mm; Span: 1225.0000001016; Category: Curtain Wall Mullions; Reference: 50 x 150mm; Project: 0001; Storey: Grond floor; Top Elevation: 2875; Bottom Elevation: 2825; Global Top Elevation: 2875; Global Bottom Elevation: 2825; Has Own Geometry: 1; Children Have Geometry: 0; Global X: -11402.2286885498; Global Y: -7036.73481162989; Global Z: 2825; Bounding Box Length: 220.49479689406; Bounding Box Width: 1231.61815846235; Bounding Box Height: 50; Layer: A-GLAZ-CWMG
0B1crjb4D8q9w$WfMlF5px,Rectangular Mullion:50 x 150mm:559687,. ProfileName: 50 x 150mm; XDim: 150; YDim: 50; IsExternal: 1; Reference: 50 x 150mm; Span: 1225.0000001016; Category: Curtain Wall Mullions; Reference: 50 x 150mm; Project: 0001; Storey: Grond floor; Top Elevation: 5275; Bottom Elevation: 5225; Global Top Elevation: 5275; Global Bottom Elevation: 5225; Has Own Geometry: 1; Children Have Geometry: 0; Global X: -11253.5195054573; Global Y: -4466.0324604541; Global Z: 5225; Bounding Box Length: 220.494796894061; Bounding Box Width: 1231.61815846235; Bounding Box Height: 50.0000000000009; Layer: A-GLAZ-CWMG
0B1crjb4D8q9w$WfMlF5pq,Rectangular Mullion:50 x 150mm:559688,. ProfileName: 50 x 150mm; XDim: 150; YDim: 50; IsExternal: 1; Reference: 50 x 150mm; Span: 1249.9999997968; Category: Curtain Wall Mullions; Reference: 50 x 150mm; Project: 0001; Storey: Grond floor; Top Elevation: 5275; Bottom Elevation: 5225; Global Top Elevation: 5275; Global Bottom Elevation: 5225; Has Own Geometry: 1; Children Have Geometry: 0; Global X: -11328.5959862155; Global Y: -5763.86277321312; Global Z: 5225; Bounding Box Length: 221.938575353146; Bounding Box Width: 1256.57643341317; Bounding Box Height: 50.0000000000009; Layer: A-GLAZ-CWMG
0B1crjb4D8q9w$WfMlF5pr,Rectangular Mullion:50 x 150mm:559689,. ProfileName: 50 x 150mm; XDim: 150; YDim: 50; IsExternal: 1; Reference: 50 x 150mm; Span: 1225.0000001016; Category: Curtain Wall Mullions; Reference: 50 x 150mm; Project: 0001; Storey: Grond floor; Top Elevation: 5275; Bottom Elevation: 5225; Global Top Elevation: 5275; Global Bottom Elevation: 5225; Has Own Geometry: 1; Children Have Geometry: 0; Global X: -11402.2286885498; Global Y: -7036.73481162989; Global Z: 5225; Bounding Box Length: 220.49479689406; Bounding Box Width: 1231.61815846235; Bounding Box Height: 50.0000000000009; Layer: A-GLAZ-CWMG
0B1crjb4D8q9w$WfMlF5pn,Rectangular Mullion:50 x 150mm:559693,. ProfileName: 50 x 150mm; XDim: 150; YDim: 50; IsExternal: 1; Reference: 50 x 150mm; Span: 1225.0000001016; Category: Curtain Wall Mullions; Reference: 50 x 150mm; Project: 0001; Storey: Grond floor; Top Elevation: 7675; Bottom Elevation: 7625; Global Top Elevation: 7675; Global Bottom Elevation: 7625; Has Own Geometry: 1; Children Have Geometry: 0; Global X: -11253.5195054573; Global Y: -4466.0324604541; Global Z: 7625; Bounding Box Length: 220.494796894061; Bounding Box Width: 1231.61815846235; Bounding Box Height: 50.0000000000009; Layer: A-GLAZ-CWMG
0B1crjb4D8q9w$WfMlF5po,Rectangular Mullion:50 x 150mm:559694,. ProfileName: 50 x 150mm; XDim: 150; YDim: 50; IsExternal: 1; Reference: 50 x 150mm; Span: 1249.9999997968; Category: Curtain Wall Mullions; Reference: 50 x 150mm; Project: 0001; Storey: Grond floor; Top Elevation: 7675; Bottom Elevation: 7625; Global Top Elevation: 7675; Global Bottom Elevation: 7625; Has Own Geometry: 1; Children Have Geometry: 0; Global X: -11328.5959862155; Global Y: -5763.86277321312; Global Z: 7625; Bounding Box Length: 221.938575353146; Bounding Box Width: 1256.57643341317; Bounding Box Height: 50.0000000000009; Layer: A-GLAZ-CWMG
0B1crjb4D8q9w$WfMlF5pp,Rectangular Mullion:50 x 150mm:559695,. ProfileName: 50 x 150mm; XDim: 150; YDim: 50; IsExternal: 1; Reference: 50 x 150mm; Span: 1225.0000001016; Category: Curtain Wall Mullions; Reference: 50 x 150mm; Project: 0001; Storey: Grond floor; Top Elevation: 7675; Bottom Elevation: 7625; Global Top Elevation: 7675; Global Bottom Elevation: 7625; Has Own Geometry: 1; Children Have Geometry: 0; Global X: -11402.2286885498; Global Y: -7036.73481162989; Global Z: 7625; Bounding Box Length: 220.49479689406; Bounding Box Width: 1231.61815846235; Bounding Box Height: 50.0000000000009; Layer: A-GLAZ-CWMG
0B1crjb4D8q9w$WfMlF5pb,Rectangular Mullion:50 x 150mm:559705,. ProfileName: 50 x 150mm; XDim: 150; YDim: 50; IsExternal: 1; Reference: 50 x 150mm; Span: 2400; Category: Curtain Wall Mullions; Reference: 50 x 150mm; Project: 0001; Storey: Grond floor; Top Elevation: 2850; Bottom Elevation: 450; Global Top Elevation: 2850; Global Bottom Elevation: 450; Has Own Geometry: 1; Children Have Geometry: 0; Global X: -11256.4070624048; Global Y: -4515.94901086291; Global Z: 450; Bounding Box Length: 152.63720848408; Bounding Box Width: 58.5792213703371; Bounding Box Height: 2400; Layer: A-GLAZ-CWMG
0B1crjb4D8q9w$WfMlF5pc,Rectangular Mullion:50 x 150mm:559706,. ProfileName: 50 x 150mm; XDim: 150; YDim: 50; IsExternal: 1; Reference: 50 x 150mm; Span: 2400; Category: Curtain Wall Mullions; Reference: 50 x 150mm; Project: 0001; Storey: Grond floor; Top Elevation: 2850; Bottom Elevation: 450; Global Top Elevation: 2850; Global Bottom Elevation: 450; Has Own Geometry: 1; Children Have Geometry: 0; Global X: -11331.4835431806; Global Y: -5813.77932392622; Global Z: 450; Bounding Box Length: 152.637208484077; Bounding Box Width: 58.5792213703371; Bounding Box Height: 2400; Layer: A-GLAZ-CWMG
0B1crjb4D8q9w$WfMlF5pY,Rectangular Mullion:50 x 150mm:559710,. ProfileName: 50 x 150mm; XDim: 150; YDim: 50; IsExternal: 1; Reference: 50 x 150mm; Span: 2400; Category: Curtain Wall Mullions; Reference: 50 x 150mm; Project: 0001; Storey: Grond floor; Top Elevation: 5250; Bottom Elevation: 2850; Global Top Elevation: 5250; Global Bottom Elevation: 2850; Has Own Geometry: 1; Children Have Geometry: 0; Global X: -11256.4070624048; Global Y: -4515.94901086291; Global Z: 2850; Bounding Box Length: 152.63720848408; Bounding Box Width: 58.5792213703371; Bounding Box Height: 2400; Layer: A-GLAZ-CWMG
0B1crjb4D8q9w$WfMlF5pZ,Rectangular Mullion:50 x 150mm:559711,. ProfileName: 50 x 150mm; XDim: 150; YDim: 50; IsExternal: 1; Reference: 50 x 150mm; Span: 2400; Category: Curtain Wall Mullions; Reference: 50 x 150mm; Project: 0001; Storey: Grond floor; Top Elevation: 5250; Bottom Elevation: 2850; Global Top Elevation: 5250; Global Bottom Elevation: 2850; Has Own Geometry: 1; Children Have Geometry: 0; Global X: -11331.4835431806; Global Y: -5813.77932392622; Global Z: 2850; Bounding Box Length: 152.637208484077; Bounding Box Width: 58.5792213703371; Bounding Box Height: 2400; Layer: A-GLAZ-CWMG
0B1crjb4D8q9w$WfMlF5pV,Rectangular Mullion:50 x 150mm:559715,. ProfileName: 50 x 150mm; XDim: 150; YDim: 50; IsExternal: 1; Reference: 50 x 150mm; Span: 2400; Category: Curtain Wall Mullions; Reference: 50 x 150mm; Project: 0001; Storey: Grond floor; Top Elevation: 7650; Bottom Elevation: 5250; Global Top Elevation: 7650; Global Bottom Elevation: 5250; Has Own Geometry: 1; Children Have Geometry: 0; Global X: -11256.4070624048; Global Y: -4515.94901086291; Global Z: 5250; Bounding Box Length: 152.63720848408; Bounding Box Width: 58.5792213703371; Bounding Box Height: 2400; Layer: A-GLAZ-CWMG
0B1crjb4D8q9w$WfMlF5pO,Rectangular Mullion:50 x 150mm:559716,. ProfileName: 50 x 150mm; XDim: 150; YDim: 50; IsExternal: 1; Reference: 50 x 150mm; Span: 2400; Category: Curtain Wall Mullions; Reference: 50 x 150mm; Project: 0001; Storey: Grond floor; Top Elevation: 7650; Bottom Elevation: 5250; Global Top Elevation: 7650; Global Bottom Elevation: 5250; Has Own Geometry: 1; Children Have Geometry: 0; Global X: -11331.4835431806; Global Y: -5813.77932392622; Global Z: 5250; Bounding Box Length: 152.637208484077; Bounding Box Width: 58.5792213703371; Bounding Box Height: 2400; Layer: A-GLAZ-CWMG
0B1crjb4D8q9w$WfMlF5pK,Rectangular Mullion:50 x 150mm:559720,. ProfileName: 50 x 150mm; XDim: 150; YDim: 50; IsExternal: 1; Reference: 50 x 150mm; Span: 1300; Category: Curtain Wall Mullions; Reference: 50 x 150mm; Project: 0001; Storey: Grond floor; Top Elevation: 8950; Bottom Elevation: 7650; Global Top Elevation: 8950; Global Bottom Elevation: 7650; Has Own Geometry: 1; Children Have Geometry: 0; Global X: -11256.4070624048; Global Y: -4515.94901086291; Global Z: 7650; Bounding Box Length: 152.63720848408; Bounding Box Width: 58.5792213703371; Bounding Box Height: 1300; Layer: A-GLAZ-CWMG
0B1crjb4D8q9w$WfMlF5pL,Rectangular Mullion:50 x 150mm:559721,. ProfileName: 50 x 150mm; XDim: 150; YDim: 50; IsExternal: 1; Reference: 50 x 150mm; Span: 1300; Category: Curtain Wall Mullions; Reference: 50 x 150mm; Project: 0001; Storey: Grond floor; Top Elevation: 8950; Bottom Elevation: 7650; Global Top Elevation: 8950; Global Bottom Elevation: 7650; Has Own Geometry: 1; Children Have Geometry: 0; Global X: -11331.4835431806; Global Y: -5813.77932392622; Global Z: 7650; Bounding Box Length: 152.637208484077; Bounding Box Width: 58.5792213703371; Bounding Box Height: 1300; Layer: A-GLAZ-CWMG
0B1crjb4D8q9w$WfMlF5sH,Curtain Wall:Storefront:559917,. IsExternal: 1; Reference: Storefront; Category: Walls; Reference: Storefront; Project: 0001; Storey: Grond floor; Top Elevation: 8688; Bottom Elevation: 450; Global Top Elevation: 8688; Global Bottom Elevation: 450; Has Own Geometry: 0; Children Have Geometry: 1; Global X: -10424.9871571176; Global Y: -9562.92667876205; Global Z: 450; Bounding Box Length: 4655.36219985303; Bounding Box Width: 1360.24711014624; Bounding Box Height: 8238
0B1crjb4D8q9w$WfMlF5sI,System Panel:Glazed:559918,. ProfileName: Glazed; XDim: 25; YDim: 1118.60454039925; IsExternal: 1; Reference: Glazed; ThermalTransmittance: 6.7069; Category: Curtain Panels; Reference: Glazed; Project: 0001; Storey: Grond floor; Top Elevation: 2825; Bottom Elevation: 500; Global Top Elevation: 2825; Global Bottom Elevation: 500; Has Own Geometry: 1; Children Have Geometry: 0; Global X: -10351.309003794; Global Y: -8548.95021138118; Global Z: 500; Bounding Box Length: 1088.12899000314; Bounding Box Width: 308.884402296557; Bounding Box Height: 2325; Layer: A-GLAZ-CURT
0B1crjb4D8q9w$WfMlF5sD,System Panel:Glazed:559921,. ProfileName: Glazed; XDim: 25; YDim: 1143.60454009445; IsExternal: 1; Reference: Glazed; ThermalTransmittance: 6.7069; Category: Curtain Panels; Reference: Glazed; Project: 0001; Storey: Grond floor; Top Elevation: 2825; Bottom Elevation: 500; Global Top Elevation: 2825; Global Bottom Elevation: 500; Has Own Geometry: 1; Children Have Geometry: 0; Global X: -9221.18965498134; Global Y: -8852.74696156183; Global Z: 500; Bounding Box Length: 1112.30567458645; Bounding Box Width: 315.247413165558; Bounding Box Height: 2325; Layer: A-GLAZ-CURT
0B1crjb4D8q9w$WfMlF5sF,System Panel:Glazed:559923,. ProfileName: Glazed; XDim: 25; YDim: 1143.60454009445; IsExternal: 1; Reference: Glazed; ThermalTransmittance: 6.7069; Category: Curtain Panels; Reference: Glazed; Project: 0001; Storey: Grond floor; Top Elevation: 2825; Bottom Elevation: 500; Global Top Elevation: 2825; Global Bottom Elevation: 500; Has Own Geometry: 1; Children Have Geometry: 0; Global X: -8066.89362158535; Global Y: -9156.54371174249; Global Z: 500; Bounding Box Length: 1112.30567458645; Bounding Box Width: 315.247413165558; Bounding Box Height: 2325; Layer: A-GLAZ-CURT
0B1crjb4D8q9w$WfMlF5s9,System Panel:Glazed:559925,. ProfileName: Glazed; XDim: 25; YDim: 1118.60454039925; IsExternal: 1; Reference: Glazed; ThermalTransmittance: 6.7069; Category: Curtain Panels; Reference: Glazed; Project: 0001; Storey: Grond floor; Top Elevation: 2825; Bottom Elevation: 500; Global Top Elevation: 2825; Global Bottom Elevation: 500; Has Own Geometry: 1; Children Have Geometry: 0; Global X: -6912.59758818934; Global Y: -9453.97745105415; Global Z: 500; Bounding Box Length: 1088.12899000314; Bounding Box Width: 308.884402296555; Bounding Box Height: 2325; Layer: A-GLAZ-CURT
0B1crjb4D8q9w$WfMlF5sB,System Panel:Glazed:559927,. ProfileName: Glazed; XDim: 25; YDim: 1118.60454039925; IsExternal: 1; Reference: Glazed; ThermalTransmittance: 6.7069; Category: Curtain Panels; Reference: Glazed; Project: 0001; Storey: Grond floor; Top Elevation: 5225; Bottom Elevation: 2875; Global Top Elevation: 5225; Global Bottom Elevation: 2875; Has Own Geometry: 1; Children Have Geometry: 0; Global X: -10351.309003794; Global Y: -8548.95021138118; Global Z: 2875; Bounding Box Length: 1088.12899000314; Bounding Box Width: 308.884402296557; Bounding Box Height: 2350; Layer: A-GLAZ-CURT
0B1crjb4D8q9w$WfMlF5s4,System Panel:Glazed:559928,. ProfileName: Glazed; XDim: 25; YDim: 1143.60454009445; IsExternal: 1; Reference: Glazed; ThermalTransmittance: 6.7069; Category: Curtain Panels; Reference: Glazed; Project: 0001; Storey: Grond floor; Top Elevation: 5225; Bottom Elevation: 2875; Global Top Elevation: 5225; Global Bottom Elevation: 2875; Has Own Geometry: 1; Children Have Geometry: 0; Global X: -9221.18965498134; Global Y: -8852.74696156183; Global Z: 2875; Bounding Box Length: 1112.30567458645; Bounding Box Width: 315.247413165558; Bounding Box Height: 2350; Layer: A-GLAZ-CURT
0B1crjb4D8q9w$WfMlF5s5,System Panel:Glazed:559929,. ProfileName: Glazed; XDim: 25; YDim: 1143.60454009445; IsExternal: 1; Reference: Glazed; ThermalTransmittance: 6.7069; Category: Curtain Panels; Reference: Glazed; Project: 0001; Storey: Grond floor; Top Elevation: 5225; Bottom Elevation: 2875; Global Top Elevation: 5225; Global Bottom Elevation: 2875; Has Own Geometry: 1; Children Have Geometry: 0; Global X: -8066.89362158535; Global Y: -9156.54371174249; Global Z: 2875; Bounding Box Length: 1112.30567458645; Bounding Box Width: 315.247413165558; Bounding Box Height: 2350; Layer: A-GLAZ-CURT
0B1crjb4D8q9w$WfMlF5s6,System Panel:Glazed:559930,. ProfileName: Glazed; XDim: 25; YDim: 1118.60454039925; IsExternal: 1; Reference: Glazed; ThermalTransmittance: 6.7069; Category: Curtain Panels; Reference: Glazed; Project: 0001; Storey: Grond floor; Top Elevation: 5225; Bottom Elevation: 2875; Global Top Elevation: 5225; Global Bottom Elevation: 2875; Has Own Geometry: 1; Children Have Geometry: 0; Global X: -6912.59758818934; Global Y: -9453.97745105415; Global Z: 2875; Bounding Box Length: 1088.12899000314; Bounding Box Width: 308.884402296555; Bounding Box Height: 2350; Layer: A-GLAZ-CURT
0B1crjb4D8q9w$WfMlF5s0,System Panel:Glazed:559932,. ProfileName: Glazed; XDim: 25; YDim: 1118.60454039925; IsExternal: 1; Reference: Glazed; ThermalTransmittance: 6.7069; Category: Curtain Panels; Reference: Glazed; Project: 0001; Storey: Grond floor; Top Elevation: 7625; Bottom Elevation: 5275; Global Top Elevation: 7625; Global Bottom Elevation: 5275; Has Own Geometry: 1; Children Have Geometry: 0; Global X: -10351.309003794; Global Y: -8548.95021138118; Global Z: 5275; Bounding Box Length: 1088.12899000314; Bounding Box Width: 308.884402296557; Bounding Box Height: 2350; Layer: A-GLAZ-CURT
0B1crjb4D8q9w$WfMlF5s1,System Panel:Glazed:559933,. ProfileName: Glazed; XDim: 25; YDim: 1143.60454009445; IsExternal: 1; Reference: Glazed; ThermalTransmittance: 6.7069; Category: Curtain Panels; Reference: Glazed; Project: 0001; Storey: Grond floor; Top Elevation: 7625; Bottom Elevation: 5275; Global Top Elevation: 7625; Global Bottom Elevation: 5275; Has Own Geometry: 1; Children Have Geometry: 0; Global X: -9221.18965498134; Global Y: -8852.74696156183; Global Z: 5275; Bounding Box Length: 1112.30567458645; Bounding Box Width: 315.247413165558; Bounding Box Height: 2350; Layer: A-GLAZ-CURT
0B1crjb4D8q9w$WfMlF5s2,System Panel:Glazed:559934,. ProfileName: Glazed; XDim: 25; YDim: 1143.60454009445; IsExternal: 1; Reference: Glazed; ThermalTransmittance: 6.7069; Category: Curtain Panels; Reference: Glazed; Project: 0001; Storey: Grond floor; Top Elevation: 7625; Bottom Elevation: 5275; Global Top Elevation: 7625; Global Bottom Elevation: 5275; Has Own Geometry: 1; Children Have Geometry: 0; Global X: -8066.89362158535; Global Y: -9156.54371174249; Global Z: 5275; Bounding Box Length: 1112.30567458645; Bounding Box Width: 315.247413165558; Bounding Box Height: 2350; Layer: A-GLAZ-CURT
0B1crjb4D8q9w$WfMlF5s3,System Panel:Glazed:559935,. ProfileName: Glazed; XDim: 25; YDim: 1118.60454039925; IsExternal: 1; Reference: Glazed; ThermalTransmittance: 6.7069; Category: Curtain Panels; Reference: Glazed; Project: 0001; Storey: Grond floor; Top Elevation: 7625; Bottom Elevation: 5275; Global Top Elevation: 7625; Global Bottom Elevation: 5275; Has Own Geometry: 1; Children Have Geometry: 0; Global X: -6912.59758818934; Global Y: -9453.97745105415; Global Z: 5275; Bounding Box Length: 1088.12899000314; Bounding Box Width: 308.884402296555; Bounding Box Height: 2350; Layer: A-GLAZ-CURT
0B1crjb4D8q9w$WfMlF5tz,System Panel:Glazed:559937,. ProfileName: Glazed; XDim: 25; YDim: 1118.60454039925; IsExternal: 1; Reference: Glazed; ThermalTransmittance: 6.7069; Category: Curtain Panels; Reference: Glazed; Project: 0001; Storey: Grond floor; Top Elevation: 8638; Bottom Elevation: 7675; Global Top Elevation: 8638; Global Bottom Elevation: 7675; Has Own Geometry: 1; Children Have Geometry: 0; Global X: -10351.309003794; Global Y: -8548.95021138118; Global Z: 7675; Bounding Box Length: 1088.12899000314; Bounding Box Width: 308.884402296557; Bounding Box Height: 963.000000000002; Layer: A-GLAZ-CURT
0B1crjb4D8q9w$WfMlF5t_,System Panel:Glazed:559938,. ProfileName: Glazed; XDim: 25; YDim: 1143.60454009445; IsExternal: 1; Reference: Glazed; ThermalTransmittance: 6.7069; Category: Curtain Panels; Reference: Glazed; Project: 0001; Storey: Grond floor; Top Elevation: 8638; Bottom Elevation: 7675; Global Top Elevation: 8638; Global Bottom Elevation: 7675; Has Own Geometry: 1; Children Have Geometry: 0; Global X: -9221.18965498134; Global Y: -8852.74696156183; Global Z: 7675; Bounding Box Length: 1112.30567458645; Bounding Box Width: 315.247413165558; Bounding Box Height: 963.000000000002; Layer: A-GLAZ-CURT
0B1crjb4D8q9w$WfMlF5t$,System Panel:Glazed:559939,. ProfileName: Glazed; XDim: 25; YDim: 1143.60454009445; IsExternal: 1; Reference: Glazed; ThermalTransmittance: 6.7069; Category: Curtain Panels; Reference: Glazed; Project: 0001; Storey: Grond floor; Top Elevation: 8638; Bottom Elevation: 7675; Global Top Elevation: 8638; Global Bottom Elevation: 7675; Has Own Geometry: 1; Children Have Geometry: 0; Global X: -8066.89362158535; Global Y: -9156.54371174249; Global Z: 7675; Bounding Box Length: 1112.30567458645; Bounding Box Width: 315.247413165558; Bounding Box Height: 963.000000000002; Layer: A-GLAZ-CURT
0B1crjb4D8q9w$WfMlF5tu,System Panel:Glazed:559940,. ProfileName: Glazed; XDim: 25; YDim: 1118.60454039925; IsExternal: 1; Reference: Glazed; ThermalTransmittance: 6.7069; Category: Curtain Panels; Reference: Glazed; Project: 0001; Storey: Grond floor; Top Elevation: 8638; Bottom Elevation: 7675; Global Top Elevation: 8638; Global Bottom Elevation: 7675; Has Own Geometry: 1; Children Have Geometry: 0; Global X: -6912.59758818934; Global Y: -9453.97745105415; Global Z: 7675; Bounding Box Length: 1088.12899000314; Bounding Box Width: 308.884402296555; Bounding Box Height: 963.000000000002; Layer: A-GLAZ-CURT
0B1crjb4D8q9w$WfMlF5tm,Rectangular Mullion:50 x 150mm:559948,. ProfileName: 50 x 150mm; XDim: 150; YDim: 50; IsExternal: 1; Reference: 50 x 150mm; Span: 1118.60454039925; Category: Curtain Wall Mullions; Reference: 50 x 150mm; Project: 0001; Storey: Grond floor; Top Elevation: 8688; Bottom Elevation: 8638; Global Top Elevation: 8688; Global Bottom Elevation: 8638; Has Own Geometry: 1; Children Have Geometry: 0; Global X: -6937.92237175675; Global Y: -9550.20065686887; Global Z: 8638; Bounding Box Length: 1119.94404473607; Bounding Box Width: 429.767826686913; Bounding Box Height: 49.9999999999982; Layer: A-GLAZ-CWMG
0B1crjb4D8q9w$WfMlF5tn,Rectangular Mullion:50 x 150mm:559949,. ProfileName: 50 x 150mm; XDim: 150; YDim: 50; IsExternal: 1; Reference: 50 x 150mm; Span: 1118.60454039925; Category: Curtain Wall Mullions; Reference: 50 x 150mm; Project: 0001; Storey: Grond floor; Top Elevation: 8688; Bottom Elevation: 8638; Global Top Elevation: 8688; Global Bottom Elevation: 8638; Has Own Geometry: 1; Children Have Geometry: 0; Global X: -10376.6337873615; Global Y: -8645.17341719589; Global Z: 8638; Bounding Box Length: 1119.94404473607; Bounding Box Width: 429.767826686913; Bounding Box Height: 49.9999999999982; Layer: A-GLAZ-CWMG
0B1crjb4D8q9w$WfMlF5to,Rectangular Mullion:50 x 150mm:559950,. ProfileName: 50 x 150mm; XDim: 150; YDim: 50; IsExternal: 1; Reference: 50 x 150mm; Span: 1143.60454009445; Category: Curtain Wall Mullions; Reference: 50 x 150mm; Project: 0001; Storey: Grond floor; Top Elevation: 8688; Bottom Elevation: 8638; Global Top Elevation: 8688; Global Bottom Elevation: 8638; Has Own Geometry: 1; Children Have Geometry: 0; Global X: -9246.51443854876; Global Y: -8948.97016737655; Global Z: 8638; Bounding Box Length: 1144.12072931938; Bounding Box Width: 436.130837555922; Bounding Box Height: 49.9999999999982; Layer: A-GLAZ-CWMG
0B1crjb4D8q9w$WfMlF5tp,Rectangular Mullion:50 x 150mm:559951,. ProfileName: 50 x 150mm; XDim: 150; YDim: 50; IsExternal: 1; Reference: 50 x 150mm; Span: 1143.60454009445; Category: Curtain Wall Mullions; Reference: 50 x 150mm; Project: 0001; Storey: Grond floor; Top Elevation: 8688; Bottom Elevation: 8638; Global Top Elevation: 8688; Global Bottom Elevation: 8638; Has Own Geometry: 1; Children Have Geometry: 0; Global X: -8092.21840515276; Global Y: -9252.76691755722; Global Z: 8638; Bounding Box Length: 1144.12072931938; Bounding Box Width: 436.130837555922; Bounding Box Height: 49.9999999999982; Layer: A-GLAZ-CWMG
0B1crjb4D8q9w$WfMlF5ti,Rectangular Mullion:50 x 150mm:559952,. ProfileName: 50 x 150mm; XDim: 150; YDim: 50; IsExternal: 1; Reference: 50 x 150mm; Span: 1118.60454039925; Category: Curtain Wall Mullions; Reference: 50 x 150mm; Project: 0001; Storey: Grond floor; Top Elevation: 500; Bottom Elevation: 450; Global Top Elevation: 500; Global Bottom Elevation: 450; Has Own Geometry: 1; Children Have Geometry: 0; Global X: -10376.6337873615; Global Y: -8645.1734171959; Global Z: 450; Bounding Box Length: 1119.94404473607; Bounding Box Width: 429.767826686912; Bounding Box Height: 49.9999999999998; Layer: A-GLAZ-CWMG
0B1crjb4D8q9w$WfMlF5tj,Rectangular Mullion:50 x 150mm:559953,. ProfileName: 50 x 150mm; XDim: 150; YDim: 50; IsExternal: 1; Reference: 50 x 150mm; Span: 1143.60454009445; Category: Curtain Wall Mullions; Reference: 50 x 150mm; Project: 0001; Storey: Grond floor; Top Elevation: 500; Bottom Elevation: 450; Global Top Elevation: 500; Global Bottom Elevation: 450; Has Own Geometry: 1; Children Have Geometry: 0; Global X: -9246.51443854877; Global Y: -8948.97016737656; Global Z: 450; Bounding Box Length: 1144.12072931938; Bounding Box Width: 436.130837555922; Bounding Box Height: 49.9999999999998; Layer: A-GLAZ-CWMG
0B1crjb4D8q9w$WfMlF5tk,Rectangular Mullion:50 x 150mm:559954,. ProfileName: 50 x 150mm; XDim: 150; YDim: 50; IsExternal: 1; Reference: 50 x 150mm; Span: 1143.60454009445; Category: Curtain Wall Mullions; Reference: 50 x 150mm; Project: 0001; Storey: Grond floor; Top Elevation: 500; Bottom Elevation: 450; Global Top Elevation: 500; Global Bottom Elevation: 450; Has Own Geometry: 1; Children Have Geometry: 0; Global X: -8092.21840515276; Global Y: -9252.76691755723; Global Z: 450; Bounding Box Length: 1144.12072931938; Bounding Box Width: 436.130837555922; Bounding Box Height: 49.9999999999998; Layer: A-GLAZ-CWMG
0B1crjb4D8q9w$WfMlF5tl,Rectangular Mullion:50 x 150mm:559955,. ProfileName: 50 x 150mm; XDim: 150; YDim: 50; IsExternal: 1; Reference: 50 x 150mm; Span: 1118.60454039925; Category: Curtain Wall Mullions; Reference: 50 x 150mm; Project: 0001; Storey: Grond floor; Top Elevation: 500; Bottom Elevation: 450; Global Top Elevation: 500; Global Bottom Elevation: 450; Has Own Geometry: 1; Children Have Geometry: 0; Global X: -6937.92237175675; Global Y: -9550.20065686887; Global Z: 450; Bounding Box Length: 1119.94404473607; Bounding Box Width: 429.767826686913; Bounding Box Height: 49.9999999999998; Layer: A-GLAZ-CWMG
0B1crjb4D8q9w$WfMlF5te,Rectangular Mullion:50 x 150mm:559956,. ProfileName: 50 x 150mm; XDim: 150; YDim: 50; IsExternal: 1; Reference: 50 x 150mm; Span: 2400; Category: Curtain Wall Mullions; Reference: 50 x 150mm; Project: 0001; Storey: Grond floor; Top Elevation: 2850; Bottom Elevation: 450; Global Top Elevation: 2850; Global Bottom Elevation: 450; Has Own Geometry: 1; Children Have Geometry: 0; Global X: -5856.1563927002; Global Y: -9562.92667876205; Global Z: 450; Bounding Box Length: 86.5314354356651; Bounding Box Width: 157.786131161609; Bounding Box Height: 2400; Layer: A-GLAZ-CWMG
0B1crjb4D8q9w$WfMlF5tf,Rectangular Mullion:50 x 150mm:559957,. ProfileName: 50 x 150mm; XDim: 150; YDim: 50; IsExternal: 1; Reference: 50 x 150mm; Span: 2400; Category: Curtain Wall Mullions; Reference: 50 x 150mm; Project: 0001; Storey: Grond floor; Top Elevation: 5250; Bottom Elevation: 2850; Global Top Elevation: 5250; Global Bottom Elevation: 2850; Has Own Geometry: 1; Children Have Geometry: 0; Global X: -5856.1563927002; Global Y: -9562.92667876205; Global Z: 2850; Bounding Box Length: 86.5314354356651; Bounding Box Width: 157.786131161609; Bounding Box Height: 2400; Layer: A-GLAZ-CWMG
0B1crjb4D8q9w$WfMlF5tg,Rectangular Mullion:50 x 150mm:559958,. ProfileName: 50 x 150mm; XDim: 150; YDim: 50; IsExternal: 1; Reference: 50 x 150mm; Span: 2400; Category: Curtain Wall Mullions; Reference: 50 x 150mm; Project: 0001; Storey: Grond floor; Top Elevation: 7650; Bottom Elevation: 5250; Global Top Elevation: 7650; Global Bottom Elevation: 5250; Has Own Geometry: 1; Children Have Geometry: 0; Global X: -5856.1563927002; Global Y: -9562.92667876205; Global Z: 5250; Bounding Box Length: 86.5314354356651; Bounding Box Width: 157.786131161609; Bounding Box Height: 2400; Layer: A-GLAZ-CWMG
0B1crjb4D8q9w$WfMlF5th,Rectangular Mullion:50 x 150mm:559959,. ProfileName: 50 x 150mm; XDim: 150; YDim: 50; IsExternal: 1; Reference: 50 x 150mm; Span: 1038; Category: Curtain Wall Mullions; Reference: 50 x 150mm; Project: 0001; Storey: Grond floor; Top Elevation: 8688; Bottom Elevation: 7650; Global Top Elevation: 8688; Global Bottom Elevation: 7650; Has Own Geometry: 1; Children Have Geometry: 0; Global X: -5856.1563927002; Global Y: -9562.92667876205; Global Z: 7650; Bounding Box Length: 86.5314354356651; Bounding Box Width: 157.786131161609; Bounding Box Height: 1038; Layer: A-GLAZ-CWMG
0B1crjb4D8q9w$WfMlF5tb,Rectangular Mullion:50 x 150mm:559961,. ProfileName: 50 x 150mm; XDim: 150; YDim: 50; IsExternal: 1; Reference: 50 x 150mm; Span: 1038; Category: Curtain Wall Mullions; Reference: 50 x 150mm; Project: 0001; Storey: Grond floor; Top Elevation: 8688; Bottom Elevation: 7650; Global Top Elevation: 8688; Global Bottom Elevation: 7650; Has Own Geometry: 1; Children Have Geometry: 0; Global X: -10424.9871571176; Global Y: -8360.46569977741; Global Z: 7650; Bounding Box Length: 86.5314354356651; Bounding Box Width: 157.786131161609; Bounding Box Height: 1038; Layer: A-GLAZ-CWMG
0B1crjb4D8q9w$WfMlF5tc,Rectangular Mullion:50 x 150mm:559962,. ProfileName: 50 x 150mm; XDim: 150; YDim: 50; IsExternal: 1; Reference: 50 x 150mm; Span: 2400; Category: Curtain Wall Mullions; Reference: 50 x 150mm; Project: 0001; Storey: Grond floor; Top Elevation: 2850; Bottom Elevation: 450; Global Top Elevation: 2850; Global Bottom Elevation: 450; Has Own Geometry: 1; Children Have Geometry: 0; Global X: -10424.9871571176; Global Y: -8360.46569977741; Global Z: 450; Bounding Box Length: 86.5314354356651; Bounding Box Width: 157.786131161609; Bounding Box Height: 2400; Layer: A-GLAZ-CWMG
0B1crjb4D8q9w$WfMlF5td,Rectangular Mullion:50 x 150mm:559963,. ProfileName: 50 x 150mm; XDim: 150; YDim: 50; IsExternal: 1; Reference: 50 x 150mm; Span: 2400; Category: Curtain Wall Mullions; Reference: 50 x 150mm; Project: 0001; Storey: Grond floor; Top Elevation: 5250; Bottom Elevation: 2850; Global Top Elevation: 5250; Global Bottom Elevation: 2850; Has Own Geometry: 1; Children Have Geometry: 0; Global X: -10424.9871571176; Global Y: -8360.46569977741; Global Z: 2850; Bounding Box Length: 86.5314354356651; Bounding Box Width: 157.786131161609; Bounding Box Height: 2400; Layer: A-GLAZ-CWMG
0B1crjb4D8q9w$WfMlF5tW,Rectangular Mullion:50 x 150mm:559964,. ProfileName: 50 x 150mm; XDim: 150; YDim: 50; IsExternal: 1; Reference: 50 x 150mm; Span: 2400; Category: Curtain Wall Mullions; Reference: 50 x 150mm; Project: 0001; Storey: Grond floor; Top Elevation: 7650; Bottom Elevation: 5250; Global Top Elevation: 7650; Global Bottom Elevation: 5250; Has Own Geometry: 1; Children Have Geometry: 0; Global X: -10424.9871571176; Global Y: -8360.46569977741; Global Z: 5250; Bounding Box Length: 86.5314354356651; Bounding Box Width: 157.786131161609; Bounding Box Height: 2400; Layer: A-GLAZ-CWMG
0B1crjb4D8q9w$WfMlF5tY,Rectangular Mullion:50 x 150mm:559966,. ProfileName: 50 x 150mm; XDim: 150; YDim: 50; IsExternal: 1; Reference: 50 x 150mm; Span: 1118.60454039925; Category: Curtain Wall Mullions; Reference: 50 x 150mm; Project: 0001; Storey: Grond floor; Top Elevation: 2875; Bottom Elevation: 2825; Global Top Elevation: 2875; Global Bottom Elevation: 2825; Has Own Geometry: 1; Children Have Geometry: 0; Global X: -10376.6337873615; Global Y: -8645.17341719589; Global Z: 2825; Bounding Box Length: 1119.94404473607; Bounding Box Width: 429.767826686913; Bounding Box Height: 50; Layer: A-GLAZ-CWMG
0B1crjb4D8q9w$WfMlF5tZ,Rectangular Mullion:50 x 150mm:559967,. ProfileName: 50 x 150mm; XDim: 150; YDim: 50; IsExternal: 1; Reference: 50 x 150mm; Span: 1143.60454009445; Category: Curtain Wall Mullions; Reference: 50 x 150mm; Project: 0001; Storey: Grond floor; Top Elevation: 2875; Bottom Elevation: 2825; Global Top Elevation: 2875; Global Bottom Elevation: 2825; Has Own Geometry: 1; Children Have Geometry: 0; Global X: -9246.51443854876; Global Y: -8948.97016737655; Global Z: 2825; Bounding Box Length: 1144.12072931938; Bounding Box Width: 436.130837555922; Bounding Box Height: 50; Layer: A-GLAZ-CWMG
0B1crjb4D8q9w$WfMlF5tS,Rectangular Mullion:50 x 150mm:559968,. ProfileName: 50 x 150mm; XDim: 150; YDim: 50; IsExternal: 1; Reference: 50 x 150mm; Span: 1143.60454009445; Category: Curtain Wall Mullions; Reference: 50 x 150mm; Project: 0001; Storey: Grond floor; Top Elevation: 2875; Bottom Elevation: 2825; Global Top Elevation: 2875; Global Bottom Elevation: 2825; Has Own Geometry: 1; Children Have Geometry: 0; Global X: -8092.21840515276; Global Y: -9252.76691755722; Global Z: 2825; Bounding Box Length: 1144.12072931938; Bounding Box Width: 436.130837555922; Bounding Box Height: 50; Layer: A-GLAZ-CWMG
0B1crjb4D8q9w$WfMlF5tT,Rectangular Mullion:50 x 150mm:559969,. ProfileName: 50 x 150mm; XDim: 150; YDim: 50; IsExternal: 1; Reference: 50 x 150mm; Span: 1118.60454039925; Category: Curtain Wall Mullions; Reference: 50 x 150mm; Project: 0001; Storey: Grond floor; Top Elevation: 2875; Bottom Elevation: 2825; Global Top Elevation: 2875; Global Bottom Elevation: 2825; Has Own Geometry: 1; Children Have Geometry: 0; Global X: -6937.92237175675; Global Y: -9550.20065686887; Global Z: 2825; Bounding Box Length: 1119.94404473607; Bounding Box Width: 429.767826686913; Bounding Box Height: 50; Layer: A-GLAZ-CWMG
0B1crjb4D8q9w$WfMlF5tU,Rectangular Mullion:50 x 150mm:559970,. ProfileName: 50 x 150mm; XDim: 150; YDim: 50; IsExternal: 1; Reference: 50 x 150mm; Span: 1118.60454039925; Category: Curtain Wall Mullions; Reference: 50 x 150mm; Project: 0001; Storey: Grond floor; Top Elevation: 5275; Bottom Elevation: 5225; Global Top Elevation: 5275; Global Bottom Elevation: 5225; Has Own Geometry: 1; Children Have Geometry: 0; Global X: -10376.6337873615; Global Y: -8645.17341719589; Global Z: 5225; Bounding Box Length: 1119.94404473607; Bounding Box Width: 429.767826686913; Bounding Box Height: 50.0000000000009; Layer: A-GLAZ-CWMG
0B1crjb4D8q9w$WfMlF5tV,Rectangular Mullion:50 x 150mm:559971,. ProfileName: 50 x 150mm; XDim: 150; YDim: 50; IsExternal: 1; Reference: 50 x 150mm; Span: 1143.60454009445; Category: Curtain Wall Mullions; Reference: 50 x 150mm; Project: 0001; Storey: Grond floor; Top Elevation: 5275; Bottom Elevation: 5225; Global Top Elevation: 5275; Global Bottom Elevation: 5225; Has Own Geometry: 1; Children Have Geometry: 0; Global X: -9246.51443854876; Global Y: -8948.97016737655; Global Z: 5225; Bounding Box Length: 1144.12072931938; Bounding Box Width: 436.130837555922; Bounding Box Height: 50.0000000000009; Layer: A-GLAZ-CWMG
0B1crjb4D8q9w$WfMlF5tO,Rectangular Mullion:50 x 150mm:559972,. ProfileName: 50 x 150mm; XDim: 150; YDim: 50; IsExternal: 1; Reference: 50 x 150mm; Span: 1143.60454009445; Category: Curtain Wall Mullions; Reference: 50 x 150mm; Project: 0001; Storey: Grond floor; Top Elevation: 5275; Bottom Elevation: 5225; Global Top Elevation: 5275; Global Bottom Elevation: 5225; Has Own Geometry: 1; Children Have Geometry: 0; Global X: -8092.21840515276; Global Y: -9252.76691755722; Global Z: 5225; Bounding Box Length: 1144.12072931938; Bounding Box Width: 436.130837555922; Bounding Box Height: 50.0000000000009; Layer: A-GLAZ-CWMG
0B1crjb4D8q9w$WfMlF5tP,Rectangular Mullion:50 x 150mm:559973,. ProfileName: 50 x 150mm; XDim: 150; YDim: 50; IsExternal: 1; Reference: 50 x 150mm; Span: 1118.60454039925; Category: Curtain Wall Mullions; Reference: 50 x 150mm; Project: 0001; Storey: Grond floor; Top Elevation: 5275; Bottom Elevation: 5225; Global Top Elevation: 5275; Global Bottom Elevation: 5225; Has Own Geometry: 1; Children Have Geometry: 0; Global X: -6937.92237175675; Global Y: -9550.20065686887; Global Z: 5225; Bounding Box Length: 1119.94404473607; Bounding Box Width: 429.767826686913; Bounding Box Height: 50.0000000000009; Layer: A-GLAZ-CWMG
0B1crjb4D8q9w$WfMlF5tQ,Rectangular Mullion:50 x 150mm:559974,. ProfileName: 50 x 150mm; XDim: 150; YDim: 50; IsExternal: 1; Reference: 50 x 150mm; Span: 1118.60454039925; Category: Curtain Wall Mullions; Reference: 50 x 150mm; Project: 0001; Storey: Grond floor; Top Elevation: 7675; Bottom Elevation: 7625; Global Top Elevation: 7675; Global Bottom Elevation: 7625; Has Own Geometry: 1; Children Have Geometry: 0; Global X: -10376.6337873615; Global Y: -8645.17341719589; Global Z: 7625; Bounding Box Length: 1119.94404473607; Bounding Box Width: 429.767826686913; Bounding Box Height: 50.0000000000009; Layer: A-GLAZ-CWMG
0B1crjb4D8q9w$WfMlF5tR,Rectangular Mullion:50 x 150mm:559975,. ProfileName: 50 x 150mm; XDim: 150; YDim: 50; IsExternal: 1; Reference: 50 x 150mm; Span: 1143.60454009445; Category: Curtain Wall Mullions; Reference: 50 x 150mm; Project: 0001; Storey: Grond floor; Top Elevation: 7675; Bottom Elevation: 7625; Global Top Elevation: 7675; Global Bottom Elevation: 7625; Has Own Geometry: 1; Children Have Geometry: 0; Global X: -9246.51443854876; Global Y: -8948.97016737655; Global Z: 7625; Bounding Box Length: 1144.12072931938; Bounding Box Width: 436.130837555922; Bounding Box Height: 50.0000000000009; Layer: A-GLAZ-CWMG
0B1crjb4D8q9w$WfMlF5tK,Rectangular Mullion:50 x 150mm:559976,. ProfileName: 50 x 150mm; XDim: 150; YDim: 50; IsExternal: 1; Reference: 50 x 150mm; Span: 1143.60454009445; Category: Curtain Wall Mullions; Reference: 50 x 150mm; Project: 0001; Storey: Grond floor; Top Elevation: 7675; Bottom Elevation: 7625; Global Top Elevation: 7675; Global Bottom Elevation: 7625; Has Own Geometry: 1; Children Have Geometry: 0; Global X: -8092.21840515276; Global Y: -9252.76691755722; Global Z: 7625; Bounding Box Length: 1144.12072931938; Bounding Box Width: 436.130837555922; Bounding Box Height: 50.0000000000009; Layer: A-GLAZ-CWMG
0B1crjb4D8q9w$WfMlF5tL,Rectangular Mullion:50 x 150mm:559977,. ProfileName: 50 x 150mm; XDim: 150; YDim: 50; IsExternal: 1; Reference: 50 x 150mm; Span: 1118.60454039925; Category: Curtain Wall Mullions; Reference: 50 x 150mm; Project: 0001; Storey: Grond floor; Top Elevation: 7675; Bottom Elevation: 7625; Global Top Elevation: 7675; Global Bottom Elevation: 7625; Has Own Geometry: 1; Children Have Geometry: 0; Global X: -6937.92237175675; Global Y: -9550.20065686887; Global Z: 7625; Bounding Box Length: 1119.94404473607; Bounding Box Width: 429.767826686913; Bounding Box Height: 50.0000000000009; Layer: A-GLAZ-CWMG
0B1crjb4D8q9w$WfMlF5tI,Rectangular Mullion:50 x 150mm:559982,. ProfileName: 50 x 150mm; XDim: 150; YDim: 50; IsExternal: 1; Reference: 50 x 150mm; Span: 2400; Category: Curtain Wall Mullions; Reference: 50 x 150mm; Project: 0001; Storey: Grond floor; Top Elevation: 2850; Bottom Elevation: 450; Global Top Elevation: 2850; Global Bottom Elevation: 450; Has Own Geometry: 1; Children Have Geometry: 0; Global X: -9294.86780830491; Global Y: -8657.89943908906; Global Z: 450; Bounding Box Length: 86.5314354356633; Bounding Box Width: 157.786131161614; Bounding Box Height: 2400; Layer: A-GLAZ-CWMG
0B1crjb4D8q9w$WfMlF5tJ,Rectangular Mullion:50 x 150mm:559983,. ProfileName: 50 x 150mm; XDim: 150; YDim: 50; IsExternal: 1; Reference: 50 x 150mm; Span: 2400; Category: Curtain Wall Mullions; Reference: 50 x 150mm; Project: 0001; Storey: Grond floor; Top Elevation: 2850; Bottom Elevation: 450; Global Top Elevation: 2850; Global Bottom Elevation: 450; Has Own Geometry: 1; Children Have Geometry: 0; Global X: -8140.5717749089; Global Y: -8961.69618926974; Global Z: 450; Bounding Box Length: 86.5314354356633; Bounding Box Width: 157.786131161616; Bounding Box Height: 2400; Layer: A-GLAZ-CWMG
0B1crjb4D8q9w$WfMlF5tC,Rectangular Mullion:50 x 150mm:559984,. ProfileName: 50 x 150mm; XDim: 150; YDim: 50; IsExternal: 1; Reference: 50 x 150mm; Span: 2400; Category: Curtain Wall Mullions; Reference: 50 x 150mm; Project: 0001; Storey: Grond floor; Top Elevation: 2850; Bottom Elevation: 450; Global Top Elevation: 2850; Global Bottom Elevation: 450; Has Own Geometry: 1; Children Have Geometry: 0; Global X: -6986.27574151289; Global Y: -9265.4929394504; Global Z: 450; Bounding Box Length: 86.5314354356651; Bounding Box Width: 157.786131161614; Bounding Box Height: 2400; Layer: A-GLAZ-CWMG
0B1crjb4D8q9w$WfMlF5tD,Rectangular Mullion:50 x 150mm:559985,. ProfileName: 50 x 150mm; XDim: 150; YDim: 50; IsExternal: 1; Reference: 50 x 150mm; Span: 2400; Category: Curtain Wall Mullions; Reference: 50 x 150mm; Project: 0001; Storey: Grond floor; Top Elevation: 5250; Bottom Elevation: 2850; Global Top Elevation: 5250; Global Bottom Elevation: 2850; Has Own Geometry: 1; Children Have Geometry: 0; Global X: -9294.86780830491; Global Y: -8657.89943908906; Global Z: 2850; Bounding Box Length: 86.5314354356633; Bounding Box Width: 157.786131161614; Bounding Box Height: 2400; Layer: A-GLAZ-CWMG
0B1crjb4D8q9w$WfMlF5tE,Rectangular Mullion:50 x 150mm:559986,. ProfileName: 50 x 150mm; XDim: 150; YDim: 50; IsExternal: 1; Reference: 50 x 150mm; Span: 2400; Category: Curtain Wall Mullions; Reference: 50 x 150mm; Project: 0001; Storey: Grond floor; Top Elevation: 5250; Bottom Elevation: 2850; Global Top Elevation: 5250; Global Bottom Elevation: 2850; Has Own Geometry: 1; Children Have Geometry: 0; Global X: -8140.5717749089; Global Y: -8961.69618926974; Global Z: 2850; Bounding Box Length: 86.5314354356633; Bounding Box Width: 157.786131161616; Bounding Box Height: 2400; Layer: A-GLAZ-CWMG
0B1crjb4D8q9w$WfMlF5tF,Rectangular Mullion:50 x 150mm:559987,. ProfileName: 50 x 150mm; XDim: 150; YDim: 50; IsExternal: 1; Reference: 50 x 150mm; Span: 2400; Category: Curtain Wall Mullions; Reference: 50 x 150mm; Project: 0001; Storey: Grond floor; Top Elevation: 5250; Bottom Elevation: 2850; Global Top Elevation: 5250; Global Bottom Elevation: 2850; Has Own Geometry: 1; Children Have Geometry: 0; Global X: -6986.27574151289; Global Y: -9265.4929394504; Global Z: 2850; Bounding Box Length: 86.5314354356651; Bounding Box Width: 157.786131161614; Bounding Box Height: 2400; Layer: A-GLAZ-CWMG
0B1crjb4D8q9w$WfMlF5t8,Rectangular Mullion:50 x 150mm:559988,. ProfileName: 50 x 150mm; XDim: 150; YDim: 50; IsExternal: 1; Reference: 50 x 150mm; Span: 2400; Category: Curtain Wall Mullions; Reference: 50 x 150mm; Project: 0001; Storey: Grond floor; Top Elevation: 7650; Bottom Elevation: 5250; Global Top Elevation: 7650; Global Bottom Elevation: 5250; Has Own Geometry: 1; Children Have Geometry: 0; Global X: -9294.86780830491; Global Y: -8657.89943908906; Global Z: 5250; Bounding Box Length: 86.5314354356633; Bounding Box Width: 157.786131161614; Bounding Box Height: 2400; Layer: A-GLAZ-CWMG
0B1crjb4D8q9w$WfMlF5t9,Rectangular Mullion:50 x 150mm:559989,. ProfileName: 50 x 150mm; XDim: 150; YDim: 50; IsExternal: 1; Reference: 50 x 150mm; Span: 2400; Category: Curtain Wall Mullions; Reference: 50 x 150mm; Project: 0001; Storey: Grond floor; Top Elevation: 7650; Bottom Elevation: 5250; Global Top Elevation: 7650; Global Bottom Elevation: 5250; Has Own Geometry: 1; Children Have Geometry: 0; Global X: -8140.5717749089; Global Y: -8961.69618926974; Global Z: 5250; Bounding Box Length: 86.5314354356633; Bounding Box Width: 157.786131161616; Bounding Box Height: 2400; Layer: A-GLAZ-CWMG
0B1crjb4D8q9w$WfMlF5tA,Rectangular Mullion:50 x 150mm:559990,. ProfileName: 50 x 150mm; XDim: 150; YDim: 50; IsExternal: 1; Reference: 50 x 150mm; Span: 2400; Category: Curtain Wall Mullions; Reference: 50 x 150mm; Project: 0001; Storey: Grond floor; Top Elevation: 7650; Bottom Elevation: 5250; Global Top Elevation: 7650; Global Bottom Elevation: 5250; Has Own Geometry: 1; Children Have Geometry: 0; Global X: -6986.27574151289; Global Y: -9265.4929394504; Global Z: 5250; Bounding Box Length: 86.5314354356651; Bounding Box Width: 157.786131161614; Bounding Box Height: 2400; Layer: A-GLAZ-CWMG
0B1crjb4D8q9w$WfMlF5tB,Rectangular Mullion:50 x 150mm:559991,. ProfileName: 50 x 150mm; XDim: 150; YDim: 50; IsExternal: 1; Reference: 50 x 150mm; Span: 1038; Category: Curtain Wall Mullions; Reference: 50 x 150mm; Project: 0001; Storey: Grond floor; Top Elevation: 8688; Bottom Elevation: 7650; Global Top Elevation: 8688; Global Bottom Elevation: 7650; Has Own Geometry: 1; Children Have Geometry: 0; Global X: -9294.86780830491; Global Y: -8657.89943908906; Global Z: 7650; Bounding Box Length: 86.5314354356633; Bounding Box Width: 157.786131161614; Bounding Box Height: 1038; Layer: A-GLAZ-CWMG
0B1crjb4D8q9w$WfMlF5t4,Rectangular Mullion:50 x 150mm:559992,. ProfileName: 50 x 150mm; XDim: 150; YDim: 50; IsExternal: 1; Reference: 50 x 150mm; Span: 1038; Category: Curtain Wall Mullions; Reference: 50 x 150mm; Project: 0001; Storey: Grond floor; Top Elevation: 8688; Bottom Elevation: 7650; Global Top Elevation: 8688; Global Bottom Elevation: 7650; Has Own Geometry: 1; Children Have Geometry: 0; Global X: -8140.5717749089; Global Y: -8961.69618926974; Global Z: 7650; Bounding Box Length: 86.5314354356633; Bounding Box Width: 157.786131161616; Bounding Box Height: 1038; Layer: A-GLAZ-CWMG
0B1crjb4D8q9w$WfMlF5t5,Rectangular Mullion:50 x 150mm:559993,. ProfileName: 50 x 150mm; XDim: 150; YDim: 50; IsExternal: 1; Reference: 50 x 150mm; Span: 1038; Category: Curtain Wall Mullions; Reference: 50 x 150mm; Project: 0001; Storey: Grond floor; Top Elevation: 8688; Bottom Elevation: 7650; Global Top Elevation: 8688; Global Bottom Elevation: 7650; Has Own Geometry: 1; Children Have Geometry: 0; Global X: -6986.27574151289; Global Y: -9265.4929394504; Global Z: 7650; Bounding Box Length: 86.5314354356651; Bounding Box Width: 157.786131161614; Bounding Box Height: 1038; Layer: A-GLAZ-CWMG
3mbCds5Oz1HAYLWvM_NruF,Curtain Wall:Storefront:563632,. IsExternal: 1; Reference: Storefront; Category: Walls; Reference: Storefront; Project: 0001; Storey: Grond floor; Top Elevation: 8588; Bottom Elevation: 450; Global Top Elevation: 8588; Global Bottom Elevation: 450; Has Own Geometry: 0; Children Have Geometry: 1; Global X: -536.625574868495; Global Y: 116.37792957017; Global Z: 450; Bounding Box Length: 5159.96954944087; Bounding Box Width: 1560.22802808486; Bounding Box Height: 8138
3mbCds5Oz1HAYLWvM_NruE,System Panel:Glazed:563633,. ProfileName: Glazed; XDim: 25; YDim: 1253.02539063425; IsExternal: 1; Reference: Glazed; ThermalTransmittance: 6.7069; Category: Curtain Panels; Reference: Glazed; Project: 0001; Storey: Grond floor; Top Elevation: 2825; Bottom Elevation: 500; Global Top Elevation: 2825; Global Bottom Elevation: 500; Has Own Geometry: 1; Children Have Geometry: 0; Global X: 3353.9830441882; Global Y: 225.604408909504; Global Z: 500; Bounding Box Length: 1214.373483803; Bounding Box Width: 358.021872954325; Bounding Box Height: 2325; Layer: A-GLAZ-CURT
3mbCds5Oz1HAYLWvM_NruB,System Panel:Glazed:563636,. ProfileName: Glazed; XDim: 25; YDim: 1278.02539033662; IsExternal: 1; Reference: Glazed; ThermalTransmittance: 6.7069; Category: Curtain Panels; Reference: Glazed; Project: 0001; Storey: Grond floor; Top Elevation: 2825; Bottom Elevation: 500; Global Top Elevation: 2825; Global Bottom Elevation: 500; Has Own Geometry: 1; Children Have Geometry: 0; Global X: 2073.98424848024; Global Y: 572.855168367361; Global Z: 500; Bounding Box Length: 1238.46938569199; Bounding Box Width: 364.68426721423; Bounding Box Height: 2325; Layer: A-GLAZ-CURT
3mbCds5Oz1HAYLWvM_Nru9,System Panel:Glazed:563638,. ProfileName: Glazed; XDim: 25; YDim: 1278.02539033662; IsExternal: 1; Reference: Glazed; ThermalTransmittance: 6.7069; Category: Curtain Panels; Reference: Glazed; Project: 0001; Storey: Grond floor; Top Elevation: 2825; Bottom Elevation: 500; Global Top Elevation: 2825; Global Bottom Elevation: 500; Has Own Geometry: 1; Children Have Geometry: 0; Global X: 793.985452775741; Global Y: 926.768322084172; Global Z: 500; Bounding Box Length: 1238.46938569199; Bounding Box Width: 364.68426721423; Bounding Box Height: 2325; Layer: A-GLAZ-CURT
3mbCds5Oz1HAYLWvM_Nru7,System Panel:Glazed:563640,. ProfileName: Glazed; XDim: 25; YDim: 1253.02539063425; IsExternal: 1; Reference: Glazed; ThermalTransmittance: 6.7069; Category: Curtain Panels; Reference: Glazed; Project: 0001; Storey: Grond floor; Top Elevation: 2825; Bottom Elevation: 500; Global Top Elevation: 2825; Global Bottom Elevation: 500; Has Own Geometry: 1; Children Have Geometry: 0; Global X: -461.917441043216; Global Y: 1280.68147580193; Global Z: 500; Bounding Box Length: 1214.373483803; Bounding Box Width: 358.021872954325; Bounding Box Height: 2325; Layer: A-GLAZ-CURT
3mbCds5Oz1HAYLWvM_Nru5,System Panel:Glazed:563642,. ProfileName: Glazed; XDim: 25; YDim: 1253.02539063425; IsExternal: 1; Reference: Glazed; ThermalTransmittance: 6.7069; Category: Curtain Panels; Reference: Glazed; Project: 0001; Storey: Grond floor; Top Elevation: 5225; Bottom Elevation: 2875; Global Top Elevation: 5225; Global Bottom Elevation: 2875; Has Own Geometry: 1; Children Have Geometry: 0; Global X: 3353.9830441882; Global Y: 225.604408909504; Global Z: 2875; Bounding Box Length: 1214.373483803; Bounding Box Width: 358.021872954325; Bounding Box Height: 2350; Layer: A-GLAZ-CURT
3mbCds5Oz1HAYLWvM_Nru4,System Panel:Glazed:563643,. ProfileName: Glazed; XDim: 25; YDim: 1278.02539033662; IsExternal: 1; Reference: Glazed; ThermalTransmittance: 6.7069; Category: Curtain Panels; Reference: Glazed; Project: 0001; Storey: Grond floor; Top Elevation: 5225; Bottom Elevation: 2875; Global Top Elevation: 5225; Global Bottom Elevation: 2875; Has Own Geometry: 1; Children Have Geometry: 0; Global X: 2073.98424848024; Global Y: 572.855168367361; Global Z: 2875; Bounding Box Length: 1238.46938569199; Bounding Box Width: 364.68426721423; Bounding Box Height: 2350; Layer: A-GLAZ-CURT
3mbCds5Oz1HAYLWvM_Nru3,System Panel:Glazed:563644,. ProfileName: Glazed; XDim: 25; YDim: 1278.02539033662; IsExternal: 1; Reference: Glazed; ThermalTransmittance: 6.7069; Category: Curtain Panels; Reference: Glazed; Project: 0001; Storey: Grond floor; Top Elevation: 5225; Bottom Elevation: 2875; Global Top Elevation: 5225; Global Bottom Elevation: 2875; Has Own Geometry: 1; Children Have Geometry: 0; Global X: 793.985452775741; Global Y: 926.768322084172; Global Z: 2875; Bounding Box Length: 1238.46938569199; Bounding Box Width: 364.68426721423; Bounding Box Height: 2350; Layer: A-GLAZ-CURT
3mbCds5Oz1HAYLWvM_Nru2,System Panel:Glazed:563645,. ProfileName: Glazed; XDim: 25; YDim: 1253.02539063425; IsExternal: 1; Reference: Glazed; ThermalTransmittance: 6.7069; Category: Curtain Panels; Reference: Glazed; Project: 0001; Storey: Grond floor; Top Elevation: 5225; Bottom Elevation: 2875; Global Top Elevation: 5225; Global Bottom Elevation: 2875; Has Own Geometry: 1; Children Have Geometry: 0; Global X: -461.917441043216; Global Y: 1280.68147580193; Global Z: 2875; Bounding Box Length: 1214.373483803; Bounding Box Width: 358.021872954325; Bounding Box Height: 2350; Layer: A-GLAZ-CURT
3mbCds5Oz1HAYLWvM_Nru0,System Panel:Glazed:563647,. ProfileName: Glazed; XDim: 25; YDim: 1253.02539063425; IsExternal: 1; Reference: Glazed; ThermalTransmittance: 6.7069; Category: Curtain Panels; Reference: Glazed; Project: 0001; Storey: Grond floor; Top Elevation: 7625; Bottom Elevation: 5275; Global Top Elevation: 7625; Global Bottom Elevation: 5275; Has Own Geometry: 1; Children Have Geometry: 0; Global X: 3353.9830441882; Global Y: 225.604408909504; Global Z: 5275; Bounding Box Length: 1214.373483803; Bounding Box Width: 358.021872954325; Bounding Box Height: 2350; Layer: A-GLAZ-CURT
3mbCds5Oz1HAYLWvM_Nrv$,System Panel:Glazed:563648,. ProfileName: Glazed; XDim: 25; YDim: 1278.02539033662; IsExternal: 1; Reference: Glazed; ThermalTransmittance: 6.7069; Category: Curtain Panels; Reference: Glazed; Project: 0001; Storey: Grond floor; Top Elevation: 7625; Bottom Elevation: 5275; Global Top Elevation: 7625; Global Bottom Elevation: 5275; Has Own Geometry: 1; Children Have Geometry: 0; Global X: 2073.98424848024; Global Y: 572.855168367361; Global Z: 5275; Bounding Box Length: 1238.46938569199; Bounding Box Width: 364.68426721423; Bounding Box Height: 2350; Layer: A-GLAZ-CURT
3mbCds5Oz1HAYLWvM_Nrv_,System Panel:Glazed:563649,. ProfileName: Glazed; XDim: 25; YDim: 1278.02539033662; IsExternal: 1; Reference: Glazed; ThermalTransmittance: 6.7069; Category: Curtain Panels; Reference: Glazed; Project: 0001; Storey: Grond floor; Top Elevation: 7625; Bottom Elevation: 5275; Global Top Elevation: 7625; Global Bottom Elevation: 5275; Has Own Geometry: 1; Children Have Geometry: 0; Global X: 793.985452775741; Global Y: 926.768322084172; Global Z: 5275; Bounding Box Length: 1238.46938569199; Bounding Box Width: 364.68426721423; Bounding Box Height: 2350; Layer: A-GLAZ-CURT
3mbCds5Oz1HAYLWvM_Nrvz,System Panel:Glazed:563650,. ProfileName: Glazed; XDim: 25; YDim: 1253.02539063425; IsExternal: 1; Reference: Glazed; ThermalTransmittance: 6.7069; Category: Curtain Panels; Reference: Glazed; Project: 0001; Storey: Grond floor; Top Elevation: 7625; Bottom Elevation: 5275; Global Top Elevation: 7625; Global Bottom Elevation: 5275; Has Own Geometry: 1; Children Have Geometry: 0; Global X: -461.917441043216; Global Y: 1280.68147580193; Global Z: 5275; Bounding Box Length: 1214.373483803; Bounding Box Width: 358.021872954325; Bounding Box Height: 2350; Layer: A-GLAZ-CURT
3mbCds5Oz1HAYLWvM_Nrvx,System Panel:Glazed:563652,. ProfileName: Glazed; XDim: 25; YDim: 1253.02539063425; IsExternal: 1; Reference: Glazed; ThermalTransmittance: 6.7069; Category: Curtain Panels; Reference: Glazed; Project: 0001; Storey: Grond floor; Top Elevation: 8538; Bottom Elevation: 7675; Global Top Elevation: 8538; Global Bottom Elevation: 7675; Has Own Geometry: 1; Children Have Geometry: 0; Global X: 3353.9830441882; Global Y: 225.604408909504; Global Z: 7675; Bounding Box Length: 1214.373483803; Bounding Box Width: 358.021872954325; Bounding Box Height: 863.000000000004; Layer: A-GLAZ-CURT
3mbCds5Oz1HAYLWvM_Nrvw,System Panel:Glazed:563653,. ProfileName: Glazed; XDim: 25; YDim: 1278.02539033662; IsExternal: 1; Reference: Glazed; ThermalTransmittance: 6.7069; Category: Curtain Panels; Reference: Glazed; Project: 0001; Storey: Grond floor; Top Elevation: 8538; Bottom Elevation: 7675; Global Top Elevation: 8538; Global Bottom Elevation: 7675; Has Own Geometry: 1; Children Have Geometry: 0; Global X: 2073.98424848024; Global Y: 572.855168367361; Global Z: 7675; Bounding Box Length: 1238.46938569199; Bounding Box Width: 364.68426721423; Bounding Box Height: 863.000000000004; Layer: A-GLAZ-CURT
3mbCds5Oz1HAYLWvM_Nrvv,System Panel:Glazed:563654,. ProfileName: Glazed; XDim: 25; YDim: 1278.02539033662; IsExternal: 1; Reference: Glazed; ThermalTransmittance: 6.7069; Category: Curtain Panels; Reference: Glazed; Project: 0001; Storey: Grond floor; Top Elevation: 8538; Bottom Elevation: 7675; Global Top Elevation: 8538; Global Bottom Elevation: 7675; Has Own Geometry: 1; Children Have Geometry: 0; Global X: 793.985452775741; Global Y: 926.768322084172; Global Z: 7675; Bounding Box Length: 1238.46938569199; Bounding Box Width: 364.68426721423; Bounding Box Height: 863.000000000004; Layer: A-GLAZ-CURT
3mbCds5Oz1HAYLWvM_Nrvu,System Panel:Glazed:563655,. ProfileName: Glazed; XDim: 25; YDim: 1253.02539063425; IsExternal: 1; Reference: Glazed; ThermalTransmittance: 6.7069; Category: Curtain Panels; Reference: Glazed; Project: 0001; Storey: Grond floor; Top Elevation: 8538; Bottom Elevation: 7675; Global Top Elevation: 8538; Global Bottom Elevation: 7675; Has Own Geometry: 1; Children Have Geometry: 0; Global X: -461.917441043216; Global Y: 1280.68147580193; Global Z: 7675; Bounding Box Length: 1214.373483803; Bounding Box Width: 358.021872954325; Bounding Box Height: 863.000000000004; Layer: A-GLAZ-CURT
3mbCds5Oz1HAYLWvM_Nrvr,Rectangular Mullion:50 x 150mm:563658,. ProfileName: 50 x 150mm; XDim: 150; YDim: 50; IsExternal: 1; Reference: 50 x 150mm; Span: 1253.02539066077; Category: Curtain Wall Mullions; Reference: 50 x 150mm; Project: 0001; Storey: Grond floor; Top Elevation: 8588; Bottom Elevation: 8538; Global Top Elevation: 8588; Global Bottom Elevation: 8538; Has Own Geometry: 1; Children Have Geometry: 0; Global X: -488.433770535422; Global Y: 1184.77978514105; Global Z: 8538; Bounding Box Length: 1247.68545552466; Bounding Box Width: 478.501383840701; Bounding Box Height: 50; Layer: A-GLAZ-CWMG
3mbCds5Oz1HAYLWvM_Nrvq,Rectangular Mullion:50 x 150mm:563659,. ProfileName: 50 x 150mm; XDim: 150; YDim: 50; IsExternal: 1; Reference: 50 x 150mm; Span: 1253.02539066077; Category: Curtain Wall Mullions; Reference: 50 x 150mm; Project: 0001; Storey: Grond floor; Top Elevation: 8588; Bottom Elevation: 8538; Global Top Elevation: 8588; Global Bottom Elevation: 8538; Has Own Geometry: 1; Children Have Geometry: 0; Global X: 3327.46671471464; Global Y: 129.702718243465; Global Z: 8538; Bounding Box Length: 1247.68545552466; Bounding Box Width: 478.501383840701; Bounding Box Height: 50; Layer: A-GLAZ-CWMG
3mbCds5Oz1HAYLWvM_Nrvp,Rectangular Mullion:50 x 150mm:563660,. ProfileName: 50 x 150mm; XDim: 150; YDim: 50; IsExternal: 1; Reference: 50 x 150mm; Span: 1278.02539033662; Category: Curtain Wall Mullions; Reference: 50 x 150mm; Project: 0001; Storey: Grond floor; Top Elevation: 8588; Bottom Elevation: 8538; Global Top Elevation: 8588; Global Bottom Elevation: 8538; Has Own Geometry: 1; Children Have Geometry: 0; Global X: 2047.46791901014; Global Y: 476.953477707433; Global Z: 8538; Bounding Box Length: 1271.78135738809; Bounding Box Width: 485.163778093536; Bounding Box Height: 50; Layer: A-GLAZ-CWMG
3mbCds5Oz1HAYLWvM_Nrvo,Rectangular Mullion:50 x 150mm:563661,. ProfileName: 50 x 150mm; XDim: 150; YDim: 50; IsExternal: 1; Reference: 50 x 150mm; Span: 1278.02539033662; Category: Curtain Wall Mullions; Reference: 50 x 150mm; Project: 0001; Storey: Grond floor; Top Elevation: 8588; Bottom Elevation: 8538; Global Top Elevation: 8588; Global Bottom Elevation: 8538; Has Own Geometry: 1; Children Have Geometry: 0; Global X: 767.469123305642; Global Y: 830.866631424243; Global Z: 8538; Bounding Box Length: 1271.78135738809; Bounding Box Width: 485.163778093536; Bounding Box Height: 50; Layer: A-GLAZ-CWMG
3mbCds5Oz1HAYLWvM_Nrvn,Rectangular Mullion:50 x 150mm:563662,. ProfileName: 50 x 150mm; XDim: 150; YDim: 50; IsExternal: 1; Reference: 50 x 150mm; Span: 1253.02539063425; Category: Curtain Wall Mullions; Reference: 50 x 150mm; Project: 0001; Storey: Grond floor; Top Elevation: 500; Bottom Elevation: 450; Global Top Elevation: 500; Global Bottom Elevation: 450; Has Own Geometry: 1; Children Have Geometry: 0; Global X: 3327.46671472155; Global Y: 129.702718248616; Global Z: 450; Bounding Box Length: 1247.6854554991; Bounding Box Width: 478.501383833638; Bounding Box Height: 49.9999999999998; Layer: A-GLAZ-CWMG
3mbCds5Oz1HAYLWvM_Nrvm,Rectangular Mullion:50 x 150mm:563663,. ProfileName: 50 x 150mm; XDim: 150; YDim: 50; IsExternal: 1; Reference: 50 x 150mm; Span: 1278.02539033662; Category: Curtain Wall Mullions; Reference: 50 x 150mm; Project: 0001; Storey: Grond floor; Top Elevation: 500; Bottom Elevation: 450; Global Top Elevation: 500; Global Bottom Elevation: 450; Has Own Geometry: 1; Children Have Geometry: 0; Global X: 2047.46791901015; Global Y: 476.953477707426; Global Z: 450; Bounding Box Length: 1271.7813573881; Bounding Box Width: 485.163778093536; Bounding Box Height: 49.9999999999998; Layer: A-GLAZ-CWMG
3mbCds5Oz1HAYLWvM_Nrvl,Rectangular Mullion:50 x 150mm:563664,. ProfileName: 50 x 150mm; XDim: 150; YDim: 50; IsExternal: 1; Reference: 50 x 150mm; Span: 1278.02539033662; Category: Curtain Wall Mullions; Reference: 50 x 150mm; Project: 0001; Storey: Grond floor; Top Elevation: 500; Bottom Elevation: 450; Global Top Elevation: 500; Global Bottom Elevation: 450; Has Own Geometry: 1; Children Have Geometry: 0; Global X: 767.469123305648; Global Y: 830.866631424236; Global Z: 450; Bounding Box Length: 1271.78135738809; Bounding Box Width: 485.163778093536; Bounding Box Height: 49.9999999999998; Layer: A-GLAZ-CWMG
3mbCds5Oz1HAYLWvM_Nrvk,Rectangular Mullion:50 x 150mm:563665,. ProfileName: 50 x 150mm; XDim: 150; YDim: 50; IsExternal: 1; Reference: 50 x 150mm; Span: 1253.02539063425; Category: Curtain Wall Mullions; Reference: 50 x 150mm; Project: 0001; Storey: Grond floor; Top Elevation: 500; Bottom Elevation: 450; Global Top Elevation: 500; Global Bottom Elevation: 450; Has Own Geometry: 1; Children Have Geometry: 0; Global X: -488.433770509858; Global Y: 1184.77978514104; Global Z: 450; Bounding Box Length: 1247.6854554991; Bounding Box Width: 478.501383833638; Bounding Box Height: 49.9999999999998; Layer: A-GLAZ-CWMG
3mbCds5Oz1HAYLWvM_Nrvj,Rectangular Mullion:50 x 150mm:563666,. ProfileName: 50 x 150mm; XDim: 150; YDim: 50; IsExternal: 1; Reference: 50 x 150mm; Span: 2400; Category: Curtain Wall Mullions; Reference: 50 x 150mm; Project: 0001; Storey: Grond floor; Top Elevation: 2850; Bottom Elevation: 450; Global Top Elevation: 2850; Global Bottom Elevation: 450; Has Own Geometry: 1; Children Have Geometry: 0; Global X: -536.625574868495; Global Y: 1518.70575592141; Global Z: 450; Bounding Box Length: 88.1661703870487; Bounding Box Width: 157.900201733618; Bounding Box Height: 2400; Layer: A-GLAZ-CWMG
3mbCds5Oz1HAYLWvM_Nrvi,Rectangular Mullion:50 x 150mm:563667,. ProfileName: 50 x 150mm; XDim: 150; YDim: 50; IsExternal: 1; Reference: 50 x 150mm; Span: 2400; Category: Curtain Wall Mullions; Reference: 50 x 150mm; Project: 0001; Storey: Grond floor; Top Elevation: 5250; Bottom Elevation: 2850; Global Top Elevation: 5250; Global Bottom Elevation: 2850; Has Own Geometry: 1; Children Have Geometry: 0; Global X: -536.625574868495; Global Y: 1518.70575592141; Global Z: 2850; Bounding Box Length: 88.1661703870487; Bounding Box Width: 157.900201733618; Bounding Box Height: 2400; Layer: A-GLAZ-CWMG
3mbCds5Oz1HAYLWvM_Nrvh,Rectangular Mullion:50 x 150mm:563668,. ProfileName: 50 x 150mm; XDim: 150; YDim: 50; IsExternal: 1; Reference: 50 x 150mm; Span: 2400; Category: Curtain Wall Mullions; Reference: 50 x 150mm; Project: 0001; Storey: Grond floor; Top Elevation: 7650; Bottom Elevation: 5250; Global Top Elevation: 7650; Global Bottom Elevation: 5250; Has Own Geometry: 1; Children Have Geometry: 0; Global X: -536.625574868495; Global Y: 1518.70575592141; Global Z: 5250; Bounding Box Length: 88.1661703870487; Bounding Box Width: 157.900201733618; Bounding Box Height: 2400; Layer: A-GLAZ-CWMG
3mbCds5Oz1HAYLWvM_Nrvg,Rectangular Mullion:50 x 150mm:563669,. ProfileName: 50 x 150mm; XDim: 150; YDim: 50; IsExternal: 1; Reference: 50 x 150mm; Span: 938.000000000003; Category: Curtain Wall Mullions; Reference: 50 x 150mm; Project: 0001; Storey: Grond floor; Top Elevation: 8588; Bottom Elevation: 7650; Global Top Elevation: 8588; Global Bottom Elevation: 7650; Has Own Geometry: 1; Children Have Geometry: 0; Global X: -536.625574868495; Global Y: 1518.70575592141; Global Z: 7650; Bounding Box Length: 88.1661703870487; Bounding Box Width: 157.900201733618; Bounding Box Height: 938.000000000003; Layer: A-GLAZ-CWMG
3mbCds5Oz1HAYLWvM_Nrvf,Rectangular Mullion:50 x 150mm:563670,. ProfileName: 50 x 150mm; XDim: 150; YDim: 50; IsExternal: 1; Reference: 50 x 150mm; Span: 938.000000000003; Category: Curtain Wall Mullions; Reference: 50 x 150mm; Project: 0001; Storey: Grond floor; Top Elevation: 8588; Bottom Elevation: 7650; Global Top Elevation: 8588; Global Bottom Elevation: 7650; Has Own Geometry: 1; Children Have Geometry: 0; Global X: 4535.17780417841; Global Y: 116.377929572081; Global Z: 7650; Bounding Box Length: 88.1661703870477; Bounding Box Width: 157.900201733618; Bounding Box Height: 938.000000000004; Layer: A-GLAZ-CWMG
3mbCds5Oz1HAYLWvM_Nrve,Rectangular Mullion:50 x 150mm:563671,. ProfileName: 50 x 150mm; XDim: 150; YDim: 50; IsExternal: 1; Reference: 50 x 150mm; Span: 2400; Category: Curtain Wall Mullions; Reference: 50 x 150mm; Project: 0001; Storey: Grond floor; Top Elevation: 2850; Bottom Elevation: 450; Global Top Elevation: 2850; Global Bottom Elevation: 450; Has Own Geometry: 1; Children Have Geometry: 0; Global X: 4535.17780418532; Global Y: 116.37792957017; Global Z: 450; Bounding Box Length: 88.1661703870486; Bounding Box Width: 157.900201733618; Bounding Box Height: 2400; Layer: A-GLAZ-CWMG
3mbCds5Oz1HAYLWvM_Nrvd,Rectangular Mullion:50 x 150mm:563672,. ProfileName: 50 x 150mm; XDim: 150; YDim: 50; IsExternal: 1; Reference: 50 x 150mm; Span: 2400; Category: Curtain Wall Mullions; Reference: 50 x 150mm; Project: 0001; Storey: Grond floor; Top Elevation: 5250; Bottom Elevation: 2850; Global Top Elevation: 5250; Global Bottom Elevation: 2850; Has Own Geometry: 1; Children Have Geometry: 0; Global X: 4535.17780418532; Global Y: 116.37792957017; Global Z: 2850; Bounding Box Length: 88.1661703870486; Bounding Box Width: 157.900201733618; Bounding Box Height: 2400; Layer: A-GLAZ-CWMG
3mbCds5Oz1HAYLWvM_Nrvc,Rectangular Mullion:50 x 150mm:563673,. ProfileName: 50 x 150mm; XDim: 150; YDim: 50; IsExternal: 1; Reference: 50 x 150mm; Span: 2400; Category: Curtain Wall Mullions; Reference: 50 x 150mm; Project: 0001; Storey: Grond floor; Top Elevation: 7650; Bottom Elevation: 5250; Global Top Elevation: 7650; Global Bottom Elevation: 5250; Has Own Geometry: 1; Children Have Geometry: 0; Global X: 4535.17780418532; Global Y: 116.37792957017; Global Z: 5250; Bounding Box Length: 88.1661703870486; Bounding Box Width: 157.900201733618; Bounding Box Height: 2400; Layer: A-GLAZ-CWMG
3mbCds5Oz1HAYLWvM_Nrvb,Rectangular Mullion:50 x 150mm:563674,. ProfileName: 50 x 150mm; XDim: 150; YDim: 50; IsExternal: 1; Reference: 50 x 150mm; Span: 1253.02539063425; Category: Curtain Wall Mullions; Reference: 50 x 150mm; Project: 0001; Storey: Grond floor; Top Elevation: 2875; Bottom Elevation: 2825; Global Top Elevation: 2875; Global Bottom Elevation: 2825; Has Own Geometry: 1; Children Have Geometry: 0; Global X: 3327.46671471464; Global Y: 129.702718250527; Global Z: 2825; Bounding Box Length: 1247.6854554991; Bounding Box Width: 478.501383833638; Bounding Box Height: 50; Layer: A-GLAZ-CWMG
3mbCds5Oz1HAYLWvM_Nrva,Rectangular Mullion:50 x 150mm:563675,. ProfileName: 50 x 150mm; XDim: 150; YDim: 50; IsExternal: 1; Reference: 50 x 150mm; Span: 1278.02539033662; Category: Curtain Wall Mullions; Reference: 50 x 150mm; Project: 0001; Storey: Grond floor; Top Elevation: 2875; Bottom Elevation: 2825; Global Top Elevation: 2875; Global Bottom Elevation: 2825; Has Own Geometry: 1; Children Have Geometry: 0; Global X: 2047.46791901014; Global Y: 476.953477707433; Global Z: 2825; Bounding Box Length: 1271.78135738809; Bounding Box Width: 485.163778093536; Bounding Box Height: 50; Layer: A-GLAZ-CWMG
3mbCds5Oz1HAYLWvM_NrvZ,Rectangular Mullion:50 x 150mm:563676,. ProfileName: 50 x 150mm; XDim: 150; YDim: 50; IsExternal: 1; Reference: 50 x 150mm; Span: 1278.02539033662; Category: Curtain Wall Mullions; Reference: 50 x 150mm; Project: 0001; Storey: Grond floor; Top Elevation: 2875; Bottom Elevation: 2825; Global Top Elevation: 2875; Global Bottom Elevation: 2825; Has Own Geometry: 1; Children Have Geometry: 0; Global X: 767.469123305642; Global Y: 830.866631424243; Global Z: 2825; Bounding Box Length: 1271.78135738809; Bounding Box Width: 485.163778093536; Bounding Box Height: 50; Layer: A-GLAZ-CWMG
3mbCds5Oz1HAYLWvM_NrvY,Rectangular Mullion:50 x 150mm:563677,. ProfileName: 50 x 150mm; XDim: 150; YDim: 50; IsExternal: 1; Reference: 50 x 150mm; Span: 1253.02539063425; Category: Curtain Wall Mullions; Reference: 50 x 150mm; Project: 0001; Storey: Grond floor; Top Elevation: 2875; Bottom Elevation: 2825; Global Top Elevation: 2875; Global Bottom Elevation: 2825; Has Own Geometry: 1; Children Have Geometry: 0; Global X: -488.433770516771; Global Y: 1184.77978514295; Global Z: 2825; Bounding Box Length: 1247.6854554991; Bounding Box Width: 478.501383833638; Bounding Box Height: 50; Layer: A-GLAZ-CWMG
3mbCds5Oz1HAYLWvM_NrvX,Rectangular Mullion:50 x 150mm:563678,. ProfileName: 50 x 150mm; XDim: 150; YDim: 50; IsExternal: 1; Reference: 50 x 150mm; Span: 1253.02539063425; Category: Curtain Wall Mullions; Reference: 50 x 150mm; Project: 0001; Storey: Grond floor; Top Elevation: 5275; Bottom Elevation: 5225; Global Top Elevation: 5275; Global Bottom Elevation: 5225; Has Own Geometry: 1; Children Have Geometry: 0; Global X: 3327.46671471464; Global Y: 129.702718250527; Global Z: 5225; Bounding Box Length: 1247.6854554991; Bounding Box Width: 478.501383833638; Bounding Box Height: 50.0000000000009; Layer: A-GLAZ-CWMG
3mbCds5Oz1HAYLWvM_NrvW,Rectangular Mullion:50 x 150mm:563679,. ProfileName: 50 x 150mm; XDim: 150; YDim: 50; IsExternal: 1; Reference: 50 x 150mm; Span: 1278.02539033662; Category: Curtain Wall Mullions; Reference: 50 x 150mm; Project: 0001; Storey: Grond floor; Top Elevation: 5275; Bottom Elevation: 5225; Global Top Elevation: 5275; Global Bottom Elevation: 5225; Has Own Geometry: 1; Children Have Geometry: 0; Global X: 2047.46791901014; Global Y: 476.953477707433; Global Z: 5225; Bounding Box Length: 1271.78135738809; Bounding Box Width: 485.163778093536; Bounding Box Height: 50.0000000000009; Layer: A-GLAZ-CWMG
3mbCds5Oz1HAYLWvM_NrvV,Rectangular Mullion:50 x 150mm:563680,. ProfileName: 50 x 150mm; XDim: 150; YDim: 50; IsExternal: 1; Reference: 50 x 150mm; Span: 1278.02539033662; Category: Curtain Wall Mullions; Reference: 50 x 150mm; Project: 0001; Storey: Grond floor; Top Elevation: 5275; Bottom Elevation: 5225; Global Top Elevation: 5275; Global Bottom Elevation: 5225; Has Own Geometry: 1; Children Have Geometry: 0; Global X: 767.469123305642; Global Y: 830.866631424243; Global Z: 5225; Bounding Box Length: 1271.78135738809; Bounding Box Width: 485.163778093536; Bounding Box Height: 50.0000000000009; Layer: A-GLAZ-CWMG
3mbCds5Oz1HAYLWvM_NrvU,Rectangular Mullion:50 x 150mm:563681,. ProfileName: 50 x 150mm; XDim: 150; YDim: 50; IsExternal: 1; Reference: 50 x 150mm; Span: 1253.02539063425; Category: Curtain Wall Mullions; Reference: 50 x 150mm; Project: 0001; Storey: Grond floor; Top Elevation: 5275; Bottom Elevation: 5225; Global Top Elevation: 5275; Global Bottom Elevation: 5225; Has Own Geometry: 1; Children Have Geometry: 0; Global X: -488.433770516771; Global Y: 1184.77978514295; Global Z: 5225; Bounding Box Length: 1247.6854554991; Bounding Box Width: 478.501383833638; Bounding Box Height: 50.0000000000009; Layer: A-GLAZ-CWMG
3mbCds5Oz1HAYLWvM_NrvT,Rectangular Mullion:50 x 150mm:563682,. ProfileName: 50 x 150mm; XDim: 150; YDim: 50; IsExternal: 1; Reference: 50 x 150mm; Span: 1253.02539063425; Category: Curtain Wall Mullions; Reference: 50 x 150mm; Project: 0001; Storey: Grond floor; Top Elevation: 7675; Bottom Elevation: 7625; Global Top Elevation: 7675; Global Bottom Elevation: 7625; Has Own Geometry: 1; Children Have Geometry: 0; Global X: 3327.46671471464; Global Y: 129.702718250527; Global Z: 7625; Bounding Box Length: 1247.6854554991; Bounding Box Width: 478.501383833638; Bounding Box Height: 50.0000000000009; Layer: A-GLAZ-CWMG
3mbCds5Oz1HAYLWvM_NrvS,Rectangular Mullion:50 x 150mm:563683,. ProfileName: 50 x 150mm; XDim: 150; YDim: 50; IsExternal: 1; Reference: 50 x 150mm; Span: 1278.02539033662; Category: Curtain Wall Mullions; Reference: 50 x 150mm; Project: 0001; Storey: Grond floor; Top Elevation: 7675; Bottom Elevation: 7625; Global Top Elevation: 7675; Global Bottom Elevation: 7625; Has Own Geometry: 1; Children Have Geometry: 0; Global X: 2047.46791901014; Global Y: 476.953477707433; Global Z: 7625; Bounding Box Length: 1271.78135738809; Bounding Box Width: 485.163778093536; Bounding Box Height: 50.0000000000009; Layer: A-GLAZ-CWMG
3mbCds5Oz1HAYLWvM_NrvR,Rectangular Mullion:50 x 150mm:563684,. ProfileName: 50 x 150mm; XDim: 150; YDim: 50; IsExternal: 1; Reference: 50 x 150mm; Span: 1278.02539033662; Category: Curtain Wall Mullions; Reference: 50 x 150mm; Project: 0001; Storey: Grond floor; Top Elevation: 7675; Bottom Elevation: 7625; Global Top Elevation: 7675; Global Bottom Elevation: 7625; Has Own Geometry: 1; Children Have Geometry: 0; Global X: 767.469123305642; Global Y: 830.866631424243; Global Z: 7625; Bounding Box Length: 1271.78135738809; Bounding Box Width: 485.163778093536; Bounding Box Height: 50.0000000000009; Layer: A-GLAZ-CWMG
3mbCds5Oz1HAYLWvM_NrvQ,Rectangular Mullion:50 x 150mm:563685,. ProfileName: 50 x 150mm; XDim: 150; YDim: 50; IsExternal: 1; Reference: 50 x 150mm; Span: 1253.02539063425; Category: Curtain Wall Mullions; Reference: 50 x 150mm; Project: 0001; Storey: Grond floor; Top Elevation: 7675; Bottom Elevation: 7625; Global Top Elevation: 7675; Global Bottom Elevation: 7625; Has Own Geometry: 1; Children Have Geometry: 0; Global X: -488.433770516771; Global Y: 1184.77978514295; Global Z: 7625; Bounding Box Length: 1247.6854554991; Bounding Box Width: 478.501383833638; Bounding Box Height: 50.0000000000009; Layer: A-GLAZ-CWMG
3mbCds5Oz1HAYLWvM_NrvP,Rectangular Mullion:50 x 150mm:563686,. ProfileName: 50 x 150mm; XDim: 150; YDim: 50; IsExternal: 1; Reference: 50 x 150mm; Span: 2400; Category: Curtain Wall Mullions; Reference: 50 x 150mm; Project: 0001; Storey: Grond floor; Top Elevation: 2850; Bottom Elevation: 450; Global Top Elevation: 2850; Global Bottom Elevation: 450; Has Own Geometry: 1; Children Have Geometry: 0; Global X: 3279.27491036292; Global Y: 463.628689028994; Global Z: 450; Bounding Box Length: 88.1661703870477; Bounding Box Width: 157.900201733611; Bounding Box Height: 2400; Layer: A-GLAZ-CWMG
3mbCds5Oz1HAYLWvM_NrvO,Rectangular Mullion:50 x 150mm:563687,. ProfileName: 50 x 150mm; XDim: 150; YDim: 50; IsExternal: 1; Reference: 50 x 150mm; Span: 2400; Category: Curtain Wall Mullions; Reference: 50 x 150mm; Project: 0001; Storey: Grond floor; Top Elevation: 2850; Bottom Elevation: 450; Global Top Elevation: 2850; Global Bottom Elevation: 450; Has Own Geometry: 1; Children Have Geometry: 0; Global X: 1999.27611465842; Global Y: 817.541842745797; Global Z: 450; Bounding Box Length: 88.1661703870477; Bounding Box Width: 157.900201733611; Bounding Box Height: 2400; Layer: A-GLAZ-CWMG
3mbCds5Oz1HAYLWvM_NrvN,Rectangular Mullion:50 x 150mm:563688,. ProfileName: 50 x 150mm; XDim: 150; YDim: 50; IsExternal: 1; Reference: 50 x 150mm; Span: 2400; Category: Curtain Wall Mullions; Reference: 50 x 150mm; Project: 0001; Storey: Grond floor; Top Elevation: 2850; Bottom Elevation: 450; Global Top Elevation: 2850; Global Bottom Elevation: 450; Has Own Geometry: 1; Children Have Geometry: 0; Global X: 719.277318953917; Global Y: 1171.45499646261; Global Z: 450; Bounding Box Length: 88.1661703870495; Bounding Box Width: 157.900201733611; Bounding Box Height: 2400; Layer: A-GLAZ-CWMG
3mbCds5Oz1HAYLWvM_NrvM,Rectangular Mullion:50 x 150mm:563689,. ProfileName: 50 x 150mm; XDim: 150; YDim: 50; IsExternal: 1; Reference: 50 x 150mm; Span: 2400; Category: Curtain Wall Mullions; Reference: 50 x 150mm; Project: 0001; Storey: Grond floor; Top Elevation: 5250; Bottom Elevation: 2850; Global Top Elevation: 5250; Global Bottom Elevation: 2850; Has Own Geometry: 1; Children Have Geometry: 0; Global X: 3279.27491036292; Global Y: 463.628689028994; Global Z: 2850; Bounding Box Length: 88.1661703870477; Bounding Box Width: 157.900201733611; Bounding Box Height: 2400; Layer: A-GLAZ-CWMG
3mbCds5Oz1HAYLWvM_NrvL,Rectangular Mullion:50 x 150mm:563690,. ProfileName: 50 x 150mm; XDim: 150; YDim: 50; IsExternal: 1; Reference: 50 x 150mm; Span: 2400; Category: Curtain Wall Mullions; Reference: 50 x 150mm; Project: 0001; Storey: Grond floor; Top Elevation: 5250; Bottom Elevation: 2850; Global Top Elevation: 5250; Global Bottom Elevation: 2850; Has Own Geometry: 1; Children Have Geometry: 0; Global X: 1999.27611465842; Global Y: 817.541842745797; Global Z: 2850; Bounding Box Length: 88.1661703870477; Bounding Box Width: 157.900201733611; Bounding Box Height: 2400; Layer: A-GLAZ-CWMG
3mbCds5Oz1HAYLWvM_NrvK,Rectangular Mullion:50 x 150mm:563691,. ProfileName: 50 x 150mm; XDim: 150; YDim: 50; IsExternal: 1; Reference: 50 x 150mm; Span: 2400; Category: Curtain Wall Mullions; Reference: 50 x 150mm; Project: 0001; Storey: Grond floor; Top Elevation: 5250; Bottom Elevation: 2850; Global Top Elevation: 5250; Global Bottom Elevation: 2850; Has Own Geometry: 1; Children Have Geometry: 0; Global X: 719.277318953917; Global Y: 1171.45499646261; Global Z: 2850; Bounding Box Length: 88.1661703870495; Bounding Box Width: 157.900201733611; Bounding Box Height: 2400; Layer: A-GLAZ-CWMG
3mbCds5Oz1HAYLWvM_NrvJ,Rectangular Mullion:50 x 150mm:563692,. ProfileName: 50 x 150mm; XDim: 150; YDim: 50; IsExternal: 1; Reference: 50 x 150mm; Span: 2400; Category: Curtain Wall Mullions; Reference: 50 x 150mm; Project: 0001; Storey: Grond floor; Top Elevation: 7650; Bottom Elevation: 5250; Global Top Elevation: 7650; Global Bottom Elevation: 5250; Has Own Geometry: 1; Children Have Geometry: 0; Global X: 3279.27491036292; Global Y: 463.628689028994; Global Z: 5250; Bounding Box Length: 88.1661703870477; Bounding Box Width: 157.900201733611; Bounding Box Height: 2400; Layer: A-GLAZ-CWMG
3mbCds5Oz1HAYLWvM_NrvI,Rectangular Mullion:50 x 150mm:563693,. ProfileName: 50 x 150mm; XDim: 150; YDim: 50; IsExternal: 1; Reference: 50 x 150mm; Span: 2400; Category: Curtain Wall Mullions; Reference: 50 x 150mm; Project: 0001; Storey: Grond floor; Top Elevation: 7650; Bottom Elevation: 5250; Global Top Elevation: 7650; Global Bottom Elevation: 5250; Has Own Geometry: 1; Children Have Geometry: 0; Global X: 1999.27611465842; Global Y: 817.541842745797; Global Z: 5250; Bounding Box Length: 88.1661703870477; Bounding Box Width: 157.900201733611; Bounding Box Height: 2400; Layer: A-GLAZ-CWMG
3mbCds5Oz1HAYLWvM_NrvH,Rectangular Mullion:50 x 150mm:563694,. ProfileName: 50 x 150mm; XDim: 150; YDim: 50; IsExternal: 1; Reference: 50 x 150mm; Span: 2400; Category: Curtain Wall Mullions; Reference: 50 x 150mm; Project: 0001; Storey: Grond floor; Top Elevation: 7650; Bottom Elevation: 5250; Global Top Elevation: 7650; Global Bottom Elevation: 5250; Has Own Geometry: 1; Children Have Geometry: 0; Global X: 719.277318953917; Global Y: 1171.45499646261; Global Z: 5250; Bounding Box Length: 88.1661703870495; Bounding Box Width: 157.900201733611; Bounding Box Height: 2400; Layer: A-GLAZ-CWMG
3mbCds5Oz1HAYLWvM_NrvG,Rectangular Mullion:50 x 150mm:563695,. ProfileName: 50 x 150mm; XDim: 150; YDim: 50; IsExternal: 1; Reference: 50 x 150mm; Span: 938.000000000003; Category: Curtain Wall Mullions; Reference: 50 x 150mm; Project: 0001; Storey: Grond floor; Top Elevation: 8588; Bottom Elevation: 7650; Global Top Elevation: 8588; Global Bottom Elevation: 7650; Has Own Geometry: 1; Children Have Geometry: 0; Global X: 3279.27491036292; Global Y: 463.628689028994; Global Z: 7650; Bounding Box Length: 88.1661703870477; Bounding Box Width: 157.900201733611; Bounding Box Height: 938.000000000003; Layer: A-GLAZ-CWMG
3mbCds5Oz1HAYLWvM_NrvF,Rectangular Mullion:50 x 150mm:563696,. ProfileName: 50 x 150mm; XDim: 150; YDim: 50; IsExternal: 1; Reference: 50 x 150mm; Span: 938.000000000003; Category: Curtain Wall Mullions; Reference: 50 x 150mm; Project: 0001; Storey: Grond floor; Top Elevation: 8588; Bottom Elevation: 7650; Global Top Elevation: 8588; Global Bottom Elevation: 7650; Has Own Geometry: 1; Children Have Geometry: 0; Global X: 1999.27611465842; Global Y: 817.541842745797; Global Z: 7650; Bounding Box Length: 88.1661703870477; Bounding Box Width: 157.900201733611; Bounding Box Height: 938.000000000003; Layer: A-GLAZ-CWMG
3mbCds5Oz1HAYLWvM_NrvE,Rectangular Mullion:50 x 150mm:563697,. ProfileName: 50 x 150mm; XDim: 150; YDim: 50; IsExternal: 1; Reference: 50 x 150mm; Span: 938.000000000003; Category: Curtain Wall Mullions; Reference: 50 x 150mm; Project: 0001; Storey: Grond floor; Top Elevation: 8588; Bottom Elevation: 7650; Global Top Elevation: 8588; Global Bottom Elevation: 7650; Has Own Geometry: 1; Children Have Geometry: 0; Global X: 719.277318953917; Global Y: 1171.45499646261; Global Z: 7650; Bounding Box Length: 88.1661703870495; Bounding Box Width: 157.900201733611; Bounding Box Height: 938.000000000003; Layer: A-GLAZ-CWMG
2BV8ty4rH4pOWhxXNZufnd,Curtain Wall:Storefront:576062,. IsExternal: 1; Reference: Storefront; Category: Walls; Reference: Storefront; Project: 0001; Storey: Grond floor; Top Elevation: 11888.0000000003; Bottom Elevation: 450; Global Top Elevation: 11888.0000000003; Global Bottom Elevation: 450; Has Own Geometry: 0; Children Have Geometry: 1; Global X: -8401.78574294445; Global Y: 4262.22117273657; Global Z: 450; Bounding Box Length: 1988.99939336816; Bounding Box Width: 1988.99939336815; Bounding Box Height: 11438.0000000003
2BV8ty4rH4pOWhxXNZufnc,System Panel:Glazed:576063,. ProfileName: Glazed; XDim: 25; YDim: 1256.43495882655; IsExternal: 1; Reference: Glazed; ThermalTransmittance: 6.7069; Category: Curtain Panels; Reference: Glazed; Project: 0001; Storey: Grond floor; Top Elevation: 2825; Bottom Elevation: 500; Global Top Elevation: 2825; Global Bottom Elevation: 500; Has Own Geometry: 1; Children Have Geometry: 0; Global X: -7372.28426059164; Global Y: 5239.39675328157; Global Z: 500; Bounding Box Length: 906.111349035757; Bounding Box Width: 906.111349035754; Bounding Box Height: 2325; Layer: A-GLAZ-CURT
2BV8ty4rH4pOWhxXNZufmQ,System Panel:Glazed:576067,. ProfileName: Glazed; XDim: 25; YDim: 1256.43495882655; IsExternal: 1; Reference: Glazed; ThermalTransmittance: 6.7069; Category: Curtain Panels; Reference: Glazed; Project: 0001; Storey: Grond floor; Top Elevation: 2825; Bottom Elevation: 500; Global Top Elevation: 2825; Global Bottom Elevation: 500; Has Own Geometry: 1; Children Have Geometry: 0; Global X: -8296.07327915706; Global Y: 4315.60773471615; Global Z: 500; Bounding Box Length: 906.111349035757; Bounding Box Width: 906.111349035754; Bounding Box Height: 2325; Layer: A-GLAZ-CURT
2BV8ty4rH4pOWhxXNZufmS,System Panel:Glazed:576069,. ProfileName: Glazed; XDim: 25; YDim: 1256.43495882655; IsExternal: 1; Reference: Glazed; ThermalTransmittance: 6.7069; Category: Curtain Panels; Reference: Glazed; Project: 0001; Storey: Grond floor; Top Elevation: 5225; Bottom Elevation: 2875; Global Top Elevation: 5225; Global Bottom Elevation: 2875; Has Own Geometry: 1; Children Have Geometry: 0; Global X: -7372.28426059164; Global Y: 5239.39675328157; Global Z: 2875; Bounding Box Length: 906.111349035757; Bounding Box Width: 906.111349035754; Bounding Box Height: 2350; Layer: A-GLAZ-CURT
2BV8ty4rH4pOWhxXNZufmV,System Panel:Glazed:576070,. ProfileName: Glazed; XDim: 25; YDim: 1256.43495882655; IsExternal: 1; Reference: Glazed; ThermalTransmittance: 6.7069; Category: Curtain Panels; Reference: Glazed; Project: 0001; Storey: Grond floor; Top Elevation: 5225; Bottom Elevation: 2875; Global Top Elevation: 5225; Global Bottom Elevation: 2875; Has Own Geometry: 1; Children Have Geometry: 0; Global X: -8296.07327915706; Global Y: 4315.60773471615; Global Z: 2875; Bounding Box Length: 906.111349035757; Bounding Box Width: 906.111349035754; Bounding Box Height: 2350; Layer: A-GLAZ-CURT
2BV8ty4rH4pOWhxXNZufmH,System Panel:Glazed:576072,. ProfileName: Glazed; XDim: 25; YDim: 1256.43495882655; IsExternal: 1; Reference: Glazed; ThermalTransmittance: 6.7069; Category: Curtain Panels; Reference: Glazed; Project: 0001; Storey: Grond floor; Top Elevation: 7625; Bottom Elevation: 5275; Global Top Elevation: 7625; Global Bottom Elevation: 5275; Has Own Geometry: 1; Children Have Geometry: 0; Global X: -7372.28426059164; Global Y: 5239.39675328157; Global Z: 5275; Bounding Box Length: 906.111349035757; Bounding Box Width: 906.111349035754; Bounding Box Height: 2350; Layer: A-GLAZ-CURT
2BV8ty4rH4pOWhxXNZufmG,System Panel:Glazed:576073,. ProfileName: Glazed; XDim: 25; YDim: 1256.43495882655; IsExternal: 1; Reference: Glazed; ThermalTransmittance: 6.7069; Category: Curtain Panels; Reference: Glazed; Project: 0001; Storey: Grond floor; Top Elevation: 7625; Bottom Elevation: 5275; Global Top Elevation: 7625; Global Bottom Elevation: 5275; Has Own Geometry: 1; Children Have Geometry: 0; Global X: -8296.07327915706; Global Y: 4315.60773471615; Global Z: 5275; Bounding Box Length: 906.111349035757; Bounding Box Width: 906.111349035754; Bounding Box Height: 2350; Layer: A-GLAZ-CURT
2BV8ty4rH4pOWhxXNZufmI,System Panel:Glazed:576075,. ProfileName: Glazed; XDim: 25; YDim: 1256.43495882655; IsExternal: 1; Reference: Glazed; ThermalTransmittance: 6.7069; Category: Curtain Panels; Reference: Glazed; Project: 0001; Storey: Grond floor; Top Elevation: 10025; Bottom Elevation: 7675; Global Top Elevation: 10025; Global Bottom Elevation: 7675; Has Own Geometry: 1; Children Have Geometry: 0; Global X: -7372.28426059164; Global Y: 5239.39675328157; Global Z: 7675; Bounding Box Length: 906.111349035757; Bounding Box Width: 906.111349035754; Bounding Box Height: 2350; Layer: A-GLAZ-CURT
2BV8ty4rH4pOWhxXNZufmL,System Panel:Glazed:576076,. ProfileName: Glazed; XDim: 25; YDim: 1256.43495882655; IsExternal: 1; Reference: Glazed; ThermalTransmittance: 6.7069; Category: Curtain Panels; Reference: Glazed; Project: 0001; Storey: Grond floor; Top Elevation: 10025; Bottom Elevation: 7675; Global Top Elevation: 10025; Global Bottom Elevation: 7675; Has Own Geometry: 1; Children Have Geometry: 0; Global X: -8296.07327915706; Global Y: 4315.60773471615; Global Z: 7675; Bounding Box Length: 906.111349035757; Bounding Box Width: 906.111349035754; Bounding Box Height: 2350; Layer: A-GLAZ-CURT
2BV8ty4rH4pOWhxXNZueIs,System Panel:Glazed:578287,. ProfileName: Glazed; XDim: 25; YDim: 1256.43495882655; IsExternal: 1; Reference: Glazed; ThermalTransmittance: 6.7069; Category: Curtain Panels; Reference: Glazed; Project: 0001; Storey: Grond floor; Top Elevation: 11838.0000000003; Bottom Elevation: 10075; Global Top Elevation: 11838.0000000003; Global Bottom Elevation: 10075; Has Own Geometry: 1; Children Have Geometry: 0; Global X: -7372.28426059164; Global Y: 5239.39675328157; Global Z: 10075; Bounding Box Length: 906.111349035757; Bounding Box Width: 906.111349035754; Bounding Box Height: 1763.00000000026; Layer: A-GLAZ-CURT
2BV8ty4rH4pOWhxXNZueIf,System Panel:Glazed:578288,. ProfileName: Glazed; XDim: 25; YDim: 1256.43495882655; IsExternal: 1; Reference: Glazed; ThermalTransmittance: 6.7069; Category: Curtain Panels; Reference: Glazed; Project: 0001; Storey: Grond floor; Top Elevation: 11838.0000000003; Bottom Elevation: 10075; Global Top Elevation: 11838.0000000003; Global Bottom Elevation: 10075; Has Own Geometry: 1; Children Have Geometry: 0; Global X: -8296.07327915706; Global Y: 4315.60773471615; Global Z: 10075; Bounding Box Length: 906.111349035757; Bounding Box Width: 906.111349035754; Bounding Box Height: 1763.00000000026; Layer: A-GLAZ-CURT
2BV8ty4rH4pOWhxXNZufmM,Rectangular Mullion:50 x 150mm:576079,. ProfileName: 50 x 150mm; XDim: 150; YDim: 50; IsExternal: 1; Reference: 50 x 150mm; Span: 1256.43495882655; Category: Curtain Wall Mullions; Reference: 50 x 150mm; Project: 0001; Storey: Grond floor; Top Elevation: 11888; Bottom Elevation: 11838; Global Top Elevation: 11888; Global Bottom Elevation: 11838; Has Own Geometry: 1; Children Have Geometry: 0; Global X: -8366.43040388512; Global Y: 4297.57651179589; Global Z: 11838; Bounding Box Length: 994.499696684077; Bounding Box Width: 994.499696684074; Bounding Box Height: 50; Layer: A-GLAZ-CWMG
2BV8ty4rH4pOWhxXNZufm9,Rectangular Mullion:50 x 150mm:576080,. ProfileName: 50 x 150mm; XDim: 150; YDim: 50; IsExternal: 1; Reference: 50 x 150mm; Span: 1256.43495882655; Category: Curtain Wall Mullions; Reference: 50 x 150mm; Project: 0001; Storey: Grond floor; Top Elevation: 11888; Bottom Elevation: 11838; Global Top Elevation: 11888; Global Bottom Elevation: 11838; Has Own Geometry: 1; Children Have Geometry: 0; Global X: -7442.6413853197; Global Y: 5221.36553036132; Global Z: 11838; Bounding Box Length: 994.499696684077; Bounding Box Width: 994.499696684074; Bounding Box Height: 50; Layer: A-GLAZ-CWMG
2BV8ty4rH4pOWhxXNZufm8,Rectangular Mullion:50 x 150mm:576081,. ProfileName: 50 x 150mm; XDim: 150; YDim: 50; IsExternal: 1; Reference: 50 x 150mm; Span: 1256.43495882655; Category: Curtain Wall Mullions; Reference: 50 x 150mm; Project: 0001; Storey: Grond floor; Top Elevation: 500; Bottom Elevation: 450; Global Top Elevation: 500; Global Bottom Elevation: 450; Has Own Geometry: 1; Children Have Geometry: 0; Global X: -7442.6413853197; Global Y: 5221.36553036132; Global Z: 450; Bounding Box Length: 994.499696684077; Bounding Box Width: 994.499696684074; Bounding Box Height: 49.9999999999998; Layer: A-GLAZ-CWMG
2BV8ty4rH4pOWhxXNZufmB,Rectangular Mullion:50 x 150mm:576082,. ProfileName: 50 x 150mm; XDim: 150; YDim: 50; IsExternal: 1; Reference: 50 x 150mm; Span: 1256.43495882655; Category: Curtain Wall Mullions; Reference: 50 x 150mm; Project: 0001; Storey: Grond floor; Top Elevation: 500; Bottom Elevation: 450; Global Top Elevation: 500; Global Bottom Elevation: 450; Has Own Geometry: 1; Children Have Geometry: 0; Global X: -8366.43040388512; Global Y: 4297.5765117959; Global Z: 450; Bounding Box Length: 994.499696684076; Bounding Box Width: 994.499696684074; Bounding Box Height: 49.9999999999998; Layer: A-GLAZ-CWMG
2BV8ty4rH4pOWhxXNZufmA,Rectangular Mullion:50 x 150mm:576083,. ProfileName: 50 x 150mm; XDim: 150; YDim: 50; IsExternal: 1; Reference: 50 x 150mm; Span: 2400; Category: Curtain Wall Mullions; Reference: 50 x 150mm; Project: 0001; Storey: Grond floor; Top Elevation: 2850; Bottom Elevation: 450; Global Top Elevation: 2850; Global Bottom Elevation: 450; Has Own Geometry: 1; Children Have Geometry: 0; Global X: -8401.78574294445; Global Y: 4262.22117273657; Global Z: 450; Bounding Box Length: 141.421356237308; Bounding Box Width: 141.421356237309; Bounding Box Height: 2400; Layer: A-GLAZ-CWMG
2BV8ty4rH4pOWhxXNZufmD,Rectangular Mullion:50 x 150mm:576084,. ProfileName: 50 x 150mm; XDim: 150; YDim: 50; IsExternal: 1; Reference: 50 x 150mm; Span: 2400; Category: Curtain Wall Mullions; Reference: 50 x 150mm; Project: 0001; Storey: Grond floor; Top Elevation: 5250; Bottom Elevation: 2850; Global Top Elevation: 5250; Global Bottom Elevation: 2850; Has Own Geometry: 1; Children Have Geometry: 0; Global X: -8401.78574294445; Global Y: 4262.22117273657; Global Z: 2850; Bounding Box Length: 141.421356237308; Bounding Box Width: 141.421356237309; Bounding Box Height: 2400; Layer: A-GLAZ-CWMG
2BV8ty4rH4pOWhxXNZufmC,Rectangular Mullion:50 x 150mm:576085,. ProfileName: 50 x 150mm; XDim: 150; YDim: 50; IsExternal: 1; Reference: 50 x 150mm; Span: 2400; Category: Curtain Wall Mullions; Reference: 50 x 150mm; Project: 0001; Storey: Grond floor; Top Elevation: 7650; Bottom Elevation: 5250; Global Top Elevation: 7650; Global Bottom Elevation: 5250; Has Own Geometry: 1; Children Have Geometry: 0; Global X: -8401.78574294445; Global Y: 4262.22117273657; Global Z: 5250; Bounding Box Length: 141.421356237308; Bounding Box Width: 141.421356237309; Bounding Box Height: 2400; Layer: A-GLAZ-CWMG
2BV8ty4rH4pOWhxXNZufmF,Rectangular Mullion:50 x 150mm:576086,. ProfileName: 50 x 150mm; XDim: 150; YDim: 50; IsExternal: 1; Reference: 50 x 150mm; Span: 2400; Category: Curtain Wall Mullions; Reference: 50 x 150mm; Project: 0001; Storey: Grond floor; Top Elevation: 10050; Bottom Elevation: 7650; Global Top Elevation: 10050; Global Bottom Elevation: 7650; Has Own Geometry: 1; Children Have Geometry: 0; Global X: -8401.78574294445; Global Y: 4262.22117273657; Global Z: 7650; Bounding Box Length: 141.421356237308; Bounding Box Width: 141.421356237309; Bounding Box Height: 2400; Layer: A-GLAZ-CWMG
2BV8ty4rH4pOWhxXNZufmE,Rectangular Mullion:50 x 150mm:576087,. ProfileName: 50 x 150mm; XDim: 150; YDim: 50; IsExternal: 1; Reference: 50 x 150mm; Span: 1838.00000000026; Category: Curtain Wall Mullions; Reference: 50 x 150mm; Project: 0001; Storey: Grond floor; Top Elevation: 11888.0000000003; Bottom Elevation: 10050; Global Top Elevation: 11888.0000000003; Global Bottom Elevation: 10050; Has Own Geometry: 1; Children Have Geometry: 0; Global X: -6554.2077058136; Global Y: 6109.79920986741; Global Z: 10050; Bounding Box Length: 141.421356237309; Bounding Box Width: 141.421356237309; Bounding Box Height: 1838.00000000026; Layer: A-GLAZ-CWMG
2BV8ty4rH4pOWhxXNZufm1,Rectangular Mullion:50 x 150mm:576088,. ProfileName: 50 x 150mm; XDim: 150; YDim: 50; IsExternal: 1; Reference: 50 x 150mm; Span: 2400; Category: Curtain Wall Mullions; Reference: 50 x 150mm; Project: 0001; Storey: Grond floor; Top Elevation: 2850; Bottom Elevation: 450; Global Top Elevation: 2850; Global Bottom Elevation: 450; Has Own Geometry: 1; Children Have Geometry: 0; Global X: -6554.2077058136; Global Y: 6109.79920986741; Global Z: 450; Bounding Box Length: 141.421356237309; Bounding Box Width: 141.421356237309; Bounding Box Height: 2400; Layer: A-GLAZ-CWMG
2BV8ty4rH4pOWhxXNZufm0,Rectangular Mullion:50 x 150mm:576089,. ProfileName: 50 x 150mm; XDim: 150; YDim: 50; IsExternal: 1; Reference: 50 x 150mm; Span: 2400; Category: Curtain Wall Mullions; Reference: 50 x 150mm; Project: 0001; Storey: Grond floor; Top Elevation: 5250; Bottom Elevation: 2850; Global Top Elevation: 5250; Global Bottom Elevation: 2850; Has Own Geometry: 1; Children Have Geometry: 0; Global X: -6554.2077058136; Global Y: 6109.79920986741; Global Z: 2850; Bounding Box Length: 141.421356237309; Bounding Box Width: 141.421356237309; Bounding Box Height: 2400; Layer: A-GLAZ-CWMG
2BV8ty4rH4pOWhxXNZufm3,Rectangular Mullion:50 x 150mm:576090,. ProfileName: 50 x 150mm; XDim: 150; YDim: 50; IsExternal: 1; Reference: 50 x 150mm; Span: 2400; Category: Curtain Wall Mullions; Reference: 50 x 150mm; Project: 0001; Storey: Grond floor; Top Elevation: 7650; Bottom Elevation: 5250; Global Top Elevation: 7650; Global Bottom Elevation: 5250; Has Own Geometry: 1; Children Have Geometry: 0; Global X: -6554.2077058136; Global Y: 6109.79920986741; Global Z: 5250; Bounding Box Length: 141.421356237309; Bounding Box Width: 141.421356237309; Bounding Box Height: 2400; Layer: A-GLAZ-CWMG
2BV8ty4rH4pOWhxXNZufm2,Rectangular Mullion:50 x 150mm:576091,. ProfileName: 50 x 150mm; XDim: 150; YDim: 50; IsExternal: 1; Reference: 50 x 150mm; Span: 1256.43495882655; Category: Curtain Wall Mullions; Reference: 50 x 150mm; Project: 0001; Storey: Grond floor; Top Elevation: 2875; Bottom Elevation: 2825; Global Top Elevation: 2875; Global Bottom Elevation: 2825; Has Own Geometry: 1; Children Have Geometry: 0; Global X: -7442.6413853197; Global Y: 5221.36553036132; Global Z: 2825; Bounding Box Length: 994.499696684077; Bounding Box Width: 994.499696684074; Bounding Box Height: 50; Layer: A-GLAZ-CWMG
2BV8ty4rH4pOWhxXNZufm5,Rectangular Mullion:50 x 150mm:576092,. ProfileName: 50 x 150mm; XDim: 150; YDim: 50; IsExternal: 1; Reference: 50 x 150mm; Span: 1256.43495882655; Category: Curtain Wall Mullions; Reference: 50 x 150mm; Project: 0001; Storey: Grond floor; Top Elevation: 2875; Bottom Elevation: 2825; Global Top Elevation: 2875; Global Bottom Elevation: 2825; Has Own Geometry: 1; Children Have Geometry: 0; Global X: -8366.43040388512; Global Y: 4297.57651179589; Global Z: 2825; Bounding Box Length: 994.499696684077; Bounding Box Width: 994.499696684074; Bounding Box Height: 50; Layer: A-GLAZ-CWMG
2BV8ty4rH4pOWhxXNZufm4,Rectangular Mullion:50 x 150mm:576093,. ProfileName: 50 x 150mm; XDim: 150; YDim: 50; IsExternal: 1; Reference: 50 x 150mm; Span: 1256.43495882655; Category: Curtain Wall Mullions; Reference: 50 x 150mm; Project: 0001; Storey: Grond floor; Top Elevation: 5275; Bottom Elevation: 5225; Global Top Elevation: 5275; Global Bottom Elevation: 5225; Has Own Geometry: 1; Children Have Geometry: 0; Global X: -7442.6413853197; Global Y: 5221.36553036132; Global Z: 5225; Bounding Box Length: 994.499696684077; Bounding Box Width: 994.499696684074; Bounding Box Height: 50.0000000000009; Layer: A-GLAZ-CWMG
2BV8ty4rH4pOWhxXNZufm7,Rectangular Mullion:50 x 150mm:576094,. ProfileName: 50 x 150mm; XDim: 150; YDim: 50; IsExternal: 1; Reference: 50 x 150mm; Span: 1256.43495882655; Category: Curtain Wall Mullions; Reference: 50 x 150mm; Project: 0001; Storey: Grond floor; Top Elevation: 5275; Bottom Elevation: 5225; Global Top Elevation: 5275; Global Bottom Elevation: 5225; Has Own Geometry: 1; Children Have Geometry: 0; Global X: -8366.43040388512; Global Y: 4297.57651179589; Global Z: 5225; Bounding Box Length: 994.499696684077; Bounding Box Width: 994.499696684074; Bounding Box Height: 50.0000000000009; Layer: A-GLAZ-CWMG
2BV8ty4rH4pOWhxXNZufm6,Rectangular Mullion:50 x 150mm:576095,. ProfileName: 50 x 150mm; XDim: 150; YDim: 50; IsExternal: 1; Reference: 50 x 150mm; Span: 1256.43495882655; Category: Curtain Wall Mullions; Reference: 50 x 150mm; Project: 0001; Storey: Grond floor; Top Elevation: 7675; Bottom Elevation: 7625; Global Top Elevation: 7675; Global Bottom Elevation: 7625; Has Own Geometry: 1; Children Have Geometry: 0; Global X: -7442.6413853197; Global Y: 5221.36553036132; Global Z: 7625; Bounding Box Length: 994.499696684077; Bounding Box Width: 994.499696684074; Bounding Box Height: 50.0000000000009; Layer: A-GLAZ-CWMG
2BV8ty4rH4pOWhxXNZufmv,Rectangular Mullion:50 x 150mm:576096,. ProfileName: 50 x 150mm; XDim: 150; YDim: 50; IsExternal: 1; Reference: 50 x 150mm; Span: 1256.43495882655; Category: Curtain Wall Mullions; Reference: 50 x 150mm; Project: 0001; Storey: Grond floor; Top Elevation: 7675; Bottom Elevation: 7625; Global Top Elevation: 7675; Global Bottom Elevation: 7625; Has Own Geometry: 1; Children Have Geometry: 0; Global X: -8366.43040388512; Global Y: 4297.57651179589; Global Z: 7625; Bounding Box Length: 994.499696684077; Bounding Box Width: 994.499696684074; Bounding Box Height: 50.0000000000009; Layer: A-GLAZ-CWMG
2BV8ty4rH4pOWhxXNZufmu,Rectangular Mullion:50 x 150mm:576097,. ProfileName: 50 x 150mm; XDim: 150; YDim: 50; IsExternal: 1; Reference: 50 x 150mm; Span: 2400; Category: Curtain Wall Mullions; Reference: 50 x 150mm; Project: 0001; Storey: Grond floor; Top Elevation: 2850; Bottom Elevation: 450; Global Top Elevation: 2850; Global Bottom Elevation: 450; Has Own Geometry: 1; Children Have Geometry: 0; Global X: -7477.99672437903; Global Y: 5186.01019130198; Global Z: 450; Bounding Box Length: 141.421356237309; Bounding Box Width: 141.421356237316; Bounding Box Height: 2400; Layer: A-GLAZ-CWMG
2BV8ty4rH4pOWhxXNZufmx,Rectangular Mullion:50 x 150mm:576098,. ProfileName: 50 x 150mm; XDim: 150; YDim: 50; IsExternal: 1; Reference: 50 x 150mm; Span: 2400; Category: Curtain Wall Mullions; Reference: 50 x 150mm; Project: 0001; Storey: Grond floor; Top Elevation: 5250; Bottom Elevation: 2850; Global Top Elevation: 5250; Global Bottom Elevation: 2850; Has Own Geometry: 1; Children Have Geometry: 0; Global X: -7477.99672437903; Global Y: 5186.01019130198; Global Z: 2850; Bounding Box Length: 141.421356237309; Bounding Box Width: 141.421356237316; Bounding Box Height: 2400; Layer: A-GLAZ-CWMG
2BV8ty4rH4pOWhxXNZufmw,Rectangular Mullion:50 x 150mm:576099,. ProfileName: 50 x 150mm; XDim: 150; YDim: 50; IsExternal: 1; Reference: 50 x 150mm; Span: 2400; Category: Curtain Wall Mullions; Reference: 50 x 150mm; Project: 0001; Storey: Grond floor; Top Elevation: 7650; Bottom Elevation: 5250; Global Top Elevation: 7650; Global Bottom Elevation: 5250; Has Own Geometry: 1; Children Have Geometry: 0; Global X: -7477.99672437903; Global Y: 5186.01019130198; Global Z: 5250; Bounding Box Length: 141.421356237309; Bounding Box Width: 141.421356237316; Bounding Box Height: 2400; Layer: A-GLAZ-CWMG
2BV8ty4rH4pOWhxXNZufmz,Rectangular Mullion:50 x 150mm:576100,. ProfileName: 50 x 150mm; XDim: 150; YDim: 50; IsExternal: 1; Reference: 50 x 150mm; Span: 2400; Category: Curtain Wall Mullions; Reference: 50 x 150mm; Project: 0001; Storey: Grond floor; Top Elevation: 10050; Bottom Elevation: 7650; Global Top Elevation: 10050; Global Bottom Elevation: 7650; Has Own Geometry: 1; Children Have Geometry: 0; Global X: -7477.99672437903; Global Y: 5186.01019130198; Global Z: 7650; Bounding Box Length: 141.421356237309; Bounding Box Width: 141.421356237316; Bounding Box Height: 2400; Layer: A-GLAZ-CWMG
2BV8ty4rH4pOWhxXNZueIY,Rectangular Mullion:50 x 150mm:578299,. ProfileName: 50 x 150mm; XDim: 150; YDim: 50; IsExternal: 1; Reference: 50 x 150mm; Span: 1838.00000000026; Category: Curtain Wall Mullions; Reference: 50 x 150mm; Project: 0001; Storey: Grond floor; Top Elevation: 11888; Bottom Elevation: 10049.9999999997; Global Top Elevation: 11888; Global Bottom Elevation: 10049.9999999997; Has Own Geometry: 1; Children Have Geometry: 0; Global X: -8401.78574294445; Global Y: 4262.22117273657; Global Z: 10049.9999999997; Bounding Box Length: 141.421356237308; Bounding Box Width: 141.421356237309; Bounding Box Height: 1838.00000000026; Layer: A-GLAZ-CWMG
2BV8ty4rH4pOWhxXNZueIb,Rectangular Mullion:50 x 150mm:578300,. ProfileName: 50 x 150mm; XDim: 150; YDim: 50; IsExternal: 1; Reference: 50 x 150mm; Span: 2400; Category: Curtain Wall Mullions; Reference: 50 x 150mm; Project: 0001; Storey: Grond floor; Top Elevation: 10050; Bottom Elevation: 7650; Global Top Elevation: 10050; Global Bottom Elevation: 7650; Has Own Geometry: 1; Children Have Geometry: 0; Global X: -6554.2077058136; Global Y: 6109.79920986741; Global Z: 7650; Bounding Box Length: 141.421356237309; Bounding Box Width: 141.421356237309; Bounding Box Height: 2400; Layer: A-GLAZ-CWMG
2BV8ty4rH4pOWhxXNZueIa,Rectangular Mullion:50 x 150mm:578301,. ProfileName: 50 x 150mm; XDim: 150; YDim: 50; IsExternal: 1; Reference: 50 x 150mm; Span: 1838.00000000026; Category: Curtain Wall Mullions; Reference: 50 x 150mm; Project: 0001; Storey: Grond floor; Top Elevation: 11888; Bottom Elevation: 10049.9999999997; Global Top Elevation: 11888; Global Bottom Elevation: 10049.9999999997; Has Own Geometry: 1; Children Have Geometry: 0; Global X: -7477.99672437903; Global Y: 5186.01019130198; Global Z: 10049.9999999997; Bounding Box Length: 141.421356237309; Bounding Box Width: 141.421356237316; Bounding Box Height: 1838.00000000026; Layer: A-GLAZ-CWMG
2BV8ty4rH4pOWhxXNZueId,Rectangular Mullion:50 x 150mm:578302,. ProfileName: 50 x 150mm; XDim: 150; YDim: 50; IsExternal: 1; Reference: 50 x 150mm; Span: 1256.43495882655; Category: Curtain Wall Mullions; Reference: 50 x 150mm; Project: 0001; Storey: Grond floor; Top Elevation: 10075; Bottom Elevation: 10025; Global Top Elevation: 10075; Global Bottom Elevation: 10025; Has Own Geometry: 1; Children Have Geometry: 0; Global X: -7442.6413853197; Global Y: 5221.36553036132; Global Z: 10025; Bounding Box Length: 994.499696684077; Bounding Box Width: 994.499696684074; Bounding Box Height: 50; Layer: A-GLAZ-CWMG
2BV8ty4rH4pOWhxXNZueIc,Rectangular Mullion:50 x 150mm:578303,. ProfileName: 50 x 150mm; XDim: 150; YDim: 50; IsExternal: 1; Reference: 50 x 150mm; Span: 1256.43495882655; Category: Curtain Wall Mullions; Reference: 50 x 150mm; Project: 0001; Storey: Grond floor; Top Elevation: 10075; Bottom Elevation: 10025; Global Top Elevation: 10075; Global Bottom Elevation: 10025; Has Own Geometry: 1; Children Have Geometry: 0; Global X: -8366.43040388512; Global Y: 4297.57651179589; Global Z: 10025; Bounding Box Length: 994.499696684077; Bounding Box Width: 994.499696684074; Bounding Box Height: 50; Layer: A-GLAZ-CWMG
3zbXr_lBv5jgOEo802_LGZ,Floor:Concrete-Commercial 362mm:364883,. Roughness: 914.4; Category: Floors; Reference: Concrete-Commercial 362mm; Reference: Concrete-Commercial 362mm; IsExternal: 0; LoadBearing: 0; PitchAngle: 0; Reference: Concrete-Commercial 362mm; ThermalTransmittance: 4.40479183427192; Project: 0001; Storey: Grond floor; Top Elevation: 450; Bottom Elevation: 88.0000000000001; Global Top Elevation: 450; Global Bottom Elevation: 88.0000000000001; Has Own Geometry: 1; Children Have Geometry: 1; Global X: -17508.8953686974; Global Y: -22175.7958908724; Global Z: 88.0000000000001; Bounding Box Length: 35416.7667637327; Bounding Box Width: 30489.6603462282; Bounding Box Height: 362; Layer: A-FLOR
0OYSuH3T9CufsaYBbdUcVr,Floor:Concrete-Commercial 362mm:364883:2,. Roughness: 914.4; Reference: Concrete-Commercial 362mm; Category: Floors; Reference: Concrete-Commercial 362mm; Project: 0001; Storey: Grond floor; Top Elevation: 450; Bottom Elevation: 88.0000000000001; Global Top Elevation: 450; Global Bottom Elevation: 88.0000000000001; Has Own Geometry: 1; Children Have Geometry: 0; Global X: 3127.9811008064; Global Y: -19011.9973489164; Global Z: 88.0000000000001; Bounding Box Length: 7200.97156685531; Bounding Box Width: 10768.8111371028; Bounding Box Height: 362; Layer: A-FLOR
3d_0ybAl12CxSTNjDvGHyG,Floor:reception:508602,. Roughness: 914.4; Category: Floors; Reference: reception; Reference: reception; IsExternal: 0; LoadBearing: 0; PitchAngle: 0; Reference: reception; Project: 0001; Storey: Grond floor; Top Elevation: 1350; Bottom Elevation: 450; Global Top Elevation: 1350; Global Bottom Elevation: 450; Has Own Geometry: 1; Children Have Geometry: 1; Global X: -2366.78441435165; Global Y: -5418.24398228431; Global Z: 450; Bounding Box Length: 5964.85206336793; Bounding Box Width: 3574.04151819717; Bounding Box Height: 900; Layer: A-FLOR
3d_0ybAl12CxSTNjDvGHzH,Floor:reception:508602:2,. Roughness: 914.4; Reference: reception; Category: Floors; Reference: reception; Project: 0001; Storey: Grond floor; Top Elevation: 1350; Bottom Elevation: 450; Global Top Elevation: 1350; Global Bottom Elevation: 450; Has Own Geometry: 1; Children Have Geometry: 0; Global X: -1193.69060058836; Global Y: -4690.38662518013; Global Z: 450; Bounding Box Length: 4063.90089250045; Bounding Box Width: 2181.54502556578; Bounding Box Height: 900; Layer: A-FLOR
2IpSgFpSrDmvfKYW00XQ3K,Chair-Desk:Chair-Desk:370994,. ProfileName: Chair-Desk; XDim: 30.4799999999996; YDim: 186.06811500414; Category: Furniture; Reference: Chair-Desk; Project: 0001; Storey: Grond floor; Top Elevation: 1264.18849290497; Bottom Elevation: 450; Global Top Elevation: 1264.18849290497; Global Bottom Elevation: 450; Has Own Geometry: 1; Children Have Geometry: 0; Global X: 949.319801039657; Global Y: -3652.24649401959; Global Z: 450; Bounding Box Length: 556.478951433768; Bounding Box Width: 546.430475291942; Bounding Box Height: 814.188492904974; Layer: I-FURN
2IpSgFpSrDmvfKYW00XQ2h,Chair-Desk:Chair-Desk:371021,. ProfileName: Chair-Desk; XDim: 30.4799999999996; YDim: 186.06811500414; Category: Furniture; Reference: Chair-Desk; Project: 0001; Storey: Grond floor; Top Elevation: 1264.18849290497; Bottom Elevation: 450; Global Top Elevation: 1264.18849290497; Global Bottom Elevation: 450; Has Own Geometry: 1; Children Have Geometry: 0; Global X: 1919.32291808485; Global Y: -3895.33897214803; Global Z: 450; Bounding Box Length: 556.478951433766; Bounding Box Width: 546.430475291942; Bounding Box Height: 814.188492904974; Layer: I-FURN
1PbP22zc55Zv8XxEghRGrN,"Haworth_Worksurface_Reside-Rectangular:24"" x 60"":390498",". ProfileName: 24"" x 60""; Description: Haworth_Worksurface_Reside-Rectangular; Manufacturer: Haworth; Category: Furniture Systems; Reference: 24"" x 60""; Project: 0001; Storey: Grond floor; Top Elevation: 1186.6; Bottom Elevation: 449.999999999918; Global Top Elevation: 1186.6; Global Bottom Elevation: 449.999999999918; Has Own Geometry: 1; Children Have Geometry: 0; Global X: -3317.76258722428; Global Y: -7759.0544409519; Global Z: 449.999999999918; Bounding Box Length: 961.786836818492; Bounding Box Width: 1626.47392504395; Bounding Box Height: 736.600000000084; Group: Model Group:Group 1:397938; Layer: I-FURN-PNLS"
1PbP22zc55Zv8XxEghRGrM,Haworth_Chair_Zody-Task:Height Adjustable Arms:390499,. Description: Haworth_Chair_Zody-Task; Manufacturer: Haworth; Category: Furniture; Reference: Height Adjustable Arms; Project: 0001; Storey: Grond floor; Top Elevation: 1493.1349550477; Bottom Elevation: 450; Global Top Elevation: 1493.1349550477; Global Bottom Elevation: 450; Has Own Geometry: 1; Children Have Geometry: 0; Global X: -3524.55767413888; Global Y: -7221.02647968892; Global Z: 450; Bounding Box Length: 744.686326217018; Bounding Box Width: 727.273495474343; Bounding Box Height: 1043.1349550477; Group: Model Group:Group 1:397938; Layer: I-FURN
0MT6sCRKXB2Q4SnW1k2zs5,Chair-Breuer:Chair-Breuer:400859,. Category: Furniture; Reference: Chair-Breuer; Project: 0001; Storey: Grond floor; Top Elevation: 1256.46924786816; Bottom Elevation: 449.992224026698; Global Top Elevation: 1256.46924786816; Global Bottom Elevation: 449.992224026698; Has Own Geometry: 1; Children Have Geometry: 0; Global X: -2646.29191386499; Global Y: -7853.91870812362; Global Z: 449.992224026698; Bounding Box Length: 532.695864752005; Bounding Box Width: 571.961108460691; Bounding Box Height: 806.477023841459; Layer: I-FURN
0MT6sCRKXB2Q4SnW1k2zwU,Chair-Breuer:Chair-Breuer:401088,. Category: Furniture; Reference: Chair-Breuer; Project: 0001; Storey: Grond floor; Top Elevation: 1256.46924786816; Bottom Elevation: 449.992224026698; Global Top Elevation: 1256.46924786816; Global Bottom Elevation: 449.992224026698; Has Own Geometry: 1; Children Have Geometry: 0; Global X: -2406.89476068784; Global Y: -6898.90152542491; Global Z: 449.992224026698; Bounding Box Length: 532.695864752008; Bounding Box Width: 572.169917346862; Bounding Box Height: 806.477023841459; Layer: I-FURN
0MT6sCRKXB2Q4SnW1k2z_t,"Haworth_Worksurface_Reside-Rectangular:24"" x 60"":401385",". ProfileName: 24"" x 60""; Description: Haworth_Worksurface_Reside-Rectangular; Manufacturer: Haworth; Category: Furniture Systems; Reference: 24"" x 60""; Project: 0001; Storey: Grond floor; Top Elevation: 1186.6; Bottom Elevation: 449.999999999919; Global Top Elevation: 1186.6; Global Bottom Elevation: 449.999999999919; Has Own Geometry: 1; Children Have Geometry: 0; Global X: 2237.48790468725; Global Y: -9151.25574935254; Global Z: 449.999999999919; Bounding Box Length: 961.786836818494; Bounding Box Width: 1626.47392504395; Bounding Box Height: 736.600000000084; Group: Model Group:Group 1:401387; Layer: I-FURN-PNLS"
0MT6sCRKXB2Q4SnW1k2z_q,Haworth_Chair_Zody-Task:Height Adjustable Arms:401386,. Description: Haworth_Chair_Zody-Task; Manufacturer: Haworth; Category: Furniture; Reference: Height Adjustable Arms; Project: 0001; Storey: Grond floor; Top Elevation: 1493.1349550477; Bottom Elevation: 450; Global Top Elevation: 1493.1349550477; Global Bottom Elevation: 450; Has Own Geometry: 1; Children Have Geometry: 0; Global X: 2675.13077827359; Global Y: -8735.22802290834; Global Z: 450; Bounding Box Length: 744.686326217014; Bounding Box Width: 727.273495474364; Bounding Box Height: 1043.1349550477; Group: Model Group:Group 1:401387; Layer: I-FURN
0MT6sCRKXB2Q4SnW1k2z_o,Chair-Breuer:Chair-Breuer:401388,. Category: Furniture; Reference: Chair-Breuer; Project: 0001; Storey: Grond floor; Top Elevation: 1256.46924786816; Bottom Elevation: 449.992224026698; Global Top Elevation: 1256.46924786816; Global Bottom Elevation: 449.992224026698; Has Own Geometry: 1; Children Have Geometry: 0; Global X: 1755.71105021729; Global Y: -8957.10465718244; Global Z: 449.992224026698; Bounding Box Length: 532.695864752006; Bounding Box Width: 572.169917346862; Bounding Box Height: 806.477023841459; Layer: I-FURN
0MT6sCRKXB2Q4SnW1k2z_p,Chair-Breuer:Chair-Breuer:401389,. Category: Furniture; Reference: Chair-Breuer; Project: 0001; Storey: Grond floor; Top Elevation: 1256.46924786816; Bottom Elevation: 449.992224026698; Global Top Elevation: 1256.46924786816; Global Bottom Elevation: 449.992224026698; Has Own Geometry: 1; Children Have Geometry: 0; Global X: 1995.10820339444; Global Y: -8001.87866559755; Global Z: 449.992224026698; Bounding Box Length: 532.695864752003; Bounding Box Width: 571.961108460691; Bounding Box Height: 806.477023841459; Layer: I-FURN
3JrD9cTMn97PaHgVC9HKWe,"Haworth_Worksurface_Reside-Rectangular:24"" x 60"":401548",". ProfileName: 24"" x 60""; Description: Haworth_Worksurface_Reside-Rectangular; Manufacturer: Haworth; Category: Furniture Systems; Reference: 24"" x 60""; Project: 0001; Storey: Grond floor; Top Elevation: 1186.6; Bottom Elevation: 449.999999999918; Global Top Elevation: 1186.6; Global Bottom Elevation: 449.999999999918; Has Own Geometry: 1; Children Have Geometry: 0; Global X: -3915.00857922126; Global Y: -10028.3304589271; Global Z: 449.999999999918; Bounding Box Length: 961.786836818492; Bounding Box Width: 1626.47392504395; Bounding Box Height: 736.600000000084; Group: Model Group:Group 1:401550; Layer: I-FURN-PNLS"
3JrD9cTMn97PaHgVC9HKWf,Haworth_Chair_Zody-Task:Height Adjustable Arms:401549,. Description: Haworth_Chair_Zody-Task; Manufacturer: Haworth; Category: Furniture; Reference: Height Adjustable Arms; Project: 0001; Storey: Grond floor; Top Elevation: 1493.1349550477; Bottom Elevation: 450; Global Top Elevation: 1493.1349550477; Global Bottom Elevation: 450; Has Own Geometry: 1; Children Have Geometry: 0; Global X: -4121.80366613586; Global Y: -9490.3024976641; Global Z: 450; Bounding Box Length: 744.686326217018; Bounding Box Width: 727.273495474343; Bounding Box Height: 1043.1349550477; Group: Model Group:Group 1:401550; Layer: I-FURN
3JrD9cTMn97PaHgVC9HKWh,Chair-Breuer:Chair-Breuer:401551,. Category: Furniture; Reference: Chair-Breuer; Project: 0001; Storey: Grond floor; Top Elevation: 1256.46924786816; Bottom Elevation: 449.992224026698; Global Top Elevation: 1256.46924786816; Global Bottom Elevation: 449.992224026698; Has Own Geometry: 1; Children Have Geometry: 0; Global X: -3243.53790586196; Global Y: -10123.1947260988; Global Z: 449.992224026698; Bounding Box Length: 532.695864752005; Bounding Box Width: 571.961108460691; Bounding Box Height: 806.477023841459; Layer: I-FURN
3JrD9cTMn97PaHgVC9HKWq,Chair-Breuer:Chair-Breuer:401552,. Category: Furniture; Reference: Chair-Breuer; Project: 0001; Storey: Grond floor; Top Elevation: 1256.46924786816; Bottom Elevation: 449.992224026698; Global Top Elevation: 1256.46924786816; Global Bottom Elevation: 449.992224026698; Has Own Geometry: 1; Children Have Geometry: 0; Global X: -3004.14075268482; Global Y: -9168.1775434001; Global Z: 449.992224026698; Bounding Box Length: 532.695864752008; Bounding Box Width: 572.169917346862; Bounding Box Height: 806.477023841459; Layer: I-FURN
09YPv4$b1CdgqALY37tPuW,Chair-Desk:Chair-Desk:525657,. ProfileName: Chair-Desk; XDim: 30.4799999999996; YDim: 186.06811500414; Category: Furniture; Reference: Chair-Desk; Project: 0001; Storey: Grond floor; Top Elevation: 1264.18849290497; Bottom Elevation: 450; Global Top Elevation: 1264.18849290497; Global Bottom Elevation: 450; Has Own Geometry: 1; Children Have Geometry: 0; Global X: -20.6833160055258; Global Y: -3409.15401589116; Global Z: 450; Bounding Box Length: 556.478951433768; Bounding Box Width: 546.430475291942; Bounding Box Height: 814.188492904974; Layer: I-FURN
09YPv4$b1CdgqALY37tPwx,Haworth_Chair_Kennedee-One_Arm:Two Seat:525762,. Description: Haworth_Chair_Kennedee-One_Arm; Manufacturer: Haworth; Category: Furniture Systems; Reference: Two Seat; Project: 0001; Storey: Grond floor; Top Elevation: 1119.67401432455; Bottom Elevation: 450.010283435739; Global Top Elevation: 1119.67401432455; Global Bottom Elevation: 450.010283435739; Has Own Geometry: 1; Children Have Geometry: 0; Global X: 6540.69037477592; Global Y: -2848.73655380965; Global Z: 450.010283435739; Bounding Box Length: 1365.83590062602; Bounding Box Width: 2050.45474450063; Bounding Box Height: 669.663730888816; Layer: I-FURN-PNLS
1oxXEo2on7NgTjEAMLj7Z_,Haworth_Chair_Bac:Guest Chair:536080,. Description: Haworth_Chair_Bac; Manufacturer: Haworth; Category: Furniture; Reference: Guest Chair; Project: 0001; Storey: Grond floor; Top Elevation: 1175.26234919975; Bottom Elevation: 450; Global Top Elevation: 1175.26234919975; Global Bottom Elevation: 450; Has Own Geometry: 1; Children Have Geometry: 0; Global X: -4885.28094868187; Global Y: -3980.9337360311; Global Z: 450; Bounding Box Length: 501.99627672099; Bounding Box Width: 523.647881049939; Bounding Box Height: 725.262349199754; Layer: I-FURN
1oxXEo2on7NgTjEAMLj7W_,Haworth_Chair_Bac:Guest Chair:536272,. Description: Haworth_Chair_Bac; Manufacturer: Haworth; Category: Furniture; Reference: Guest Chair; Project: 0001; Storey: Grond floor; Top Elevation: 1175.26234919976; Bottom Elevation: 450; Global Top Elevation: 1175.26234919976; Global Bottom Elevation: 450; Has Own Geometry: 1; Children Have Geometry: 0; Global X: -3914.81717085909; Global Y: -2988.81835387938; Global Z: 450; Bounding Box Length: 523.647881049936; Bounding Box Width: 501.996276720995; Bounding Box Height: 725.262349199763; Layer: I-FURN
1oxXEo2on7NgTjEAMLj7W3,Haworth_Collaborate_Table_Round:14 High - 4 Star Base:536301,. Description: Haworth_Collaborate_Table_Round; Manufacturer: Haworth; Category: Furniture; Reference: 14 High - 4 Star Base; Project: 0001; Storey: Grond floor; Top Elevation: 805.599999999994; Bottom Elevation: 450; Global Top Elevation: 805.599999999994; Global Bottom Elevation: 450; Has Own Geometry: 1; Children Have Geometry: 0; Global X: -4445.62447546409; Global Y: -3660.32386928919; Global Z: 450; Bounding Box Length: 711.199972029714; Bounding Box Width: 708.166118330055; Bounding Box Height: 355.599999999994; Layer: I-FURN
1PN2e_A5LD5PkXFWjX4xZA,Haworth_Chair_Kennedee-One_Arm:Two Seat:538221,. Description: Haworth_Chair_Kennedee-One_Arm; Manufacturer: Haworth; Category: Furniture Systems; Reference: Two Seat; Project: 0001; Storey: Grond floor; Top Elevation: 1119.67401432455; Bottom Elevation: 450.010283435739; Global Top Elevation: 1119.67401432455; Global Bottom Elevation: 450.010283435739; Has Own Geometry: 1; Children Have Geometry: 0; Global X: 6386.57136857005; Global Y: -2807.47698595693; Global Z: 450.010283435739; Bounding Box Length: 1365.83590062602; Bounding Box Width: 2050.45474450063; Bounding Box Height: 669.663730888816; Layer: I-FURN-PNLS
0oaWyEpLXEbOSg6Xly611H,Haworth_Collaborate_Table_Round:14 High - 4 Star Base:544606,. Description: Haworth_Collaborate_Table_Round; Manufacturer: Haworth; Category: Furniture; Reference: 14 High - 4 Star Base; Project: 0001; Storey: Grond floor; Top Elevation: 805.599999999994; Bottom Elevation: 450; Global Top Elevation: 805.599999999994; Global Bottom Elevation: 450; Has Own Geometry: 1; Children Have Geometry: 0; Global X: 5746.46361749697; Global Y: -1793.58662544224; Global Z: 450; Bounding Box Length: 711.199972029713; Bounding Box Width: 708.166118330055; Bounding Box Height: 355.599999999994; Layer: I-FURN
2JJqxZjqn96xzCFMbZMn8n,"Window-Sliding-Double:60"" x 48"":378160",". Category: Windows; Reference: 60"" x 48""; FireRating: 0.5h; IsExternal: 1; Reference: 60"" x 48""; Project: 0001; Storey: Grond floor; Top Elevation: 2583.6; Bottom Elevation: 1364.4; Global Top Elevation: 2583.6; Global Bottom Elevation: 1364.4; Has Own Geometry: 1; Children Have Geometry: 0; Global X: -4083.16770666159; Global Y: -10470.0724258706; Global Z: 1364.4; Bounding Box Length: 1545.85272010455; Bounding Box Width: 661.617573493459; Bounding Box Height: 1219.2; Layer: A-GLAZ"
2JJqxZjqn96xzCFMbZMn9F,"Window-Sliding-Double:60"" x 48"":378190",". Category: Windows; Reference: 60"" x 48""; FireRating: 0.5h; IsExternal: 1; Reference: 60"" x 48""; Project: 0001; Storey: Grond floor; Top Elevation: 2583.6; Bottom Elevation: 1364.4; Global Top Elevation: 2583.6; Global Bottom Elevation: 1364.4; Has Own Geometry: 1; Children Have Geometry: 0; Global X: 775.378886435855; Global Y: -11748.7831056967; Global Z: 1364.4; Bounding Box Length: 1545.85272010455; Bounding Box Width: 661.617573493459; Bounding Box Height: 1219.2; Layer: A-GLAZ"
2JJqxZjqn96xzCFMbZMn8p,Muntin Pattern_2x2:Muntin Pattern_2x2:378162,. ProfileName: Muntin Pattern_2x2; Reference: Muntin Pattern_2x2; Category: Generic Models; Depth: 12.6999999999961; Height: 1073.15000000004; Width: 676.275000000011; Reference: Muntin Pattern_2x2; Project: 0001; Storey: Grond floor; Top Elevation: 2520.1000000001; Bottom Elevation: 1446.94999999989; Global Top Elevation: 2520.1000000001; Global Bottom Elevation: 1446.94999999989; Has Own Geometry: 1; Children Have Geometry: 0; Global X: -3276.97034049054; Global Y: -10272.2951212622; Global Z: 1446.94999999989; Bounding Box Length: 665.316936099786; Bounding Box Width: 215.111954829339; Bounding Box Height: 1073.15000000021; Layer: A-GENM
2JJqxZjqn96xzCFMbZMn8o,Muntin Pattern_2x2:Muntin Pattern_2x2:378163,. ProfileName: Muntin Pattern_2x2; Reference: Muntin Pattern_2x2; Category: Generic Models; Height: 1073.15000000004; Width: 676.275000000007; Reference: Muntin Pattern_2x2; Project: 0001; Storey: Grond floor; Top Elevation: 2520.1000000001; Bottom Elevation: 1446.94999999989; Global Top Elevation: 2520.1000000001; Global Bottom Elevation: 1446.94999999989; Has Own Geometry: 1; Children Have Geometry: 0; Global X: -3962.64655537746; Global Y: -10045.8697329698; Global Z: 1446.94999999989; Bounding Box Length: 665.316936099786; Bounding Box Width: 215.111954829341; Bounding Box Height: 1073.15000000021; Layer: A-GENM
2JJqxZjqn96xzCFMbZMn8r,Trim-Window-Exterior-Flat:with Sill:378164,. ProfileName: with Sill; XDim: 1638.3; YDim: 57.1500000000022; Reference: with Sill; Category: Generic Models; Depth: 19.05; Height: 57.1500000000022; Width: 19.05; Reference: with Sill; Project: 0001; Storey: Grond floor; Top Elevation: 2640.75; Bottom Elevation: 1285.06762911528; Global Top Elevation: 2640.75; Global Bottom Elevation: 1285.06762911528; Has Own Geometry: 1; Children Have Geometry: 0; Global X: -4083.52396861497; Global Y: -10232.5448861428; Global Z: 1285.06762911528; Bounding Box Length: 1618.60725394856; Bounding Box Width: 460.290920227599; Bounding Box Height: 1355.68237088472; Layer: A-GENM
2JJqxZjqn96xzCFMbZMn8q,Trim-Window-Interior-Flat:Picture Frame:378165,. ProfileName: Picture Frame; Reference: Picture Frame; Category: Generic Models; Depth: 31.75; Height: 1308.09999999999; Width: 31.75; Reference: Picture Frame; Project: 0001; Storey: Grond floor; Top Elevation: 2628.04999999999; Bottom Elevation: 1319.95; Global Top Elevation: 2628.04999999999; Global Bottom Elevation: 1319.95; Has Own Geometry: 1; Children Have Geometry: 0; Global X: -4134.23487627696; Global Y: -10512.0902491287; Global Z: 1319.95; Bounding Box Length: 1567.86402549588; Bounding Box Width: 441.220404025138; Bounding Box Height: 1308.09999999999; Layer: A-GENM
2JJqxZjqn96xzCFMbZMn9H,Muntin Pattern_2x2:Muntin Pattern_2x2:378192,. ProfileName: Muntin Pattern_2x2; Reference: Muntin Pattern_2x2; Category: Generic Models; Height: 1073.15000000004; Width: 676.275000000011; Reference: Muntin Pattern_2x2; Project: 0001; Storey: Grond floor; Top Elevation: 2520.1000000001; Bottom Elevation: 1446.94999999989; Global Top Elevation: 2520.1000000001; Global Bottom Elevation: 1446.94999999989; Has Own Geometry: 1; Children Have Geometry: 0; Global X: 1581.57625260691; Global Y: -11551.0058010882; Global Z: 1446.94999999989; Bounding Box Length: 665.316936099786; Bounding Box Width: 215.111954829339; Bounding Box Height: 1073.15000000021; Layer: A-GENM
2JJqxZjqn96xzCFMbZMn9G,Muntin Pattern_2x2:Muntin Pattern_2x2:378193,. ProfileName: Muntin Pattern_2x2; Reference: Muntin Pattern_2x2; Category: Generic Models; Height: 1073.15000000004; Width: 676.275000000007; Reference: Muntin Pattern_2x2; Project: 0001; Storey: Grond floor; Top Elevation: 2520.1000000001; Bottom Elevation: 1446.94999999989; Global Top Elevation: 2520.1000000001; Global Bottom Elevation: 1446.94999999989; Has Own Geometry: 1; Children Have Geometry: 0; Global X: 895.900037719977; Global Y: -11324.5804127959; Global Z: 1446.94999999989; Bounding Box Length: 665.316936099786; Bounding Box Width: 215.111954829339; Bounding Box Height: 1073.15000000021; Layer: A-GENM
2JJqxZjqn96xzCFMbZMn9J,Trim-Window-Exterior-Flat:with Sill:378194,. ProfileName: with Sill; XDim: 1638.3; YDim: 57.1500000000022; Reference: with Sill; Category: Generic Models; Reference: with Sill; Project: 0001; Storey: Grond floor; Top Elevation: 2640.75; Bottom Elevation: 1285.06762911528; Global Top Elevation: 2640.75; Global Bottom Elevation: 1285.06762911528; Has Own Geometry: 1; Children Have Geometry: 0; Global X: 775.022624482481; Global Y: -11511.2555659689; Global Z: 1285.06762911528; Bounding Box Length: 1618.60725394856; Bounding Box Width: 460.290920227601; Bounding Box Height: 1355.68237088472; Layer: A-GENM
2JJqxZjqn96xzCFMbZMn9I,Trim-Window-Interior-Flat:Picture Frame:378195,. ProfileName: Picture Frame; Reference: Picture Frame; Category: Generic Models; Reference: Picture Frame; Project: 0001; Storey: Grond floor; Top Elevation: 2628.04999999999; Bottom Elevation: 1319.95; Global Top Elevation: 2628.04999999999; Global Bottom Elevation: 1319.95; Has Own Geometry: 1; Children Have Geometry: 0; Global X: 724.311716820476; Global Y: -11790.8009289548; Global Z: 1319.95; Bounding Box Length: 1567.86402549588; Bounding Box Width: 441.220404025138; Bounding Box Height: 1308.09999999999; Layer: A-GENM
26ES$8amDDbgZ2e2pUmJzW,M_Parking Space:4800 x 2400mm - 90 deg:469968,. ProfileName: 4800 x 2400mm - 90 deg; XDim: 101.600000000001; YDim: 4800; Reference: 4800 x 2400mm - 90 deg; Category: Parking; Depth: 3.175; Height: 4800; Width: 3.175; Reference: 4800 x 2400mm - 90 deg; Project: 0001; Storey: Grond floor; Top Elevation: 453.175; Bottom Elevation: 450; Global Top Elevation: 453.175; Global Bottom Elevation: 450; Has Own Geometry: 1; Children Have Geometry: 0; Global X: -10817.7355398259; Global Y: -15866.7281518846; Global Z: 450; Bounding Box Length: 4667.78277307684; Bounding Box Width: 1319.95214908914; Bounding Box Height: 3.17499999999973; Layer: C-PRKG
26ES$8amDDbgZ2e2pUmJZs,M_Parking Space:4800 x 2400mm - 90 deg:470086,. ProfileName: 4800 x 2400mm - 90 deg; XDim: 101.600000000001; YDim: 4800; Reference: 4800 x 2400mm - 90 deg; Category: Parking; Reference: 4800 x 2400mm - 90 deg; Project: 0001; Storey: Grond floor; Top Elevation: 453.175; Bottom Elevation: 450; Global Top Elevation: 453.175; Global Bottom Elevation: 450; Has Own Geometry: 1; Children Have Geometry: 0; Global X: -10206.8864889535; Global Y: -13545.7664035896; Global Z: 450; Bounding Box Length: 4667.78277307684; Bounding Box Width: 1319.95214908914; Bounding Box Height: 3.17499999999973; Layer: C-PRKG
0SSvh4ccD6kxypL2hkhMl2,Oval_Sink_20694:Standard:565435,. Reference: Standard; Category: Generic Models; Reference: Standard; Project: 0001; Storey: Grond floor; Top Elevation: 450.001688397049; Bottom Elevation: 348.399998575928; Global Top Elevation: 450.001688397049; Global Bottom Elevation: 348.399998575928; Has Own Geometry: 1; Children Have Geometry: 0; Global X: -9554.35282400359; Global Y: 837.629067767601; Global Z: 348.399998575928; Bounding Box Length: 459.649741454945; Bounding Box Width: 459.64873365007; Bounding Box Height: 101.601689821121; Layer: A-GENM
0SSvh4ccD6kxypL2hkhMhq,Oval_Sink_20694:Standard:565645,. Reference: Standard; Category: Generic Models; Reference: Standard; Project: 0001; Storey: Grond floor; Top Elevation: 450.001688397049; Bottom Elevation: 348.399998575928; Global Top Elevation: 450.001688397049; Global Bottom Elevation: 348.399998575928; Has Own Geometry: 1; Children Have Geometry: 0; Global X: -9186.65729778658; Global Y: 1205.3245939846; Global Z: 348.399998575928; Bounding Box Length: 459.649741454947; Bounding Box Width: 459.64873365007; Bounding Box Height: 101.601689821121; Layer: A-GENM
0SSvh4ccD6kxypL2hkhMbs,Oval_Sink_20694:Standard:565775,. Reference: Standard; Category: Generic Models; Reference: Standard; Project: 0001; Storey: Grond floor; Top Elevation: 450.00051642299; Bottom Elevation: 348.399998575928; Global Top Elevation: 450.00051642299; Global Bottom Elevation: 348.399998575928; Has Own Geometry: 1; Children Have Geometry: 0; Global X: -5302.34788639766; Global Y: -3414.37586983833; Global Z: 348.399998575928; Bounding Box Length: 459.648733650071; Bounding Box Width: 459.649741454946; Bounding Box Height: 101.600517847062; Layer: A-GENM
0SSvh4ccD6kxypL2hkhMbf,Oval_Sink_20694:Standard:565776,. Reference: Standard; Category: Generic Models; Reference: Standard; Project: 0001; Storey: Grond floor; Top Elevation: 450.00051642299; Bottom Elevation: 348.399998575928; Global Top Elevation: 450.00051642299; Global Bottom Elevation: 348.399998575928; Has Own Geometry: 1; Children Have Geometry: 0; Global X: -4934.65236018066; Global Y: -3046.68034362133; Global Z: 348.399998575928; Bounding Box Length: 459.64873365007; Bounding Box Width: 459.649741454946; Bounding Box Height: 101.600517847062; Layer: A-GENM
2JJqxZjqn96xzCFMbZMpfb,Door-Exterior-Double-Two_Lite:my door:388452,. IsExternal: 1; Reference: my door; Category: Doors; Reference: my door; Project: 0001; Storey: Grond floor; Top Elevation: 2685.2; Bottom Elevation: 450; Global Top Elevation: 2685.2; Global Bottom Elevation: 450; Has Own Geometry: 1; Children Have Geometry: 0; Global X: -1682.20530810509; Global Y: -11121.7274659434; Global Z: 450; Bounding Box Length: 1592.49266910053; Bounding Box Width: 573.443638175944; Bounding Box Height: 2235.2; Layer: A-DOOR
3frUtLYhn2wRjxngLympdN,M_Single-Flush:0813 x 2134mm:388565,. ProfileName: 0813 x 2134mm; IsExternal: 0; Reference: 0813 x 2134mm; ThermalTransmittance: 3.7021; Category: Doors; Reference: 0813 x 2134mm; Project: 0001; Storey: Grond floor; Top Elevation: 2660; Bottom Elevation: 450; Global Top Elevation: 2660; Global Bottom Elevation: 450; Has Own Geometry: 1; Children Have Geometry: 0; Global X: -1524.81313925125; Global Y: -9317.14175240525; Global Z: 450; Bounding Box Length: 414.519819605821; Bounding Box Width: 981.146662641429; Bounding Box Height: 2210; Layer: A-DOOR
3frUtLYhn2wRjxngLympep,M_Single-Flush:0813 x 2134mm:388657,. ProfileName: 0813 x 2134mm; Reference: 0813 x 2134mm; Category: Doors; Reference: 0813 x 2134mm; Project: 0001; Storey: Grond floor; Top Elevation: 2660; Bottom Elevation: 450; Global Top Elevation: 2660; Global Bottom Elevation: 450; Has Own Geometry: 1; Children Have Geometry: 0; Global X: -1002.87138308081; Global Y: -7234.4564537928; Global Z: 450; Bounding Box Length: 414.519819605821; Bounding Box Width: 981.146662641429; Bounding Box Height: 2210; Layer: A-DOOR
2KkamhFdbA7fwu_YagmsHI,M_Single-Flush:0813 x 2134mm:388784,. ProfileName: 0813 x 2134mm; Reference: 0813 x 2134mm; Category: Doors; Reference: 0813 x 2134mm; Project: 0001; Storey: Grond floor; Top Elevation: 2660; Bottom Elevation: 450; Global Top Elevation: 2660; Global Bottom Elevation: 450; Has Own Geometry: 1; Children Have Geometry: 0; Global X: 777.756931551673; Global Y: -7703.22542722153; Global Z: 450; Bounding Box Length: 414.519819605824; Bounding Box Width: 981.146662641429; Bounding Box Height: 2210; Layer: A-DOOR
2KkamhFdbA7fwu_Yagmt$$,Door-Double-Sliding:my door 2:390429,. ProfileName: my door 2; IsExternal: 0; Reference: my door 2; ThermalTransmittance: 3.128722913; Category: Doors; Reference: my door 2; Project: 0001; Storey: Grond floor; Top Elevation: 2558.2; Bottom Elevation: 450; Global Top Elevation: 2558.2; Global Bottom Elevation: 450; Has Own Geometry: 1; Children Have Geometry: 0; Global X: -594.350997149937; Global Y: -6692.76495761385; Global Z: 450; Bounding Box Length: 1648.12127928079; Bounding Box Width: 582.397591564949; Bounding Box Height: 2108.2; Layer: A-DOOR
3GmS7mABTBQuE6NPqBqFDT,"Flush_Door_with_Louvers_2218:24"" x 80"":412412",". ProfileName: 24"" x 80""; IsExternal: 0; Reference: 24"" x 80""; Category: Doors; Reference: 24"" x 80""; Project: 0001; Storey: Grond floor; Top Elevation: 2558.2; Bottom Elevation: 450; Global Top Elevation: 2558.2; Global Bottom Elevation: 450; Has Own Geometry: 1; Children Have Geometry: 0; Global X: 8823.50235332353; Global Y: -1890.85642193115; Global Z: 450; Bounding Box Length: 322.442072043783; Bounding Box Width: 769.646046640247; Bounding Box Height: 2108.2; Layer: A-DOOR"
3GmS7mABTBQuE6NPqBqFB8,M_Single-Flush:0762 x 2032mm:412521,. ProfileName: 0762 x 2032mm; IsExternal: 0; Reference: 0762 x 2032mm; ThermalTransmittance: 3.7021; Category: Doors; Reference: 0762 x 2032mm; Project: 0001; Storey: Grond floor; Top Elevation: 2558; Bottom Elevation: 450; Global Top Elevation: 2558; Global Bottom Elevation: 450; Has Own Geometry: 1; Children Have Geometry: 0; Global X: 8425.64184782487; Global Y: -3379.66230203934; Global Z: 450; Bounding Box Length: 360.977339421961; Bounding Box Width: 916.26857646439; Bounding Box Height: 2108; Layer: A-DOOR
0ILlj_8499jgSJqbi7BinW,M_Single-Flush:0762 x 2032mm:414370,. ProfileName: 0762 x 2032mm; Reference: 0762 x 2032mm; Category: Doors; Reference: 0762 x 2032mm; Project: 0001; Storey: Grond floor; Top Elevation: 2558; Bottom Elevation: 450; Global Top Elevation: 2558; Global Bottom Elevation: 450; Has Own Geometry: 1; Children Have Geometry: 0; Global X: 6676.30705056856; Global Y: -6214.34996679723; Global Z: 450; Bounding Box Length: 964.110615591523; Bounding Box Width: 539.684192374367; Bounding Box Height: 2108; Layer: A-DOOR
3wKqkC_119sv6KhOkFGFo5,Door-Double-Sliding1:showers:414682,. ProfileName: showers; IsExternal: 0; Reference: showers; ThermalTransmittance: 3.128722913; Category: Doors; Reference: showers; Project: 0001; Storey: Grond floor; Top Elevation: 2558.2; Bottom Elevation: 450; Global Top Elevation: 2558.2; Global Bottom Elevation: 450; Has Own Geometry: 1; Children Have Geometry: 0; Global X: 8156.94414369091; Global Y: -4935.77142527965; Global Z: 450; Bounding Box Length: 953.5692077329; Bounding Box Width: 371.68058150219; Bounding Box Height: 2108.2; Layer: A-DOOR
3wKqkC_119sv6KhOkFGFjL,Door-Double-Sliding1:showers:414730,. ProfileName: showers; IsExternal: 0; Reference: showers; ThermalTransmittance: 3.128722913; Category: Doors; Reference: showers; Project: 0001; Storey: Grond floor; Top Elevation: 2558.2; Bottom Elevation: 450; Global Top Elevation: 2558.2; Global Bottom Elevation: 450; Has Own Geometry: 1; Children Have Geometry: 0; Global X: 9122.98424810736; Global Y: -5194.16360135905; Global Z: 450; Bounding Box Length: 953.5692077329; Bounding Box Width: 371.680581502191; Bounding Box Height: 2108.2; Layer: A-DOOR
3wKqkC_119sv6KhOkFGFjl,Door-Double-Sliding1:showers:414768,. ProfileName: showers; IsExternal: 0; Reference: showers; ThermalTransmittance: 3.128722913; Category: Doors; Reference: showers; Project: 0001; Storey: Grond floor; Top Elevation: 2558.2; Bottom Elevation: 450; Global Top Elevation: 2558.2; Global Bottom Elevation: 450; Has Own Geometry: 1; Children Have Geometry: 0; Global X: 10310.2835904384; Global Y: -5511.92020558258; Global Z: 450; Bounding Box Length: 953.5692077329; Bounding Box Width: 371.68058150219; Bounding Box Height: 2108.2; Layer: A-DOOR
3wKqkC_119sv6KhOkFGFlT,Door-Double-Sliding1:showers:414850,. ProfileName: showers; IsExternal: 0; Reference: showers; ThermalTransmittance: 3.128722913; Category: Doors; Reference: showers; Project: 0001; Storey: Grond floor; Top Elevation: 2558.2; Bottom Elevation: 450; Global Top Elevation: 2558.2; Global Bottom Elevation: 450; Has Own Geometry: 1; Children Have Geometry: 0; Global X: 10851.7542474299; Global Y: -3489.33661275058; Global Z: 450; Bounding Box Length: 953.5692077329; Bounding Box Width: 371.68058150219; Bounding Box Height: 2108.2; Layer: A-DOOR
3wKqkC_119sv6KhOkFGFel,Door-Double-Sliding1:showers:415088,. ProfileName: showers; IsExternal: 0; Reference: showers; ThermalTransmittance: 3.128722913; Category: Doors; Reference: showers; Project: 0001; Storey: Grond floor; Top Elevation: 2558.2; Bottom Elevation: 450; Global Top Elevation: 2558.2; Global Bottom Elevation: 450; Has Own Geometry: 1; Children Have Geometry: 0; Global X: 8141.31385938825; Global Y: -4440.64214497069; Global Z: 450; Bounding Box Length: 371.68058150219; Bounding Box Width: 953.569207732898; Bounding Box Height: 2108.2; Layer: A-DOOR
09YPv4$b1CdgqALY37tPsu,M_Single-Flush:0813 x 2134mm:526017,. ProfileName: 0813 x 2134mm; IsExternal: 0; Reference: 0813 x 2134mm; ThermalTransmittance: 3.7021; Category: Doors; Reference: 0813 x 2134mm; Project: 0001; Storey: Grond floor; Top Elevation: 2660; Bottom Elevation: 450; Global Top Elevation: 2660; Global Bottom Elevation: 450; Has Own Geometry: 1; Children Have Geometry: 0; Global X: -2670.30234971557; Global Y: 1087.98671672138; Global Z: 450; Bounding Box Length: 869.034234078263; Bounding Box Width: 869.034234078263; Bounding Box Height: 2210; Layer: A-DOOR
3flyJIT_zA09n1j2TYE8nr,M_Single-Flush:0813 x 2134mm:530475,. ProfileName: 0813 x 2134mm; IsExternal: 0; Reference: 0813 x 2134mm; ThermalTransmittance: 3.7021; Category: Doors; Reference: 0813 x 2134mm; Project: 0001; Storey: Grond floor; Top Elevation: 2660; Bottom Elevation: 450; Global Top Elevation: 2660; Global Bottom Elevation: 450; Has Own Geometry: 1; Children Have Geometry: 0; Global X: -3692.01849600629; Global Y: -2164.04778553196; Global Z: 450; Bounding Box Length: 869.034234078263; Bounding Box Width: 869.034234078264; Bounding Box Height: 2210; Layer: A-DOOR
1iy4AzAKj4BuQtqHcsjlTD,"Flush_Door_with_Louvers_2218:24"" x 80"":531087",". ProfileName: 24"" x 80""; IsExternal: 0; Reference: 24"" x 80""; Category: Doors; Reference: 24"" x 80""; Project: 0001; Storey: Grond floor; Top Elevation: 2558.2; Bottom Elevation: 450; Global Top Elevation: 2558.2; Global Bottom Elevation: 450; Has Own Geometry: 1; Children Have Geometry: 0; Global X: -8112.89377674249; Global Y: 2639.0894211137; Global Z: 450; Bounding Box Length: 630.597827462165; Bounding Box Width: 630.597827462161; Bounding Box Height: 2108.2; Layer: A-DOOR"
0oaWyEpLXEbOSg6Xly61Ce,M_Single-Flush:0915 x 2134mm:543783,. ProfileName: 0915 x 2134mm; Reference: 0915 x 2134mm; Category: Doors; Reference: 0915 x 2134mm; Project: 0001; Storey: Grond floor; Top Elevation: 2660; Bottom Elevation: 450; Global Top Elevation: 2660; Global Bottom Elevation: 450; Has Own Geometry: 1; Children Have Geometry: 0; Global X: -4391.70055870945; Global Y: -5445.02315295663; Global Z: 450; Bounding Box Length: 976.514464818624; Bounding Box Width: 976.514464818634; Bounding Box Height: 2210; Layer: A-DOOR
1XtC_MuVf1wBP2klLVvfat,Door-Double-Sliding1:showers:545286,. ProfileName: showers; IsExternal: 0; Reference: showers; ThermalTransmittance: 3.128722913; Category: Doors; Reference: showers; Project: 0001; Storey: Grond floor; Top Elevation: 2558.2; Bottom Elevation: 450; Global Top Elevation: 2558.2; Global Bottom Elevation: 450; Has Own Geometry: 1; Children Have Geometry: 0; Global X: 6880.96350017473; Global Y: -4159.25701004077; Global Z: 450; Bounding Box Length: 426.25862037685; Bounding Box Width: 968.180425087944; Bounding Box Height: 2108.2; Layer: A-DOOR
0SSvh4ccD6kxypL2hkhLSU,"Flush_Door_with_Louvers_2218:24"" x 80"":564327",". ProfileName: 24"" x 80""; IsExternal: 0; Reference: 24"" x 80""; Category: Doors; Reference: 24"" x 80""; Project: 0001; Storey: Grond floor; Top Elevation: 2558.2; Bottom Elevation: 450; Global Top Elevation: 2558.2; Global Bottom Elevation: 450; Has Own Geometry: 1; Children Have Geometry: 0; Global X: -8400.46198669766; Global Y: 1723.18612539616; Global Z: 450; Bounding Box Length: 630.597827462161; Bounding Box Width: 630.597827462168; Bounding Box Height: 2108.2; Layer: A-DOOR"
0SSvh4ccD6kxypL2hkhLU4,"Flush_Door_with_Louvers_2218:24"" x 80"":564477",". ProfileName: 24"" x 80""; IsExternal: 0; Reference: 24"" x 80""; Category: Doors; Reference: 24"" x 80""; Project: 0001; Storey: Grond floor; Top Elevation: 2558.2; Bottom Elevation: 450; Global Top Elevation: 2558.2; Global Bottom Elevation: 450; Has Own Geometry: 1; Children Have Geometry: 0; Global X: -4459.57078903089; Global Y: -2217.70507227063; Global Z: 450; Bounding Box Length: 630.597827462159; Bounding Box Width: 630.597827462161; Bounding Box Height: 2108.2; Layer: A-DOOR"
0SSvh4ccD6kxypL2hkhLKV,"Flush_Door_with_Louvers_2218:24"" x 80"":564838",". ProfileName: 24"" x 80""; IsExternal: 0; Reference: 24"" x 80""; Category: Doors; Reference: 24"" x 80""; Project: 0001; Storey: Grond floor; Top Elevation: 2558.2; Bottom Elevation: 450; Global Top Elevation: 2558.2; Global Bottom Elevation: 450; Has Own Geometry: 1; Children Have Geometry: 0; Global X: -8554.46002193362; Global Y: -151.741367971397; Global Z: 450; Bounding Box Length: 630.597827462165; Bounding Box Width: 630.597827462161; Bounding Box Height: 2108.2; Layer: A-DOOR"
0SSvh4ccD6kxypL2hkhLMT,"Flush_Door_with_Louvers_2218:24"" x 80"":564964",". ProfileName: 24"" x 80""; IsExternal: 0; Reference: 24"" x 80""; Category: Doors; Reference: 24"" x 80""; Project: 0001; Storey: Grond floor; Top Elevation: 2558.2; Bottom Elevation: 450; Global Top Elevation: 2558.2; Global Bottom Elevation: 450; Has Own Geometry: 1; Children Have Geometry: 0; Global X: -7873.35108228897; Global Y: 529.367571673248; Global Z: 450; Bounding Box Length: 630.597827462166; Bounding Box Width: 630.597827462161; Bounding Box Height: 2108.2; Layer: A-DOOR"
0SSvh4ccD6kxypL2hkhLGh,"Flush_Door_with_Louvers_2218:24"" x 80"":565074",". ProfileName: 24"" x 80""; IsExternal: 0; Reference: 24"" x 80""; Category: Doors; Reference: 24"" x 80""; Project: 0001; Storey: Grond floor; Top Elevation: 2558.2; Bottom Elevation: 450; Global Top Elevation: 2558.2; Global Bottom Elevation: 450; Has Own Geometry: 1; Children Have Geometry: 0; Global X: -6238.94446825438; Global Y: -2361.70921388607; Global Z: 450; Bounding Box Length: 630.597827462165; Bounding Box Width: 630.597827462161; Bounding Box Height: 2108.2; Layer: A-DOOR"
0SSvh4ccD6kxypL2hkhLGg,"Flush_Door_with_Louvers_2218:24"" x 80"":565075",". ProfileName: 24"" x 80""; IsExternal: 0; Reference: 24"" x 80""; Category: Doors; Reference: 24"" x 80""; Project: 0001; Storey: Grond floor; Top Elevation: 2558.2; Bottom Elevation: 450; Global Top Elevation: 2558.2; Global Bottom Elevation: 450; Has Own Geometry: 1; Children Have Geometry: 0; Global X: -5591.4231007161; Global Y: -1714.18784634779; Global Z: 450; Bounding Box Length: 630.597827462164; Bounding Box Width: 630.597827462161; Bounding Box Height: 2108.2; Layer: A-DOOR"
2eyHDDjdL4vfbUgZPevVoK,Door-Double-Sliding1:elevator door:572417,. ProfileName: elevator door; IsExternal: 0; Reference: elevator door; ThermalTransmittance: 3.128722913; Category: Doors; Reference: elevator door; Project: 0001; Storey: Grond floor; Top Elevation: 2558.2; Bottom Elevation: 450; Global Top Elevation: 2558.2; Global Bottom Elevation: 450; Has Own Geometry: 1; Children Have Geometry: 0; Global X: -2920.13127034905; Global Y: -277.001381893427; Global Z: 450; Bounding Box Length: 1143.53308653488; Bounding Box Width: 1143.53308653489; Bounding Box Height: 2108.2; Layer: A-DOOR
0IUrb2HMzB$vQgKkoaZA6C,Toilet_Elongated_Contemporary_Neorest_1:MS980CMG:565941,". Reference: MS980CMG; NumberOfPoles: 1; NumberOfPoles: 1; Manufacturer: TOTO USA, Inc.; Manufacturer: TOTO USA, Inc.; Category: Plumbing Fixtures; Category: Plumbing Fixtures; Reference: MS980CMG; Reference: MS980CMG; Project: 0001; Storey: Grond floor; Top Elevation: 5191.68226130003; Bottom Elevation: 4508.31773869997; Global Top Elevation: 5191.68226130003; Global Bottom Elevation: 4508.31773869997; Has Own Geometry: 1; Children Have Geometry: 0; Global X: -6998.8098771983; Global Y: -375.495758789832; Global Z: 4508.31773869997; Bounding Box Length: 706.373876174682; Bounding Box Width: 704.779879392035; Bounding Box Height: 683.364522600059; Layer: P-SANR-FIXT"
0IUrb2HMzB$vQgKkoaZA6A,Toilet_Elongated_Contemporary_Neorest_1:MS980CMG:565939,". Reference: MS980CMG; NumberOfPoles: 1; NumberOfPoles: 1; Manufacturer: TOTO USA, Inc.; Manufacturer: TOTO USA, Inc.; Category: Plumbing Fixtures; Category: Plumbing Fixtures; Reference: MS980CMG; Reference: MS980CMG; Project: 0001; Storey: Grond floor; Top Elevation: 5191.68226130003; Bottom Elevation: 4508.31773869997; Global Top Elevation: 5191.68226130003; Global Bottom Elevation: 4508.31773869997; Has Own Geometry: 1; Children Have Geometry: 0; Global X: -7677.60905247079; Global Y: -1054.29493406233; Global Z: 4508.31773869997; Bounding Box Length: 706.373876174682; Bounding Box Width: 704.779879392035; Bounding Box Height: 683.364522600059; Layer: P-SANR-FIXT"
0IUrb2HMzB$vQgKkoaZA6B,Toilet_Elongated_Contemporary_Neorest_1:MS980CMG:565938,". Reference: MS980CMG; NumberOfPoles: 1; NumberOfPoles: 1; Manufacturer: TOTO USA, Inc.; Manufacturer: TOTO USA, Inc.; Category: Plumbing Fixtures; Category: Plumbing Fixtures; Reference: MS980CMG; Reference: MS980CMG; Project: 0001; Storey: Grond floor; Top Elevation: 5191.68226130003; Bottom Elevation: 4508.31773869997; Global Top Elevation: 5191.68226130003; Global Bottom Elevation: 4508.31773869997; Has Own Geometry: 1; Children Have Geometry: 0; Global X: -6515.47271295509; Global Y: -858.832923033049; Global Z: 4508.31773869997; Bounding Box Length: 704.779879392039; Bounding Box Width: 706.373876174681; Bounding Box Height: 683.364522600059; Layer: P-SANR-FIXT"
0IUrb2HMzB$vQgKkoaZA69,Toilet_Elongated_Contemporary_Neorest_1:MS980CMG:565936,". Reference: MS980CMG; NumberOfPoles: 1; NumberOfPoles: 1; Manufacturer: TOTO USA, Inc.; Manufacturer: TOTO USA, Inc.; Category: Plumbing Fixtures; Category: Plumbing Fixtures; Reference: MS980CMG; Reference: MS980CMG; Project: 0001; Storey: Grond floor; Top Elevation: 5191.68226130003; Bottom Elevation: 4508.31773869997; Global Top Elevation: 5191.68226130003; Global Bottom Elevation: 4508.31773869997; Has Own Geometry: 1; Children Have Geometry: 0; Global X: -7194.27188822758; Global Y: -1537.63209830554; Global Z: 4508.31773869997; Bounding Box Length: 704.779879392039; Bounding Box Width: 706.37387617468; Bounding Box Height: 683.364522600059; Layer: P-SANR-FIXT"
0SSvh4ccD6kxypL2hkhMjc,Toilet_Elongated_Contemporary_Neorest_1:MS980CMG:565279,". Reference: MS980CMG; NumberOfPoles: 1; NumberOfPoles: 1; Manufacturer: TOTO USA, Inc.; Manufacturer: TOTO USA, Inc.; Category: Plumbing Fixtures; Category: Plumbing Fixtures; Reference: MS980CMG; Reference: MS980CMG; Project: 0001; Storey: Grond floor; Top Elevation: 791.682261300028; Bottom Elevation: 108.317738699969; Global Top Elevation: 791.682261300028; Global Bottom Elevation: 108.317738699969; Has Own Geometry: 1; Children Have Geometry: 0; Global X: -6998.8098771983; Global Y: -375.495758789832; Global Z: 108.317738699969; Bounding Box Length: 706.373876174682; Bounding Box Width: 704.779879392035; Bounding Box Height: 683.364522600059; Layer: P-SANR-FIXT"
0SSvh4ccD6kxypL2hkhMja,Toilet_Elongated_Contemporary_Neorest_1:MS980CMG:565277,". Reference: MS980CMG; NumberOfPoles: 1; NumberOfPoles: 1; Manufacturer: TOTO USA, Inc.; Manufacturer: TOTO USA, Inc.; Category: Plumbing Fixtures; Category: Plumbing Fixtures; Reference: MS980CMG; Reference: MS980CMG; Project: 0001; Storey: Grond floor; Top Elevation: 791.682261300028; Bottom Elevation: 108.317738699969; Global Top Elevation: 791.682261300028; Global Bottom Elevation: 108.317738699969; Has Own Geometry: 1; Children Have Geometry: 0; Global X: -7677.60905247079; Global Y: -1054.29493406233; Global Z: 108.317738699969; Bounding Box Length: 706.373876174682; Bounding Box Width: 704.779879392035; Bounding Box Height: 683.364522600059; Layer: P-SANR-FIXT"
0SSvh4ccD6kxypL2hkhLJ1,Toilet_Elongated_Contemporary_Neorest_1:MS980CMG:565176,". Reference: MS980CMG; NumberOfPoles: 1; NumberOfPoles: 1; Manufacturer: TOTO USA, Inc.; Manufacturer: TOTO USA, Inc.; Category: Plumbing Fixtures; Category: Plumbing Fixtures; Reference: MS980CMG; Reference: MS980CMG; Project: 0001; Storey: Grond floor; Top Elevation: 791.682261300028; Bottom Elevation: 108.317738699969; Global Top Elevation: 791.682261300028; Global Bottom Elevation: 108.317738699969; Has Own Geometry: 1; Children Have Geometry: 0; Global X: -6515.47271295509; Global Y: -858.832923033049; Global Z: 108.317738699969; Bounding Box Length: 704.779879392039; Bounding Box Width: 706.373876174681; Bounding Box Height: 683.364522600059; Layer: P-SANR-FIXT"
0SSvh4ccD6kxypL2hkhLJp,Toilet_Elongated_Contemporary_Neorest_1:MS980CMG:565130,". Reference: MS980CMG; NumberOfPoles: 1; NumberOfPoles: 1; Manufacturer: TOTO USA, Inc.; Manufacturer: TOTO USA, Inc.; Category: Plumbing Fixtures; Category: Plumbing Fixtures; Reference: MS980CMG; Reference: MS980CMG; Project: 0001; Storey: Grond floor; Top Elevation: 791.682261300028; Bottom Elevation: 108.317738699969; Global Top Elevation: 791.682261300028; Global Bottom Elevation: 108.317738699969; Has Own Geometry: 1; Children Have Geometry: 0; Global X: -7194.27188822758; Global Y: -1537.63209830554; Global Z: 108.317738699969; Bounding Box Length: 704.779879392039; Bounding Box Width: 706.37387617468; Bounding Box Height: 683.364522600059; Layer: P-SANR-FIXT"
18J$4BjujFTBNZhLt6iXMW,Sink - Bathroom (4):660 x 560mm:560802,. Reference: 660 x 560mm; Manufacturer: Revit; Manufacturer: Revit; Category: Plumbing Fixtures; Category: Plumbing Fixtures; Reference: 660 x 560mm; Reference: 660 x 560mm; Project: 0001; Storey: Grond floor; Top Elevation: 678; Bottom Elevation: 441.283577100199; Global Top Elevation: 678; Global Bottom Elevation: 441.283577100199; Has Own Geometry: 1; Children Have Geometry: 0; Global X: -10280.2218611629; Global Y: 1264.44912245444; Global Z: 441.283577100199; Bounding Box Length: 675.888425574609; Bounding Box Width: 675.888425574605; Bounding Box Height: 236.716422899801; Layer: P-SANR-FIXT
0ILlj_8499jgSJqbi7Bj4l,Sink - Bathroom (4):660 x 560mm:413677,. Reference: 660 x 560mm; Manufacturer: Revit; Manufacturer: Revit; Category: Plumbing Fixtures; Category: Plumbing Fixtures; Reference: 660 x 560mm; Reference: 660 x 560mm; Project: 0001; Storey: Grond floor; Top Elevation: 678; Bottom Elevation: 441.283577100199; Global Top Elevation: 678; Global Bottom Elevation: 441.283577100199; Has Own Geometry: 1; Children Have Geometry: 0; Global X: 9999.68123177432; Global Y: -3489.8219741128; Global Z: 441.283577100199; Bounding Box Length: 615.343611927667; Bounding Box Width: 677.085714930719; Bounding Box Height: 236.716422899801; Layer: P-SANR-FIXT
0ILlj_8499jgSJqbi7Bj1X,Sink - Bathroom (4):660 x 560mm:413347,. Reference: 660 x 560mm; Manufacturer: Revit; Manufacturer: Revit; Category: Plumbing Fixtures; Category: Plumbing Fixtures; Reference: 660 x 560mm; Reference: 660 x 560mm; Project: 0001; Storey: Grond floor; Top Elevation: 678; Bottom Elevation: 441.283577100199; Global Top Elevation: 678; Global Bottom Elevation: 441.283577100199; Has Own Geometry: 1; Children Have Geometry: 0; Global X: 10299.6637473823; Global Y: -2369.28170695168; Global Z: 441.283577100199; Bounding Box Length: 615.343611927668; Bounding Box Width: 677.085714930719; Bounding Box Height: 236.716422899801; Layer: P-SANR-FIXT
3GmS7mABTBQuE6NPqBqFNG,Toilet_Elongated_Contemporary_Neorest_1:MS980CMG:412785,". Reference: MS980CMG; NumberOfPoles: 1; Manufacturer: TOTO USA, Inc.; Category: Plumbing Fixtures; Reference: MS980CMG; Project: 0001; Storey: Grond floor; Top Elevation: 791.682261300028; Bottom Elevation: 108.317738699968; Global Top Elevation: 791.682261300028; Global Bottom Elevation: 108.317738699968; Has Own Geometry: 1; Children Have Geometry: 0; Global X: 7774.98948392762; Global Y: -1582.23983283039; Global Z: 108.317738699968; Bounding Box Length: 651.049570582616; Bounding Box Width: 571.686806306822; Bounding Box Height: 683.364522600059; Layer: P-SANR-FIXT"
1IR9BSAyP9PhzDA3NiQpu8,Assembled Stair:Stair:528059,. Category: Stairs; Reference: 190mm max riser 250mm going; IsExternal: 0; NumberOfRiser: 24; NumberOfTreads: 22; Reference: 190mm max riser 250mm going; RiserHeight: 183.333333333333; TreadLength: 250; Project: 0001; Storey: Grond floor; Top Elevation: 5950; Bottom Elevation: 449.999999999999; Global Top Elevation: 5950; Global Bottom Elevation: 449.999999999999; Has Own Geometry: 0; Children Have Geometry: 1; Global X: -8232.52791470039; Global Y: 1112.86181518179; Global Z: 449.999999999999; Bounding Box Length: 5087.71808522288; Bounding Box Width: 5087.7180852229; Bounding Box Height: 5500
1IR9BSAyP9PhzDA3NiQo6Y,Assembled Stair:Stair:528059 Run 1,. ProfileName: 50mm Tread 13mm Riser; XDim: 250; YDim: 1400; ProfileName: 50mm Tread 13mm Riser; XDim: 1400; YDim: 12.5000000000004; ProfileName: 50mm Tread 13mm Riser; XDim: 1400; YDim: 12.4999999999997; ProfileName: 50mm Tread 13mm Riser; XDim: 1400; YDim: 12.4999999999997; ProfileName: 50mm Tread 13mm Riser; XDim: 250; YDim: 1400; ProfileName: 50mm Tread 13mm Riser; XDim: 1400; YDim: 12.4999999999996; ProfileName: 50mm Tread 13mm Riser; XDim: 250; YDim: 1400; ProfileName: 50mm Tread 13mm Riser; XDim: 1400; YDim: 12.4999999999997; ProfileName: 50mm Tread 13mm Riser; XDim: 250; YDim: 1400; ProfileName: 50mm Tread 13mm Riser; XDim: 1400; YDim: 12.4999999999997; ProfileName: 50mm Tread 13mm Riser; XDim: 250; YDim: 1400; ProfileName: 50mm Tread 13mm Riser; XDim: 1400; YDim: 12.4999999999997; ProfileName: 50mm Tread 13mm Riser; XDim: 1400; YDim: 12.4999999999997; ProfileName: 50mm Tread 13mm Riser; XDim: 250; YDim: 1400; ProfileName: 50mm Tread 13mm Riser; XDim: 1400; YDim: 12.4999999999997; ProfileName: 50mm Tread 13mm Riser; XDim: 250; YDim: 1400; ProfileName: 50mm Tread 13mm Riser; XDim: 1400; YDim: 12.4999999999997; ProfileName: 50mm Tread 13mm Riser; XDim: 249.999999999999; YDim: 1400; ProfileName: 50mm Tread 13mm Riser; XDim: 1400; YDim: 12.4999999999997; ProfileName: 50mm Tread 13mm Riser; XDim: 250; YDim: 1400; ProfileName: 50mm Tread 13mm Riser; XDim: 1400; YDim: 12.4999999999997; ProfileName: 50mm Tread 13mm Riser; XDim: 250; YDim: 1400; ProfileName: 50mm Tread 13mm Riser; XDim: 249.999999999999; YDim: 1400; Category: Runs; Reference: 50mm Tread 13mm Riser; NosingLength: 0; NumberOfRiser: 12; NumberOfTreads: 11; Reference: 50mm Tread 13mm Riser; RiserHeight: 183.333333333333; TreadLength: 250; TreadLengthAtInnerSide: 250; TreadLengthAtOffset: 250; WalkingLineOffset: 2.29658792650919; Project: 0001; Storey: Grond floor; Top Elevation: 2600; Bottom Elevation: 450; Global Top Elevation: 2600; Global Bottom Elevation: 450; Has Own Geometry: 1; Children Have Geometry: 0; Global X: -6123.49714522584; Global Y: 2205.42658670069; Global Z: 450; Bounding Box Length: 2943.331976689; Bounding Box Width: 2943.33197668901; Bounding Box Height: 2150; Layer: S-STRS
1IR9BSAyP9PhzDA3NiQo4f,Assembled Stair:Stair:528059 Run 2,. ProfileName: 50mm Tread 13mm Riser; XDim: 250.000000000002; YDim: 1400; ProfileName: 50mm Tread 13mm Riser; XDim: 1400; YDim: 12.5000000000004; ProfileName: 50mm Tread 13mm Riser; XDim: 1400; YDim: 12.5000000000005; ProfileName: 50mm Tread 13mm Riser; XDim: 1400; YDim: 12.5000000000005; ProfileName: 50mm Tread 13mm Riser; XDim: 249.999999999999; YDim: 1400; ProfileName: 50mm Tread 13mm Riser; XDim: 1400; YDim: 12.5000000000005; ProfileName: 50mm Tread 13mm Riser; XDim: 250.000000000002; YDim: 1400; ProfileName: 50mm Tread 13mm Riser; XDim: 1400; YDim: 12.5000000000004; ProfileName: 50mm Tread 13mm Riser; XDim: 250.000000000002; YDim: 1400; ProfileName: 50mm Tread 13mm Riser; XDim: 1400; YDim: 12.5000000000004; ProfileName: 50mm Tread 13mm Riser; XDim: 250.000000000002; YDim: 1400; ProfileName: 50mm Tread 13mm Riser; XDim: 1400; YDim: 12.5000000000004; ProfileName: 50mm Tread 13mm Riser; XDim: 1400; YDim: 12.5000000000004; ProfileName: 50mm Tread 13mm Riser; XDim: 250.000000000002; YDim: 1400; ProfileName: 50mm Tread 13mm Riser; XDim: 1400; YDim: 12.5000000000004; ProfileName: 50mm Tread 13mm Riser; XDim: 250.000000000002; YDim: 1400; ProfileName: 50mm Tread 13mm Riser; XDim: 1400; YDim: 12.5000000000004; ProfileName: 50mm Tread 13mm Riser; XDim: 250.000000000002; YDim: 1400; ProfileName: 50mm Tread 13mm Riser; XDim: 1400; YDim: 12.5000000000005; ProfileName: 50mm Tread 13mm Riser; XDim: 250.000000000002; YDim: 1400; ProfileName: 50mm Tread 13mm Riser; XDim: 1400; YDim: 12.5000000000004; ProfileName: 50mm Tread 13mm Riser; XDim: 250.000000000002; YDim: 1400; ProfileName: 50mm Tread 13mm Riser; XDim: 250.000000000002; YDim: 1400; Category: Runs; Reference: 50mm Tread 13mm Riser; NosingLength: 0; NumberOfRiser: 12; NumberOfTreads: 11; Reference: 50mm Tread 13mm Riser; RiserHeight: 183.333333333333; TreadLength: 250; TreadLengthAtInnerSide: 250; TreadLengthAtOffset: 250; WalkingLineOffset: 2.29658792650919; Project: 0001; Storey: Grond floor; Top Elevation: 4800; Bottom Elevation: 2600; Global Top Elevation: 4800; Global Bottom Elevation: 2600; Has Own Geometry: 1; Children Have Geometry: 0; Global X: -7171.86774292057; Global Y: 1139.37831947629; Global Z: 2600; Bounding Box Length: 2943.331976689; Bounding Box Width: 2943.33197668901; Bounding Box Height: 2200; Layer: S-STRS
1IR9BSAyP9PhzDA3NiQo4l,Assembled Stair:Stair:528059 Landing 1,. ProfileName: Non-Monolithic Landing; XDim: 2895.11991765308; YDim: 1400; Category: Landings; Reference: Non-Monolithic Landing; Reference: Non-Monolithic Landing; IsExternal: 0; Reference: Non-Monolithic Landing; Project: 0001; Storey: Grond floor; Top Elevation: 2650; Bottom Elevation: 2600; Global Top Elevation: 2650; Global Bottom Elevation: 2600; Has Own Geometry: 1; Children Have Geometry: 0; Global X: -8161.81723658174; Global Y: 3092.76080250413; Global Z: 2600; Bounding Box Length: 3037.1084197819; Bounding Box Width: 3037.10841978189; Bounding Box Height: 50; Layer: S-STRS
1IR9BSAyP9PhzDA3NiQo6W,Assembled Stair:Stair:528059 Stringer 1,. ProfileName: Stringer - 50mm Width; IsExternal: 0; Reference: Stringer - 50mm Width; Slope: 90; Category: Supports; Reference: Stringer - 50mm Width; Project: 0001; Storey: Grond floor; Top Elevation: 2680.8512539623; Bottom Elevation: 449.999999999999; Global Top Elevation: 2680.8512539623; Global Bottom Elevation: 449.999999999999; Has Own Geometry: 1; Children Have Geometry: 0; Global X: -6114.658310461; Global Y: 2170.07124764136; Global Z: 449.999999999999; Bounding Box Length: 1944.54364826299; Bounding Box Width: 1944.54364826301; Bounding Box Height: 2230.8512539623; Layer: S-STRS
1IR9BSAyP9PhzDA3NiQo6d,Assembled Stair:Stair:528059 Stringer 2,. ProfileName: Stringer - 50mm Width; IsExternal: 0; Reference: Stringer - 50mm Width; Slope: 36.2538377374448; Category: Supports; Reference: Stringer - 50mm Width; Project: 0001; Storey: Grond floor; Top Elevation: 2700; Bottom Elevation: 450.000000000001; Global Top Elevation: 2700; Global Bottom Elevation: 450.000000000001; Has Own Geometry: 1; Children Have Geometry: 0; Global X: -5200.41175143907; Global Y: 3195.37608036185; Global Z: 450.000000000001; Bounding Box Length: 2055.60192196156; Bounding Box Width: 2055.60192196157; Bounding Box Height: 2250; Layer: S-STRS
1IR9BSAyP9PhzDA3NiQo4j,Assembled Stair:Stair:528059 Stringer 3,. ProfileName: Stringer - 50mm Width; IsExternal: 0; Reference: Stringer - 50mm Width; Slope: 90; Category: Supports; Reference: Stringer - 50mm Width; Project: 0001; Storey: Grond floor; Top Elevation: 4917.51792062897; Bottom Elevation: 2404.82258095595; Global Top Elevation: 4917.51792062897; Global Bottom Elevation: 2404.82258095595; Has Own Geometry: 1; Children Have Geometry: 0; Global X: -6181.9182492594; Global Y: 2138.16664790228; Global Z: 2404.82258095595; Bounding Box Length: 1979.89898732233; Bounding Box Width: 1979.89898732234; Bounding Box Height: 2512.69533967302; Layer: S-STRS
1IR9BSAyP9PhzDA3NiQo4i,Assembled Stair:Stair:528059 Stringer 4,. ProfileName: Stringer - 50mm Width; IsExternal: 0; Reference: Stringer - 50mm Width; Slope: 90; Category: Supports; Reference: Stringer - 50mm Width; Project: 0001; Storey: Grond floor; Top Elevation: 4917.51792062898; Bottom Elevation: 2300; Global Top Elevation: 4917.51792062898; Global Bottom Elevation: 2300; Has Own Geometry: 1; Children Have Geometry: 0; Global X: -7400.89119609794; Global Y: 1112.86181518179; Global Z: 2300; Bounding Box Length: 2173.56710144037; Bounding Box Width: 2173.56710144038; Bounding Box Height: 2617.51792062898; Layer: S-STRS
1IR9BSAyP9PhzDA3NiQo4J,Assembled Stair:Stair:528059 Stringer 5,. ProfileName: Stringer - 50mm Width; XDim: 45.1199176530809; YDim: 49.9999999999999; IsExternal: 0; Reference: Stringer - 50mm Width; Slope: 0; Category: Supports; Reference: Stringer - 50mm Width; Project: 0001; Storey: Grond floor; Top Elevation: 2700; Bottom Elevation: 2300; Global Top Elevation: 2700; Global Bottom Elevation: 2300; Has Own Geometry: 1; Children Have Geometry: 0; Global X: -6146.56291020008; Global Y: 4082.7102961653; Global Z: 2300; Bounding Box Length: 67.2599387983992; Bounding Box Width: 67.2599387983937; Bounding Box Height: 400; Layer: S-STRS
1IR9BSAyP9PhzDA3NiQo4I,Assembled Stair:Stair:528059 Stringer 6,. IsExternal: 0; Reference: Stringer - 50mm Width; Slope: 0; Category: Supports; Reference: Stringer - 50mm Width; Project: 0001; Storey: Grond floor; Top Elevation: 2700; Bottom Elevation: 2300; Global Top Elevation: 2700; Global Bottom Elevation: 2300; Has Own Geometry: 1; Children Have Geometry: 0; Global X: -6114.658310461; Global Y: 5123.02830980346; Global Z: 2300; Bounding Box Length: 1042.1962515419; Bounding Box Width: 1077.55159060123; Bounding Box Height: 400; Layer: S-STRS
1IR9BSAyP9PhzDA3NiQo4H,Assembled Stair:Stair:528059 Stringer 7,. ProfileName: Stringer - 50mm Width; IsExternal: 0; Reference: Stringer - 50mm Width; Slope: 0; Category: Supports; Reference: Stringer - 50mm Width; Project: 0001; Storey: Grond floor; Top Elevation: 2700; Bottom Elevation: 2300; Global Top Elevation: 2700; Global Bottom Elevation: 2300; Has Own Geometry: 1; Children Have Geometry: 0; Global X: -8232.52791470039; Global Y: 4082.7102961653; Global Z: 2300; Bounding Box Length: 2117.86960423939; Bounding Box Width: 2117.86960423938; Bounding Box Height: 400; Layer: S-STRS
1IR9BSAyP9PhzDA3NiQo4G,Assembled Stair:Stair:528059 Stringer 8,. IsExternal: 0; Reference: Stringer - 50mm Width; Slope: 0; Category: Supports; Reference: Stringer - 50mm Width; Project: 0001; Storey: Grond floor; Top Elevation: 2700; Bottom Elevation: 2300; Global Top Elevation: 2700; Global Bottom Elevation: 2300; Has Own Geometry: 1; Children Have Geometry: 0; Global X: -8232.52791470039; Global Y: 3158.47922410221; Global Z: 2300; Bounding Box Length: 959.586411122417; Bounding Box Width: 924.231072063094; Bounding Box Height: 400; Layer: S-STRS
1IR9BSAyP9PhzDA3NiQo46,Railing:1100mm:528821,. Category: Railings; Reference: 1100mm; Height: 1100; IsExternal: 0; Reference: 1100mm; Project: 0001; Storey: Grond floor; Top Elevation: 5950; Bottom Elevation: 633.333333333333; Global Top Elevation: 5950; Global Bottom Elevation: 633.333333333333; Has Own Geometry: 1; Children Have Geometry: 0; Global X: -8161.25155115679; Global Y: 1148.4999969536; Global Z: 633.333333333333; Bounding Box Length: 4980.80353990748; Bounding Box Width: 4980.80353990748; Bounding Box Height: 5316.66666666667; Layer: A-FLOR-HRAL
1IR9BSAyP9PhzDA3NiQo4A,Railing:1100mm:528825,. Category: Railings; Reference: 1100mm; Height: 1100; IsExternal: 0; Reference: 1100mm; Project: 0001; Storey: Grond floor; Top Elevation: 5950; Bottom Elevation: 633.333333333333; Global Top Elevation: 5950; Global Bottom Elevation: 633.333333333333; Has Own Geometry: 1; Children Have Geometry: 0; Global X: -6253.19461280301; Global Y: 2102.52846613049; Global Z: 633.333333333333; Bounding Box Length: 2118.71813237681; Bounding Box Width: 2118.71813237683; Bounding Box Height: 5316.66666666667; Layer: A-FLOR-HRAL
1cjAhzUD134eMk5cbRlrPa,Assembled Stair:Stair:542598,. Category: Stairs; Reference: 190mm max riser 250mm going; IsExternal: 0; NumberOfRiser: 24; NumberOfTreads: 22; Reference: 190mm max riser 250mm going; RiserHeight: 183.333333333333; TreadLength: 250; Project: 0001; Storey: Grond floor; Top Elevation: 5950; Bottom Elevation: 449.999999999999; Global Top Elevation: 5950; Global Bottom Elevation: 449.999999999999; Has Own Geometry: 0; Children Have Geometry: 1; Global X: -8232.52791470039; Global Y: 1112.86181518179; Global Z: 449.999999999999; Bounding Box Length: 5087.71808522288; Bounding Box Width: 5087.7180852229; Bounding Box Height: 5500
1cjAhzUD134eMk5cbRlrPb,Assembled Stair:Stair:542598 Run 1,. ProfileName: 50mm Tread 13mm Riser; XDim: 250; YDim: 1400; ProfileName: 50mm Tread 13mm Riser; XDim: 1400; YDim: 12.5000000000004; ProfileName: 50mm Tread 13mm Riser; XDim: 1400; YDim: 12.4999999999997; ProfileName: 50mm Tread 13mm Riser; XDim: 1400; YDim: 12.4999999999997; ProfileName: 50mm Tread 13mm Riser; XDim: 250; YDim: 1400; ProfileName: 50mm Tread 13mm Riser; XDim: 1400; YDim: 12.4999999999996; ProfileName: 50mm Tread 13mm Riser; XDim: 250; YDim: 1400; ProfileName: 50mm Tread 13mm Riser; XDim: 1400; YDim: 12.4999999999997; ProfileName: 50mm Tread 13mm Riser; XDim: 250; YDim: 1400; ProfileName: 50mm Tread 13mm Riser; XDim: 1400; YDim: 12.4999999999997; ProfileName: 50mm Tread 13mm Riser; XDim: 250; YDim: 1400; ProfileName: 50mm Tread 13mm Riser; XDim: 1400; YDim: 12.4999999999997; ProfileName: 50mm Tread 13mm Riser; XDim: 1400; YDim: 12.4999999999997; ProfileName: 50mm Tread 13mm Riser; XDim: 250; YDim: 1400; ProfileName: 50mm Tread 13mm Riser; XDim: 1400; YDim: 12.4999999999997; ProfileName: 50mm Tread 13mm Riser; XDim: 250; YDim: 1400; ProfileName: 50mm Tread 13mm Riser; XDim: 1400; YDim: 12.4999999999997; ProfileName: 50mm Tread 13mm Riser; XDim: 249.999999999999; YDim: 1400; ProfileName: 50mm Tread 13mm Riser; XDim: 1400; YDim: 12.4999999999997; ProfileName: 50mm Tread 13mm Riser; XDim: 250; YDim: 1400; ProfileName: 50mm Tread 13mm Riser; XDim: 1400; YDim: 12.4999999999997; ProfileName: 50mm Tread 13mm Riser; XDim: 250; YDim: 1400; ProfileName: 50mm Tread 13mm Riser; XDim: 249.999999999999; YDim: 1400; Category: Runs; Reference: 50mm Tread 13mm Riser; NosingLength: 0; NumberOfRiser: 12; NumberOfTreads: 11; Reference: 50mm Tread 13mm Riser; RiserHeight: 183.333333333333; TreadLength: 250; TreadLengthAtInnerSide: 250; TreadLengthAtOffset: 250; WalkingLineOffset: 2.29658792650919; Project: 0001; Storey: Grond floor; Top Elevation: 2600; Bottom Elevation: 450; Global Top Elevation: 2600; Global Bottom Elevation: 450; Has Own Geometry: 1; Children Have Geometry: 0; Global X: -6123.49714522584; Global Y: 2205.42658670069; Global Z: 450; Bounding Box Length: 2943.331976689; Bounding Box Width: 2943.33197668901; Bounding Box Height: 2150; Layer: S-STRS
1cjAhzUD134eMk5cbRlrPf,Assembled Stair:Stair:542598 Run 2,. ProfileName: 50mm Tread 13mm Riser; XDim: 250.000000000002; YDim: 1400; ProfileName: 50mm Tread 13mm Riser; XDim: 1400; YDim: 12.5000000000004; ProfileName: 50mm Tread 13mm Riser; XDim: 1400; YDim: 12.5000000000005; ProfileName: 50mm Tread 13mm Riser; XDim: 1400; YDim: 12.5000000000005; ProfileName: 50mm Tread 13mm Riser; XDim: 249.999999999999; YDim: 1400; ProfileName: 50mm Tread 13mm Riser; XDim: 1400; YDim: 12.5000000000005; ProfileName: 50mm Tread 13mm Riser; XDim: 250.000000000002; YDim: 1400; ProfileName: 50mm Tread 13mm Riser; XDim: 1400; YDim: 12.5000000000004; ProfileName: 50mm Tread 13mm Riser; XDim: 250.000000000002; YDim: 1400; ProfileName: 50mm Tread 13mm Riser; XDim: 1400; YDim: 12.5000000000004; ProfileName: 50mm Tread 13mm Riser; XDim: 250.000000000002; YDim: 1400; ProfileName: 50mm Tread 13mm Riser; XDim: 1400; YDim: 12.5000000000004; ProfileName: 50mm Tread 13mm Riser; XDim: 1400; YDim: 12.5000000000004; ProfileName: 50mm Tread 13mm Riser; XDim: 250.000000000002; YDim: 1400; ProfileName: 50mm Tread 13mm Riser; XDim: 1400; YDim: 12.5000000000004; ProfileName: 50mm Tread 13mm Riser; XDim: 250.000000000002; YDim: 1400; ProfileName: 50mm Tread 13mm Riser; XDim: 1400; YDim: 12.5000000000004; ProfileName: 50mm Tread 13mm Riser; XDim: 250.000000000002; YDim: 1400; ProfileName: 50mm Tread 13mm Riser; XDim: 1400; YDim: 12.5000000000005; ProfileName: 50mm Tread 13mm Riser; XDim: 250.000000000002; YDim: 1400; ProfileName: 50mm Tread 13mm Riser; XDim: 1400; YDim: 12.5000000000004; ProfileName: 50mm Tread 13mm Riser; XDim: 250.000000000002; YDim: 1400; ProfileName: 50mm Tread 13mm Riser; XDim: 250.000000000002; YDim: 1400; Category: Runs; Reference: 50mm Tread 13mm Riser; NosingLength: 0; NumberOfRiser: 12; NumberOfTreads: 11; Reference: 50mm Tread 13mm Riser; RiserHeight: 183.333333333333; TreadLength: 250; TreadLengthAtInnerSide: 250; TreadLengthAtOffset: 250; WalkingLineOffset: 2.29658792650919; Project: 0001; Storey: Grond floor; Top Elevation: 4800; Bottom Elevation: 2600; Global Top Elevation: 4800; Global Bottom Elevation: 2600; Has Own Geometry: 1; Children Have Geometry: 0; Global X: -7171.86774292057; Global Y: 1139.37831947629; Global Z: 2600; Bounding Box Length: 2943.331976689; Bounding Box Width: 2943.33197668901; Bounding Box Height: 2200; Layer: S-STRS
1cjAhzUD134eMk5cbRlrPl,Assembled Stair:Stair:542598 Landing 1,. ProfileName: Non-Monolithic Landing; XDim: 2895.11991765308; YDim: 1400; Category: Landings; Reference: Non-Monolithic Landing; Reference: Non-Monolithic Landing; IsExternal: 0; Reference: Non-Monolithic Landing; Project: 0001; Storey: Grond floor; Top Elevation: 2650; Bottom Elevation: 2600; Global Top Elevation: 2650; Global Bottom Elevation: 2600; Has Own Geometry: 1; Children Have Geometry: 0; Global X: -8161.81723658174; Global Y: 3092.76080250413; Global Z: 2600; Bounding Box Length: 3037.1084197819; Bounding Box Width: 3037.10841978189; Bounding Box Height: 50; Layer: S-STRS
1cjAhzUD134eMk5cbRlrPh,Assembled Stair:Stair:542598 Stringer 1,. ProfileName: Stringer - 50mm Width; IsExternal: 0; Reference: Stringer - 50mm Width; Slope: 90; Category: Supports; Reference: Stringer - 50mm Width; Project: 0001; Storey: Grond floor; Top Elevation: 2680.8512539623; Bottom Elevation: 449.999999999999; Global Top Elevation: 2680.8512539623; Global Bottom Elevation: 449.999999999999; Has Own Geometry: 1; Children Have Geometry: 0; Global X: -6114.658310461; Global Y: 2170.07124764136; Global Z: 449.999999999999; Bounding Box Length: 1944.54364826299; Bounding Box Width: 1944.54364826301; Bounding Box Height: 2230.8512539623; Layer: S-STRS
1cjAhzUD134eMk5cbRlrPe,Assembled Stair:Stair:542598 Stringer 2,. ProfileName: Stringer - 50mm Width; IsExternal: 0; Reference: Stringer - 50mm Width; Slope: 36.2538377374448; Category: Supports; Reference: Stringer - 50mm Width; Project: 0001; Storey: Grond floor; Top Elevation: 2700; Bottom Elevation: 450.000000000001; Global Top Elevation: 2700; Global Bottom Elevation: 450.000000000001; Has Own Geometry: 1; Children Have Geometry: 0; Global X: -5200.41175143907; Global Y: 3195.37608036185; Global Z: 450.000000000001; Bounding Box Length: 2055.60192196156; Bounding Box Width: 2055.60192196157; Bounding Box Height: 2250; Layer: S-STRS
1cjAhzUD134eMk5cbRlrPj,Assembled Stair:Stair:542598 Stringer 3,. ProfileName: Stringer - 50mm Width; IsExternal: 0; Reference: Stringer - 50mm Width; Slope: 90; Category: Supports; Reference: Stringer - 50mm Width; Project: 0001; Storey: Grond floor; Top Elevation: 4917.51792062897; Bottom Elevation: 2404.82258095595; Global Top Elevation: 4917.51792062897; Global Bottom Elevation: 2404.82258095595; Has Own Geometry: 1; Children Have Geometry: 0; Global X: -6181.9182492594; Global Y: 2138.16664790228; Global Z: 2404.82258095595; Bounding Box Length: 1979.89898732233; Bounding Box Width: 1979.89898732234; Bounding Box Height: 2512.69533967302; Layer: S-STRS
1cjAhzUD134eMk5cbRlrPo,Assembled Stair:Stair:542598 Stringer 4,. ProfileName: Stringer - 50mm Width; IsExternal: 0; Reference: Stringer - 50mm Width; Slope: 90; Category: Supports; Reference: Stringer - 50mm Width; Project: 0001; Storey: Grond floor; Top Elevation: 4917.51792062898; Bottom Elevation: 2300; Global Top Elevation: 4917.51792062898; Global Bottom Elevation: 2300; Has Own Geometry: 1; Children Have Geometry: 0; Global X: -7400.89119609794; Global Y: 1112.86181518179; Global Z: 2300; Bounding Box Length: 2173.56710144037; Bounding Box Width: 2173.56710144038; Bounding Box Height: 2617.51792062898; Layer: S-STRS
1cjAhzUD134eMk5cbRlrPp,Assembled Stair:Stair:542598 Stringer 5,. ProfileName: Stringer - 50mm Width; XDim: 45.1199176530809; YDim: 49.9999999999999; IsExternal: 0; Reference: Stringer - 50mm Width; Slope: 0; Category: Supports; Reference: Stringer - 50mm Width; Project: 0001; Storey: Grond floor; Top Elevation: 2700; Bottom Elevation: 2300; Global Top Elevation: 2700; Global Bottom Elevation: 2300; Has Own Geometry: 1; Children Have Geometry: 0; Global X: -6146.56291020008; Global Y: 4082.7102961653; Global Z: 2300; Bounding Box Length: 67.2599387983992; Bounding Box Width: 67.2599387983937; Bounding Box Height: 400; Layer: S-STRS
1cjAhzUD134eMk5cbRlrPm,Assembled Stair:Stair:542598 Stringer 6,. IsExternal: 0; Reference: Stringer - 50mm Width; Slope: 0; Category: Supports; Reference: Stringer - 50mm Width; Project: 0001; Storey: Grond floor; Top Elevation: 2700; Bottom Elevation: 2300; Global Top Elevation: 2700; Global Bottom Elevation: 2300; Has Own Geometry: 1; Children Have Geometry: 0; Global X: -6114.658310461; Global Y: 5123.02830980346; Global Z: 2300; Bounding Box Length: 1042.1962515419; Bounding Box Width: 1077.55159060123; Bounding Box Height: 400; Layer: S-STRS
1cjAhzUD134eMk5cbRlrPn,Assembled Stair:Stair:542598 Stringer 7,. ProfileName: Stringer - 50mm Width; IsExternal: 0; Reference: Stringer - 50mm Width; Slope: 0; Category: Supports; Reference: Stringer - 50mm Width; Project: 0001; Storey: Grond floor; Top Elevation: 2700; Bottom Elevation: 2300; Global Top Elevation: 2700; Global Bottom Elevation: 2300; Has Own Geometry: 1; Children Have Geometry: 0; Global X: -8232.52791470039; Global Y: 4082.7102961653; Global Z: 2300; Bounding Box Length: 2117.86960423939; Bounding Box Width: 2117.86960423938; Bounding Box Height: 400; Layer: S-STRS
1cjAhzUD134eMk5cbRlrPs,Assembled Stair:Stair:542598 Stringer 8,. IsExternal: 0; Reference: Stringer - 50mm Width; Slope: 0; Category: Supports; Reference: Stringer - 50mm Width; Project: 0001; Storey: Grond floor; Top Elevation: 2700; Bottom Elevation: 2300; Global Top Elevation: 2700; Global Bottom Elevation: 2300; Has Own Geometry: 1; Children Have Geometry: 0; Global X: -8232.52791470039; Global Y: 3158.47922410221; Global Z: 2300; Bounding Box Length: 959.586411122417; Bounding Box Width: 924.231072063094; Bounding Box Height: 400; Layer: S-STRS
1cjAhzUD134eMk5cbRlrPt,Railing:1100mm:542613,. Category: Railings; Reference: 1100mm; Height: 1100; IsExternal: 0; Reference: 1100mm; Project: 0001; Storey: Grond floor; Top Elevation: 5950; Bottom Elevation: 633.333333333333; Global Top Elevation: 5950; Global Bottom Elevation: 633.333333333333; Has Own Geometry: 1; Children Have Geometry: 0; Global X: -8161.25155115679; Global Y: 1148.4999969536; Global Z: 633.333333333333; Bounding Box Length: 4980.80353990748; Bounding Box Width: 4980.80353990748; Bounding Box Height: 5316.66666666667; Layer: A-FLOR-HRAL
1cjAhzUD134eMk5cbRlrPx,Railing:1100mm:542617,. Category: Railings; Reference: 1100mm; Height: 1100; IsExternal: 0; Reference: 1100mm; Project: 0001; Storey: Grond floor; Top Elevation: 5950; Bottom Elevation: 633.333333333333; Global Top Elevation: 5950; Global Bottom Elevation: 633.333333333333; Has Own Geometry: 1; Children Have Geometry: 0; Global X: -6253.19461280301; Global Y: 2102.52846613049; Global Z: 633.333333333333; Bounding Box Length: 2118.71813237681; Bounding Box Width: 2118.71813237683; Bounding Box Height: 5316.66666666667; Layer: A-FLOR-HRAL
1cjAhzUD134eMk5cbRlrOu,Assembled Stair:Stair:542682,. Category: Stairs; Reference: 190mm max riser 250mm going; IsExternal: 0; NumberOfRiser: 24; NumberOfTreads: 22; Reference: 190mm max riser 250mm going; RiserHeight: 183.333333333333; TreadLength: 250; Project: 0001; Storey: Grond floor; Top Elevation: 5950; Bottom Elevation: 449.999999999999; Global Top Elevation: 5950; Global Bottom Elevation: 449.999999999999; Has Own Geometry: 0; Children Have Geometry: 1; Global X: -8232.52791470039; Global Y: 1112.86181518179; Global Z: 449.999999999999; Bounding Box Length: 5087.71808522288; Bounding Box Width: 5087.7180852229; Bounding Box Height: 5500
1cjAhzUD134eMk5cbRlrOv,Assembled Stair:Stair:542682 Run 1,. ProfileName: 50mm Tread 13mm Riser; XDim: 250; YDim: 1400; ProfileName: 50mm Tread 13mm Riser; XDim: 1400; YDim: 12.5000000000004; ProfileName: 50mm Tread 13mm Riser; XDim: 1400; YDim: 12.4999999999997; ProfileName: 50mm Tread 13mm Riser; XDim: 1400; YDim: 12.4999999999997; ProfileName: 50mm Tread 13mm Riser; XDim: 250; YDim: 1400; ProfileName: 50mm Tread 13mm Riser; XDim: 1400; YDim: 12.4999999999996; ProfileName: 50mm Tread 13mm Riser; XDim: 250; YDim: 1400; ProfileName: 50mm Tread 13mm Riser; XDim: 1400; YDim: 12.4999999999997; ProfileName: 50mm Tread 13mm Riser; XDim: 250; YDim: 1400; ProfileName: 50mm Tread 13mm Riser; XDim: 1400; YDim: 12.4999999999997; ProfileName: 50mm Tread 13mm Riser; XDim: 250; YDim: 1400; ProfileName: 50mm Tread 13mm Riser; XDim: 1400; YDim: 12.4999999999997; ProfileName: 50mm Tread 13mm Riser; XDim: 1400; YDim: 12.4999999999997; ProfileName: 50mm Tread 13mm Riser; XDim: 250; YDim: 1400; ProfileName: 50mm Tread 13mm Riser; XDim: 1400; YDim: 12.4999999999997; ProfileName: 50mm Tread 13mm Riser; XDim: 250; YDim: 1400; ProfileName: 50mm Tread 13mm Riser; XDim: 1400; YDim: 12.4999999999997; ProfileName: 50mm Tread 13mm Riser; XDim: 249.999999999999; YDim: 1400; ProfileName: 50mm Tread 13mm Riser; XDim: 1400; YDim: 12.4999999999997; ProfileName: 50mm Tread 13mm Riser; XDim: 250; YDim: 1400; ProfileName: 50mm Tread 13mm Riser; XDim: 1400; YDim: 12.4999999999997; ProfileName: 50mm Tread 13mm Riser; XDim: 250; YDim: 1400; ProfileName: 50mm Tread 13mm Riser; XDim: 249.999999999999; YDim: 1400; Category: Runs; Reference: 50mm Tread 13mm Riser; NosingLength: 0; NumberOfRiser: 12; NumberOfTreads: 11; Reference: 50mm Tread 13mm Riser; RiserHeight: 183.333333333333; TreadLength: 250; TreadLengthAtInnerSide: 250; TreadLengthAtOffset: 250; WalkingLineOffset: 2.29658792650919; Project: 0001; Storey: Grond floor; Top Elevation: 2600; Bottom Elevation: 450; Global Top Elevation: 2600; Global Bottom Elevation: 450; Has Own Geometry: 1; Children Have Geometry: 0; Global X: -6123.49714522584; Global Y: 2205.42658670069; Global Z: 450; Bounding Box Length: 2943.331976689; Bounding Box Width: 2943.33197668901; Bounding Box Height: 2150; Layer: S-STRS
1cjAhzUD134eMk5cbRlrOz,Assembled Stair:Stair:542682 Run 2,. ProfileName: 50mm Tread 13mm Riser; XDim: 250.000000000002; YDim: 1400; ProfileName: 50mm Tread 13mm Riser; XDim: 1400; YDim: 12.5000000000004; ProfileName: 50mm Tread 13mm Riser; XDim: 1400; YDim: 12.5000000000005; ProfileName: 50mm Tread 13mm Riser; XDim: 1400; YDim: 12.5000000000005; ProfileName: 50mm Tread 13mm Riser; XDim: 249.999999999999; YDim: 1400; ProfileName: 50mm Tread 13mm Riser; XDim: 1400; YDim: 12.5000000000005; ProfileName: 50mm Tread 13mm Riser; XDim: 250.000000000002; YDim: 1400; ProfileName: 50mm Tread 13mm Riser; XDim: 1400; YDim: 12.5000000000004; ProfileName: 50mm Tread 13mm Riser; XDim: 250.000000000002; YDim: 1400; ProfileName: 50mm Tread 13mm Riser; XDim: 1400; YDim: 12.5000000000004; ProfileName: 50mm Tread 13mm Riser; XDim: 250.000000000002; YDim: 1400; ProfileName: 50mm Tread 13mm Riser; XDim: 1400; YDim: 12.5000000000004; ProfileName: 50mm Tread 13mm Riser; XDim: 1400; YDim: 12.5000000000004; ProfileName: 50mm Tread 13mm Riser; XDim: 250.000000000002; YDim: 1400; ProfileName: 50mm Tread 13mm Riser; XDim: 1400; YDim: 12.5000000000004; ProfileName: 50mm Tread 13mm Riser; XDim: 250.000000000002; YDim: 1400; ProfileName: 50mm Tread 13mm Riser; XDim: 1400; YDim: 12.5000000000004; ProfileName: 50mm Tread 13mm Riser; XDim: 250.000000000002; YDim: 1400; ProfileName: 50mm Tread 13mm Riser; XDim: 1400; YDim: 12.5000000000005; ProfileName: 50mm Tread 13mm Riser; XDim: 250.000000000002; YDim: 1400; ProfileName: 50mm Tread 13mm Riser; XDim: 1400; YDim: 12.5000000000004; ProfileName: 50mm Tread 13mm Riser; XDim: 250.000000000002; YDim: 1400; ProfileName: 50mm Tread 13mm Riser; XDim: 250.000000000002; YDim: 1400; Category: Runs; Reference: 50mm Tread 13mm Riser; NosingLength: 0; NumberOfRiser: 12; NumberOfTreads: 11; Reference: 50mm Tread 13mm Riser; RiserHeight: 183.333333333333; TreadLength: 250; TreadLengthAtInnerSide: 250; TreadLengthAtOffset: 250; WalkingLineOffset: 2.29658792650919; Project: 0001; Storey: Grond floor; Top Elevation: 4800; Bottom Elevation: 2600; Global Top Elevation: 4800; Global Bottom Elevation: 2600; Has Own Geometry: 1; Children Have Geometry: 0; Global X: -7171.86774292057; Global Y: 1139.37831947629; Global Z: 2600; Bounding Box Length: 2943.331976689; Bounding Box Width: 2943.33197668901; Bounding Box Height: 2200; Layer: S-STRS
1cjAhzUD134eMk5cbRlrO3,Assembled Stair:Stair:542682 Landing 1,. ProfileName: Non-Monolithic Landing; XDim: 2895.11991765308; YDim: 1400; Category: Landings; Reference: Non-Monolithic Landing; Reference: Non-Monolithic Landing; IsExternal: 0; Reference: Non-Monolithic Landing; Project: 0001; Storey: Grond floor; Top Elevation: 2650; Bottom Elevation: 2600; Global Top Elevation: 2650; Global Bottom Elevation: 2600; Has Own Geometry: 1; Children Have Geometry: 0; Global X: -8161.81723658174; Global Y: 3092.76080250413; Global Z: 2600; Bounding Box Length: 3037.1084197819; Bounding Box Width: 3037.10841978189; Bounding Box Height: 50; Layer: S-STRS
1cjAhzUD134eMk5cbRlrO$,Assembled Stair:Stair:542682 Stringer 1,. ProfileName: Stringer - 50mm Width; IsExternal: 0; Reference: Stringer - 50mm Width; Slope: 90; Category: Supports; Reference: Stringer - 50mm Width; Project: 0001; Storey: Grond floor; Top Elevation: 2680.8512539623; Bottom Elevation: 449.999999999999; Global Top Elevation: 2680.8512539623; Global Bottom Elevation: 449.999999999999; Has Own Geometry: 1; Children Have Geometry: 0; Global X: -6114.658310461; Global Y: 2170.07124764136; Global Z: 449.999999999999; Bounding Box Length: 1944.54364826299; Bounding Box Width: 1944.54364826301; Bounding Box Height: 2230.8512539623; Layer: S-STRS
1cjAhzUD134eMk5cbRlrOy,Assembled Stair:Stair:542682 Stringer 2,. ProfileName: Stringer - 50mm Width; IsExternal: 0; Reference: Stringer - 50mm Width; Slope: 36.2538377374448; Category: Supports; Reference: Stringer - 50mm Width; Project: 0001; Storey: Grond floor; Top Elevation: 2700; Bottom Elevation: 450.000000000001; Global Top Elevation: 2700; Global Bottom Elevation: 450.000000000001; Has Own Geometry: 1; Children Have Geometry: 0; Global X: -5200.41175143907; Global Y: 3195.37608036185; Global Z: 450.000000000001; Bounding Box Length: 2055.60192196156; Bounding Box Width: 2055.60192196157; Bounding Box Height: 2250; Layer: S-STRS
1cjAhzUD134eMk5cbRlrO1,Assembled Stair:Stair:542682 Stringer 3,. ProfileName: Stringer - 50mm Width; IsExternal: 0; Reference: Stringer - 50mm Width; Slope: 90; Category: Supports; Reference: Stringer - 50mm Width; Project: 0001; Storey: Grond floor; Top Elevation: 4917.51792062897; Bottom Elevation: 2404.82258095595; Global Top Elevation: 4917.51792062897; Global Bottom Elevation: 2404.82258095595; Has Own Geometry: 1; Children Have Geometry: 0; Global X: -6181.9182492594; Global Y: 2138.16664790228; Global Z: 2404.82258095595; Bounding Box Length: 1979.89898732233; Bounding Box Width: 1979.89898732234; Bounding Box Height: 2512.69533967302; Layer: S-STRS
1cjAhzUD134eMk5cbRlrO6,Assembled Stair:Stair:542682 Stringer 4,. ProfileName: Stringer - 50mm Width; IsExternal: 0; Reference: Stringer - 50mm Width; Slope: 90; Category: Supports; Reference: Stringer - 50mm Width; Project: 0001; Storey: Grond floor; Top Elevation: 4917.51792062898; Bottom Elevation: 2300; Global Top Elevation: 4917.51792062898; Global Bottom Elevation: 2300; Has Own Geometry: 1; Children Have Geometry: 0; Global X: -7400.89119609794; Global Y: 1112.86181518179; Global Z: 2300; Bounding Box Length: 2173.56710144037; Bounding Box Width: 2173.56710144038; Bounding Box Height: 2617.51792062898; Layer: S-STRS
1cjAhzUD134eMk5cbRlrO7,Assembled Stair:Stair:542682 Stringer 5,. ProfileName: Stringer - 50mm Width; XDim: 45.1199176530809; YDim: 49.9999999999999; IsExternal: 0; Reference: Stringer - 50mm Width; Slope: 0; Category: Supports; Reference: Stringer - 50mm Width; Project: 0001; Storey: Grond floor; Top Elevation: 2700; Bottom Elevation: 2300; Global Top Elevation: 2700; Global Bottom Elevation: 2300; Has Own Geometry: 1; Children Have Geometry: 0; Global X: -6146.56291020008; Global Y: 4082.7102961653; Global Z: 2300; Bounding Box Length: 67.2599387983992; Bounding Box Width: 67.2599387983937; Bounding Box Height: 400; Layer: S-STRS
1cjAhzUD134eMk5cbRlrO4,Assembled Stair:Stair:542682 Stringer 6,. IsExternal: 0; Reference: Stringer - 50mm Width; Slope: 0; Category: Supports; Reference: Stringer - 50mm Width; Project: 0001; Storey: Grond floor; Top Elevation: 2700; Bottom Elevation: 2300; Global Top Elevation: 2700; Global Bottom Elevation: 2300; Has Own Geometry: 1; Children Have Geometry: 0; Global X: -6114.658310461; Global Y: 5123.02830980346; Global Z: 2300; Bounding Box Length: 1042.1962515419; Bounding Box Width: 1077.55159060123; Bounding Box Height: 400; Layer: S-STRS
1cjAhzUD134eMk5cbRlrO5,Assembled Stair:Stair:542682 Stringer 7,. ProfileName: Stringer - 50mm Width; IsExternal: 0; Reference: Stringer - 50mm Width; Slope: 0; Category: Supports; Reference: Stringer - 50mm Width; Project: 0001; Storey: Grond floor; Top Elevation: 2700; Bottom Elevation: 2300; Global Top Elevation: 2700; Global Bottom Elevation: 2300; Has Own Geometry: 1; Children Have Geometry: 0; Global X: -8232.52791470039; Global Y: 4082.7102961653; Global Z: 2300; Bounding Box Length: 2117.86960423939; Bounding Box Width: 2117.86960423938; Bounding Box Height: 400; Layer: S-STRS
1cjAhzUD134eMk5cbRlrOA,Assembled Stair:Stair:542682 Stringer 8,. IsExternal: 0; Reference: Stringer - 50mm Width; Slope: 0; Category: Supports; Reference: Stringer - 50mm Width; Project: 0001; Storey: Grond floor; Top Elevation: 2700; Bottom Elevation: 2300; Global Top Elevation: 2700; Global Bottom Elevation: 2300; Has Own Geometry: 1; Children Have Geometry: 0; Global X: -8232.52791470039; Global Y: 3158.47922410221; Global Z: 2300; Bounding Box Length: 959.586411122417; Bounding Box Width: 924.231072063094; Bounding Box Height: 400; Layer: S-STRS
1cjAhzUD134eMk5cbRlrOB,Railing:1100mm:542697,. Category: Railings; Reference: 1100mm; Height: 1100; IsExternal: 0; Reference: 1100mm; Project: 0001; Storey: Grond floor; Top Elevation: 5950; Bottom Elevation: 633.333333333333; Global Top Elevation: 5950; Global Bottom Elevation: 633.333333333333; Has Own Geometry: 1; Children Have Geometry: 0; Global X: -8161.25155115679; Global Y: 1148.4999969536; Global Z: 633.333333333333; Bounding Box Length: 4980.80353990748; Bounding Box Width: 4980.80353990748; Bounding Box Height: 5316.66666666667; Layer: A-FLOR-HRAL
1cjAhzUD134eMk5cbRlrOF,Railing:1100mm:542701,. Category: Railings; Reference: 1100mm; Height: 1100; IsExternal: 0; Reference: 1100mm; Project: 0001; Storey: Grond floor; Top Elevation: 5950; Bottom Elevation: 633.333333333333; Global Top Elevation: 5950; Global Bottom Elevation: 633.333333333333; Has Own Geometry: 1; Children Have Geometry: 0; Global X: -6253.19461280301; Global Y: 2102.52846613049; Global Z: 633.333333333333; Bounding Box Length: 2118.71813237681; Bounding Box Width: 2118.71813237683; Bounding Box Height: 5316.66666666667; Layer: A-FLOR-HRAL
0a3v3dJi10mxIqGCVATOEH,First floor,. Name: First floor; AboveGround: 9.88131291682493E-324; Category: Levels; Name: First floor; Project: 0001; Top Elevation: 12250.0000000003; Bottom Elevation: 4488; Global Top Elevation: 12250.0000000003; Global Bottom Elevation: 4488; Has Own Geometry: 0; Children Have Geometry: 1; Global X: -11529.095802025; Global Y: -13565.1148360075; Global Z: 4488; Bounding Box Length: 24283.7561585156; Bounding Box Width: 20184.7380351104; Bounding Box Height: 7762.00000000026
0HG2A49bzDARlPHy2ZDHzA,Basic Wall:CW 102-50-100p:350707,. XDim: 4488.64361411945; YDim: 264; Roughness: 914.4; Category: Walls; Reference: CW 102-50-100p; Reference: CW 102-50-100p; ExtendToStructure: 0; IsExternal: 1; LoadBearing: 0; Reference: CW 102-50-100p; ThermalTransmittance: 0.87233965970269; Project: 0001; Storey: First floor; Top Elevation: 8950; Bottom Elevation: 4850; Global Top Elevation: 8950; Global Bottom Elevation: 4850; Has Own Geometry: 1; Children Have Geometry: 0; Global X: 4582.87623369636; Global Y: -1050.24898980017; Global Z: 4850; Bounding Box Length: 4404.22434044251; Bounding Box Width: 1415.81228073149; Bounding Box Height: 4100; Layer: A-WALL
2Aa8CEernBYvchFyrIu_68,Basic Wall:CW 102-50-100p:363324,. Roughness: 914.4; Category: Walls; Reference: CW 102-50-100p; Reference: CW 102-50-100p; ExtendToStructure: 0; IsExternal: 1; LoadBearing: 0; Reference: CW 102-50-100p; ThermalTransmittance: 0.87233965970269; Project: 0001; Storey: First floor; Top Elevation: 8950; Bottom Elevation: 4850; Global Top Elevation: 8950; Global Bottom Elevation: 4850; Has Own Geometry: 1; Children Have Geometry: 0; Global X: -4799.86139194955; Global Y: -9824.81207707566; Global Z: 4850; Bounding Box Length: 1362.6108932423; Bounding Box Width: 4476.24433637904; Bounding Box Height: 4100; Layer: A-WALL
18iFSiavjDauoG_1kQPRiD,Basic Wall:Interior - 135mm Partition (2-hr):475549,. Roughness: 914.4; Category: Walls; Reference: Interior - 135mm Partition (2-hr); Reference: Interior - 135mm Partition (2-hr); ExtendToStructure: 0; IsExternal: 0; LoadBearing: 0; Reference: Interior - 135mm Partition (2-hr); ThermalTransmittance: 0.374531835205993; Project: 0001; Storey: First floor; Top Elevation: 8588; Bottom Elevation: 4850; Global Top Elevation: 8588; Global Bottom Elevation: 4850; Has Own Geometry: 1; Children Have Geometry: 1; Global X: -3470.21288125155; Global Y: -7891.11408988223; Global Z: 4850; Bounding Box Length: 9399.95688333674; Bounding Box Width: 2478.36993394682; Bounding Box Height: 3738; Layer: I-WALL
2w3DstvBH5wPgPbcQqNAs1,M_Single-Flush:0915 x 2134mm:483162:1,. XDim: 915; YDim: 2134; Project: 0001; Storey: First floor; Top Elevation: 6984; Bottom Elevation: 4850; Global Top Elevation: 6984; Global Bottom Elevation: 4850; Has Own Geometry: 1; Children Have Geometry: 0; Global X: 3324.79923051096; Global Y: -7469.50130767202; Global Z: 4850; Bounding Box Length: 920.491882882749; Bounding Box Width: 353.865039847151; Bounding Box Height: 2134; Layer: A-WALL
2w3DstvBH5wPgPbcQqNAtF,M_Single-Flush:0915 x 2134mm:483092:1,. XDim: 915; YDim: 2134; Project: 0001; Storey: First floor; Top Elevation: 6984; Bottom Elevation: 4850; Global Top Elevation: 6984; Global Bottom Elevation: 4850; Has Own Geometry: 1; Children Have Geometry: 0; Global X: 75.288788409595; Global Y: -6655.14150594173; Global Z: 4850; Bounding Box Length: 920.491882882747; Bounding Box Width: 353.865039847144; Bounding Box Height: 2134; Layer: A-WALL
2w3DstvBH5wPgPbcQqNAm7,M_Single-Flush:0915 x 2134mm:483036:1,. XDim: 915; YDim: 2134; Project: 0001; Storey: First floor; Top Elevation: 6984; Bottom Elevation: 4850; Global Top Elevation: 6984; Global Bottom Elevation: 4850; Has Own Geometry: 1; Children Have Geometry: 0; Global X: -1137.70010945541; Global Y: -6351.15436204212; Global Z: 4850; Bounding Box Length: 920.491882882747; Bounding Box Width: 353.865039847143; Bounding Box Height: 2134; Layer: A-WALL
2w3DstvBH5wPgPbdMqNAnN,Basic Wall:Interior - 135mm Partition (2-hr):482956,. Roughness: 914.4; Category: Walls; Reference: Interior - 135mm Partition (2-hr); Reference: Interior - 135mm Partition (2-hr); ExtendToStructure: 0; IsExternal: 0; LoadBearing: 0; Reference: Interior - 135mm Partition (2-hr); ThermalTransmittance: 0.374531835205993; Project: 0001; Storey: First floor; Top Elevation: 8850; Bottom Elevation: 4850; Global Top Elevation: 8850; Global Bottom Elevation: 4850; Has Own Geometry: 1; Children Have Geometry: 0; Global X: 2022.48013996232; Global Y: -11504.5878288646; Global Z: 4850; Bounding Box Length: 1205.30710296518; Bounding Box Width: 4314.76734389126; Bounding Box Height: 4000; Layer: I-WALL
2w3DstvBH5wPgPbdMqNAnA,Basic Wall:Interior - 135mm Partition (2-hr):482961,. Roughness: 914.4; Category: Walls; Reference: Interior - 135mm Partition (2-hr); Reference: Interior - 135mm Partition (2-hr); ExtendToStructure: 0; IsExternal: 0; LoadBearing: 0; Reference: Interior - 135mm Partition (2-hr); ThermalTransmittance: 0.374531835205993; Project: 0001; Storey: First floor; Top Elevation: 8850; Bottom Elevation: 4850; Global Top Elevation: 8850; Global Bottom Elevation: 4850; Has Own Geometry: 1; Children Have Geometry: 0; Global X: -1226.88551457959; Global Y: -10689.6507215746; Global Z: 4850; Bounding Box Length: 1205.16231540572; Bounding Box Width: 4314.19003833147; Bounding Box Height: 4000; Layer: I-WALL
3QwqaXhbD8MAJGnCFPl5LY,Basic Wall:CW 102-50-100p:483839,. Roughness: 914.4; Category: Walls; Reference: CW 102-50-100p; Reference: CW 102-50-100p; ExtendToStructure: 0; IsExternal: 1; LoadBearing: 0; Reference: CW 102-50-100p; ThermalTransmittance: 0.87233965970269; Project: 0001; Storey: First floor; Top Elevation: 8950; Bottom Elevation: 4850; Global Top Elevation: 8950; Global Bottom Elevation: 4850; Has Own Geometry: 1; Children Have Geometry: 0; Global X: 9216.83204699386; Global Y: -13565.1148360074; Global Z: 4850; Bounding Box Length: 457.461547070587; Bounding Box Width: 353.67551407549; Bounding Box Height: 4100; Layer: A-WALL
3QwqaXhbD8MAJGnCFPl5C2,Basic Wall:CW 102-50-100p:485279,. XDim: 7849.36671624056; YDim: 263.999999999999; Roughness: 914.4; Category: Walls; Reference: CW 102-50-100p; Reference: CW 102-50-100p; ExtendToStructure: 0; IsExternal: 1; LoadBearing: 0; Reference: CW 102-50-100p; ThermalTransmittance: 0.87233965970269; Project: 0001; Storey: First floor; Top Elevation: 12250.0000000003; Bottom Elevation: 4850; Global Top Elevation: 12250.0000000003; Global Bottom Elevation: 4850; Has Own Geometry: 1; Children Have Geometry: 0; Global X: -10749.3801592029; Global Y: -3822.38986682879; Global Z: 4850; Bounding Box Length: 5737.01662330692; Bounding Box Width: 5737.01662330694; Bounding Box Height: 7400.00000000026; Layer: A-WALL
1oxXEo2on7NgTjEAMLj7tw,Basic Wall:CW 102-50-100p:535316,. Roughness: 914.4; Category: Walls; Reference: CW 102-50-100p; Reference: CW 102-50-100p; ExtendToStructure: 0; IsExternal: 1; LoadBearing: 0; Reference: CW 102-50-100p; ThermalTransmittance: 0.87233965970269; Project: 0001; Storey: First floor; Top Elevation: 12250.0000000003; Bottom Elevation: 4850; Global Top Elevation: 12250.0000000003; Global Bottom Elevation: 4850; Has Own Geometry: 1; Children Have Geometry: 0; Global X: -6231.05990681137; Global Y: 2046.50863416946; Global Z: 4850; Bounding Box Length: 4573.11456493342; Bounding Box Width: 4386.43837470019; Bounding Box Height: 7400.00000000026; Layer: A-WALL
2TUB9Q4Nj5sBGIuEAeCDJK,Basic Wall:CW 102-50-100p:546416,. Roughness: 914.4; Category: Walls; Reference: CW 102-50-100p; Reference: CW 102-50-100p; ExtendToStructure: 0; IsExternal: 1; LoadBearing: 0; Reference: CW 102-50-100p; ThermalTransmittance: 0.87233965970269; Project: 0001; Storey: First floor; Top Elevation: 8588; Bottom Elevation: 4850; Global Top Elevation: 8588; Global Bottom Elevation: 4850; Has Own Geometry: 1; Children Have Geometry: 0; Global X: 9418.19201238611; Global Y: -13310.0633630771; Global Z: 4850; Bounding Box Length: 645.746646735486; Bounding Box Width: 1523.72768615193; Bounding Box Height: 3738; Layer: A-WALL
2TUB9Q4Nj5sBGIuEAeCDK0,Basic Wall:Interior - 135mm Partition (2-hr):546724,. XDim: 4709.11749084659; YDim: 135.500000000001; Roughness: 914.4; Category: Walls; Reference: Interior - 135mm Partition (2-hr); Reference: Interior - 135mm Partition (2-hr); ExtendToStructure: 0; IsExternal: 0; LoadBearing: 0; Reference: Interior - 135mm Partition (2-hr); ThermalTransmittance: 0.374531835205993; Project: 0001; Storey: First floor; Top Elevation: 8850; Bottom Elevation: 4850; Global Top Elevation: 8850; Global Bottom Elevation: 4850; Has Own Geometry: 1; Children Have Geometry: 0; Global X: 6579.06819667884; Global Y: -7076.53279660119; Global Z: 4850; Bounding Box Length: 4583.96734969486; Bounding Box Width: 1348.69949882315; Bounding Box Height: 4000; Layer: I-WALL
2TUB9Q4Nj5sBGIuEAeCDlU,Basic Wall:Interior - 135mm Partition (2-hr):547194,. XDim: 11805.6989840011; YDim: 135.500000000001; Roughness: 914.4; Category: Walls; Reference: Interior - 135mm Partition (2-hr); Reference: Interior - 135mm Partition (2-hr); ExtendToStructure: 0; IsExternal: 0; LoadBearing: 0; Reference: Interior - 135mm Partition (2-hr); ThermalTransmittance: 0.374531835205993; Project: 0001; Storey: First floor; Top Elevation: 8588; Bottom Elevation: 4850; Global Top Elevation: 8588; Global Bottom Elevation: 4850; Has Own Geometry: 1; Children Have Geometry: 1; Global X: 4752.82568130383; Global Y: -12191.4341101413; Global Z: 4850; Bounding Box Length: 3183.92227421018; Bounding Box Width: 11439.142493605; Bounding Box Height: 3738; Layer: I-WALL
3g8FrwkJP8zAkXE_rb437v,M_Single-Flush:0915 x 2134mm:548611:1,. XDim: 915; YDim: 2134; Project: 0001; Storey: First floor; Top Elevation: 6984; Bottom Elevation: 4850; Global Top Elevation: 6984; Global Bottom Elevation: 4850; Has Own Geometry: 1; Children Have Geometry: 0; Global X: 6185.78602148903; Global Y: -6839.20494127506; Global Z: 4850; Bounding Box Length: 367.328994207955; Bounding Box Width: 918.938621711832; Bounding Box Height: 2134; Layer: A-WALL
3g8FrwkJP8zAkXE_rb430R,M_Single-Flush:0915 x 2134mm:548577:1,. XDim: 915; YDim: 2134; Project: 0001; Storey: First floor; Top Elevation: 6984; Bottom Elevation: 4850; Global Top Elevation: 6984; Global Bottom Elevation: 4850; Has Own Geometry: 1; Children Have Geometry: 0; Global X: 6509.17356280449; Global Y: -5631.24356197687; Global Z: 4850; Bounding Box Length: 367.328994207954; Bounding Box Width: 918.938621711824; Bounding Box Height: 2134; Layer: A-WALL
3g8FrwkJP8zAkXE$vb438J,Basic Wall:Interior - 135mm Partition (2-hr):548073,. XDim: 6335.0354902188; YDim: 135.5; Roughness: 914.4; Category: Walls; Reference: Interior - 135mm Partition (2-hr); Reference: Interior - 135mm Partition (2-hr); ExtendToStructure: 0; IsExternal: 0; LoadBearing: 0; Reference: Interior - 135mm Partition (2-hr); ThermalTransmittance: 0.374531835205993; Project: 0001; Storey: First floor; Top Elevation: 8588; Bottom Elevation: 4850; Global Top Elevation: 8588; Global Bottom Elevation: 4850; Has Own Geometry: 1; Children Have Geometry: 1; Global X: 687.768216071806; Global Y: -4482.22793036886; Global Z: 4850; Bounding Box Length: 6154.57605278438; Bounding Box Width: 1769.17261623016; Bounding Box Height: 3738; Layer: I-WALL
3g8FrwkJP8zAkXE_rb436t,M_Single-Flush:0915 x 2134mm:548685:1,. XDim: 915; YDim: 2134; Project: 0001; Storey: First floor; Top Elevation: 6984; Bottom Elevation: 4850; Global Top Elevation: 6984; Global Bottom Elevation: 4850; Has Own Geometry: 1; Children Have Geometry: 0; Global X: 5826.81900343376; Global Y: -4456.27392612341; Global Z: 4850; Bounding Box Length: 918.938621711827; Bounding Box Width: 367.328994207959; Bounding Box Height: 2134; Layer: A-WALL
3g8FrwkJP8zAkXE$vb43C7,Basic Wall:Interior - 135mm Partition (2-hr):548349,. XDim: 3849.98132617176; YDim: 135.5; Roughness: 914.4; Category: Walls; Reference: Interior - 135mm Partition (2-hr); Reference: Interior - 135mm Partition (2-hr); ExtendToStructure: 0; IsExternal: 0; LoadBearing: 0; Reference: Interior - 135mm Partition (2-hr); ThermalTransmittance: 0.374531835205993; Project: 0001; Storey: First floor; Top Elevation: 8850; Bottom Elevation: 4850; Global Top Elevation: 8850; Global Bottom Elevation: 4850; Has Own Geometry: 1; Children Have Geometry: 0; Global X: 722.809409680985; Global Y: -2748.09650774788; Global Z: 4850; Bounding Box Length: 1126.52122071967; Bounding Box Width: 3754.05665438412; Bounding Box Height: 4000; Layer: I-WALL
0PfeWE7Aj7GBHCsLa672u0,Basic Wall:CW 102-50-100p:553194,. XDim: 649.98528408475; YDim: 264; Roughness: 914.4; Category: Walls; Reference: CW 102-50-100p; Reference: CW 102-50-100p; ExtendToStructure: 0; IsExternal: 1; LoadBearing: 0; Reference: CW 102-50-100p; ThermalTransmittance: 0.87233965970269; Project: 0001; Storey: First floor; Top Elevation: 8950; Bottom Elevation: 4850; Global Top Elevation: 8950; Global Bottom Elevation: 4850; Has Own Geometry: 1; Children Have Geometry: 0; Global X: 12058.2738129463; Global Y: -2058.8051197693; Global Z: 4850; Bounding Box Length: 696.146610344505; Bounding Box Width: 423.109354446929; Bounding Box Height: 4100; Layer: A-WALL
0PfeWE7Aj7GBHCsLa672qN,Basic Wall:CW 102-50-100p:553981,. XDim: 368.000151865721; YDim: 264; Roughness: 914.4; Category: Walls; Reference: CW 102-50-100p; Reference: CW 102-50-100p; ExtendToStructure: 0; IsExternal: 1; LoadBearing: 0; Reference: CW 102-50-100p; ThermalTransmittance: 0.87233965970269; Project: 0001; Storey: First floor; Top Elevation: 8950; Bottom Elevation: 4850; Global Top Elevation: 8950; Global Bottom Elevation: 4850; Has Own Geometry: 1; Children Have Geometry: 0; Global X: 12335.9615760826; Global Y: -2414.28684092407; Global Z: 4850; Bounding Box Length: 350.186706154132; Bounding Box Width: 423.753931329898; Bounding Box Height: 4100; Layer: A-WALL
18J$4BjujFTBNZhLt6iWh_,Basic Wall:CW 102-50-100p:561660,. Roughness: 914.4; Category: Walls; Reference: CW 102-50-100p; Reference: CW 102-50-100p; ExtendToStructure: 0; IsExternal: 1; LoadBearing: 0; Reference: CW 102-50-100p; ThermalTransmittance: 0.87233965970269; Project: 0001; Storey: First floor; Top Elevation: 8949.99999999987; Bottom Elevation: 4850; Global Top Elevation: 8949.99999999987; Global Bottom Elevation: 4850; Has Own Geometry: 1; Children Have Geometry: 1; Global X: -5224.49557025189; Global Y: -5463.24329704485; Global Z: 4850; Bounding Box Length: 1988.74996655985; Bounding Box Width: 1802.07377632661; Bounding Box Height: 4099.99999999987; Layer: A-WALL
1hvOkuNhjDzwmQLQcPaHVg,Basic Wall:CW 102-50-100p:561660,. ProfileName: Storefront; XDim: 3300.00000000026; YDim: 3431.20477610239; Reference: Storefront; Category: Walls; Reference: Storefront; Project: 0001; Storey: First floor; Top Elevation: 12250.0000000001; Bottom Elevation: 8949.99999999987; Global Top Elevation: 12250.0000000001; Global Bottom Elevation: 8949.99999999987; Has Own Geometry: 1; Children Have Geometry: 0; Global X: -5337.20839117303; Global Y: -6376.88720175769; Global Z: 8949.99999999987; Bounding Box Length: 2828.43050196057; Bounding Box Width: 2828.43050196058; Bounding Box Height: 3300.00000000026; Layer: A-WALL
2w3DstvBH5wPgPbdMqNAm7,M_Single-Flush:0915 x 2134mm:483036,. ProfileName: 0915 x 2134mm; IsExternal: 0; Reference: 0915 x 2134mm; ThermalTransmittance: 3.7021; Category: Doors; Reference: 0915 x 2134mm; Project: 0001; Storey: First floor; Top Elevation: 7060; Bottom Elevation: 4850; Global Top Elevation: 7060; Global Bottom Elevation: 4850; Has Own Geometry: 1; Children Have Geometry: 0; Global X: -1217.49765830405; Global Y: -6393.879468306; Global Z: 4850; Bounding Box Length: 1080.08698058004; Bounding Box Width: 439.315252374925; Bounding Box Height: 2210; Layer: A-DOOR
2w3DstvBH5wPgPbdMqNAtF,M_Single-Flush:0915 x 2134mm:483092,. ProfileName: 0915 x 2134mm; IsExternal: 0; Reference: 0915 x 2134mm; ThermalTransmittance: 3.7021; Category: Doors; Reference: 0915 x 2134mm; Project: 0001; Storey: First floor; Top Elevation: 7060; Bottom Elevation: 4850; Global Top Elevation: 7060; Global Bottom Elevation: 4850; Has Own Geometry: 1; Children Have Geometry: 0; Global X: -4.50876043904991; Global Y: -6697.86661220563; Global Z: 4850; Bounding Box Length: 1080.08698058004; Bounding Box Width: 439.315252374925; Bounding Box Height: 2210; Layer: A-DOOR
2w3DstvBH5wPgPbdMqNAs1,M_Single-Flush:0915 x 2134mm:483162,. ProfileName: 0915 x 2134mm; IsExternal: 0; Reference: 0915 x 2134mm; ThermalTransmittance: 3.7021; Category: Doors; Reference: 0915 x 2134mm; Project: 0001; Storey: First floor; Top Elevation: 7060; Bottom Elevation: 4850; Global Top Elevation: 7060; Global Bottom Elevation: 4850; Has Own Geometry: 1; Children Have Geometry: 0; Global X: 3245.00168166232; Global Y: -7512.22641393591; Global Z: 4850; Bounding Box Length: 1080.08698058004; Bounding Box Width: 439.315252374925; Bounding Box Height: 2210; Layer: A-DOOR
1PN2e_A5LD5PkXFWjX4xo_,M_Single-Flush:0813 x 2134mm:537113,. ProfileName: 0813 x 2134mm; IsExternal: 0; Reference: 0813 x 2134mm; ThermalTransmittance: 3.7021; Category: Doors; Reference: 0813 x 2134mm; Project: 0001; Storey: First floor; Top Elevation: 7060; Bottom Elevation: 4850; Global Top Elevation: 7060; Global Bottom Elevation: 4850; Has Own Geometry: 1; Children Have Geometry: 0; Global X: -2670.30234971557; Global Y: 1087.98671672138; Global Z: 4850; Bounding Box Length: 869.034234078263; Bounding Box Width: 869.034234078263; Bounding Box Height: 2210; Layer: A-DOOR
1PN2e_A5LD5PkXFWjX4xpI,M_Single-Flush:0813 x 2134mm:537205,. ProfileName: 0813 x 2134mm; IsExternal: 0; Reference: 0813 x 2134mm; ThermalTransmittance: 3.7021; Category: Doors; Reference: 0813 x 2134mm; Project: 0001; Storey: First floor; Top Elevation: 7060; Bottom Elevation: 4850; Global Top Elevation: 7060; Global Bottom Elevation: 4850; Has Own Geometry: 1; Children Have Geometry: 0; Global X: -3692.01849600629; Global Y: -2164.04778553196; Global Z: 4850; Bounding Box Length: 869.034234078263; Bounding Box Width: 869.034234078264; Bounding Box Height: 2210; Layer: A-DOOR
1PN2e_A5LD5PkXFWjX4xpT,"Flush_Door_with_Louvers_2218:24"" x 80"":537210",". ProfileName: 24"" x 80""; IsExternal: 0; Reference: 24"" x 80""; Category: Doors; Reference: 24"" x 80""; Project: 0001; Storey: First floor; Top Elevation: 6958.2; Bottom Elevation: 4850; Global Top Elevation: 6958.2; Global Bottom Elevation: 4850; Has Own Geometry: 1; Children Have Geometry: 0; Global X: -8112.89377674249; Global Y: 2639.0894211137; Global Z: 4850; Bounding Box Length: 630.597827462165; Bounding Box Width: 630.597827462161; Bounding Box Height: 2108.2; Layer: A-DOOR"
3g8FrwkJP8zAkXE$vb430R,M_Single-Flush:0915 x 2134mm:548577,. ProfileName: 0915 x 2134mm; IsExternal: 0; Reference: 0915 x 2134mm; ThermalTransmittance: 3.7021; Category: Doors; Reference: 0915 x 2134mm; Project: 0001; Storey: First floor; Top Elevation: 7060; Bottom Elevation: 4850; Global Top Elevation: 7060; Global Bottom Elevation: 4850; Has Own Geometry: 1; Children Have Geometry: 0; Global X: 6466.14365103518; Global Y: -5711.35937106015; Global Z: 4850; Bounding Box Length: 455.123032638857; Bounding Box Width: 1078.67509317979; Bounding Box Height: 2210; Layer: A-DOOR
3g8FrwkJP8zAkXE$vb437v,M_Single-Flush:0915 x 2134mm:548611,. ProfileName: 0915 x 2134mm; IsExternal: 0; Reference: 0915 x 2134mm; ThermalTransmittance: 3.7021; Category: Doors; Reference: 0915 x 2134mm; Project: 0001; Storey: First floor; Top Elevation: 7060; Bottom Elevation: 4850; Global Top Elevation: 7060; Global Bottom Elevation: 4850; Has Own Geometry: 1; Children Have Geometry: 0; Global X: 6143.02178651925; Global Y: -6919.39187561819; Global Z: 4850; Bounding Box Length: 455.123032638857; Bounding Box Width: 1078.67509317979; Bounding Box Height: 2210; Layer: A-DOOR
3g8FrwkJP8zAkXE$vb436t,M_Single-Flush:0915 x 2134mm:548685,. ProfileName: 0915 x 2134mm; IsExternal: 0; Reference: 0915 x 2134mm; ThermalTransmittance: 3.7021; Category: Doors; Reference: 0915 x 2134mm; Project: 0001; Storey: First floor; Top Elevation: 7060; Bottom Elevation: 4850; Global Top Elevation: 7060; Global Bottom Elevation: 4850; Has Own Geometry: 1; Children Have Geometry: 0; Global X: 5746.90744254268; Global Y: -4500.39044178474; Global Z: 4850; Bounding Box Length: 1078.67509317979; Bounding Box Width: 455.123032638859; Bounding Box Height: 2210; Layer: A-DOOR
0IUrb2HMzB$vQgKkoaZA6J,"Flush_Door_with_Louvers_2218:24"" x 80"":565930",". ProfileName: 24"" x 80""; IsExternal: 0; Reference: 24"" x 80""; Category: Doors; Reference: 24"" x 80""; Project: 0001; Storey: First floor; Top Elevation: 6958.2; Bottom Elevation: 4850; Global Top Elevation: 6958.2; Global Bottom Elevation: 4850; Has Own Geometry: 1; Children Have Geometry: 0; Global X: -8400.46198669766; Global Y: 1723.18612539616; Global Z: 4850; Bounding Box Length: 630.597827462161; Bounding Box Width: 630.597827462168; Bounding Box Height: 2108.2; Layer: A-DOOR"
0IUrb2HMzB$vQgKkoaZA6I,"Flush_Door_with_Louvers_2218:24"" x 80"":565931",". ProfileName: 24"" x 80""; IsExternal: 0; Reference: 24"" x 80""; Category: Doors; Reference: 24"" x 80""; Project: 0001; Storey: First floor; Top Elevation: 6958.2; Bottom Elevation: 4850; Global Top Elevation: 6958.2; Global Bottom Elevation: 4850; Has Own Geometry: 1; Children Have Geometry: 0; Global X: -4459.57078903089; Global Y: -2217.70507227063; Global Z: 4850; Bounding Box Length: 630.597827462159; Bounding Box Width: 630.597827462161; Bounding Box Height: 2108.2; Layer: A-DOOR"
0IUrb2HMzB$vQgKkoaZA6L,"Flush_Door_with_Louvers_2218:24"" x 80"":565932",". ProfileName: 24"" x 80""; IsExternal: 0; Reference: 24"" x 80""; Category: Doors; Reference: 24"" x 80""; Project: 0001; Storey: First floor; Top Elevation: 6958.2; Bottom Elevation: 4850; Global Top Elevation: 6958.2; Global Bottom Elevation: 4850; Has Own Geometry: 1; Children Have Geometry: 0; Global X: -8554.46002193362; Global Y: -151.741367971397; Global Z: 4850; Bounding Box Length: 630.597827462165; Bounding Box Width: 630.597827462161; Bounding Box Height: 2108.2; Layer: A-DOOR"
0IUrb2HMzB$vQgKkoaZA6K,"Flush_Door_with_Louvers_2218:24"" x 80"":565933",". ProfileName: 24"" x 80""; IsExternal: 0; Reference: 24"" x 80""; Category: Doors; Reference: 24"" x 80""; Project: 0001; Storey: First floor; Top Elevation: 6958.2; Bottom Elevation: 4850; Global Top Elevation: 6958.2; Global Bottom Elevation: 4850; Has Own Geometry: 1; Children Have Geometry: 0; Global X: -7873.35108228897; Global Y: 529.367571673248; Global Z: 4850; Bounding Box Length: 630.597827462166; Bounding Box Width: 630.597827462161; Bounding Box Height: 2108.2; Layer: A-DOOR"
0IUrb2HMzB$vQgKkoaZA6N,"Flush_Door_with_Louvers_2218:24"" x 80"":565934",". ProfileName: 24"" x 80""; IsExternal: 0; Reference: 24"" x 80""; Category: Doors; Reference: 24"" x 80""; Project: 0001; Storey: First floor; Top Elevation: 6958.2; Bottom Elevation: 4850; Global Top Elevation: 6958.2; Global Bottom Elevation: 4850; Has Own Geometry: 1; Children Have Geometry: 0; Global X: -6238.94446825438; Global Y: -2361.70921388607; Global Z: 4850; Bounding Box Length: 630.597827462165; Bounding Box Width: 630.597827462161; Bounding Box Height: 2108.2; Layer: A-DOOR"
0IUrb2HMzB$vQgKkoaZA6M,"Flush_Door_with_Louvers_2218:24"" x 80"":565935",". ProfileName: 24"" x 80""; IsExternal: 0; Reference: 24"" x 80""; Category: Doors; Reference: 24"" x 80""; Project: 0001; Storey: First floor; Top Elevation: 6958.2; Bottom Elevation: 4850; Global Top Elevation: 6958.2; Global Bottom Elevation: 4850; Has Own Geometry: 1; Children Have Geometry: 0; Global X: -5591.4231007161; Global Y: -1714.18784634779; Global Z: 4850; Bounding Box Length: 630.597827462164; Bounding Box Width: 630.597827462161; Bounding Box Height: 2108.2; Layer: A-DOOR"
2eyHDDjdL4vfbUgZPevVsm,Door-Double-Sliding1:elevator door:572709,. ProfileName: elevator door; IsExternal: 0; Reference: elevator door; ThermalTransmittance: 3.128722913; Category: Doors; Reference: elevator door; Project: 0001; Storey: First floor; Top Elevation: 6958.2; Bottom Elevation: 4850; Global Top Elevation: 6958.2; Global Bottom Elevation: 4850; Has Own Geometry: 1; Children Have Geometry: 0; Global X: -2920.13127034905; Global Y: -277.001381893427; Global Z: 4850; Bounding Box Length: 1143.53308653488; Bounding Box Width: 1143.53308653489; Bounding Box Height: 2108.2; Layer: A-DOOR
3QwqaXhbD8MAJGnCFPl57t,Curtain Wall:Storefront:484714,. IsExternal: 1; Reference: Storefront; Category: Walls; Reference: Storefront; Project: 0001; Storey: First floor; Top Elevation: 8588; Bottom Elevation: 4850; Global Top Elevation: 8588; Global Bottom Elevation: 4850; Has Own Geometry: 0; Children Have Geometry: 1; Global X: -5856.04200762423; Global Y: -13408.0559009203; Global Z: 4850; Bounding Box Length: 15124.2744786365; Bounding Box Width: 3929.49276454844; Bounding Box Height: 3738
3QwqaXhbD8MAJGnCFPl57s,System Panel:Glazed:484715,. ProfileName: Glazed; XDim: 25; YDim: 1339.09637561792; IsExternal: 1; Reference: Glazed; ThermalTransmittance: 6.7069; Category: Curtain Panels; Reference: Glazed; Project: 0001; Storey: First floor; Top Elevation: 7225; Bottom Elevation: 4900; Global Top Elevation: 7225; Global Bottom Elevation: 4900; Has Own Geometry: 1; Children Have Geometry: 0; Global X: -5783.33916322231; Global Y: -9865.464380582; Global Z: 4900; Bounding Box Length: 1304.95142320376; Bounding Box Width: 350.004025850083; Bounding Box Height: 2325; Layer: A-GLAZ-CURT
3QwqaXhbD8MAJGnCFPl57o,System Panel:Glazed:484719,. ProfileName: Glazed; XDim: 25; YDim: 1364.09637531312; IsExternal: 1; Reference: Glazed; ThermalTransmittance: 6.7069; Category: Curtain Panels; Reference: Glazed; Project: 0001; Storey: First floor; Top Elevation: 7225; Bottom Elevation: 4900; Global Top Elevation: 7225; Global Bottom Elevation: 4900; Has Own Geometry: 1; Children Have Geometry: 0; Global X: -4435.97136470885; Global Y: -10209.4642694522; Global Z: 4900; Bounding Box Length: 1329.20042071279; Bounding Box Width: 356.085646075586; Bounding Box Height: 2325; Layer: A-GLAZ-CURT
3QwqaXhbD8MAJGnCFPl57i,System Panel:Glazed:484721,. ProfileName: Glazed; XDim: 25; YDim: 1364.09637531312; IsExternal: 1; Reference: Glazed; ThermalTransmittance: 6.7069; Category: Curtain Panels; Reference: Glazed; Project: 0001; Storey: First floor; Top Elevation: 7225; Bottom Elevation: 4900; Global Top Elevation: 7225; Global Bottom Elevation: 4900; Has Own Geometry: 1; Children Have Geometry: 0; Global X: -3064.35456868636; Global Y: -10553.4641583224; Global Z: 4900; Bounding Box Length: 1329.20042071279; Bounding Box Width: 356.085646075584; Bounding Box Height: 2325; Layer: A-GLAZ-CURT
3QwqaXhbD8MAJGnCFPl57k,System Panel:Glazed:484723,. ProfileName: Glazed; XDim: 25; YDim: 1364.09637531312; IsExternal: 1; Reference: Glazed; ThermalTransmittance: 6.7069; Category: Curtain Panels; Reference: Glazed; Project: 0001; Storey: First floor; Top Elevation: 7225; Bottom Elevation: 4900; Global Top Elevation: 7225; Global Bottom Elevation: 4900; Has Own Geometry: 1; Children Have Geometry: 0; Global X: -1692.73777266388; Global Y: -10897.4640471926; Global Z: 4900; Bounding Box Length: 1329.20042071279; Bounding Box Width: 356.085646075584; Bounding Box Height: 2325; Layer: A-GLAZ-CURT
3QwqaXhbD8MAJGnCFPl57e,System Panel:Glazed:484725,. ProfileName: Glazed; XDim: 25; YDim: 1364.09637531312; IsExternal: 1; Reference: Glazed; ThermalTransmittance: 6.7069; Category: Curtain Panels; Reference: Glazed; Project: 0001; Storey: First floor; Top Elevation: 7225; Bottom Elevation: 4900; Global Top Elevation: 7225; Global Bottom Elevation: 4900; Has Own Geometry: 1; Children Have Geometry: 0; Global X: -321.120976641392; Global Y: -11241.4639360628; Global Z: 4900; Bounding Box Length: 1329.20042071279; Bounding Box Width: 356.085646075584; Bounding Box Height: 2325; Layer: A-GLAZ-CURT
3QwqaXhbD8MAJGnCFPl57g,System Panel:Glazed:484727,. ProfileName: Glazed; XDim: 25; YDim: 1364.09637531312; IsExternal: 1; Reference: Glazed; ThermalTransmittance: 6.7069; Category: Curtain Panels; Reference: Glazed; Project: 0001; Storey: First floor; Top Elevation: 7225; Bottom Elevation: 4900; Global Top Elevation: 7225; Global Bottom Elevation: 4900; Has Own Geometry: 1; Children Have Geometry: 0; Global X: 1050.4958193811; Global Y: -11585.463824933; Global Z: 4900; Bounding Box Length: 1329.20042071279; Bounding Box Width: 356.085646075586; Bounding Box Height: 2325; Layer: A-GLAZ-CURT
3QwqaXhbD8MAJGnCFPl57a,System Panel:Glazed:484729,. ProfileName: Glazed; XDim: 25; YDim: 1364.09637531312; IsExternal: 1; Reference: Glazed; ThermalTransmittance: 6.7069; Category: Curtain Panels; Reference: Glazed; Project: 0001; Storey: First floor; Top Elevation: 7225; Bottom Elevation: 4900; Global Top Elevation: 7225; Global Bottom Elevation: 4900; Has Own Geometry: 1; Children Have Geometry: 0; Global X: 2422.11261540359; Global Y: -11929.4637138032; Global Z: 4900; Bounding Box Length: 1329.20042071279; Bounding Box Width: 356.085646075584; Bounding Box Height: 2325; Layer: A-GLAZ-CURT
3QwqaXhbD8MAJGnCFPl57c,System Panel:Glazed:484731,. ProfileName: Glazed; XDim: 25; YDim: 1364.09637531312; IsExternal: 1; Reference: Glazed; ThermalTransmittance: 6.7069; Category: Curtain Panels; Reference: Glazed; Project: 0001; Storey: First floor; Top Elevation: 7225; Bottom Elevation: 4900; Global Top Elevation: 7225; Global Bottom Elevation: 4900; Has Own Geometry: 1; Children Have Geometry: 0; Global X: 3793.72941142606; Global Y: -12273.4636026734; Global Z: 4900; Bounding Box Length: 1329.20042071279; Bounding Box Width: 356.085646075584; Bounding Box Height: 2325; Layer: A-GLAZ-CURT
3QwqaXhbD8MAJGnCFPl57W,System Panel:Glazed:484733,. ProfileName: Glazed; XDim: 25; YDim: 1364.09637531312; IsExternal: 1; Reference: Glazed; ThermalTransmittance: 6.7069; Category: Curtain Panels; Reference: Glazed; Project: 0001; Storey: First floor; Top Elevation: 7225; Bottom Elevation: 4900; Global Top Elevation: 7225; Global Bottom Elevation: 4900; Has Own Geometry: 1; Children Have Geometry: 0; Global X: 5165.34620744856; Global Y: -12617.4634915436; Global Z: 4900; Bounding Box Length: 1329.20042071279; Bounding Box Width: 356.085646075584; Bounding Box Height: 2325; Layer: A-GLAZ-CURT
3QwqaXhbD8MAJGnCFPl57Y,System Panel:Glazed:484735,. ProfileName: Glazed; XDim: 25; YDim: 1364.09637531312; IsExternal: 1; Reference: Glazed; ThermalTransmittance: 6.7069; Category: Curtain Panels; Reference: Glazed; Project: 0001; Storey: First floor; Top Elevation: 7225; Bottom Elevation: 4900; Global Top Elevation: 7225; Global Bottom Elevation: 4900; Has Own Geometry: 1; Children Have Geometry: 0; Global X: 6536.96300347104; Global Y: -12961.4633804138; Global Z: 4900; Bounding Box Length: 1329.20042071279; Bounding Box Width: 356.085646075586; Bounding Box Height: 2325; Layer: A-GLAZ-CURT
2BV8ty4rH4pOWhxXNZufqv,System Panel:Glazed:576352,. ProfileName: Glazed; XDim: 25; YDim: 1339.09637561792; IsExternal: 1; Reference: Glazed; ThermalTransmittance: 6.7069; Category: Curtain Panels; Reference: Glazed; Project: 0001; Storey: First floor; Top Elevation: 7225; Bottom Elevation: 4900; Global Top Elevation: 7225; Global Bottom Elevation: 4900; Has Own Geometry: 1; Children Have Geometry: 0; Global X: 7908.57979949353; Global Y: -13299.3816490584; Global Z: 4900; Bounding Box Length: 1304.95142320376; Bounding Box Width: 350.004025850083; Bounding Box Height: 2325; Layer: A-GLAZ-CURT
3QwqaXhbD8MAJGnCFPl54S,System Panel:Glazed:484737,. ProfileName: Glazed; XDim: 25; YDim: 1339.09637561792; IsExternal: 1; Reference: Glazed; ThermalTransmittance: 6.7069; Category: Curtain Panels; Reference: Glazed; Project: 0001; Storey: First floor; Top Elevation: 8538; Bottom Elevation: 7275; Global Top Elevation: 8538; Global Bottom Elevation: 7275; Has Own Geometry: 1; Children Have Geometry: 0; Global X: -5783.33916322231; Global Y: -9865.464380582; Global Z: 7275; Bounding Box Length: 1304.95142320376; Bounding Box Width: 350.004025850083; Bounding Box Height: 1263; Layer: A-GLAZ-CURT
3QwqaXhbD8MAJGnCFPl54V,System Panel:Glazed:484738,. ProfileName: Glazed; XDim: 25; YDim: 1364.09637531312; IsExternal: 1; Reference: Glazed; ThermalTransmittance: 6.7069; Category: Curtain Panels; Reference: Glazed; Project: 0001; Storey: First floor; Top Elevation: 8538; Bottom Elevation: 7275; Global Top Elevation: 8538; Global Bottom Elevation: 7275; Has Own Geometry: 1; Children Have Geometry: 0; Global X: -4435.97136470885; Global Y: -10209.4642694522; Global Z: 7275; Bounding Box Length: 1329.20042071279; Bounding Box Width: 356.085646075586; Bounding Box Height: 1263; Layer: A-GLAZ-CURT
3QwqaXhbD8MAJGnCFPl54U,System Panel:Glazed:484739,. ProfileName: Glazed; XDim: 25; YDim: 1364.09637531312; IsExternal: 1; Reference: Glazed; ThermalTransmittance: 6.7069; Category: Curtain Panels; Reference: Glazed; Project: 0001; Storey: First floor; Top Elevation: 8538; Bottom Elevation: 7275; Global Top Elevation: 8538; Global Bottom Elevation: 7275; Has Own Geometry: 1; Children Have Geometry: 0; Global X: -3064.35456868636; Global Y: -10553.4641583224; Global Z: 7275; Bounding Box Length: 1329.20042071279; Bounding Box Width: 356.085646075584; Bounding Box Height: 1263; Layer: A-GLAZ-CURT
3QwqaXhbD8MAJGnCFPl54P,System Panel:Glazed:484740,. ProfileName: Glazed; XDim: 25; YDim: 1364.09637531312; IsExternal: 1; Reference: Glazed; ThermalTransmittance: 6.7069; Category: Curtain Panels; Reference: Glazed; Project: 0001; Storey: First floor; Top Elevation: 8538; Bottom Elevation: 7275; Global Top Elevation: 8538; Global Bottom Elevation: 7275; Has Own Geometry: 1; Children Have Geometry: 0; Global X: -1692.73777266388; Global Y: -10897.4640471926; Global Z: 7275; Bounding Box Length: 1329.20042071279; Bounding Box Width: 356.085646075584; Bounding Box Height: 1263; Layer: A-GLAZ-CURT
3QwqaXhbD8MAJGnCFPl54O,System Panel:Glazed:484741,. ProfileName: Glazed; XDim: 25; YDim: 1364.09637531312; IsExternal: 1; Reference: Glazed; ThermalTransmittance: 6.7069; Category: Curtain Panels; Reference: Glazed; Project: 0001; Storey: First floor; Top Elevation: 8538; Bottom Elevation: 7275; Global Top Elevation: 8538; Global Bottom Elevation: 7275; Has Own Geometry: 1; Children Have Geometry: 0; Global X: -321.120976641392; Global Y: -11241.4639360628; Global Z: 7275; Bounding Box Length: 1329.20042071279; Bounding Box Width: 356.085646075584; Bounding Box Height: 1263; Layer: A-GLAZ-CURT
3QwqaXhbD8MAJGnCFPl54R,System Panel:Glazed:484742,. ProfileName: Glazed; XDim: 25; YDim: 1364.09637531312; IsExternal: 1; Reference: Glazed; ThermalTransmittance: 6.7069; Category: Curtain Panels; Reference: Glazed; Project: 0001; Storey: First floor; Top Elevation: 8538; Bottom Elevation: 7275; Global Top Elevation: 8538; Global Bottom Elevation: 7275; Has Own Geometry: 1; Children Have Geometry: 0; Global X: 1050.4958193811; Global Y: -11585.463824933; Global Z: 7275; Bounding Box Length: 1329.20042071279; Bounding Box Width: 356.085646075586; Bounding Box Height: 1263; Layer: A-GLAZ-CURT
3QwqaXhbD8MAJGnCFPl54Q,System Panel:Glazed:484743,. ProfileName: Glazed; XDim: 25; YDim: 1364.09637531312; IsExternal: 1; Reference: Glazed; ThermalTransmittance: 6.7069; Category: Curtain Panels; Reference: Glazed; Project: 0001; Storey: First floor; Top Elevation: 8538; Bottom Elevation: 7275; Global Top Elevation: 8538; Global Bottom Elevation: 7275; Has Own Geometry: 1; Children Have Geometry: 0; Global X: 2422.11261540359; Global Y: -11929.4637138032; Global Z: 7275; Bounding Box Length: 1329.20042071279; Bounding Box Width: 356.085646075584; Bounding Box Height: 1263; Layer: A-GLAZ-CURT
3QwqaXhbD8MAJGnCFPl54L,System Panel:Glazed:484744,. ProfileName: Glazed; XDim: 25; YDim: 1364.09637531312; IsExternal: 1; Reference: Glazed; ThermalTransmittance: 6.7069; Category: Curtain Panels; Reference: Glazed; Project: 0001; Storey: First floor; Top Elevation: 8538; Bottom Elevation: 7275; Global Top Elevation: 8538; Global Bottom Elevation: 7275; Has Own Geometry: 1; Children Have Geometry: 0; Global X: 3793.72941142606; Global Y: -12273.4636026734; Global Z: 7275; Bounding Box Length: 1329.20042071279; Bounding Box Width: 356.085646075584; Bounding Box Height: 1263; Layer: A-GLAZ-CURT
3QwqaXhbD8MAJGnCFPl54K,System Panel:Glazed:484745,. ProfileName: Glazed; XDim: 25; YDim: 1364.09637531312; IsExternal: 1; Reference: Glazed; ThermalTransmittance: 6.7069; Category: Curtain Panels; Reference: Glazed; Project: 0001; Storey: First floor; Top Elevation: 8538; Bottom Elevation: 7275; Global Top Elevation: 8538; Global Bottom Elevation: 7275; Has Own Geometry: 1; Children Have Geometry: 0; Global X: 5165.34620744856; Global Y: -12617.4634915436; Global Z: 7275; Bounding Box Length: 1329.20042071279; Bounding Box Width: 356.085646075584; Bounding Box Height: 1263; Layer: A-GLAZ-CURT
3QwqaXhbD8MAJGnCFPl54N,System Panel:Glazed:484746,. ProfileName: Glazed; XDim: 25; YDim: 1364.09637531312; IsExternal: 1; Reference: Glazed; ThermalTransmittance: 6.7069; Category: Curtain Panels; Reference: Glazed; Project: 0001; Storey: First floor; Top Elevation: 8538; Bottom Elevation: 7275; Global Top Elevation: 8538; Global Bottom Elevation: 7275; Has Own Geometry: 1; Children Have Geometry: 0; Global X: 6536.96300347104; Global Y: -12961.4633804138; Global Z: 7275; Bounding Box Length: 1329.20042071279; Bounding Box Width: 356.085646075586; Bounding Box Height: 1263; Layer: A-GLAZ-CURT
2BV8ty4rH4pOWhxXNZufqu,System Panel:Glazed:576353,. ProfileName: Glazed; XDim: 25; YDim: 1339.09637561792; IsExternal: 1; Reference: Glazed; ThermalTransmittance: 6.7069; Category: Curtain Panels; Reference: Glazed; Project: 0001; Storey: First floor; Top Elevation: 8538; Bottom Elevation: 7275; Global Top Elevation: 8538; Global Bottom Elevation: 7275; Has Own Geometry: 1; Children Have Geometry: 0; Global X: 7908.57979949353; Global Y: -13299.3816490584; Global Z: 7275; Bounding Box Length: 1304.95142320376; Bounding Box Width: 350.004025850083; Bounding Box Height: 1263; Layer: A-GLAZ-CURT
3QwqaXhbD8MAJGnCFPl54G,Rectangular Mullion:50 x 150mm:484749,. ProfileName: 50 x 150mm; XDim: 150; YDim: 50; IsExternal: 1; Reference: 50 x 150mm; Span: 1339.09637561792; Category: Curtain Wall Mullions; Reference: 50 x 150mm; Project: 0001; Storey: First floor; Top Elevation: 8588; Bottom Elevation: 8538; Global Top Elevation: 8588; Global Bottom Elevation: 8538; Has Own Geometry: 1; Children Have Geometry: 0; Global X: 7884.37495070095; Global Y: -13395.892660321; Global Z: 8538; Bounding Box Length: 1335.35952470197; Bounding Box Width: 471.249014873451; Bounding Box Height: 50; Layer: A-GLAZ-CWMG
3QwqaXhbD8MAJGnCFPl54J,Rectangular Mullion:50 x 150mm:484750,. ProfileName: 50 x 150mm; XDim: 150; YDim: 50; IsExternal: 1; Reference: 50 x 150mm; Span: 1339.09637561792; Category: Curtain Wall Mullions; Reference: 50 x 150mm; Project: 0001; Storey: First floor; Top Elevation: 8588; Bottom Elevation: 8538; Global Top Elevation: 8588; Global Bottom Elevation: 8538; Has Own Geometry: 1; Children Have Geometry: 0; Global X: -5807.54401201489; Global Y: -9961.9753918446; Global Z: 8538; Bounding Box Length: 1335.35952470197; Bounding Box Width: 471.249014873443; Bounding Box Height: 50; Layer: A-GLAZ-CWMG
3QwqaXhbD8MAJGnCFPl54I,Rectangular Mullion:50 x 150mm:484751,. ProfileName: 50 x 150mm; XDim: 150; YDim: 50; IsExternal: 1; Reference: 50 x 150mm; Span: 1364.09637531312; Category: Curtain Wall Mullions; Reference: 50 x 150mm; Project: 0001; Storey: First floor; Top Elevation: 8588; Bottom Elevation: 8538; Global Top Elevation: 8588; Global Bottom Elevation: 8538; Has Own Geometry: 1; Children Have Geometry: 0; Global X: -4460.17621350143; Global Y: -10305.9752807148; Global Z: 8538; Bounding Box Length: 1359.608522211; Bounding Box Width: 477.330635098937; Bounding Box Height: 50; Layer: A-GLAZ-CWMG
3QwqaXhbD8MAJGnCFPl54D,Rectangular Mullion:50 x 150mm:484752,. ProfileName: 50 x 150mm; XDim: 150; YDim: 50; IsExternal: 1; Reference: 50 x 150mm; Span: 1364.09637531312; Category: Curtain Wall Mullions; Reference: 50 x 150mm; Project: 0001; Storey: First floor; Top Elevation: 8588; Bottom Elevation: 8538; Global Top Elevation: 8588; Global Bottom Elevation: 8538; Has Own Geometry: 1; Children Have Geometry: 0; Global X: -3088.55941747894; Global Y: -10649.975169585; Global Z: 8538; Bounding Box Length: 1359.608522211; Bounding Box Width: 477.330635098944; Bounding Box Height: 50; Layer: A-GLAZ-CWMG
3QwqaXhbD8MAJGnCFPl54C,Rectangular Mullion:50 x 150mm:484753,. ProfileName: 50 x 150mm; XDim: 150; YDim: 50; IsExternal: 1; Reference: 50 x 150mm; Span: 1364.09637531312; Category: Curtain Wall Mullions; Reference: 50 x 150mm; Project: 0001; Storey: First floor; Top Elevation: 8588; Bottom Elevation: 8538; Global Top Elevation: 8588; Global Bottom Elevation: 8538; Has Own Geometry: 1; Children Have Geometry: 0; Global X: -1716.94262145646; Global Y: -10993.9750584552; Global Z: 8538; Bounding Box Length: 1359.608522211; Bounding Box Width: 477.330635098937; Bounding Box Height: 50; Layer: A-GLAZ-CWMG
3QwqaXhbD8MAJGnCFPl54F,Rectangular Mullion:50 x 150mm:484754,. ProfileName: 50 x 150mm; XDim: 150; YDim: 50; IsExternal: 1; Reference: 50 x 150mm; Span: 1364.09637531312; Category: Curtain Wall Mullions; Reference: 50 x 150mm; Project: 0001; Storey: First floor; Top Elevation: 8588; Bottom Elevation: 8538; Global Top Elevation: 8588; Global Bottom Elevation: 8538; Has Own Geometry: 1; Children Have Geometry: 0; Global X: -345.325825433972; Global Y: -11337.9749473254; Global Z: 8538; Bounding Box Length: 1359.608522211; Bounding Box Width: 477.330635098939; Bounding Box Height: 50; Layer: A-GLAZ-CWMG
3QwqaXhbD8MAJGnCFPl54E,Rectangular Mullion:50 x 150mm:484755,. ProfileName: 50 x 150mm; XDim: 150; YDim: 50; IsExternal: 1; Reference: 50 x 150mm; Span: 1364.09637531312; Category: Curtain Wall Mullions; Reference: 50 x 150mm; Project: 0001; Storey: First floor; Top Elevation: 8588; Bottom Elevation: 8538; Global Top Elevation: 8588; Global Bottom Elevation: 8538; Has Own Geometry: 1; Children Have Geometry: 0; Global X: 1026.29097058852; Global Y: -11681.9748361956; Global Z: 8538; Bounding Box Length: 1359.608522211; Bounding Box Width: 477.330635098944; Bounding Box Height: 50; Layer: A-GLAZ-CWMG
3QwqaXhbD8MAJGnCFPl549,Rectangular Mullion:50 x 150mm:484756,. ProfileName: 50 x 150mm; XDim: 150; YDim: 50; IsExternal: 1; Reference: 50 x 150mm; Span: 1364.09637531312; Category: Curtain Wall Mullions; Reference: 50 x 150mm; Project: 0001; Storey: First floor; Top Elevation: 8588; Bottom Elevation: 8538; Global Top Elevation: 8588; Global Bottom Elevation: 8538; Has Own Geometry: 1; Children Have Geometry: 0; Global X: 2397.907766611; Global Y: -12025.9747250658; Global Z: 8538; Bounding Box Length: 1359.608522211; Bounding Box Width: 477.330635098937; Bounding Box Height: 50; Layer: A-GLAZ-CWMG
3QwqaXhbD8MAJGnCFPl548,Rectangular Mullion:50 x 150mm:484757,. ProfileName: 50 x 150mm; XDim: 150; YDim: 50; IsExternal: 1; Reference: 50 x 150mm; Span: 1364.09637531312; Category: Curtain Wall Mullions; Reference: 50 x 150mm; Project: 0001; Storey: First floor; Top Elevation: 8588; Bottom Elevation: 8538; Global Top Elevation: 8588; Global Bottom Elevation: 8538; Has Own Geometry: 1; Children Have Geometry: 0; Global X: 3769.52456263349; Global Y: -12369.974613936; Global Z: 8538; Bounding Box Length: 1359.608522211; Bounding Box Width: 477.330635098944; Bounding Box Height: 50; Layer: A-GLAZ-CWMG
3QwqaXhbD8MAJGnCFPl54B,Rectangular Mullion:50 x 150mm:484758,. ProfileName: 50 x 150mm; XDim: 150; YDim: 50; IsExternal: 1; Reference: 50 x 150mm; Span: 1364.09637531312; Category: Curtain Wall Mullions; Reference: 50 x 150mm; Project: 0001; Storey: First floor; Top Elevation: 8588; Bottom Elevation: 8538; Global Top Elevation: 8588; Global Bottom Elevation: 8538; Has Own Geometry: 1; Children Have Geometry: 0; Global X: 5141.14135865598; Global Y: -12713.9745028061; Global Z: 8538; Bounding Box Length: 1359.608522211; Bounding Box Width: 477.330635098944; Bounding Box Height: 50; Layer: A-GLAZ-CWMG
3QwqaXhbD8MAJGnCFPl54A,Rectangular Mullion:50 x 150mm:484759,. ProfileName: 50 x 150mm; XDim: 150; YDim: 50; IsExternal: 1; Reference: 50 x 150mm; Span: 1339.09637561792; Category: Curtain Wall Mullions; Reference: 50 x 150mm; Project: 0001; Storey: First floor; Top Elevation: 4900; Bottom Elevation: 4850; Global Top Elevation: 4900; Global Bottom Elevation: 4850; Has Own Geometry: 1; Children Have Geometry: 0; Global X: -5807.54401201489; Global Y: -9961.97539184461; Global Z: 4850; Bounding Box Length: 1335.35952470197; Bounding Box Width: 471.249014873443; Bounding Box Height: 50; Layer: A-GLAZ-CWMG
3QwqaXhbD8MAJGnCFPl545,Rectangular Mullion:50 x 150mm:484760,. ProfileName: 50 x 150mm; XDim: 150; YDim: 50; IsExternal: 1; Reference: 50 x 150mm; Span: 1364.09637531312; Category: Curtain Wall Mullions; Reference: 50 x 150mm; Project: 0001; Storey: First floor; Top Elevation: 4900; Bottom Elevation: 4850; Global Top Elevation: 4900; Global Bottom Elevation: 4850; Has Own Geometry: 1; Children Have Geometry: 0; Global X: -4460.17621350143; Global Y: -10305.9752807148; Global Z: 4850; Bounding Box Length: 1359.608522211; Bounding Box Width: 477.330635098937; Bounding Box Height: 50; Layer: A-GLAZ-CWMG
3QwqaXhbD8MAJGnCFPl544,Rectangular Mullion:50 x 150mm:484761,. ProfileName: 50 x 150mm; XDim: 150; YDim: 50; IsExternal: 1; Reference: 50 x 150mm; Span: 1364.09637531312; Category: Curtain Wall Mullions; Reference: 50 x 150mm; Project: 0001; Storey: First floor; Top Elevation: 4900; Bottom Elevation: 4850; Global Top Elevation: 4900; Global Bottom Elevation: 4850; Has Own Geometry: 1; Children Have Geometry: 0; Global X: -3088.55941747895; Global Y: -10649.975169585; Global Z: 4850; Bounding Box Length: 1359.608522211; Bounding Box Width: 477.330635098944; Bounding Box Height: 50; Layer: A-GLAZ-CWMG
3QwqaXhbD8MAJGnCFPl547,Rectangular Mullion:50 x 150mm:484762,. ProfileName: 50 x 150mm; XDim: 150; YDim: 50; IsExternal: 1; Reference: 50 x 150mm; Span: 1364.09637531312; Category: Curtain Wall Mullions; Reference: 50 x 150mm; Project: 0001; Storey: First floor; Top Elevation: 4900; Bottom Elevation: 4850; Global Top Elevation: 4900; Global Bottom Elevation: 4850; Has Own Geometry: 1; Children Have Geometry: 0; Global X: -1716.94262145646; Global Y: -10993.9750584552; Global Z: 4850; Bounding Box Length: 1359.608522211; Bounding Box Width: 477.330635098946; Bounding Box Height: 50; Layer: A-GLAZ-CWMG
3QwqaXhbD8MAJGnCFPl546,Rectangular Mullion:50 x 150mm:484763,. ProfileName: 50 x 150mm; XDim: 150; YDim: 50; IsExternal: 1; Reference: 50 x 150mm; Span: 1364.09637531312; Category: Curtain Wall Mullions; Reference: 50 x 150mm; Project: 0001; Storey: First floor; Top Elevation: 4900; Bottom Elevation: 4850; Global Top Elevation: 4900; Global Bottom Elevation: 4850; Has Own Geometry: 1; Children Have Geometry: 0; Global X: -345.325825433967; Global Y: -11337.9749473254; Global Z: 4850; Bounding Box Length: 1359.608522211; Bounding Box Width: 477.330635098937; Bounding Box Height: 50; Layer: A-GLAZ-CWMG
3QwqaXhbD8MAJGnCFPl541,Rectangular Mullion:50 x 150mm:484764,. ProfileName: 50 x 150mm; XDim: 150; YDim: 50; IsExternal: 1; Reference: 50 x 150mm; Span: 1364.09637531312; Category: Curtain Wall Mullions; Reference: 50 x 150mm; Project: 0001; Storey: First floor; Top Elevation: 4900; Bottom Elevation: 4850; Global Top Elevation: 4900; Global Bottom Elevation: 4850; Has Own Geometry: 1; Children Have Geometry: 0; Global X: 1026.29097058852; Global Y: -11681.9748361956; Global Z: 4850; Bounding Box Length: 1359.608522211; Bounding Box Width: 477.330635098944; Bounding Box Height: 50; Layer: A-GLAZ-CWMG
3QwqaXhbD8MAJGnCFPl540,Rectangular Mullion:50 x 150mm:484765,. ProfileName: 50 x 150mm; XDim: 150; YDim: 50; IsExternal: 1; Reference: 50 x 150mm; Span: 1364.09637531312; Category: Curtain Wall Mullions; Reference: 50 x 150mm; Project: 0001; Storey: First floor; Top Elevation: 4900; Bottom Elevation: 4850; Global Top Elevation: 4900; Global Bottom Elevation: 4850; Has Own Geometry: 1; Children Have Geometry: 0; Global X: 2397.907766611; Global Y: -12025.9747250658; Global Z: 4850; Bounding Box Length: 1359.608522211; Bounding Box Width: 477.330635098937; Bounding Box Height: 50; Layer: A-GLAZ-CWMG
3QwqaXhbD8MAJGnCFPl543,Rectangular Mullion:50 x 150mm:484766,. ProfileName: 50 x 150mm; XDim: 150; YDim: 50; IsExternal: 1; Reference: 50 x 150mm; Span: 1364.09637531312; Category: Curtain Wall Mullions; Reference: 50 x 150mm; Project: 0001; Storey: First floor; Top Elevation: 4900; Bottom Elevation: 4850; Global Top Elevation: 4900; Global Bottom Elevation: 4850; Has Own Geometry: 1; Children Have Geometry: 0; Global X: 3769.52456263349; Global Y: -12369.9746139359; Global Z: 4850; Bounding Box Length: 1359.608522211; Bounding Box Width: 477.330635098944; Bounding Box Height: 50; Layer: A-GLAZ-CWMG
3QwqaXhbD8MAJGnCFPl542,Rectangular Mullion:50 x 150mm:484767,. ProfileName: 50 x 150mm; XDim: 150; YDim: 50; IsExternal: 1; Reference: 50 x 150mm; Span: 1364.09637531312; Category: Curtain Wall Mullions; Reference: 50 x 150mm; Project: 0001; Storey: First floor; Top Elevation: 4900; Bottom Elevation: 4850; Global Top Elevation: 4900; Global Bottom Elevation: 4850; Has Own Geometry: 1; Children Have Geometry: 0; Global X: 5141.14135865597; Global Y: -12713.9745028061; Global Z: 4850; Bounding Box Length: 1359.608522211; Bounding Box Width: 477.330635098944; Bounding Box Height: 50; Layer: A-GLAZ-CWMG
3QwqaXhbD8MAJGnCFPl54z,Rectangular Mullion:50 x 150mm:484768,. ProfileName: 50 x 150mm; XDim: 150; YDim: 50; IsExternal: 1; Reference: 50 x 150mm; Span: 1364.09637531312; Category: Curtain Wall Mullions; Reference: 50 x 150mm; Project: 0001; Storey: First floor; Top Elevation: 4900; Bottom Elevation: 4850; Global Top Elevation: 4900; Global Bottom Elevation: 4850; Has Own Geometry: 1; Children Have Geometry: 0; Global X: 6512.75815467846; Global Y: -13057.9743916763; Global Z: 4850; Bounding Box Length: 1359.608522211; Bounding Box Width: 477.330635098944; Bounding Box Height: 50; Layer: A-GLAZ-CWMG
3QwqaXhbD8MAJGnCFPl54y,Rectangular Mullion:50 x 150mm:484769,. ProfileName: 50 x 150mm; XDim: 150; YDim: 50; IsExternal: 1; Reference: 50 x 150mm; Span: 2400; Category: Curtain Wall Mullions; Reference: 50 x 150mm; Project: 0001; Storey: First floor; Top Elevation: 7250; Bottom Elevation: 4850; Global Top Elevation: 7250; Global Bottom Elevation: 4850; Has Own Geometry: 1; Children Have Geometry: 0; Global X: 9183.24475360506; Global Y: -13408.0559009203; Global Z: 4850; Bounding Box Length: 84.9877174071989; Bounding Box Width: 157.657227427315; Bounding Box Height: 2400; Layer: A-GLAZ-CWMG
3QwqaXhbD8MAJGnCFPl54$,Rectangular Mullion:50 x 150mm:484770,. ProfileName: 50 x 150mm; XDim: 150; YDim: 50; IsExternal: 1; Reference: 50 x 150mm; Span: 1338; Category: Curtain Wall Mullions; Reference: 50 x 150mm; Project: 0001; Storey: First floor; Top Elevation: 8588; Bottom Elevation: 7250; Global Top Elevation: 8588; Global Bottom Elevation: 7250; Has Own Geometry: 1; Children Have Geometry: 0; Global X: 9183.24475360506; Global Y: -13408.0559009203; Global Z: 7250; Bounding Box Length: 84.9877174071989; Bounding Box Width: 157.657227427315; Bounding Box Height: 1338; Layer: A-GLAZ-CWMG
3QwqaXhbD8MAJGnCFPl54_,Rectangular Mullion:50 x 150mm:484771,. ProfileName: 50 x 150mm; XDim: 150; YDim: 50; IsExternal: 1; Reference: 50 x 150mm; Span: 1338; Category: Curtain Wall Mullions; Reference: 50 x 150mm; Project: 0001; Storey: First floor; Top Elevation: 8588; Bottom Elevation: 7250; Global Top Elevation: 8588; Global Bottom Elevation: 7250; Has Own Geometry: 1; Children Have Geometry: 0; Global X: -5856.04200762423; Global Y: -9636.22036379919; Global Z: 7250; Bounding Box Length: 84.9877174071971; Bounding Box Width: 157.657227427315; Bounding Box Height: 1338; Layer: A-GLAZ-CWMG
3QwqaXhbD8MAJGnCFPl54v,Rectangular Mullion:50 x 150mm:484772,. ProfileName: 50 x 150mm; XDim: 150; YDim: 50; IsExternal: 1; Reference: 50 x 150mm; Span: 2400; Category: Curtain Wall Mullions; Reference: 50 x 150mm; Project: 0001; Storey: First floor; Top Elevation: 7250; Bottom Elevation: 4850; Global Top Elevation: 7250; Global Bottom Elevation: 4850; Has Own Geometry: 1; Children Have Geometry: 0; Global X: -5856.04200762423; Global Y: -9636.22036379919; Global Z: 4850; Bounding Box Length: 84.9877174071971; Bounding Box Width: 157.657227427315; Bounding Box Height: 2400; Layer: A-GLAZ-CWMG
3QwqaXhbD8MAJGnCFPl54u,Rectangular Mullion:50 x 150mm:484773,. ProfileName: 50 x 150mm; XDim: 150; YDim: 50; IsExternal: 1; Reference: 50 x 150mm; Span: 1339.09637561792; Category: Curtain Wall Mullions; Reference: 50 x 150mm; Project: 0001; Storey: First floor; Top Elevation: 7275; Bottom Elevation: 7225; Global Top Elevation: 7275; Global Bottom Elevation: 7225; Has Own Geometry: 1; Children Have Geometry: 0; Global X: -5807.54401201489; Global Y: -9961.9753918446; Global Z: 7225; Bounding Box Length: 1335.35952470197; Bounding Box Width: 471.249014873443; Bounding Box Height: 50.0000000000009; Layer: A-GLAZ-CWMG
3QwqaXhbD8MAJGnCFPl54x,Rectangular Mullion:50 x 150mm:484774,. ProfileName: 50 x 150mm; XDim: 150; YDim: 50; IsExternal: 1; Reference: 50 x 150mm; Span: 1364.09637531312; Category: Curtain Wall Mullions; Reference: 50 x 150mm; Project: 0001; Storey: First floor; Top Elevation: 7275; Bottom Elevation: 7225; Global Top Elevation: 7275; Global Bottom Elevation: 7225; Has Own Geometry: 1; Children Have Geometry: 0; Global X: -4460.17621350143; Global Y: -10305.9752807148; Global Z: 7225; Bounding Box Length: 1359.608522211; Bounding Box Width: 477.330635098937; Bounding Box Height: 50.0000000000009; Layer: A-GLAZ-CWMG
3QwqaXhbD8MAJGnCFPl54w,Rectangular Mullion:50 x 150mm:484775,. ProfileName: 50 x 150mm; XDim: 150; YDim: 50; IsExternal: 1; Reference: 50 x 150mm; Span: 1364.09637531312; Category: Curtain Wall Mullions; Reference: 50 x 150mm; Project: 0001; Storey: First floor; Top Elevation: 7275; Bottom Elevation: 7225; Global Top Elevation: 7275; Global Bottom Elevation: 7225; Has Own Geometry: 1; Children Have Geometry: 0; Global X: -3088.55941747894; Global Y: -10649.975169585; Global Z: 7225; Bounding Box Length: 1359.608522211; Bounding Box Width: 477.330635098944; Bounding Box Height: 50.0000000000009; Layer: A-GLAZ-CWMG
3QwqaXhbD8MAJGnCFPl54r,Rectangular Mullion:50 x 150mm:484776,. ProfileName: 50 x 150mm; XDim: 150; YDim: 50; IsExternal: 1; Reference: 50 x 150mm; Span: 1364.09637531312; Category: Curtain Wall Mullions; Reference: 50 x 150mm; Project: 0001; Storey: First floor; Top Elevation: 7275; Bottom Elevation: 7225; Global Top Elevation: 7275; Global Bottom Elevation: 7225; Has Own Geometry: 1; Children Have Geometry: 0; Global X: -1716.94262145646; Global Y: -10993.9750584552; Global Z: 7225; Bounding Box Length: 1359.608522211; Bounding Box Width: 477.330635098937; Bounding Box Height: 50.0000000000009; Layer: A-GLAZ-CWMG
3QwqaXhbD8MAJGnCFPl54q,Rectangular Mullion:50 x 150mm:484777,. ProfileName: 50 x 150mm; XDim: 150; YDim: 50; IsExternal: 1; Reference: 50 x 150mm; Span: 1364.09637531312; Category: Curtain Wall Mullions; Reference: 50 x 150mm; Project: 0001; Storey: First floor; Top Elevation: 7275; Bottom Elevation: 7225; Global Top Elevation: 7275; Global Bottom Elevation: 7225; Has Own Geometry: 1; Children Have Geometry: 0; Global X: -345.325825433972; Global Y: -11337.9749473254; Global Z: 7225; Bounding Box Length: 1359.608522211; Bounding Box Width: 477.330635098939; Bounding Box Height: 50.0000000000009; Layer: A-GLAZ-CWMG
3QwqaXhbD8MAJGnCFPl54t,Rectangular Mullion:50 x 150mm:484778,. ProfileName: 50 x 150mm; XDim: 150; YDim: 50; IsExternal: 1; Reference: 50 x 150mm; Span: 1364.09637531312; Category: Curtain Wall Mullions; Reference: 50 x 150mm; Project: 0001; Storey: First floor; Top Elevation: 7275; Bottom Elevation: 7225; Global Top Elevation: 7275; Global Bottom Elevation: 7225; Has Own Geometry: 1; Children Have Geometry: 0; Global X: 1026.29097058852; Global Y: -11681.9748361956; Global Z: 7225; Bounding Box Length: 1359.608522211; Bounding Box Width: 477.330635098944; Bounding Box Height: 50.0000000000009; Layer: A-GLAZ-CWMG
3QwqaXhbD8MAJGnCFPl54s,Rectangular Mullion:50 x 150mm:484779,. ProfileName: 50 x 150mm; XDim: 150; YDim: 50; IsExternal: 1; Reference: 50 x 150mm; Span: 1364.09637531312; Category: Curtain Wall Mullions; Reference: 50 x 150mm; Project: 0001; Storey: First floor; Top Elevation: 7275; Bottom Elevation: 7225; Global Top Elevation: 7275; Global Bottom Elevation: 7225; Has Own Geometry: 1; Children Have Geometry: 0; Global X: 2397.907766611; Global Y: -12025.9747250658; Global Z: 7225; Bounding Box Length: 1359.608522211; Bounding Box Width: 477.330635098944; Bounding Box Height: 50.0000000000009; Layer: A-GLAZ-CWMG
3QwqaXhbD8MAJGnCFPl54n,Rectangular Mullion:50 x 150mm:484780,. ProfileName: 50 x 150mm; XDim: 150; YDim: 50; IsExternal: 1; Reference: 50 x 150mm; Span: 1364.09637531312; Category: Curtain Wall Mullions; Reference: 50 x 150mm; Project: 0001; Storey: First floor; Top Elevation: 7275; Bottom Elevation: 7225; Global Top Elevation: 7275; Global Bottom Elevation: 7225; Has Own Geometry: 1; Children Have Geometry: 0; Global X: 3769.52456263349; Global Y: -12369.974613936; Global Z: 7225; Bounding Box Length: 1359.608522211; Bounding Box Width: 477.330635098937; Bounding Box Height: 50.0000000000009; Layer: A-GLAZ-CWMG
3QwqaXhbD8MAJGnCFPl54m,Rectangular Mullion:50 x 150mm:484781,. ProfileName: 50 x 150mm; XDim: 150; YDim: 50; IsExternal: 1; Reference: 50 x 150mm; Span: 1364.09637531312; Category: Curtain Wall Mullions; Reference: 50 x 150mm; Project: 0001; Storey: First floor; Top Elevation: 7275; Bottom Elevation: 7225; Global Top Elevation: 7275; Global Bottom Elevation: 7225; Has Own Geometry: 1; Children Have Geometry: 0; Global X: 5141.14135865598; Global Y: -12713.9745028061; Global Z: 7225; Bounding Box Length: 1359.608522211; Bounding Box Width: 477.330635098944; Bounding Box Height: 50.0000000000009; Layer: A-GLAZ-CWMG
3QwqaXhbD8MAJGnCFPl54p,Rectangular Mullion:50 x 150mm:484782,. ProfileName: 50 x 150mm; XDim: 150; YDim: 50; IsExternal: 1; Reference: 50 x 150mm; Span: 1364.09637531312; Category: Curtain Wall Mullions; Reference: 50 x 150mm; Project: 0001; Storey: First floor; Top Elevation: 7275; Bottom Elevation: 7225; Global Top Elevation: 7275; Global Bottom Elevation: 7225; Has Own Geometry: 1; Children Have Geometry: 0; Global X: 6512.75815467846; Global Y: -13057.9743916763; Global Z: 7225; Bounding Box Length: 1359.608522211; Bounding Box Width: 477.330635098939; Bounding Box Height: 50.0000000000009; Layer: A-GLAZ-CWMG
3QwqaXhbD8MAJGnCFPl54o,Rectangular Mullion:50 x 150mm:484783,. ProfileName: 50 x 150mm; XDim: 150; YDim: 50; IsExternal: 1; Reference: 50 x 150mm; Span: 2400; Category: Curtain Wall Mullions; Reference: 50 x 150mm; Project: 0001; Storey: First floor; Top Elevation: 7250; Bottom Elevation: 4850; Global Top Elevation: 7250; Global Bottom Elevation: 4850; Has Own Geometry: 1; Children Have Geometry: 0; Global X: -4508.67420911077; Global Y: -9974.13863244389; Global Z: 4850; Bounding Box Length: 84.9877174071971; Bounding Box Width: 157.65722742732; Bounding Box Height: 2400; Layer: A-GLAZ-CWMG
3QwqaXhbD8MAJGnCFPl54j,Rectangular Mullion:50 x 150mm:484784,. ProfileName: 50 x 150mm; XDim: 150; YDim: 50; IsExternal: 1; Reference: 50 x 150mm; Span: 2400; Category: Curtain Wall Mullions; Reference: 50 x 150mm; Project: 0001; Storey: First floor; Top Elevation: 7250; Bottom Elevation: 4850; Global Top Elevation: 7250; Global Bottom Elevation: 4850; Has Own Geometry: 1; Children Have Geometry: 0; Global X: -3137.05741308829; Global Y: -10318.1385213141; Global Z: 4850; Bounding Box Length: 84.9877174071976; Bounding Box Width: 157.657227427322; Bounding Box Height: 2400; Layer: A-GLAZ-CWMG
3QwqaXhbD8MAJGnCFPl54i,Rectangular Mullion:50 x 150mm:484785,. ProfileName: 50 x 150mm; XDim: 150; YDim: 50; IsExternal: 1; Reference: 50 x 150mm; Span: 2400; Category: Curtain Wall Mullions; Reference: 50 x 150mm; Project: 0001; Storey: First floor; Top Elevation: 7250; Bottom Elevation: 4850; Global Top Elevation: 7250; Global Bottom Elevation: 4850; Has Own Geometry: 1; Children Have Geometry: 0; Global X: -1765.4406170658; Global Y: -10662.1384101843; Global Z: 4850; Bounding Box Length: 84.9877174071967; Bounding Box Width: 157.65722742732; Bounding Box Height: 2400; Layer: A-GLAZ-CWMG
3QwqaXhbD8MAJGnCFPl54l,Rectangular Mullion:50 x 150mm:484786,. ProfileName: 50 x 150mm; XDim: 150; YDim: 50; IsExternal: 1; Reference: 50 x 150mm; Span: 2400; Category: Curtain Wall Mullions; Reference: 50 x 150mm; Project: 0001; Storey: First floor; Top Elevation: 7250; Bottom Elevation: 4850; Global Top Elevation: 7250; Global Bottom Elevation: 4850; Has Own Geometry: 1; Children Have Geometry: 0; Global X: -393.823821043311; Global Y: -11006.1382990545; Global Z: 4850; Bounding Box Length: 84.9877174071967; Bounding Box Width: 157.657227427322; Bounding Box Height: 2400; Layer: A-GLAZ-CWMG
3QwqaXhbD8MAJGnCFPl54k,Rectangular Mullion:50 x 150mm:484787,. ProfileName: 50 x 150mm; XDim: 150; YDim: 50; IsExternal: 1; Reference: 50 x 150mm; Span: 2400; Category: Curtain Wall Mullions; Reference: 50 x 150mm; Project: 0001; Storey: First floor; Top Elevation: 7250; Bottom Elevation: 4850; Global Top Elevation: 7250; Global Bottom Elevation: 4850; Has Own Geometry: 1; Children Have Geometry: 0; Global X: 977.792974979172; Global Y: -11350.1381879247; Global Z: 4850; Bounding Box Length: 84.9877174071966; Bounding Box Width: 157.657227427322; Bounding Box Height: 2400; Layer: A-GLAZ-CWMG
3QwqaXhbD8MAJGnCFPl54f,Rectangular Mullion:50 x 150mm:484788,. ProfileName: 50 x 150mm; XDim: 150; YDim: 50; IsExternal: 1; Reference: 50 x 150mm; Span: 2400; Category: Curtain Wall Mullions; Reference: 50 x 150mm; Project: 0001; Storey: First floor; Top Elevation: 7250; Bottom Elevation: 4850; Global Top Elevation: 7250; Global Bottom Elevation: 4850; Has Own Geometry: 1; Children Have Geometry: 0; Global X: 2349.40977100166; Global Y: -11694.1380767949; Global Z: 4850; Bounding Box Length: 84.9877174071985; Bounding Box Width: 157.657227427322; Bounding Box Height: 2400; Layer: A-GLAZ-CWMG
3QwqaXhbD8MAJGnCFPl54e,Rectangular Mullion:50 x 150mm:484789,. ProfileName: 50 x 150mm; XDim: 150; YDim: 50; IsExternal: 1; Reference: 50 x 150mm; Span: 2400; Category: Curtain Wall Mullions; Reference: 50 x 150mm; Project: 0001; Storey: First floor; Top Elevation: 7250; Bottom Elevation: 4850; Global Top Elevation: 7250; Global Bottom Elevation: 4850; Has Own Geometry: 1; Children Have Geometry: 0; Global X: 3721.02656702414; Global Y: -12038.1379656651; Global Z: 4850; Bounding Box Length: 84.9877174071985; Bounding Box Width: 157.65722742732; Bounding Box Height: 2400; Layer: A-GLAZ-CWMG
3QwqaXhbD8MAJGnCFPl54h,Rectangular Mullion:50 x 150mm:484790,. ProfileName: 50 x 150mm; XDim: 150; YDim: 50; IsExternal: 1; Reference: 50 x 150mm; Span: 2400; Category: Curtain Wall Mullions; Reference: 50 x 150mm; Project: 0001; Storey: First floor; Top Elevation: 7250; Bottom Elevation: 4850; Global Top Elevation: 7250; Global Bottom Elevation: 4850; Has Own Geometry: 1; Children Have Geometry: 0; Global X: 5092.64336304663; Global Y: -12382.1378545353; Global Z: 4850; Bounding Box Length: 84.987717407198; Bounding Box Width: 157.657227427322; Bounding Box Height: 2400; Layer: A-GLAZ-CWMG
3QwqaXhbD8MAJGnCFPl54g,Rectangular Mullion:50 x 150mm:484791,. ProfileName: 50 x 150mm; XDim: 150; YDim: 50; IsExternal: 1; Reference: 50 x 150mm; Span: 2400; Category: Curtain Wall Mullions; Reference: 50 x 150mm; Project: 0001; Storey: First floor; Top Elevation: 7250; Bottom Elevation: 4850; Global Top Elevation: 7250; Global Bottom Elevation: 4850; Has Own Geometry: 1; Children Have Geometry: 0; Global X: 6464.26015906912; Global Y: -12726.1377434055; Global Z: 4850; Bounding Box Length: 84.987717407198; Bounding Box Width: 157.657227427322; Bounding Box Height: 2400; Layer: A-GLAZ-CWMG
3QwqaXhbD8MAJGnCFPl54b,Rectangular Mullion:50 x 150mm:484792,. ProfileName: 50 x 150mm; XDim: 150; YDim: 50; IsExternal: 1; Reference: 50 x 150mm; Span: 1338; Category: Curtain Wall Mullions; Reference: 50 x 150mm; Project: 0001; Storey: First floor; Top Elevation: 8588; Bottom Elevation: 7250; Global Top Elevation: 8588; Global Bottom Elevation: 7250; Has Own Geometry: 1; Children Have Geometry: 0; Global X: -4508.67420911077; Global Y: -9974.13863244389; Global Z: 7250; Bounding Box Length: 84.9877174071971; Bounding Box Width: 157.65722742732; Bounding Box Height: 1338; Layer: A-GLAZ-CWMG
3QwqaXhbD8MAJGnCFPl54a,Rectangular Mullion:50 x 150mm:484793,. ProfileName: 50 x 150mm; XDim: 150; YDim: 50; IsExternal: 1; Reference: 50 x 150mm; Span: 1338; Category: Curtain Wall Mullions; Reference: 50 x 150mm; Project: 0001; Storey: First floor; Top Elevation: 8588; Bottom Elevation: 7250; Global Top Elevation: 8588; Global Bottom Elevation: 7250; Has Own Geometry: 1; Children Have Geometry: 0; Global X: -3137.05741308829; Global Y: -10318.1385213141; Global Z: 7250; Bounding Box Length: 84.9877174071976; Bounding Box Width: 157.657227427322; Bounding Box Height: 1338; Layer: A-GLAZ-CWMG
3QwqaXhbD8MAJGnCFPl54d,Rectangular Mullion:50 x 150mm:484794,. ProfileName: 50 x 150mm; XDim: 150; YDim: 50; IsExternal: 1; Reference: 50 x 150mm; Span: 1338; Category: Curtain Wall Mullions; Reference: 50 x 150mm; Project: 0001; Storey: First floor; Top Elevation: 8588; Bottom Elevation: 7250; Global Top Elevation: 8588; Global Bottom Elevation: 7250; Has Own Geometry: 1; Children Have Geometry: 0; Global X: -1765.4406170658; Global Y: -10662.1384101843; Global Z: 7250; Bounding Box Length: 84.9877174071967; Bounding Box Width: 157.65722742732; Bounding Box Height: 1338; Layer: A-GLAZ-CWMG
3QwqaXhbD8MAJGnCFPl54c,Rectangular Mullion:50 x 150mm:484795,. ProfileName: 50 x 150mm; XDim: 150; YDim: 50; IsExternal: 1; Reference: 50 x 150mm; Span: 1338; Category: Curtain Wall Mullions; Reference: 50 x 150mm; Project: 0001; Storey: First floor; Top Elevation: 8588; Bottom Elevation: 7250; Global Top Elevation: 8588; Global Bottom Elevation: 7250; Has Own Geometry: 1; Children Have Geometry: 0; Global X: -393.823821043311; Global Y: -11006.1382990545; Global Z: 7250; Bounding Box Length: 84.9877174071967; Bounding Box Width: 157.657227427322; Bounding Box Height: 1338; Layer: A-GLAZ-CWMG
3QwqaXhbD8MAJGnCFPl54X,Rectangular Mullion:50 x 150mm:484796,. ProfileName: 50 x 150mm; XDim: 150; YDim: 50; IsExternal: 1; Reference: 50 x 150mm; Span: 1338; Category: Curtain Wall Mullions; Reference: 50 x 150mm; Project: 0001; Storey: First floor; Top Elevation: 8588; Bottom Elevation: 7250; Global Top Elevation: 8588; Global Bottom Elevation: 7250; Has Own Geometry: 1; Children Have Geometry: 0; Global X: 977.792974979172; Global Y: -11350.1381879247; Global Z: 7250; Bounding Box Length: 84.9877174071966; Bounding Box Width: 157.657227427322; Bounding Box Height: 1338; Layer: A-GLAZ-CWMG
3QwqaXhbD8MAJGnCFPl54W,Rectangular Mullion:50 x 150mm:484797,. ProfileName: 50 x 150mm; XDim: 150; YDim: 50; IsExternal: 1; Reference: 50 x 150mm; Span: 1338; Category: Curtain Wall Mullions; Reference: 50 x 150mm; Project: 0001; Storey: First floor; Top Elevation: 8588; Bottom Elevation: 7250; Global Top Elevation: 8588; Global Bottom Elevation: 7250; Has Own Geometry: 1; Children Have Geometry: 0; Global X: 2349.40977100166; Global Y: -11694.1380767949; Global Z: 7250; Bounding Box Length: 84.9877174071985; Bounding Box Width: 157.657227427322; Bounding Box Height: 1338; Layer: A-GLAZ-CWMG
3QwqaXhbD8MAJGnCFPl54Z,Rectangular Mullion:50 x 150mm:484798,. ProfileName: 50 x 150mm; XDim: 150; YDim: 50; IsExternal: 1; Reference: 50 x 150mm; Span: 1338; Category: Curtain Wall Mullions; Reference: 50 x 150mm; Project: 0001; Storey: First floor; Top Elevation: 8588; Bottom Elevation: 7250; Global Top Elevation: 8588; Global Bottom Elevation: 7250; Has Own Geometry: 1; Children Have Geometry: 0; Global X: 3721.02656702415; Global Y: -12038.1379656651; Global Z: 7250; Bounding Box Length: 84.9877174071985; Bounding Box Width: 157.65722742732; Bounding Box Height: 1338; Layer: A-GLAZ-CWMG
3QwqaXhbD8MAJGnCFPl54Y,Rectangular Mullion:50 x 150mm:484799,. ProfileName: 50 x 150mm; XDim: 150; YDim: 50; IsExternal: 1; Reference: 50 x 150mm; Span: 1338; Category: Curtain Wall Mullions; Reference: 50 x 150mm; Project: 0001; Storey: First floor; Top Elevation: 8588; Bottom Elevation: 7250; Global Top Elevation: 8588; Global Bottom Elevation: 7250; Has Own Geometry: 1; Children Have Geometry: 0; Global X: 5092.64336304663; Global Y: -12382.1378545353; Global Z: 7250; Bounding Box Length: 84.987717407198; Bounding Box Width: 157.657227427322; Bounding Box Height: 1338; Layer: A-GLAZ-CWMG
3QwqaXhbD8MAJGnCFPl55T,Rectangular Mullion:50 x 150mm:484800,. ProfileName: 50 x 150mm; XDim: 150; YDim: 50; IsExternal: 1; Reference: 50 x 150mm; Span: 1338; Category: Curtain Wall Mullions; Reference: 50 x 150mm; Project: 0001; Storey: First floor; Top Elevation: 8588; Bottom Elevation: 7250; Global Top Elevation: 8588; Global Bottom Elevation: 7250; Has Own Geometry: 1; Children Have Geometry: 0; Global X: 6464.26015906912; Global Y: -12726.1377434055; Global Z: 7250; Bounding Box Length: 84.987717407198; Bounding Box Width: 157.657227427322; Bounding Box Height: 1338; Layer: A-GLAZ-CWMG
2BV8ty4rH4pOWhxXNZufqo,Rectangular Mullion:50 x 150mm:576363,. ProfileName: 50 x 150mm; XDim: 150; YDim: 50; IsExternal: 1; Reference: 50 x 150mm; Span: 1364.09637531312; Category: Curtain Wall Mullions; Reference: 50 x 150mm; Project: 0001; Storey: First floor; Top Elevation: 8588; Bottom Elevation: 8538; Global Top Elevation: 8588; Global Bottom Elevation: 8538; Has Own Geometry: 1; Children Have Geometry: 0; Global X: 6512.75815467846; Global Y: -13057.9743916763; Global Z: 8538; Bounding Box Length: 1359.608522211; Bounding Box Width: 477.330635098939; Bounding Box Height: 50; Layer: A-GLAZ-CWMG
2BV8ty4rH4pOWhxXNZufqr,Rectangular Mullion:50 x 150mm:576364,. ProfileName: 50 x 150mm; XDim: 150; YDim: 50; IsExternal: 1; Reference: 50 x 150mm; Span: 1339.09637561792; Category: Curtain Wall Mullions; Reference: 50 x 150mm; Project: 0001; Storey: First floor; Top Elevation: 4900; Bottom Elevation: 4850; Global Top Elevation: 4900; Global Bottom Elevation: 4850; Has Own Geometry: 1; Children Have Geometry: 0; Global X: 7884.37495070095; Global Y: -13395.892660321; Global Z: 4850; Bounding Box Length: 1335.35952470197; Bounding Box Width: 471.249014873451; Bounding Box Height: 50; Layer: A-GLAZ-CWMG
2BV8ty4rH4pOWhxXNZufqq,Rectangular Mullion:50 x 150mm:576365,. ProfileName: 50 x 150mm; XDim: 150; YDim: 50; IsExternal: 1; Reference: 50 x 150mm; Span: 1339.09637561792; Category: Curtain Wall Mullions; Reference: 50 x 150mm; Project: 0001; Storey: First floor; Top Elevation: 7275; Bottom Elevation: 7225; Global Top Elevation: 7275; Global Bottom Elevation: 7225; Has Own Geometry: 1; Children Have Geometry: 0; Global X: 7884.37495070095; Global Y: -13395.892660321; Global Z: 7225; Bounding Box Length: 1335.35952470197; Bounding Box Width: 471.249014873451; Bounding Box Height: 50.0000000000009; Layer: A-GLAZ-CWMG
2BV8ty4rH4pOWhxXNZufqt,Rectangular Mullion:50 x 150mm:576366,. ProfileName: 50 x 150mm; XDim: 150; YDim: 50; IsExternal: 1; Reference: 50 x 150mm; Span: 2400; Category: Curtain Wall Mullions; Reference: 50 x 150mm; Project: 0001; Storey: First floor; Top Elevation: 7250; Bottom Elevation: 4850; Global Top Elevation: 7250; Global Bottom Elevation: 4850; Has Own Geometry: 1; Children Have Geometry: 0; Global X: 7835.87695509161; Global Y: -13070.1376322757; Global Z: 4850; Bounding Box Length: 84.9877174071989; Bounding Box Width: 157.657227427322; Bounding Box Height: 2400; Layer: A-GLAZ-CWMG
2BV8ty4rH4pOWhxXNZufqs,Rectangular Mullion:50 x 150mm:576367,. ProfileName: 50 x 150mm; XDim: 150; YDim: 50; IsExternal: 1; Reference: 50 x 150mm; Span: 1338; Category: Curtain Wall Mullions; Reference: 50 x 150mm; Project: 0001; Storey: First floor; Top Elevation: 8588; Bottom Elevation: 7250; Global Top Elevation: 8588; Global Bottom Elevation: 7250; Has Own Geometry: 1; Children Have Geometry: 0; Global X: 7835.87695509161; Global Y: -13070.1376322757; Global Z: 7250; Bounding Box Length: 84.9877174071989; Bounding Box Width: 157.657227427322; Bounding Box Height: 1338; Layer: A-GLAZ-CWMG
0PfeWE7Aj7GBHCsLa672yo,Curtain Wall:Storefront:553432,. IsExternal: 1; Reference: Storefront; Category: Walls; Reference: Storefront; Project: 0001; Storey: First floor; Top Elevation: 8950; Bottom Elevation: 4850; Global Top Elevation: 8950; Global Bottom Elevation: 4850; Has Own Geometry: 0; Children Have Geometry: 1; Global X: 8933.5685586995; Global Y: -1835.65820492486; Global Z: 4850; Bounding Box Length: 3178.23555656555; Bounding Box Width: 985.365703276209; Bounding Box Height: 4100
0PfeWE7Aj7GBHCsLa672yp,System Panel:Glazed:553433,. ProfileName: Glazed; XDim: 25; YDim: 1008.33333343528; IsExternal: 1; Reference: Glazed; ThermalTransmittance: 6.7069; Category: Curtain Panels; Reference: Glazed; Project: 0001; Storey: First floor; Top Elevation: 7225; Bottom Elevation: 4900; Global Top Elevation: 7225; Global Bottom Elevation: 4900; Has Own Geometry: 1; Children Have Geometry: 0; Global X: 9007.63301551802; Global Y: -1172.87459104069; Global Z: 4900; Bounding Box Length: 980.445684400845; Bounding Box Width: 285.124016161987; Bounding Box Height: 2325; Layer: A-GLAZ-CURT
0PfeWE7Aj7GBHCsLa672ys,System Panel:Glazed:553436,. ProfileName: Glazed; XDim: 25; YDim: 1033.33333313048; IsExternal: 1; Reference: Glazed; ThermalTransmittance: 6.7069; Category: Curtain Panels; Reference: Glazed; Project: 0001; Storey: First floor; Top Elevation: 7225; Bottom Elevation: 4900; Global Top Elevation: 7225; Global Bottom Elevation: 4900; Has Own Geometry: 1; Children Have Geometry: 0; Global X: 10029.9657267693; Global Y: -1453.0333438194; Global Z: 4900; Bounding Box Length: 1004.59382976366; Bounding Box Width: 291.594492210663; Bounding Box Height: 2325; Layer: A-GLAZ-CURT
0PfeWE7Aj7GBHCsLa672yq,System Panel:Glazed:553438,. ProfileName: Glazed; XDim: 25; YDim: 1008.33333343528; IsExternal: 1; Reference: Glazed; ThermalTransmittance: 6.7069; Category: Curtain Panels; Reference: Glazed; Project: 0001; Storey: First floor; Top Elevation: 7225; Bottom Elevation: 4900; Global Top Elevation: 7225; Global Bottom Elevation: 4900; Has Own Geometry: 1; Children Have Geometry: 0; Global X: 11076.4465833833; Global Y: -1726.72162054943; Global Z: 4900; Bounding Box Length: 980.445684400845; Bounding Box Width: 285.124016161987; Bounding Box Height: 2325; Layer: A-GLAZ-CURT
0PfeWE7Aj7GBHCsLa672yA,System Panel:Glazed:553440,. ProfileName: Glazed; XDim: 25; YDim: 1008.33333343528; IsExternal: 1; Reference: Glazed; ThermalTransmittance: 6.7069; Category: Curtain Panels; Reference: Glazed; Project: 0001; Storey: First floor; Top Elevation: 8900; Bottom Elevation: 7275; Global Top Elevation: 8900; Global Bottom Elevation: 7275; Has Own Geometry: 1; Children Have Geometry: 0; Global X: 9007.63301551802; Global Y: -1172.87459104069; Global Z: 7275; Bounding Box Length: 980.445684400845; Bounding Box Width: 285.124016161987; Bounding Box Height: 1625; Layer: A-GLAZ-CURT
0PfeWE7Aj7GBHCsLa672yB,System Panel:Glazed:553441,. ProfileName: Glazed; XDim: 25; YDim: 1033.33333313048; IsExternal: 1; Reference: Glazed; ThermalTransmittance: 6.7069; Category: Curtain Panels; Reference: Glazed; Project: 0001; Storey: First floor; Top Elevation: 8900; Bottom Elevation: 7275; Global Top Elevation: 8900; Global Bottom Elevation: 7275; Has Own Geometry: 1; Children Have Geometry: 0; Global X: 10029.9657267693; Global Y: -1453.0333438194; Global Z: 7275; Bounding Box Length: 1004.59382976366; Bounding Box Width: 291.594492210663; Bounding Box Height: 1625; Layer: A-GLAZ-CURT
0PfeWE7Aj7GBHCsLa672y8,System Panel:Glazed:553442,. ProfileName: Glazed; XDim: 25; YDim: 1008.33333343528; IsExternal: 1; Reference: Glazed; ThermalTransmittance: 6.7069; Category: Curtain Panels; Reference: Glazed; Project: 0001; Storey: First floor; Top Elevation: 8900; Bottom Elevation: 7275; Global Top Elevation: 8900; Global Bottom Elevation: 7275; Has Own Geometry: 1; Children Have Geometry: 0; Global X: 11076.4465833833; Global Y: -1726.72162054943; Global Z: 7275; Bounding Box Length: 980.445684400845; Bounding Box Width: 285.124016161987; Bounding Box Height: 1625; Layer: A-GLAZ-CURT
0PfeWE7Aj7GBHCsLa672yF,Rectangular Mullion:50 x 150mm:553445,. ProfileName: 50 x 150mm; XDim: 150; YDim: 50; IsExternal: 1; Reference: 50 x 150mm; Span: 1008.33333343528; Category: Curtain Wall Mullions; Reference: 50 x 150mm; Project: 0001; Storey: First floor; Top Elevation: 8950; Bottom Elevation: 8900; Global Top Elevation: 8950; Global Bottom Elevation: 8900; Has Own Geometry: 1; Children Have Geometry: 0; Global X: 11050.6812760114; Global Y: -1822.72792407969; Global Z: 8900; Bounding Box Length: 1012.82368980709; Bounding Box Width: 405.65811207712; Bounding Box Height: 49.9999999999982; Layer: A-GLAZ-CWMG
0PfeWE7Aj7GBHCsLa672yC,Rectangular Mullion:50 x 150mm:553446,. ProfileName: 50 x 150mm; XDim: 150; YDim: 50; IsExternal: 1; Reference: 50 x 150mm; Span: 1008.33333343528; Category: Curtain Wall Mullions; Reference: 50 x 150mm; Project: 0001; Storey: First floor; Top Elevation: 8950; Bottom Elevation: 8900; Global Top Elevation: 8950; Global Bottom Elevation: 8900; Has Own Geometry: 1; Children Have Geometry: 0; Global X: 8981.86770814611; Global Y: -1268.88089457094; Global Z: 8900; Bounding Box Length: 1012.82368980709; Bounding Box Width: 405.65811207712; Bounding Box Height: 49.9999999999982; Layer: A-GLAZ-CWMG
0PfeWE7Aj7GBHCsLa672yD,Rectangular Mullion:50 x 150mm:553447,. ProfileName: 50 x 150mm; XDim: 150; YDim: 50; IsExternal: 1; Reference: 50 x 150mm; Span: 1033.33333313048; Category: Curtain Wall Mullions; Reference: 50 x 150mm; Project: 0001; Storey: First floor; Top Elevation: 8950; Bottom Elevation: 8900; Global Top Elevation: 8950; Global Bottom Elevation: 8900; Has Own Geometry: 1; Children Have Geometry: 0; Global X: 10004.1997048643; Global Y: -1549.0369794972; Global Z: 8900; Bounding Box Length: 1036.97326423596; Bounding Box Width: 412.123252420884; Bounding Box Height: 49.9999999999982; Layer: A-GLAZ-CWMG
0PfeWE7Aj7GBHCsLa672y2,Rectangular Mullion:50 x 150mm:553448,. ProfileName: 50 x 150mm; XDim: 150; YDim: 50; IsExternal: 1; Reference: 50 x 150mm; Span: 1008.33333343528; Category: Curtain Wall Mullions; Reference: 50 x 150mm; Project: 0001; Storey: First floor; Top Elevation: 4900; Bottom Elevation: 4850; Global Top Elevation: 4900; Global Bottom Elevation: 4850; Has Own Geometry: 1; Children Have Geometry: 0; Global X: 8981.8677081461; Global Y: -1268.88089457094; Global Z: 4850; Bounding Box Length: 1012.82368980709; Bounding Box Width: 405.65811207712; Bounding Box Height: 50; Layer: A-GLAZ-CWMG
0PfeWE7Aj7GBHCsLa672y3,Rectangular Mullion:50 x 150mm:553449,. ProfileName: 50 x 150mm; XDim: 150; YDim: 50; IsExternal: 1; Reference: 50 x 150mm; Span: 1033.33333313048; Category: Curtain Wall Mullions; Reference: 50 x 150mm; Project: 0001; Storey: First floor; Top Elevation: 4900; Bottom Elevation: 4850; Global Top Elevation: 4900; Global Bottom Elevation: 4850; Has Own Geometry: 1; Children Have Geometry: 0; Global X: 10004.1997048642; Global Y: -1549.0369794972; Global Z: 4850; Bounding Box Length: 1036.97326423596; Bounding Box Width: 412.123252420884; Bounding Box Height: 50; Layer: A-GLAZ-CWMG
0PfeWE7Aj7GBHCsLa672y0,Rectangular Mullion:50 x 150mm:553450,. ProfileName: 50 x 150mm; XDim: 150; YDim: 50; IsExternal: 1; Reference: 50 x 150mm; Span: 1008.33333343528; Category: Curtain Wall Mullions; Reference: 50 x 150mm; Project: 0001; Storey: First floor; Top Elevation: 4900; Bottom Elevation: 4850; Global Top Elevation: 4900; Global Bottom Elevation: 4850; Has Own Geometry: 1; Children Have Geometry: 0; Global X: 11050.6812760113; Global Y: -1822.72792407969; Global Z: 4850; Bounding Box Length: 1012.82368980709; Bounding Box Width: 405.65811207712; Bounding Box Height: 50; Layer: A-GLAZ-CWMG
0PfeWE7Aj7GBHCsLa672y1,Rectangular Mullion:50 x 150mm:553451,. ProfileName: 50 x 150mm; XDim: 150; YDim: 50; IsExternal: 1; Reference: 50 x 150mm; Span: 2400; Category: Curtain Wall Mullions; Reference: 50 x 150mm; Project: 0001; Storey: First floor; Top Elevation: 7250; Bottom Elevation: 4850; Global Top Elevation: 7250; Global Bottom Elevation: 4850; Has Own Geometry: 1; Children Have Geometry: 0; Global X: 12024.7141232829; Global Y: -1835.65820492486; Global Z: 4850; Bounding Box Length: 87.0899919821113; Bounding Box Width: 157.827729184973; Bounding Box Height: 2400; Layer: A-GLAZ-CWMG
0PfeWE7Aj7GBHCsLa672y6,Rectangular Mullion:50 x 150mm:553452,. ProfileName: 50 x 150mm; XDim: 150; YDim: 50; IsExternal: 1; Reference: 50 x 150mm; Span: 1700; Category: Curtain Wall Mullions; Reference: 50 x 150mm; Project: 0001; Storey: First floor; Top Elevation: 8950; Bottom Elevation: 7250; Global Top Elevation: 8950; Global Bottom Elevation: 7250; Has Own Geometry: 1; Children Have Geometry: 0; Global X: 12024.7141232829; Global Y: -1835.65820492486; Global Z: 7250; Bounding Box Length: 87.0899919821113; Bounding Box Width: 157.827729184973; Bounding Box Height: 1700; Layer: A-GLAZ-CWMG
0PfeWE7Aj7GBHCsLa672y7,Rectangular Mullion:50 x 150mm:553453,. ProfileName: 50 x 150mm; XDim: 150; YDim: 50; IsExternal: 1; Reference: 50 x 150mm; Span: 1700; Category: Curtain Wall Mullions; Reference: 50 x 150mm; Project: 0001; Storey: First floor; Top Elevation: 8950; Bottom Elevation: 7250; Global Top Elevation: 8950; Global Bottom Elevation: 7250; Has Own Geometry: 1; Children Have Geometry: 0; Global X: 8933.5685586995; Global Y: -1008.12023083363; Global Z: 7250; Bounding Box Length: 87.089991982115; Bounding Box Width: 157.827729184973; Bounding Box Height: 1700; Layer: A-GLAZ-CWMG
0PfeWE7Aj7GBHCsLa672y4,Rectangular Mullion:50 x 150mm:553454,. ProfileName: 50 x 150mm; XDim: 150; YDim: 50; IsExternal: 1; Reference: 50 x 150mm; Span: 2400; Category: Curtain Wall Mullions; Reference: 50 x 150mm; Project: 0001; Storey: First floor; Top Elevation: 7250; Bottom Elevation: 4850; Global Top Elevation: 7250; Global Bottom Elevation: 4850; Has Own Geometry: 1; Children Have Geometry: 0; Global X: 8933.5685586995; Global Y: -1008.12023083363; Global Z: 4850; Bounding Box Length: 87.089991982115; Bounding Box Width: 157.827729184973; Bounding Box Height: 2400; Layer: A-GLAZ-CWMG
0PfeWE7Aj7GBHCsLa672y5,Rectangular Mullion:50 x 150mm:553455,. ProfileName: 50 x 150mm; XDim: 150; YDim: 50; IsExternal: 1; Reference: 50 x 150mm; Span: 1008.33333343528; Category: Curtain Wall Mullions; Reference: 50 x 150mm; Project: 0001; Storey: First floor; Top Elevation: 7275; Bottom Elevation: 7225; Global Top Elevation: 7275; Global Bottom Elevation: 7225; Has Own Geometry: 1; Children Have Geometry: 0; Global X: 8981.86770814611; Global Y: -1268.88089457094; Global Z: 7225; Bounding Box Length: 1012.82368980709; Bounding Box Width: 405.65811207712; Bounding Box Height: 50.0000000000009; Layer: A-GLAZ-CWMG
0PfeWE7Aj7GBHCsLa672yQ,Rectangular Mullion:50 x 150mm:553456,. ProfileName: 50 x 150mm; XDim: 150; YDim: 50; IsExternal: 1; Reference: 50 x 150mm; Span: 1033.33333313048; Category: Curtain Wall Mullions; Reference: 50 x 150mm; Project: 0001; Storey: First floor; Top Elevation: 7275; Bottom Elevation: 7225; Global Top Elevation: 7275; Global Bottom Elevation: 7225; Has Own Geometry: 1; Children Have Geometry: 0; Global X: 10004.1997048643; Global Y: -1549.0369794972; Global Z: 7225; Bounding Box Length: 1036.97326423596; Bounding Box Width: 412.123252420884; Bounding Box Height: 50.0000000000009; Layer: A-GLAZ-CWMG
0PfeWE7Aj7GBHCsLa672yR,Rectangular Mullion:50 x 150mm:553457,. ProfileName: 50 x 150mm; XDim: 150; YDim: 50; IsExternal: 1; Reference: 50 x 150mm; Span: 1008.33333343528; Category: Curtain Wall Mullions; Reference: 50 x 150mm; Project: 0001; Storey: First floor; Top Elevation: 7275; Bottom Elevation: 7225; Global Top Elevation: 7275; Global Bottom Elevation: 7225; Has Own Geometry: 1; Children Have Geometry: 0; Global X: 11050.6812760114; Global Y: -1822.72792407969; Global Z: 7225; Bounding Box Length: 1012.82368980709; Bounding Box Width: 405.65811207712; Bounding Box Height: 50.0000000000009; Layer: A-GLAZ-CWMG
0PfeWE7Aj7GBHCsLa672yO,Rectangular Mullion:50 x 150mm:553458,. ProfileName: 50 x 150mm; XDim: 150; YDim: 50; IsExternal: 1; Reference: 50 x 150mm; Span: 2400; Category: Curtain Wall Mullions; Reference: 50 x 150mm; Project: 0001; Storey: First floor; Top Elevation: 7250; Bottom Elevation: 4850; Global Top Elevation: 7250; Global Bottom Elevation: 4850; Has Own Geometry: 1; Children Have Geometry: 0; Global X: 9955.90055541769; Global Y: -1281.81117541612; Global Z: 4850; Bounding Box Length: 87.0899919821113; Bounding Box Width: 157.827729184973; Bounding Box Height: 2400; Layer: A-GLAZ-CWMG
0PfeWE7Aj7GBHCsLa672yP,Rectangular Mullion:50 x 150mm:553459,. ProfileName: 50 x 150mm; XDim: 150; YDim: 50; IsExternal: 1; Reference: 50 x 150mm; Span: 2400; Category: Curtain Wall Mullions; Reference: 50 x 150mm; Project: 0001; Storey: First floor; Top Elevation: 7250; Bottom Elevation: 4850; Global Top Elevation: 7250; Global Bottom Elevation: 4850; Has Own Geometry: 1; Children Have Geometry: 0; Global X: 11002.3821265647; Global Y: -1561.96726034236; Global Z: 4850; Bounding Box Length: 87.0899919821113; Bounding Box Width: 157.827729184973; Bounding Box Height: 2400; Layer: A-GLAZ-CWMG
0PfeWE7Aj7GBHCsLa672yU,Rectangular Mullion:50 x 150mm:553460,. ProfileName: 50 x 150mm; XDim: 150; YDim: 50; IsExternal: 1; Reference: 50 x 150mm; Span: 1700; Category: Curtain Wall Mullions; Reference: 50 x 150mm; Project: 0001; Storey: First floor; Top Elevation: 8950; Bottom Elevation: 7250; Global Top Elevation: 8950; Global Bottom Elevation: 7250; Has Own Geometry: 1; Children Have Geometry: 0; Global X: 9955.90055541769; Global Y: -1281.81117541612; Global Z: 7250; Bounding Box Length: 87.0899919821113; Bounding Box Width: 157.827729184973; Bounding Box Height: 1700; Layer: A-GLAZ-CWMG
0PfeWE7Aj7GBHCsLa672yV,Rectangular Mullion:50 x 150mm:553461,. ProfileName: 50 x 150mm; XDim: 150; YDim: 50; IsExternal: 1; Reference: 50 x 150mm; Span: 1700; Category: Curtain Wall Mullions; Reference: 50 x 150mm; Project: 0001; Storey: First floor; Top Elevation: 8950; Bottom Elevation: 7250; Global Top Elevation: 8950; Global Bottom Elevation: 7250; Has Own Geometry: 1; Children Have Geometry: 0; Global X: 11002.3821265647; Global Y: -1561.96726034236; Global Z: 7250; Bounding Box Length: 87.0899919821113; Bounding Box Width: 157.827729184973; Bounding Box Height: 1700; Layer: A-GLAZ-CWMG
0PfeWE7Aj7GBHCsLa672kZ,Curtain Wall:Storefront:554313,. IsExternal: 1; Reference: Storefront; Category: Walls; Reference: Storefront; Project: 0001; Storey: First floor; Top Elevation: 8950; Bottom Elevation: 4850; Global Top Elevation: 8950; Global Bottom Elevation: 4850; Has Own Geometry: 0; Children Have Geometry: 1; Global X: 9838.59199574354; Global Y: -11833.07046836; Global Z: 4850; Bounding Box Length: 2672.18125702855; Bounding Box Width: 9479.04731588324; Bounding Box Height: 4100
0PfeWE7Aj7GBHCsLa672kW,System Panel:Glazed:554314,. ProfileName: Glazed; XDim: 25; YDim: 1321.09954611728; IsExternal: 1; Reference: Glazed; ThermalTransmittance: 6.7069; Category: Curtain Panels; Reference: Glazed; Project: 0001; Storey: First floor; Top Elevation: 7225; Bottom Elevation: 4900; Global Top Elevation: 7225; Global Bottom Elevation: 4900; Has Own Geometry: 1; Children Have Geometry: 0; Global X: 9876.01736768857; Global Y: -11758.997184958; Global Z: 4900; Bounding Box Length: 366.073868668675; Bounding Box Width: 1282.55464682101; Bounding Box Height: 2325; Layer: A-GLAZ-CURT
0PfeWE7Aj7GBHCsLa672kd,System Panel:Glazed:554317,. ProfileName: Glazed; XDim: 25; YDim: 1346.09954581248; IsExternal: 1; Reference: Glazed; ThermalTransmittance: 6.7069; Category: Curtain Panels; Reference: Glazed; Project: 0001; Storey: First floor; Top Elevation: 7225; Bottom Elevation: 4900; Global Top Elevation: 7225; Global Bottom Elevation: 4900; Has Own Geometry: 1; Children Have Geometry: 0; Global X: 10230.5900969537; Global Y: -10434.5379950012; Global Z: 4900; Bounding Box Length: 372.544344717351; Bounding Box Width: 1306.70279218382; Bounding Box Height: 2325; Layer: A-GLAZ-CURT
0PfeWE7Aj7GBHCsLa672kb,System Panel:Glazed:554319,. ProfileName: Glazed; XDim: 25; YDim: 1346.09954581248; IsExternal: 1; Reference: Glazed; ThermalTransmittance: 6.7069; Category: Curtain Panels; Reference: Glazed; Project: 0001; Storey: First floor; Top Elevation: 7225; Bottom Elevation: 4900; Global Top Elevation: 7225; Global Bottom Elevation: 4900; Has Own Geometry: 1; Children Have Geometry: 0; Global X: 10591.6306466401; Global Y: -9085.92994842137; Global Z: 4900; Bounding Box Length: 372.544344717351; Bounding Box Width: 1306.70279218382; Bounding Box Height: 2325; Layer: A-GLAZ-CURT
0PfeWE7Aj7GBHCsLa672kx,System Panel:Glazed:554321,. ProfileName: Glazed; XDim: 25; YDim: 1346.09954581248; IsExternal: 1; Reference: Glazed; ThermalTransmittance: 6.7069; Category: Curtain Panels; Reference: Glazed; Project: 0001; Storey: First floor; Top Elevation: 7225; Bottom Elevation: 4900; Global Top Elevation: 7225; Global Bottom Elevation: 4900; Has Own Geometry: 1; Children Have Geometry: 0; Global X: 10952.6711963264; Global Y: -7737.3219018415; Global Z: 4900; Bounding Box Length: 372.544344717351; Bounding Box Width: 1306.70279218382; Bounding Box Height: 2325; Layer: A-GLAZ-CURT
0PfeWE7Aj7GBHCsLa672kv,System Panel:Glazed:554323,. ProfileName: Glazed; XDim: 25; YDim: 1346.09954581248; IsExternal: 1; Reference: Glazed; ThermalTransmittance: 6.7069; Category: Curtain Panels; Reference: Glazed; Project: 0001; Storey: First floor; Top Elevation: 7225; Bottom Elevation: 4900; Global Top Elevation: 7225; Global Bottom Elevation: 4900; Has Own Geometry: 1; Children Have Geometry: 0; Global X: 11313.7117460128; Global Y: -6388.71385526163; Global Z: 4900; Bounding Box Length: 372.544344717351; Bounding Box Width: 1306.70279218382; Bounding Box Height: 2325; Layer: A-GLAZ-CURT
0PfeWE7Aj7GBHCsLa672k$,System Panel:Glazed:554325,. ProfileName: Glazed; XDim: 25; YDim: 1346.09954581248; IsExternal: 1; Reference: Glazed; ThermalTransmittance: 6.7069; Category: Curtain Panels; Reference: Glazed; Project: 0001; Storey: First floor; Top Elevation: 7225; Bottom Elevation: 4900; Global Top Elevation: 7225; Global Bottom Elevation: 4900; Has Own Geometry: 1; Children Have Geometry: 0; Global X: 11674.7522956992; Global Y: -5040.10580868176; Global Z: 4900; Bounding Box Length: 372.544344717351; Bounding Box Width: 1306.70279218382; Bounding Box Height: 2325; Layer: A-GLAZ-CURT
0PfeWE7Aj7GBHCsLa672kz,System Panel:Glazed:554327,. ProfileName: Glazed; XDim: 25; YDim: 1321.09954611728; IsExternal: 1; Reference: Glazed; ThermalTransmittance: 6.7069; Category: Curtain Panels; Reference: Glazed; Project: 0001; Storey: First floor; Top Elevation: 7225; Bottom Elevation: 4900; Global Top Elevation: 7225; Global Bottom Elevation: 4900; Has Own Geometry: 1; Children Have Geometry: 0; Global X: 12035.7955010131; Global Y: -3691.49847336214; Global Z: 4900; Bounding Box Length: 366.073868668675; Bounding Box Width: 1282.55464682101; Bounding Box Height: 2325; Layer: A-GLAZ-CURT
0PfeWE7Aj7GBHCsLa672kn,System Panel:Glazed:554331,. ProfileName: Glazed; XDim: 25; YDim: 1321.09954611728; IsExternal: 1; Reference: Glazed; ThermalTransmittance: 6.7069; Category: Curtain Panels; Reference: Glazed; Project: 0001; Storey: First floor; Top Elevation: 8900; Bottom Elevation: 7275; Global Top Elevation: 8900; Global Bottom Elevation: 7275; Has Own Geometry: 1; Children Have Geometry: 0; Global X: 9876.01736768857; Global Y: -11758.997184958; Global Z: 7275; Bounding Box Length: 366.073868668675; Bounding Box Width: 1282.55464682101; Bounding Box Height: 1625; Layer: A-GLAZ-CURT
0PfeWE7Aj7GBHCsLa672ks,System Panel:Glazed:554332,. ProfileName: Glazed; XDim: 25; YDim: 1346.09954581248; IsExternal: 1; Reference: Glazed; ThermalTransmittance: 6.7069; Category: Curtain Panels; Reference: Glazed; Project: 0001; Storey: First floor; Top Elevation: 8900; Bottom Elevation: 7275; Global Top Elevation: 8900; Global Bottom Elevation: 7275; Has Own Geometry: 1; Children Have Geometry: 0; Global X: 10230.5900969537; Global Y: -10434.5379950012; Global Z: 7275; Bounding Box Length: 372.544344717351; Bounding Box Width: 1306.70279218382; Bounding Box Height: 1625; Layer: A-GLAZ-CURT
0PfeWE7Aj7GBHCsLa672kt,System Panel:Glazed:554333,. ProfileName: Glazed; XDim: 25; YDim: 1346.09954581248; IsExternal: 1; Reference: Glazed; ThermalTransmittance: 6.7069; Category: Curtain Panels; Reference: Glazed; Project: 0001; Storey: First floor; Top Elevation: 8900; Bottom Elevation: 7275; Global Top Elevation: 8900; Global Bottom Elevation: 7275; Has Own Geometry: 1; Children Have Geometry: 0; Global X: 10591.6306466401; Global Y: -9085.92994842137; Global Z: 7275; Bounding Box Length: 372.544344717351; Bounding Box Width: 1306.70279218382; Bounding Box Height: 1625; Layer: A-GLAZ-CURT
0PfeWE7Aj7GBHCsLa672kq,System Panel:Glazed:554334,. ProfileName: Glazed; XDim: 25; YDim: 1346.09954581248; IsExternal: 1; Reference: Glazed; ThermalTransmittance: 6.7069; Category: Curtain Panels; Reference: Glazed; Project: 0001; Storey: First floor; Top Elevation: 8900; Bottom Elevation: 7275; Global Top Elevation: 8900; Global Bottom Elevation: 7275; Has Own Geometry: 1; Children Have Geometry: 0; Global X: 10952.6711963264; Global Y: -7737.3219018415; Global Z: 7275; Bounding Box Length: 372.544344717351; Bounding Box Width: 1306.70279218382; Bounding Box Height: 1625; Layer: A-GLAZ-CURT
0PfeWE7Aj7GBHCsLa672kr,System Panel:Glazed:554335,. ProfileName: Glazed; XDim: 25; YDim: 1346.09954581248; IsExternal: 1; Reference: Glazed; ThermalTransmittance: 6.7069; Category: Curtain Panels; Reference: Glazed; Project: 0001; Storey: First floor; Top Elevation: 8900; Bottom Elevation: 7275; Global Top Elevation: 8900; Global Bottom Elevation: 7275; Has Own Geometry: 1; Children Have Geometry: 0; Global X: 11313.7117460128; Global Y: -6388.71385526163; Global Z: 7275; Bounding Box Length: 372.544344717351; Bounding Box Width: 1306.70279218382; Bounding Box Height: 1625; Layer: A-GLAZ-CURT
0PfeWE7Aj7GBHCsLa672kA,System Panel:Glazed:554336,. ProfileName: Glazed; XDim: 25; YDim: 1346.09954581248; IsExternal: 1; Reference: Glazed; ThermalTransmittance: 6.7069; Category: Curtain Panels; Reference: Glazed; Project: 0001; Storey: First floor; Top Elevation: 8900; Bottom Elevation: 7275; Global Top Elevation: 8900; Global Bottom Elevation: 7275; Has Own Geometry: 1; Children Have Geometry: 0; Global X: 11674.7522956992; Global Y: -5040.10580868176; Global Z: 7275; Bounding Box Length: 372.544344717351; Bounding Box Width: 1306.70279218382; Bounding Box Height: 1625; Layer: A-GLAZ-CURT
0PfeWE7Aj7GBHCsLa672kB,System Panel:Glazed:554337,. ProfileName: Glazed; XDim: 25; YDim: 1321.09954611728; IsExternal: 1; Reference: Glazed; ThermalTransmittance: 6.7069; Category: Curtain Panels; Reference: Glazed; Project: 0001; Storey: First floor; Top Elevation: 8900; Bottom Elevation: 7275; Global Top Elevation: 8900; Global Bottom Elevation: 7275; Has Own Geometry: 1; Children Have Geometry: 0; Global X: 12035.7955010131; Global Y: -3691.49847336214; Global Z: 7275; Bounding Box Length: 366.073868668675; Bounding Box Width: 1282.55464682101; Bounding Box Height: 1625; Layer: A-GLAZ-CURT
0PfeWE7Aj7GBHCsLa672kF,Rectangular Mullion:50 x 150mm:554341,. ProfileName: 50 x 150mm; XDim: 150; YDim: 50; IsExternal: 1; Reference: 50 x 150mm; Span: 1321.09954611728; Category: Curtain Wall Mullions; Reference: 50 x 150mm; Project: 0001; Storey: First floor; Top Elevation: 8950; Bottom Elevation: 8900; Global Top Elevation: 8950; Global Bottom Elevation: 8900; Has Own Geometry: 1; Children Have Geometry: 0; Global X: 12011.3004588131; Global Y: -3717.27262040861; Global Z: 8900; Bounding Box Length: 486.542464213944; Bounding Box Width: 1314.95033157637; Bounding Box Height: 49.9999999999982; Layer: A-GLAZ-CWMG
0PfeWE7Aj7GBHCsLa672kC,Rectangular Mullion:50 x 150mm:554342,. ProfileName: 50 x 150mm; XDim: 150; YDim: 50; IsExternal: 1; Reference: 50 x 150mm; Span: 1321.09954611728; Category: Curtain Wall Mullions; Reference: 50 x 150mm; Project: 0001; Storey: First floor; Top Elevation: 8950; Bottom Elevation: 8900; Global Top Elevation: 8950; Global Bottom Elevation: 8900; Has Own Geometry: 1; Children Have Geometry: 0; Global X: 9851.52232548864; Global Y: -11784.7713320045; Global Z: 8900; Bounding Box Length: 486.542464213944; Bounding Box Width: 1314.95033157637; Bounding Box Height: 49.9999999999982; Layer: A-GLAZ-CWMG
0PfeWE7Aj7GBHCsLa672kD,Rectangular Mullion:50 x 150mm:554343,. ProfileName: 50 x 150mm; XDim: 150; YDim: 50; IsExternal: 1; Reference: 50 x 150mm; Span: 1346.09954581248; Category: Curtain Wall Mullions; Reference: 50 x 150mm; Project: 0001; Storey: First floor; Top Elevation: 8950; Bottom Elevation: 8900; Global Top Elevation: 8950; Global Bottom Elevation: 8900; Has Own Geometry: 1; Children Have Geometry: 0; Global X: 10206.0977103812; Global Y: -10460.312853308; Global Z: 8900; Bounding Box Length: 493.007629007663; Bounding Box Width: 1339.09989945967; Bounding Box Height: 49.9999999999982; Layer: A-GLAZ-CWMG
0PfeWE7Aj7GBHCsLa672k2,Rectangular Mullion:50 x 150mm:554344,. ProfileName: 50 x 150mm; XDim: 150; YDim: 50; IsExternal: 1; Reference: 50 x 150mm; Span: 1346.09954581248; Category: Curtain Wall Mullions; Reference: 50 x 150mm; Project: 0001; Storey: First floor; Top Elevation: 8950; Bottom Elevation: 8900; Global Top Elevation: 8950; Global Bottom Elevation: 8900; Has Own Geometry: 1; Children Have Geometry: 0; Global X: 10567.1382600676; Global Y: -9111.70480672809; Global Z: 8900; Bounding Box Length: 493.007629007663; Bounding Box Width: 1339.09989945967; Bounding Box Height: 49.9999999999982; Layer: A-GLAZ-CWMG
0PfeWE7Aj7GBHCsLa672k3,Rectangular Mullion:50 x 150mm:554345,. ProfileName: 50 x 150mm; XDim: 150; YDim: 50; IsExternal: 1; Reference: 50 x 150mm; Span: 1346.09954581248; Category: Curtain Wall Mullions; Reference: 50 x 150mm; Project: 0001; Storey: First floor; Top Elevation: 8950; Bottom Elevation: 8900; Global Top Elevation: 8950; Global Bottom Elevation: 8900; Has Own Geometry: 1; Children Have Geometry: 0; Global X: 10928.178809754; Global Y: -7763.09676014822; Global Z: 8900; Bounding Box Length: 493.007629007663; Bounding Box Width: 1339.09989945967; Bounding Box Height: 49.9999999999982; Layer: A-GLAZ-CWMG
0PfeWE7Aj7GBHCsLa672k0,Rectangular Mullion:50 x 150mm:554346,. ProfileName: 50 x 150mm; XDim: 150; YDim: 50; IsExternal: 1; Reference: 50 x 150mm; Span: 1346.09954581248; Category: Curtain Wall Mullions; Reference: 50 x 150mm; Project: 0001; Storey: First floor; Top Elevation: 8950; Bottom Elevation: 8900; Global Top Elevation: 8950; Global Bottom Elevation: 8900; Has Own Geometry: 1; Children Have Geometry: 0; Global X: 11289.2193594403; Global Y: -6414.48871356835; Global Z: 8900; Bounding Box Length: 493.007629007665; Bounding Box Width: 1339.09989945967; Bounding Box Height: 49.9999999999982; Layer: A-GLAZ-CWMG
0PfeWE7Aj7GBHCsLa672k1,Rectangular Mullion:50 x 150mm:554347,. ProfileName: 50 x 150mm; XDim: 150; YDim: 50; IsExternal: 1; Reference: 50 x 150mm; Span: 1346.09954581248; Category: Curtain Wall Mullions; Reference: 50 x 150mm; Project: 0001; Storey: First floor; Top Elevation: 8950; Bottom Elevation: 8900; Global Top Elevation: 8950; Global Bottom Elevation: 8900; Has Own Geometry: 1; Children Have Geometry: 0; Global X: 11650.2599091267; Global Y: -5065.88066698848; Global Z: 8900; Bounding Box Length: 493.007629007665; Bounding Box Width: 1339.09989945967; Bounding Box Height: 49.9999999999982; Layer: A-GLAZ-CWMG
0PfeWE7Aj7GBHCsLa672k7,Rectangular Mullion:50 x 150mm:554349,. ProfileName: 50 x 150mm; XDim: 150; YDim: 50; IsExternal: 1; Reference: 50 x 150mm; Span: 1321.09954611728; Category: Curtain Wall Mullions; Reference: 50 x 150mm; Project: 0001; Storey: First floor; Top Elevation: 4900; Bottom Elevation: 4850; Global Top Elevation: 4900; Global Bottom Elevation: 4850; Has Own Geometry: 1; Children Have Geometry: 0; Global X: 9851.52232548862; Global Y: -11784.7713320045; Global Z: 4850; Bounding Box Length: 486.542464213942; Bounding Box Width: 1314.95033157637; Bounding Box Height: 50; Layer: A-GLAZ-CWMG
0PfeWE7Aj7GBHCsLa672k4,Rectangular Mullion:50 x 150mm:554350,. ProfileName: 50 x 150mm; XDim: 150; YDim: 50; IsExternal: 1; Reference: 50 x 150mm; Span: 1346.09954581248; Category: Curtain Wall Mullions; Reference: 50 x 150mm; Project: 0001; Storey: First floor; Top Elevation: 4900; Bottom Elevation: 4850; Global Top Elevation: 4900; Global Bottom Elevation: 4850; Has Own Geometry: 1; Children Have Geometry: 0; Global X: 10206.0977103813; Global Y: -10460.3128533079; Global Z: 4850; Bounding Box Length: 493.007629007663; Bounding Box Width: 1339.09989945967; Bounding Box Height: 50; Layer: A-GLAZ-CWMG
0PfeWE7Aj7GBHCsLa672k5,Rectangular Mullion:50 x 150mm:554351,. ProfileName: 50 x 150mm; XDim: 150; YDim: 50; IsExternal: 1; Reference: 50 x 150mm; Span: 1346.09954581248; Category: Curtain Wall Mullions; Reference: 50 x 150mm; Project: 0001; Storey: First floor; Top Elevation: 4900; Bottom Elevation: 4850; Global Top Elevation: 4900; Global Bottom Elevation: 4850; Has Own Geometry: 1; Children Have Geometry: 0; Global X: 10567.1382600676; Global Y: -9111.70480672808; Global Z: 4850; Bounding Box Length: 493.007629007665; Bounding Box Width: 1339.09989945967; Bounding Box Height: 50; Layer: A-GLAZ-CWMG
0PfeWE7Aj7GBHCsLa672kQ,Rectangular Mullion:50 x 150mm:554352,. ProfileName: 50 x 150mm; XDim: 150; YDim: 50; IsExternal: 1; Reference: 50 x 150mm; Span: 1346.09954581248; Category: Curtain Wall Mullions; Reference: 50 x 150mm; Project: 0001; Storey: First floor; Top Elevation: 4900; Bottom Elevation: 4850; Global Top Elevation: 4900; Global Bottom Elevation: 4850; Has Own Geometry: 1; Children Have Geometry: 0; Global X: 10928.178809754; Global Y: -7763.09676014822; Global Z: 4850; Bounding Box Length: 493.007629007665; Bounding Box Width: 1339.09989945967; Bounding Box Height: 50; Layer: A-GLAZ-CWMG
0PfeWE7Aj7GBHCsLa672kR,Rectangular Mullion:50 x 150mm:554353,. ProfileName: 50 x 150mm; XDim: 150; YDim: 50; IsExternal: 1; Reference: 50 x 150mm; Span: 1346.09954581248; Category: Curtain Wall Mullions; Reference: 50 x 150mm; Project: 0001; Storey: First floor; Top Elevation: 4900; Bottom Elevation: 4850; Global Top Elevation: 4900; Global Bottom Elevation: 4850; Has Own Geometry: 1; Children Have Geometry: 0; Global X: 11289.2193594404; Global Y: -6414.48871356835; Global Z: 4850; Bounding Box Length: 493.007629007665; Bounding Box Width: 1339.09989945967; Bounding Box Height: 50; Layer: A-GLAZ-CWMG
0PfeWE7Aj7GBHCsLa672kO,Rectangular Mullion:50 x 150mm:554354,. ProfileName: 50 x 150mm; XDim: 150; YDim: 50; IsExternal: 1; Reference: 50 x 150mm; Span: 1346.09954581248; Category: Curtain Wall Mullions; Reference: 50 x 150mm; Project: 0001; Storey: First floor; Top Elevation: 4900; Bottom Elevation: 4850; Global Top Elevation: 4900; Global Bottom Elevation: 4850; Has Own Geometry: 1; Children Have Geometry: 0; Global X: 11650.2599091267; Global Y: -5065.88066698848; Global Z: 4850; Bounding Box Length: 493.007629007665; Bounding Box Width: 1339.09989945966; Bounding Box Height: 50; Layer: A-GLAZ-CWMG
0PfeWE7Aj7GBHCsLa672kP,Rectangular Mullion:50 x 150mm:554355,. ProfileName: 50 x 150mm; XDim: 150; YDim: 50; IsExternal: 1; Reference: 50 x 150mm; Span: 1321.09954611728; Category: Curtain Wall Mullions; Reference: 50 x 150mm; Project: 0001; Storey: First floor; Top Elevation: 4900; Bottom Elevation: 4850; Global Top Elevation: 4900; Global Bottom Elevation: 4850; Has Own Geometry: 1; Children Have Geometry: 0; Global X: 12011.3004588131; Global Y: -3717.27262040861; Global Z: 4850; Bounding Box Length: 486.542464213944; Bounding Box Width: 1314.95033157637; Bounding Box Height: 50; Layer: A-GLAZ-CWMG
0PfeWE7Aj7GBHCsLa672kV,Rectangular Mullion:50 x 150mm:554357,. ProfileName: 50 x 150mm; XDim: 150; YDim: 50; IsExternal: 1; Reference: 50 x 150mm; Span: 2400; Category: Curtain Wall Mullions; Reference: 50 x 150mm; Project: 0001; Storey: First floor; Top Elevation: 7250; Bottom Elevation: 4850; Global Top Elevation: 7250; Global Bottom Elevation: 4850; Has Own Geometry: 1; Children Have Geometry: 0; Global X: 12352.9455139606; Global Y: -2441.1132780675; Global Z: 4850; Bounding Box Length: 157.827738811466; Bounding Box Width: 87.0901255907129; Bounding Box Height: 2400; Layer: A-GLAZ-CWMG
0PfeWE7Aj7GBHCsLa672kS,Rectangular Mullion:50 x 150mm:554358,. ProfileName: 50 x 150mm; XDim: 150; YDim: 50; IsExternal: 1; Reference: 50 x 150mm; Span: 1700; Category: Curtain Wall Mullions; Reference: 50 x 150mm; Project: 0001; Storey: First floor; Top Elevation: 8950; Bottom Elevation: 7250; Global Top Elevation: 8950; Global Bottom Elevation: 7250; Has Own Geometry: 1; Children Have Geometry: 0; Global X: 12352.9455139606; Global Y: -2441.1132780675; Global Z: 7250; Bounding Box Length: 157.827738811466; Bounding Box Width: 87.0901255907129; Bounding Box Height: 1700; Layer: A-GLAZ-CWMG
0PfeWE7Aj7GBHCsLa672kT,Rectangular Mullion:50 x 150mm:554359,. ProfileName: 50 x 150mm; XDim: 150; YDim: 50; IsExternal: 1; Reference: 50 x 150mm; Span: 1700; Category: Curtain Wall Mullions; Reference: 50 x 150mm; Project: 0001; Storey: First floor; Top Elevation: 8950; Bottom Elevation: 7250; Global Top Elevation: 8950; Global Bottom Elevation: 7250; Has Own Geometry: 1; Children Have Geometry: 0; Global X: 9838.59199574354; Global Y: -11833.07046836; Global Z: 7250; Bounding Box Length: 157.827738811466; Bounding Box Width: 87.090125590712; Bounding Box Height: 1700; Layer: A-GLAZ-CWMG
0PfeWE7Aj7GBHCsLa672kI,Rectangular Mullion:50 x 150mm:554360,. ProfileName: 50 x 150mm; XDim: 150; YDim: 50; IsExternal: 1; Reference: 50 x 150mm; Span: 2400; Category: Curtain Wall Mullions; Reference: 50 x 150mm; Project: 0001; Storey: First floor; Top Elevation: 7250; Bottom Elevation: 4850; Global Top Elevation: 7250; Global Bottom Elevation: 4850; Has Own Geometry: 1; Children Have Geometry: 0; Global X: 9838.59199574354; Global Y: -11833.07046836; Global Z: 4850; Bounding Box Length: 157.827738811466; Bounding Box Width: 87.090125590712; Bounding Box Height: 2400; Layer: A-GLAZ-CWMG
0PfeWE7Aj7GBHCsLa672kJ,Rectangular Mullion:50 x 150mm:554361,. ProfileName: 50 x 150mm; XDim: 150; YDim: 50; IsExternal: 1; Reference: 50 x 150mm; Span: 1321.09954611728; Category: Curtain Wall Mullions; Reference: 50 x 150mm; Project: 0001; Storey: First floor; Top Elevation: 7275; Bottom Elevation: 7225; Global Top Elevation: 7275; Global Bottom Elevation: 7225; Has Own Geometry: 1; Children Have Geometry: 0; Global X: 9851.52232548864; Global Y: -11784.7713320045; Global Z: 7225; Bounding Box Length: 486.542464213944; Bounding Box Width: 1314.95033157637; Bounding Box Height: 50.0000000000009; Layer: A-GLAZ-CWMG
0PfeWE7Aj7GBHCsLa672kG,Rectangular Mullion:50 x 150mm:554362,. ProfileName: 50 x 150mm; XDim: 150; YDim: 50; IsExternal: 1; Reference: 50 x 150mm; Span: 1346.09954581248; Category: Curtain Wall Mullions; Reference: 50 x 150mm; Project: 0001; Storey: First floor; Top Elevation: 7275; Bottom Elevation: 7225; Global Top Elevation: 7275; Global Bottom Elevation: 7225; Has Own Geometry: 1; Children Have Geometry: 0; Global X: 10206.0977103812; Global Y: -10460.312853308; Global Z: 7225; Bounding Box Length: 493.007629007663; Bounding Box Width: 1339.09989945967; Bounding Box Height: 50.0000000000009; Layer: A-GLAZ-CWMG
0PfeWE7Aj7GBHCsLa672kH,Rectangular Mullion:50 x 150mm:554363,. ProfileName: 50 x 150mm; XDim: 150; YDim: 50; IsExternal: 1; Reference: 50 x 150mm; Span: 1346.09954581248; Category: Curtain Wall Mullions; Reference: 50 x 150mm; Project: 0001; Storey: First floor; Top Elevation: 7275; Bottom Elevation: 7225; Global Top Elevation: 7275; Global Bottom Elevation: 7225; Has Own Geometry: 1; Children Have Geometry: 0; Global X: 10567.1382600676; Global Y: -9111.70480672809; Global Z: 7225; Bounding Box Length: 493.007629007663; Bounding Box Width: 1339.09989945967; Bounding Box Height: 50.0000000000009; Layer: A-GLAZ-CWMG
0PfeWE7Aj7GBHCsLa672kM,Rectangular Mullion:50 x 150mm:554364,. ProfileName: 50 x 150mm; XDim: 150; YDim: 50; IsExternal: 1; Reference: 50 x 150mm; Span: 1346.09954581248; Category: Curtain Wall Mullions; Reference: 50 x 150mm; Project: 0001; Storey: First floor; Top Elevation: 7275; Bottom Elevation: 7225; Global Top Elevation: 7275; Global Bottom Elevation: 7225; Has Own Geometry: 1; Children Have Geometry: 0; Global X: 10928.178809754; Global Y: -7763.09676014822; Global Z: 7225; Bounding Box Length: 493.007629007663; Bounding Box Width: 1339.09989945967; Bounding Box Height: 50.0000000000009; Layer: A-GLAZ-CWMG
0PfeWE7Aj7GBHCsLa672kN,Rectangular Mullion:50 x 150mm:554365,. ProfileName: 50 x 150mm; XDim: 150; YDim: 50; IsExternal: 1; Reference: 50 x 150mm; Span: 1346.09954581248; Category: Curtain Wall Mullions; Reference: 50 x 150mm; Project: 0001; Storey: First floor; Top Elevation: 7275; Bottom Elevation: 7225; Global Top Elevation: 7275; Global Bottom Elevation: 7225; Has Own Geometry: 1; Children Have Geometry: 0; Global X: 11289.2193594403; Global Y: -6414.48871356835; Global Z: 7225; Bounding Box Length: 493.007629007665; Bounding Box Width: 1339.09989945967; Bounding Box Height: 50.0000000000009; Layer: A-GLAZ-CWMG
0PfeWE7Aj7GBHCsLa672kK,Rectangular Mullion:50 x 150mm:554366,. ProfileName: 50 x 150mm; XDim: 150; YDim: 50; IsExternal: 1; Reference: 50 x 150mm; Span: 1346.09954581248; Category: Curtain Wall Mullions; Reference: 50 x 150mm; Project: 0001; Storey: First floor; Top Elevation: 7275; Bottom Elevation: 7225; Global Top Elevation: 7275; Global Bottom Elevation: 7225; Has Own Geometry: 1; Children Have Geometry: 0; Global X: 11650.2599091267; Global Y: -5065.88066698848; Global Z: 7225; Bounding Box Length: 493.007629007665; Bounding Box Width: 1339.09989945967; Bounding Box Height: 50.0000000000009; Layer: A-GLAZ-CWMG
0PfeWE7Aj7GBHCsLa672kL,Rectangular Mullion:50 x 150mm:554367,. ProfileName: 50 x 150mm; XDim: 150; YDim: 50; IsExternal: 1; Reference: 50 x 150mm; Span: 1321.09954611728; Category: Curtain Wall Mullions; Reference: 50 x 150mm; Project: 0001; Storey: First floor; Top Elevation: 7275; Bottom Elevation: 7225; Global Top Elevation: 7275; Global Bottom Elevation: 7225; Has Own Geometry: 1; Children Have Geometry: 0; Global X: 12011.3004588131; Global Y: -3717.27262040861; Global Z: 7225; Bounding Box Length: 486.542464213944; Bounding Box Width: 1314.95033157637; Bounding Box Height: 50.0000000000009; Layer: A-GLAZ-CWMG
0PfeWE7Aj7GBHCsLa672jh,Rectangular Mullion:50 x 150mm:554369,. ProfileName: 50 x 150mm; XDim: 150; YDim: 50; IsExternal: 1; Reference: 50 x 150mm; Span: 2400; Category: Curtain Wall Mullions; Reference: 50 x 150mm; Project: 0001; Storey: First floor; Top Elevation: 7250; Bottom Elevation: 4850; Global Top Elevation: 7250; Global Bottom Elevation: 4850; Has Own Geometry: 1; Children Have Geometry: 0; Global X: 10193.1673806362; Global Y: -10508.6119896635; Global Z: 4850; Bounding Box Length: 157.827738811469; Bounding Box Width: 87.0901255907211; Bounding Box Height: 2400; Layer: A-GLAZ-CWMG
0PfeWE7Aj7GBHCsLa672je,Rectangular Mullion:50 x 150mm:554370,. ProfileName: 50 x 150mm; XDim: 150; YDim: 50; IsExternal: 1; Reference: 50 x 150mm; Span: 2400; Category: Curtain Wall Mullions; Reference: 50 x 150mm; Project: 0001; Storey: First floor; Top Elevation: 7250; Bottom Elevation: 4850; Global Top Elevation: 7250; Global Bottom Elevation: 4850; Has Own Geometry: 1; Children Have Geometry: 0; Global X: 10554.2079303226; Global Y: -9160.00394308355; Global Z: 4850; Bounding Box Length: 157.827738811469; Bounding Box Width: 87.0901255907193; Bounding Box Height: 2400; Layer: A-GLAZ-CWMG
0PfeWE7Aj7GBHCsLa672jf,Rectangular Mullion:50 x 150mm:554371,. ProfileName: 50 x 150mm; XDim: 150; YDim: 50; IsExternal: 1; Reference: 50 x 150mm; Span: 2400; Category: Curtain Wall Mullions; Reference: 50 x 150mm; Project: 0001; Storey: First floor; Top Elevation: 7250; Bottom Elevation: 4850; Global Top Elevation: 7250; Global Bottom Elevation: 4850; Has Own Geometry: 1; Children Have Geometry: 0; Global X: 10915.248480009; Global Y: -7811.39589650368; Global Z: 4850; Bounding Box Length: 157.827738811469; Bounding Box Width: 87.0901255907202; Bounding Box Height: 2400; Layer: A-GLAZ-CWMG
0PfeWE7Aj7GBHCsLa672jk,Rectangular Mullion:50 x 150mm:554372,. ProfileName: 50 x 150mm; XDim: 150; YDim: 50; IsExternal: 1; Reference: 50 x 150mm; Span: 2400; Category: Curtain Wall Mullions; Reference: 50 x 150mm; Project: 0001; Storey: First floor; Top Elevation: 7250; Bottom Elevation: 4850; Global Top Elevation: 7250; Global Bottom Elevation: 4850; Has Own Geometry: 1; Children Have Geometry: 0; Global X: 11276.2890296953; Global Y: -6462.78784992381; Global Z: 4850; Bounding Box Length: 157.827738811471; Bounding Box Width: 87.0901255907202; Bounding Box Height: 2400; Layer: A-GLAZ-CWMG
0PfeWE7Aj7GBHCsLa672jl,Rectangular Mullion:50 x 150mm:554373,. ProfileName: 50 x 150mm; XDim: 150; YDim: 50; IsExternal: 1; Reference: 50 x 150mm; Span: 2400; Category: Curtain Wall Mullions; Reference: 50 x 150mm; Project: 0001; Storey: First floor; Top Elevation: 7250; Bottom Elevation: 4850; Global Top Elevation: 7250; Global Bottom Elevation: 4850; Has Own Geometry: 1; Children Have Geometry: 0; Global X: 11637.3295793817; Global Y: -5114.17980334394; Global Z: 4850; Bounding Box Length: 157.827738811469; Bounding Box Width: 87.0901255907202; Bounding Box Height: 2400; Layer: A-GLAZ-CWMG
0PfeWE7Aj7GBHCsLa672ji,Rectangular Mullion:50 x 150mm:554374,. ProfileName: 50 x 150mm; XDim: 150; YDim: 50; IsExternal: 1; Reference: 50 x 150mm; Span: 2400; Category: Curtain Wall Mullions; Reference: 50 x 150mm; Project: 0001; Storey: First floor; Top Elevation: 7250; Bottom Elevation: 4850; Global Top Elevation: 7250; Global Bottom Elevation: 4850; Has Own Geometry: 1; Children Have Geometry: 0; Global X: 11998.3701290681; Global Y: -3765.57175676407; Global Z: 4850; Bounding Box Length: 157.827738811469; Bounding Box Width: 87.0901255907197; Bounding Box Height: 2400; Layer: A-GLAZ-CWMG
0PfeWE7Aj7GBHCsLa672jY,Rectangular Mullion:50 x 150mm:554376,. ProfileName: 50 x 150mm; XDim: 150; YDim: 50; IsExternal: 1; Reference: 50 x 150mm; Span: 1700; Category: Curtain Wall Mullions; Reference: 50 x 150mm; Project: 0001; Storey: First floor; Top Elevation: 8950; Bottom Elevation: 7250; Global Top Elevation: 8950; Global Bottom Elevation: 7250; Has Own Geometry: 1; Children Have Geometry: 0; Global X: 10193.1673806362; Global Y: -10508.6119896635; Global Z: 7250; Bounding Box Length: 157.827738811469; Bounding Box Width: 87.0901255907211; Bounding Box Height: 1700; Layer: A-GLAZ-CWMG
0PfeWE7Aj7GBHCsLa672jZ,Rectangular Mullion:50 x 150mm:554377,. ProfileName: 50 x 150mm; XDim: 150; YDim: 50; IsExternal: 1; Reference: 50 x 150mm; Span: 1700; Category: Curtain Wall Mullions; Reference: 50 x 150mm; Project: 0001; Storey: First floor; Top Elevation: 8950; Bottom Elevation: 7250; Global Top Elevation: 8950; Global Bottom Elevation: 7250; Has Own Geometry: 1; Children Have Geometry: 0; Global X: 10554.2079303226; Global Y: -9160.00394308355; Global Z: 7250; Bounding Box Length: 157.827738811469; Bounding Box Width: 87.0901255907193; Bounding Box Height: 1700; Layer: A-GLAZ-CWMG
0PfeWE7Aj7GBHCsLa672jW,Rectangular Mullion:50 x 150mm:554378,. ProfileName: 50 x 150mm; XDim: 150; YDim: 50; IsExternal: 1; Reference: 50 x 150mm; Span: 1700; Category: Curtain Wall Mullions; Reference: 50 x 150mm; Project: 0001; Storey: First floor; Top Elevation: 8950; Bottom Elevation: 7250; Global Top Elevation: 8950; Global Bottom Elevation: 7250; Has Own Geometry: 1; Children Have Geometry: 0; Global X: 10915.248480009; Global Y: -7811.39589650368; Global Z: 7250; Bounding Box Length: 157.827738811469; Bounding Box Width: 87.0901255907202; Bounding Box Height: 1700; Layer: A-GLAZ-CWMG
0PfeWE7Aj7GBHCsLa672jX,Rectangular Mullion:50 x 150mm:554379,. ProfileName: 50 x 150mm; XDim: 150; YDim: 50; IsExternal: 1; Reference: 50 x 150mm; Span: 1700; Category: Curtain Wall Mullions; Reference: 50 x 150mm; Project: 0001; Storey: First floor; Top Elevation: 8950; Bottom Elevation: 7250; Global Top Elevation: 8950; Global Bottom Elevation: 7250; Has Own Geometry: 1; Children Have Geometry: 0; Global X: 11276.2890296953; Global Y: -6462.78784992381; Global Z: 7250; Bounding Box Length: 157.827738811471; Bounding Box Width: 87.0901255907202; Bounding Box Height: 1700; Layer: A-GLAZ-CWMG
0PfeWE7Aj7GBHCsLa672jc,Rectangular Mullion:50 x 150mm:554380,. ProfileName: 50 x 150mm; XDim: 150; YDim: 50; IsExternal: 1; Reference: 50 x 150mm; Span: 1700; Category: Curtain Wall Mullions; Reference: 50 x 150mm; Project: 0001; Storey: First floor; Top Elevation: 8950; Bottom Elevation: 7250; Global Top Elevation: 8950; Global Bottom Elevation: 7250; Has Own Geometry: 1; Children Have Geometry: 0; Global X: 11637.3295793817; Global Y: -5114.17980334394; Global Z: 7250; Bounding Box Length: 157.827738811469; Bounding Box Width: 87.0901255907202; Bounding Box Height: 1700; Layer: A-GLAZ-CWMG
0PfeWE7Aj7GBHCsLa672jd,Rectangular Mullion:50 x 150mm:554381,. ProfileName: 50 x 150mm; XDim: 150; YDim: 50; IsExternal: 1; Reference: 50 x 150mm; Span: 1700; Category: Curtain Wall Mullions; Reference: 50 x 150mm; Project: 0001; Storey: First floor; Top Elevation: 8950; Bottom Elevation: 7250; Global Top Elevation: 8950; Global Bottom Elevation: 7250; Has Own Geometry: 1; Children Have Geometry: 0; Global X: 11998.3701290681; Global Y: -3765.57175676407; Global Z: 7250; Bounding Box Length: 157.827738811469; Bounding Box Width: 87.0901255907197; Bounding Box Height: 1700; Layer: A-GLAZ-CWMG
1gm$Z6dof6rPRgJgolP7m6,Metacorpus_Studio_Pilates_Reformer_19031:Metacorpus_Studio_Pilates_Reformer_19031:486404,. Description: Metacorpus Studio Pilates Reformer; Manufacturer: Metacorpus Studio Pilates; Category: Furniture; Reference: Metacorpus_Studio_Pilates_Reformer_19031; Project: 0001; Storey: First floor; Top Elevation: 5444.8; Bottom Elevation: 4850; Global Top Elevation: 5444.8; Global Bottom Elevation: 4850; Has Own Geometry: 1; Children Have Geometry: 0; Global X: 9517.5360884674; Global Y: -2881.02909845887; Global Z: 4850; Bounding Box Length: 2612.32361706169; Bounding Box Width: 1280.12906904849; Bounding Box Height: 594.800000000001; Group: Model Group:Array Group 1:549172; Layer: I-FURN
0SWEw$$hH24xUTloMaFqxD,Metacorpus_Studio_Pilates_Cadillac_19030:Metacorpus_Studio_Pilates_Cadillac_19030:489142,. Description: Metacorpus Studio Pilates Cadillac; Manufacturer: Metacorpus Studio Pilates; Category: Furniture; Reference: Metacorpus_Studio_Pilates_Cadillac_19030; Project: 0001; Storey: First floor; Top Elevation: 7045.75; Bottom Elevation: 4850; Global Top Elevation: 7045.75; Global Bottom Elevation: 4850; Has Own Geometry: 1; Children Have Geometry: 0; Global X: 8370.68322202579; Global Y: -8075.16140133538; Global Z: 4850; Bounding Box Length: 2245.88693043424; Bounding Box Width: 1195.55239679535; Bounding Box Height: 2195.75; Layer: I-FURN
0SWEw$$hH24xUTloMaFqwI,Metacorpus_Studio_Pilates_Cadillac_19030:Metacorpus_Studio_Pilates_Cadillac_19030:489193,. Description: Metacorpus Studio Pilates Cadillac; Manufacturer: Metacorpus Studio Pilates; Category: Furniture; Reference: Metacorpus_Studio_Pilates_Cadillac_19030; Project: 0001; Storey: First floor; Top Elevation: 7045.75; Bottom Elevation: 4850; Global Top Elevation: 7045.75; Global Bottom Elevation: 4850; Has Own Geometry: 1; Children Have Geometry: 0; Global X: 8078.9903928284; Global Y: -9239.09274022151; Global Z: 4850; Bounding Box Length: 2245.88693043424; Bounding Box Width: 1195.55239679535; Bounding Box Height: 2195.75; Layer: I-FURN
0SWEw$$hH24xUTloMaFqyU,Metacorpus_Studio_Pilates_Cadillac_19030:Metacorpus_Studio_Pilates_Cadillac_19030:489317,. Description: Metacorpus Studio Pilates Cadillac; Manufacturer: Metacorpus Studio Pilates; Category: Furniture; Reference: Metacorpus_Studio_Pilates_Cadillac_19030; Project: 0001; Storey: First floor; Top Elevation: 7045.75; Bottom Elevation: 4850; Global Top Elevation: 7045.75; Global Bottom Elevation: 4850; Has Own Geometry: 1; Children Have Geometry: 0; Global X: 8639.57085347579; Global Y: -12885.3577021478; Global Z: 4850; Bounding Box Length: 1195.55239679535; Bounding Box Width: 2245.88693043424; Bounding Box Height: 2195.75; Layer: I-FURN
2gw1ijwa51N8dpZZ7xm2x6,Metacorpus_Studio_Pilates_Cadillac_19030:Metacorpus_Studio_Pilates_Cadillac_19030:489366,. Description: Metacorpus Studio Pilates Cadillac; Manufacturer: Metacorpus Studio Pilates; Category: Furniture; Reference: Metacorpus_Studio_Pilates_Cadillac_19030; Project: 0001; Storey: First floor; Top Elevation: 7045.75; Bottom Elevation: 4850; Global Top Elevation: 7045.75; Global Bottom Elevation: 4850; Has Own Geometry: 1; Children Have Geometry: 0; Global X: 348.0383481481; Global Y: -9458.13363838384; Global Z: 4850; Bounding Box Length: 2245.88693043424; Bounding Box Width: 1195.55239679535; Bounding Box Height: 2195.75; Layer: I-FURN
2gw1ijwa51N8dpZZ7xm2wu,Metacorpus_Studio_Pilates_Reformer_19031:Metacorpus_Studio_Pilates_Reformer_19031:489448,. Description: Metacorpus Studio Pilates Reformer; Manufacturer: Metacorpus Studio Pilates; Category: Furniture; Reference: Metacorpus_Studio_Pilates_Reformer_19031; Project: 0001; Storey: First floor; Top Elevation: 5444.8; Bottom Elevation: 4850; Global Top Elevation: 5444.8; Global Bottom Elevation: 4850; Has Own Geometry: 1; Children Have Geometry: 0; Global X: -362.658727458867; Global Y: -11058.6910752287; Global Z: 4850; Bounding Box Length: 2613.43470265551; Bounding Box Width: 1244.45312361106; Bounding Box Height: 594.800000000001; Layer: I-FURN
2gw1ijwa51N8dpZZ7xm21x,Metacorpus_Studio_Pilates_Cadillac_19030:Metacorpus_Studio_Pilates_Cadillac_19030:489771,. Description: Metacorpus Studio Pilates Cadillac; Manufacturer: Metacorpus Studio Pilates; Category: Furniture; Reference: Metacorpus_Studio_Pilates_Cadillac_19030; Project: 0001; Storey: First floor; Top Elevation: 7045.75; Bottom Elevation: 4850; Global Top Elevation: 7045.75; Global Bottom Elevation: 4850; Has Own Geometry: 1; Children Have Geometry: 0; Global X: -3748.41414937965; Global Y: -8430.26862068179; Global Z: 4850; Bounding Box Length: 2245.88696156304; Bounding Box Width: 1195.55239679536; Bounding Box Height: 2195.75; Layer: I-FURN
2gw1ijwa51N8dpZZ7xm21y,Metacorpus_Studio_Pilates_Reformer_19031:Metacorpus_Studio_Pilates_Reformer_19031:489772,. Description: Metacorpus Studio Pilates Reformer; Manufacturer: Metacorpus Studio Pilates; Category: Furniture; Reference: Metacorpus_Studio_Pilates_Reformer_19031; Project: 0001; Storey: First floor; Top Elevation: 5444.8; Bottom Elevation: 4850; Global Top Elevation: 5444.8; Global Bottom Elevation: 4850; Has Own Geometry: 1; Children Have Geometry: 0; Global X: -4208.55508057318; Global Y: -10083.5739218241; Global Z: 4850; Bounding Box Length: 2613.45208986578; Bounding Box Width: 1243.6497026357; Bounding Box Height: 594.800000000001; Layer: I-FURN
34LqmlrbT1iOBEHQv_548F,Metacorpus_Pilates_Wunda_Chair_19029:Metacorpus_Pilates_Wunda_Chair_19029:491521,. Description: Metacorpus Pilates Wunda Chair; Manufacturer: Metacorpus Studio Pilates; Category: Furniture; Reference: Metacorpus_Pilates_Wunda_Chair_19029; Project: 0001; Storey: First floor; Top Elevation: 6018.75; Bottom Elevation: 4850; Global Top Elevation: 6018.75; Global Bottom Elevation: 4850; Has Own Geometry: 1; Children Have Geometry: 0; Global X: 4023.37532576152; Global Y: -11667.3901059381; Global Z: 4850; Bounding Box Length: 868.200813119949; Bounding Box Width: 703.259036625845; Bounding Box Height: 1168.75; Layer: I-FURN
34LqmlrbT1iOBEHQv_54CC,Metacorpus_Pilates_Wunda_Chair_19029:Metacorpus_Pilates_Wunda_Chair_19029:491778,. Description: Metacorpus Pilates Wunda Chair; Manufacturer: Metacorpus Studio Pilates; Category: Furniture; Reference: Metacorpus_Pilates_Wunda_Chair_19029; Project: 0001; Storey: First floor; Top Elevation: 6018.75; Bottom Elevation: 4850; Global Top Elevation: 6018.75; Global Bottom Elevation: 4850; Has Own Geometry: 1; Children Have Geometry: 0; Global X: 4286.10132270607; Global Y: -10619.8334007762; Global Z: 4850; Bounding Box Length: 868.200813119948; Bounding Box Width: 703.259036625845; Bounding Box Height: 1168.75; Layer: I-FURN
34LqmlrbT1iOBEHQv_54Cc,Metacorpus_Pilates_Wunda_Chair_19029:Metacorpus_Pilates_Wunda_Chair_19029:491816,. Description: Metacorpus Pilates Wunda Chair; Manufacturer: Metacorpus Studio Pilates; Category: Furniture; Reference: Metacorpus_Pilates_Wunda_Chair_19029; Project: 0001; Storey: First floor; Top Elevation: 6018.75; Bottom Elevation: 4850; Global Top Elevation: 6018.75; Global Bottom Elevation: 4850; Has Own Geometry: 1; Children Have Geometry: 0; Global X: 4548.64119494117; Global Y: -9572.23005090152; Global Z: 4850; Bounding Box Length: 868.200813119948; Bounding Box Width: 703.259036625845; Bounding Box Height: 1168.75; Layer: I-FURN
34LqmlrbT1iOBEHQv_54E5,Metacorpus_Pilates_Wunda_Chair_19029:Metacorpus_Pilates_Wunda_Chair_19029:491915,. Description: Metacorpus Pilates Wunda Chair; Manufacturer: Metacorpus Studio Pilates; Category: Furniture; Reference: Metacorpus_Pilates_Wunda_Chair_19029; Project: 0001; Storey: First floor; Top Elevation: 6018.75; Bottom Elevation: 4850; Global Top Elevation: 6018.75; Global Bottom Elevation: 4850; Has Own Geometry: 1; Children Have Geometry: 0; Global X: 2374.16695067078; Global Y: -11266.4486560172; Global Z: 4850; Bounding Box Length: 874.54769521303; Bounding Box Width: 710.587203450103; Bounding Box Height: 1168.75; Layer: I-FURN
34LqmlrbT1iOBEHQv_54E2,Metacorpus_Pilates_Wunda_Chair_19029:Metacorpus_Pilates_Wunda_Chair_19029:491916,. Description: Metacorpus Pilates Wunda Chair; Manufacturer: Metacorpus Studio Pilates; Category: Furniture; Reference: Metacorpus_Pilates_Wunda_Chair_19029; Project: 0001; Storey: First floor; Top Elevation: 6018.75; Bottom Elevation: 4850; Global Top Elevation: 6018.75; Global Bottom Elevation: 4850; Has Own Geometry: 1; Children Have Geometry: 0; Global X: 2659.82357115356; Global Y: -10224.9111890125; Global Z: 4850; Bounding Box Length: 874.54769521303; Bounding Box Width: 710.587203450104; Bounding Box Height: 1168.75; Layer: I-FURN
34LqmlrbT1iOBEHQv_54E3,Metacorpus_Pilates_Wunda_Chair_19029:Metacorpus_Pilates_Wunda_Chair_19029:491917,. Description: Metacorpus Pilates Wunda Chair; Manufacturer: Metacorpus Studio Pilates; Category: Furniture; Reference: Metacorpus_Pilates_Wunda_Chair_19029; Project: 0001; Storey: First floor; Top Elevation: 6018.75; Bottom Elevation: 4850; Global Top Elevation: 6018.75; Global Bottom Elevation: 4850; Has Own Geometry: 1; Children Have Geometry: 0; Global X: 2945.66522961486; Global Y: -9183.42450668288; Global Z: 4850; Bounding Box Length: 874.54769521303; Bounding Box Width: 710.587203450103; Bounding Box Height: 1168.75; Layer: I-FURN
1PN2e_A5LD5PkXFWjX4xhW,Haworth_Chair_Bac:Guest Chair:537671,. Description: Haworth_Chair_Bac; Manufacturer: Haworth; Category: Furniture; Reference: Guest Chair; Project: 0001; Storey: First floor; Top Elevation: 5575.26234919975; Bottom Elevation: 4850; Global Top Elevation: 5575.26234919975; Global Bottom Elevation: 4850; Has Own Geometry: 1; Children Have Geometry: 0; Global X: -4769.58883054926; Global Y: -3865.24161789849; Global Z: 4850; Bounding Box Length: 501.996276720991; Bounding Box Width: 523.647881049939; Bounding Box Height: 725.262349199755; Layer: I-FURN
1PN2e_A5LD5PkXFWjX4xhl,Haworth_Chair_Bac:Guest Chair:537672,. Description: Haworth_Chair_Bac; Manufacturer: Haworth; Category: Furniture; Reference: Guest Chair; Project: 0001; Storey: First floor; Top Elevation: 5575.26234919976; Bottom Elevation: 4850; Global Top Elevation: 5575.26234919976; Global Bottom Elevation: 4850; Has Own Geometry: 1; Children Have Geometry: 0; Global X: -3799.12505272648; Global Y: -2873.12623574677; Global Z: 4850; Bounding Box Length: 523.647881049936; Bounding Box Width: 501.996276720995; Bounding Box Height: 725.262349199764; Layer: I-FURN
1PN2e_A5LD5PkXFWjX4xhk,Haworth_Collaborate_Table_Round:14 High - 4 Star Base:537673,. Description: Haworth_Collaborate_Table_Round; Manufacturer: Haworth; Category: Furniture; Reference: 14 High - 4 Star Base; Project: 0001; Storey: First floor; Top Elevation: 5205.59999999999; Bottom Elevation: 4850; Global Top Elevation: 5205.59999999999; Global Bottom Elevation: 4850; Has Own Geometry: 1; Children Have Geometry: 0; Global X: -4329.93235733148; Global Y: -3544.63175115658; Global Z: 4850; Bounding Box Length: 711.199972029713; Bounding Box Width: 708.166118330055; Bounding Box Height: 355.599999999994; Layer: I-FURN
2TUB9Q4Nj5sBGIuEAeCDXu,Metacorpus_Studio_Pilates_Cadillac_19030:Metacorpus_Studio_Pilates_Cadillac_19030:547548,. Description: Metacorpus Studio Pilates Cadillac; Manufacturer: Metacorpus Studio Pilates; Category: Furniture; Reference: Metacorpus_Studio_Pilates_Cadillac_19030; Project: 0001; Storey: First floor; Top Elevation: 7045.75; Bottom Elevation: 4850; Global Top Elevation: 7045.75; Global Bottom Elevation: 4850; Has Own Geometry: 1; Children Have Geometry: 0; Global X: 7576.98985365565; Global Y: -12600.8904477559; Global Z: 4850; Bounding Box Length: 1195.55239679535; Bounding Box Width: 2245.88693043424; Bounding Box Height: 2195.75; Layer: I-FURN
2TUB9Q4Nj5sBGIuEAeCDcZ,Metacorpus_Studio_Pilates_Cadillac_19030:Metacorpus_Studio_Pilates_Cadillac_19030:547591,. Description: Metacorpus Studio Pilates Cadillac; Manufacturer: Metacorpus Studio Pilates; Category: Furniture; Reference: Metacorpus_Studio_Pilates_Cadillac_19030; Project: 0001; Storey: First floor; Top Elevation: 7045.75; Bottom Elevation: 4850; Global Top Elevation: 7045.75; Global Bottom Elevation: 4850; Has Own Geometry: 1; Children Have Geometry: 0; Global X: 6510.12345554391; Global Y: -12333.5230630624; Global Z: 4850; Bounding Box Length: 1195.55239679535; Bounding Box Width: 2245.88693043424; Bounding Box Height: 2195.75; Layer: I-FURN
2TUB9Q4Nj5sBGIuEAeCDcK,Metacorpus_Studio_Pilates_Cadillac_19030:Metacorpus_Studio_Pilates_Cadillac_19030:547632,. Description: Metacorpus Studio Pilates Cadillac; Manufacturer: Metacorpus Studio Pilates; Category: Furniture; Reference: Metacorpus_Studio_Pilates_Cadillac_19030; Project: 0001; Storey: First floor; Top Elevation: 7045.75; Bottom Elevation: 4850; Global Top Elevation: 7045.75; Global Bottom Elevation: 4850; Has Own Geometry: 1; Children Have Geometry: 0; Global X: 5443.25705743216; Global Y: -12066.1556783688; Global Z: 4850; Bounding Box Length: 1195.55239679535; Bounding Box Width: 2245.88693043424; Bounding Box Height: 2195.75; Layer: I-FURN
3g8FrwkJP8zAkXE$vb40$7,Metacorpus_Studio_Pilates_Reformer_19031:Metacorpus_Studio_Pilates_Reformer_19031:549181,. Description: Metacorpus Studio Pilates Reformer; Manufacturer: Metacorpus Studio Pilates; Category: Furniture; Reference: Metacorpus_Studio_Pilates_Reformer_19031; Project: 0001; Storey: First floor; Top Elevation: 5444.8; Bottom Elevation: 4850; Global Top Elevation: 5444.8; Global Bottom Elevation: 4850; Has Own Geometry: 1; Children Have Geometry: 0; Global X: 9264.10162546369; Global Y: -3827.6921710259; Global Z: 4850; Bounding Box Length: 2612.32361706169; Bounding Box Width: 1280.12906904849; Bounding Box Height: 594.800000000001; Group: Model Group:Array Group 1:549190; Layer: I-FURN
3g8FrwkJP8zAkXE$vb40_C,Metacorpus_Studio_Pilates_Reformer_19031:Metacorpus_Studio_Pilates_Reformer_19031:549238,. Description: Metacorpus Studio Pilates Reformer; Manufacturer: Metacorpus Studio Pilates; Category: Furniture; Reference: Metacorpus_Studio_Pilates_Reformer_19031; Project: 0001; Storey: First floor; Top Elevation: 5444.8; Bottom Elevation: 4850; Global Top Elevation: 5444.8; Global Bottom Elevation: 4850; Has Own Geometry: 1; Children Have Geometry: 0; Global X: 9010.6671624601; Global Y: -4774.35524359293; Global Z: 4850; Bounding Box Length: 2612.32361706169; Bounding Box Width: 1280.12906904849; Bounding Box Height: 594.800000000001; Group: Model Group:Array Group 1:549247; Layer: I-FURN
3g8FrwkJP8zAkXE$vb40zz,Metacorpus_Studio_Pilates_Reformer_19031:Metacorpus_Studio_Pilates_Reformer_19031:549255,. Description: Metacorpus Studio Pilates Reformer; Manufacturer: Metacorpus Studio Pilates; Category: Furniture; Reference: Metacorpus_Studio_Pilates_Reformer_19031; Project: 0001; Storey: First floor; Top Elevation: 5444.8; Bottom Elevation: 4850; Global Top Elevation: 5444.8; Global Bottom Elevation: 4850; Has Own Geometry: 1; Children Have Geometry: 0; Global X: 8757.2326994564; Global Y: -5721.01831615996; Global Z: 4850; Bounding Box Length: 2612.32361706169; Bounding Box Width: 1280.12906904849; Bounding Box Height: 594.800000000001; Group: Model Group:Array Group 1:549264; Layer: I-FURN
3g8FrwkJP8zAkXE$vb40zY,Metacorpus_Studio_Pilates_Reformer_19031:Metacorpus_Studio_Pilates_Reformer_19031:549272,. Description: Metacorpus Studio Pilates Reformer; Manufacturer: Metacorpus Studio Pilates; Category: Furniture; Reference: Metacorpus_Studio_Pilates_Reformer_19031; Project: 0001; Storey: First floor; Top Elevation: 5444.8; Bottom Elevation: 4850; Global Top Elevation: 5444.8; Global Bottom Elevation: 4850; Has Own Geometry: 1; Children Have Geometry: 0; Global X: 8503.79823645276; Global Y: -6667.68138872699; Global Z: 4850; Bounding Box Length: 2612.32361706169; Bounding Box Width: 1280.12906904849; Bounding Box Height: 594.800000000001; Group: Model Group:Array Group 1:549281; Layer: I-FURN
18J$4BjujFTBNZhLt6iWbh,Haworth_Chair_Bac:Guest Chair:561769,. Description: Haworth_Chair_Bac; Manufacturer: Haworth; Category: Furniture; Reference: Guest Chair; Project: 0001; Storey: First floor; Top Elevation: 5575.26234919975; Bottom Elevation: 4850; Global Top Elevation: 5575.26234919975; Global Bottom Elevation: 4850; Has Own Geometry: 1; Children Have Geometry: 0; Global X: -2036.59578734258; Global Y: -5799.91177123223; Global Z: 4850; Bounding Box Length: 640.494264998663; Bounding Box Width: 644.807159508971; Bounding Box Height: 725.262349199755; Layer: I-FURN
18J$4BjujFTBNZhLt6iWbe,Haworth_Chair_Bac:Guest Chair:561770,. Description: Haworth_Chair_Bac; Manufacturer: Haworth; Category: Furniture; Reference: Guest Chair; Project: 0001; Storey: First floor; Top Elevation: 5575.26234919976; Bottom Elevation: 4850; Global Top Elevation: 5575.26234919976; Global Bottom Elevation: 4850; Has Own Geometry: 1; Children Have Geometry: 0; Global X: -3417.54978002762; Global Y: -5458.3859400382; Global Z: 4850; Bounding Box Length: 644.807159508974; Bounding Box Width: 640.494264998665; Bounding Box Height: 725.262349199764; Layer: I-FURN
18J$4BjujFTBNZhLt6iWbf,Haworth_Collaborate_Table_Round:14 High - 4 Star Base:561771,. Description: Haworth_Collaborate_Table_Round; Manufacturer: Haworth; Category: Furniture; Reference: 14 High - 4 Star Base; Project: 0001; Storey: First floor; Top Elevation: 5205.59999999999; Bottom Elevation: 4850; Global Top Elevation: 5205.59999999999; Global Bottom Elevation: 4850; Has Own Geometry: 1; Children Have Geometry: 0; Global X: -2722.14051989566; Global Y: -5560.63145447742; Global Z: 4850; Bounding Box Length: 709.225628661042; Bounding Box Width: 711.086421326562; Bounding Box Height: 355.599999999994; Layer: I-FURN
0IUrb2HMzB$vQgKkoaZA7q,Toilet_Elongated_Contemporary_Neorest_1:MS980CMG:565965,". Reference: MS980CMG; NumberOfPoles: 1; NumberOfPoles: 1; Manufacturer: TOTO USA, Inc.; Manufacturer: TOTO USA, Inc.; Category: Plumbing Fixtures; Category: Plumbing Fixtures; Reference: MS980CMG; Reference: MS980CMG; Project: 0001; Storey: First floor; Top Elevation: 9291.68226130003; Bottom Elevation: 8608.31773869997; Global Top Elevation: 9291.68226130003; Global Bottom Elevation: 8608.31773869997; Has Own Geometry: 1; Children Have Geometry: 0; Global X: -6998.8098771983; Global Y: -375.495758789832; Global Z: 8608.31773869997; Bounding Box Length: 706.373876174682; Bounding Box Width: 704.779879392035; Bounding Box Height: 683.364522600057; Layer: P-SANR-FIXT"
0IUrb2HMzB$vQgKkoaZA7o,Toilet_Elongated_Contemporary_Neorest_1:MS980CMG:565963,". Reference: MS980CMG; NumberOfPoles: 1; NumberOfPoles: 1; Manufacturer: TOTO USA, Inc.; Manufacturer: TOTO USA, Inc.; Category: Plumbing Fixtures; Category: Plumbing Fixtures; Reference: MS980CMG; Reference: MS980CMG; Project: 0001; Storey: First floor; Top Elevation: 9291.68226130003; Bottom Elevation: 8608.31773869997; Global Top Elevation: 9291.68226130003; Global Bottom Elevation: 8608.31773869997; Has Own Geometry: 1; Children Have Geometry: 0; Global X: -7677.60905247079; Global Y: -1054.29493406233; Global Z: 8608.31773869997; Bounding Box Length: 706.373876174682; Bounding Box Width: 704.779879392035; Bounding Box Height: 683.364522600057; Layer: P-SANR-FIXT"
0IUrb2HMzB$vQgKkoaZA7p,Toilet_Elongated_Contemporary_Neorest_1:MS980CMG:565962,". Reference: MS980CMG; NumberOfPoles: 1; NumberOfPoles: 1; Manufacturer: TOTO USA, Inc.; Manufacturer: TOTO USA, Inc.; Category: Plumbing Fixtures; Category: Plumbing Fixtures; Reference: MS980CMG; Reference: MS980CMG; Project: 0001; Storey: First floor; Top Elevation: 9291.68226130003; Bottom Elevation: 8608.31773869997; Global Top Elevation: 9291.68226130003; Global Bottom Elevation: 8608.31773869997; Has Own Geometry: 1; Children Have Geometry: 0; Global X: -6515.47271295509; Global Y: -858.832923033049; Global Z: 8608.31773869997; Bounding Box Length: 704.779879392039; Bounding Box Width: 706.373876174681; Bounding Box Height: 683.364522600057; Layer: P-SANR-FIXT"
0IUrb2HMzB$vQgKkoaZA7n,Toilet_Elongated_Contemporary_Neorest_1:MS980CMG:565960,". Reference: MS980CMG; NumberOfPoles: 1; NumberOfPoles: 1; Manufacturer: TOTO USA, Inc.; Manufacturer: TOTO USA, Inc.; Category: Plumbing Fixtures; Category: Plumbing Fixtures; Reference: MS980CMG; Reference: MS980CMG; Project: 0001; Storey: First floor; Top Elevation: 9291.68226130003; Bottom Elevation: 8608.31773869997; Global Top Elevation: 9291.68226130003; Global Bottom Elevation: 8608.31773869997; Has Own Geometry: 1; Children Have Geometry: 0; Global X: -7194.27188822758; Global Y: -1537.63209830554; Global Z: 8608.31773869997; Bounding Box Length: 704.779879392039; Bounding Box Width: 706.37387617468; Bounding Box Height: 683.364522600057; Layer: P-SANR-FIXT"
1PN2e_A5LD5PkXFWjX4xml,Sink - Bathroom (4):660 x 560mm:537224,. Reference: 660 x 560mm; Manufacturer: Revit; Manufacturer: Revit; Category: Plumbing Fixtures; Category: Plumbing Fixtures; Reference: 660 x 560mm; Reference: 660 x 560mm; Project: 0001; Storey: First floor; Top Elevation: 5078; Bottom Elevation: 4841.2835771002; Global Top Elevation: 5078; Global Bottom Elevation: 4841.2835771002; Has Own Geometry: 1; Children Have Geometry: 0; Global X: -10280.2218611629; Global Y: 1264.44912245444; Global Z: 4841.2835771002; Bounding Box Length: 675.888425574609; Bounding Box Width: 675.888425574605; Bounding Box Height: 236.716422899801; Layer: P-SANR-FIXT
1cjAhzUD134eMk5cbRlrdC,Assembled Stair:Stair:542766,. Category: Stairs; Reference: 190mm max riser 250mm going; IsExternal: 0; NumberOfRiser: 24; NumberOfTreads: 22; Reference: 190mm max riser 250mm going; RiserHeight: 183.333333333333; TreadLength: 250; Project: 0001; Storey: First floor; Top Elevation: 10350; Bottom Elevation: 4850; Global Top Elevation: 10350; Global Bottom Elevation: 4850; Has Own Geometry: 0; Children Have Geometry: 1; Global X: -8345.66499969024; Global Y: 1225.99890017164; Global Z: 4850; Bounding Box Length: 5087.71808522288; Bounding Box Width: 5087.7180852229; Bounding Box Height: 5499.99999999999
1cjAhzUD134eMk5cbRlrdD,Assembled Stair:Stair:542766 Run 1,. ProfileName: 50mm Tread 13mm Riser; XDim: 249.999999999999; YDim: 1400; ProfileName: 50mm Tread 13mm Riser; XDim: 1400; YDim: 12.5000000000005; ProfileName: 50mm Tread 13mm Riser; XDim: 1400; YDim: 12.4999999999997; ProfileName: 50mm Tread 13mm Riser; XDim: 1400; YDim: 12.4999999999997; ProfileName: 50mm Tread 13mm Riser; XDim: 250; YDim: 1400; ProfileName: 50mm Tread 13mm Riser; XDim: 1400; YDim: 12.4999999999996; ProfileName: 50mm Tread 13mm Riser; XDim: 249.999999999999; YDim: 1400; ProfileName: 50mm Tread 13mm Riser; XDim: 1400; YDim: 12.4999999999997; ProfileName: 50mm Tread 13mm Riser; XDim: 249.999999999999; YDim: 1400; ProfileName: 50mm Tread 13mm Riser; XDim: 1400; YDim: 12.4999999999997; ProfileName: 50mm Tread 13mm Riser; XDim: 249.999999999999; YDim: 1400; ProfileName: 50mm Tread 13mm Riser; XDim: 1400; YDim: 12.4999999999997; ProfileName: 50mm Tread 13mm Riser; XDim: 1400; YDim: 12.4999999999997; ProfileName: 50mm Tread 13mm Riser; XDim: 249.999999999999; YDim: 1400; ProfileName: 50mm Tread 13mm Riser; XDim: 1400; YDim: 12.4999999999997; ProfileName: 50mm Tread 13mm Riser; XDim: 249.999999999999; YDim: 1400; ProfileName: 50mm Tread 13mm Riser; XDim: 1400; YDim: 12.4999999999997; ProfileName: 50mm Tread 13mm Riser; XDim: 249.999999999999; YDim: 1400; ProfileName: 50mm Tread 13mm Riser; XDim: 1400; YDim: 12.4999999999996; ProfileName: 50mm Tread 13mm Riser; XDim: 249.999999999999; YDim: 1400; ProfileName: 50mm Tread 13mm Riser; XDim: 1400; YDim: 12.4999999999997; ProfileName: 50mm Tread 13mm Riser; XDim: 249.999999999999; YDim: 1400; ProfileName: 50mm Tread 13mm Riser; XDim: 249.999999999999; YDim: 1400; Category: Runs; Reference: 50mm Tread 13mm Riser; NosingLength: 0; NumberOfRiser: 12; NumberOfTreads: 11; Reference: 50mm Tread 13mm Riser; RiserHeight: 183.333333333333; TreadLength: 250; TreadLengthAtInnerSide: 250; TreadLengthAtOffset: 250; WalkingLineOffset: 2.29658792650919; Project: 0001; Storey: First floor; Top Elevation: 7000; Bottom Elevation: 4850; Global Top Elevation: 7000; Global Bottom Elevation: 4850; Has Own Geometry: 1; Children Have Geometry: 0; Global X: -6236.63423021569; Global Y: 2318.56367169054; Global Z: 4850; Bounding Box Length: 2943.331976689; Bounding Box Width: 2943.33197668901; Bounding Box Height: 2150; Layer: S-STRS
1cjAhzUD134eMk5cbRlrdH,Assembled Stair:Stair:542766 Run 2,. ProfileName: 50mm Tread 13mm Riser; XDim: 250.000000000003; YDim: 1400; ProfileName: 50mm Tread 13mm Riser; XDim: 1400; YDim: 12.5000000000004; ProfileName: 50mm Tread 13mm Riser; XDim: 1400; YDim: 12.5000000000005; ProfileName: 50mm Tread 13mm Riser; XDim: 1400; YDim: 12.5000000000005; ProfileName: 50mm Tread 13mm Riser; XDim: 249.999999999999; YDim: 1400; ProfileName: 50mm Tread 13mm Riser; XDim: 1400; YDim: 12.5000000000005; ProfileName: 50mm Tread 13mm Riser; XDim: 250.000000000003; YDim: 1400; ProfileName: 50mm Tread 13mm Riser; XDim: 1400; YDim: 12.5000000000005; ProfileName: 50mm Tread 13mm Riser; XDim: 250.000000000003; YDim: 1400; ProfileName: 50mm Tread 13mm Riser; XDim: 1400; YDim: 12.5000000000005; ProfileName: 50mm Tread 13mm Riser; XDim: 250.000000000003; YDim: 1400; ProfileName: 50mm Tread 13mm Riser; XDim: 1400; YDim: 12.5000000000005; ProfileName: 50mm Tread 13mm Riser; XDim: 1400; YDim: 12.5000000000005; ProfileName: 50mm Tread 13mm Riser; XDim: 250.000000000003; YDim: 1400; ProfileName: 50mm Tread 13mm Riser; XDim: 1400; YDim: 12.5000000000005; ProfileName: 50mm Tread 13mm Riser; XDim: 250.000000000003; YDim: 1400; ProfileName: 50mm Tread 13mm Riser; XDim: 1400; YDim: 12.5000000000005; ProfileName: 50mm Tread 13mm Riser; XDim: 250.000000000003; YDim: 1400; ProfileName: 50mm Tread 13mm Riser; XDim: 1400; YDim: 12.5000000000005; ProfileName: 50mm Tread 13mm Riser; XDim: 250.000000000003; YDim: 1400; ProfileName: 50mm Tread 13mm Riser; XDim: 1400; YDim: 12.5000000000005; ProfileName: 50mm Tread 13mm Riser; XDim: 250.000000000003; YDim: 1400; ProfileName: 50mm Tread 13mm Riser; XDim: 250.000000000003; YDim: 1400; Category: Runs; Reference: 50mm Tread 13mm Riser; NosingLength: 0; NumberOfRiser: 12; NumberOfTreads: 11; Reference: 50mm Tread 13mm Riser; RiserHeight: 183.333333333333; TreadLength: 250; TreadLengthAtInnerSide: 250; TreadLengthAtOffset: 250; WalkingLineOffset: 2.29658792650919; Project: 0001; Storey: First floor; Top Elevation: 9200; Bottom Elevation: 7000; Global Top Elevation: 9200; Global Bottom Elevation: 7000; Has Own Geometry: 1; Children Have Geometry: 0; Global X: -7285.00482791042; Global Y: 1252.51540446614; Global Z: 7000; Bounding Box Length: 2943.331976689; Bounding Box Width: 2943.33197668901; Bounding Box Height: 2200; Layer: S-STRS
1cjAhzUD134eMk5cbRlrdN,Assembled Stair:Stair:542766 Landing 1,. ProfileName: Non-Monolithic Landing; XDim: 2895.11991765308; YDim: 1400; Category: Landings; Reference: Non-Monolithic Landing; Reference: Non-Monolithic Landing; IsExternal: 0; Reference: Non-Monolithic Landing; Project: 0001; Storey: First floor; Top Elevation: 7050; Bottom Elevation: 7000; Global Top Elevation: 7050; Global Bottom Elevation: 7000; Has Own Geometry: 1; Children Have Geometry: 0; Global X: -8274.95432157158; Global Y: 3205.89788749398; Global Z: 7000; Bounding Box Length: 3037.1084197819; Bounding Box Width: 3037.10841978189; Bounding Box Height: 50; Layer: S-STRS
1cjAhzUD134eMk5cbRlrdJ,Assembled Stair:Stair:542766 Stringer 1,. ProfileName: Stringer - 50mm Width; IsExternal: 0; Reference: Stringer - 50mm Width; Slope: 90; Category: Supports; Reference: Stringer - 50mm Width; Project: 0001; Storey: First floor; Top Elevation: 7080.8512539623; Bottom Elevation: 4850; Global Top Elevation: 7080.8512539623; Global Bottom Elevation: 4850; Has Own Geometry: 1; Children Have Geometry: 0; Global X: -6227.79539545085; Global Y: 2283.2083326312; Global Z: 4850; Bounding Box Length: 1944.543648263; Bounding Box Width: 1944.54364826301; Bounding Box Height: 2230.8512539623; Layer: S-STRS
1cjAhzUD134eMk5cbRlrdG,Assembled Stair:Stair:542766 Stringer 2,. ProfileName: Stringer - 50mm Width; IsExternal: 0; Reference: Stringer - 50mm Width; Slope: 36.2538377374448; Category: Supports; Reference: Stringer - 50mm Width; Project: 0001; Storey: First floor; Top Elevation: 7100; Bottom Elevation: 4850; Global Top Elevation: 7100; Global Bottom Elevation: 4850; Has Own Geometry: 1; Children Have Geometry: 0; Global X: -5313.54883642892; Global Y: 3308.51316535171; Global Z: 4850; Bounding Box Length: 2055.60192196157; Bounding Box Width: 2055.60192196158; Bounding Box Height: 2250; Layer: S-STRS
1cjAhzUD134eMk5cbRlrdL,Assembled Stair:Stair:542766 Stringer 3,. ProfileName: Stringer - 50mm Width; IsExternal: 0; Reference: Stringer - 50mm Width; Slope: 36.2538377374448; Category: Supports; Reference: Stringer - 50mm Width; Project: 0001; Storey: First floor; Top Elevation: 9317.51792062897; Bottom Elevation: 6804.82258095595; Global Top Elevation: 9317.51792062897; Global Bottom Elevation: 6804.82258095595; Has Own Geometry: 1; Children Have Geometry: 0; Global X: -6295.05533424925; Global Y: 2251.30373289213; Global Z: 6804.82258095595; Bounding Box Length: 1979.89898732233; Bounding Box Width: 1979.89898732234; Bounding Box Height: 2512.69533967302; Layer: S-STRS
1cjAhzUD134eMk5cbRlrdQ,Assembled Stair:Stair:542766 Stringer 4,. ProfileName: Stringer - 50mm Width; IsExternal: 0; Reference: Stringer - 50mm Width; Slope: 90; Category: Supports; Reference: Stringer - 50mm Width; Project: 0001; Storey: First floor; Top Elevation: 9317.51792062898; Bottom Elevation: 6700; Global Top Elevation: 9317.51792062898; Global Bottom Elevation: 6700; Has Own Geometry: 1; Children Have Geometry: 0; Global X: -7514.0282810878; Global Y: 1225.99890017164; Global Z: 6700; Bounding Box Length: 2173.56710144038; Bounding Box Width: 2173.56710144039; Bounding Box Height: 2617.51792062898; Layer: S-STRS
1cjAhzUD134eMk5cbRlrdR,Assembled Stair:Stair:542766 Stringer 5,. ProfileName: Stringer - 50mm Width; XDim: 45.1199176530813; YDim: 49.9999999999995; IsExternal: 0; Reference: Stringer - 50mm Width; Slope: 0; Category: Supports; Reference: Stringer - 50mm Width; Project: 0001; Storey: First floor; Top Elevation: 7100; Bottom Elevation: 6700; Global Top Elevation: 7100; Global Bottom Elevation: 6700; Has Own Geometry: 1; Children Have Geometry: 0; Global X: -6259.69999518993; Global Y: 4195.84738115515; Global Z: 6700; Bounding Box Length: 67.2599387984001; Bounding Box Width: 67.2599387983937; Bounding Box Height: 400; Layer: S-STRS
1cjAhzUD134eMk5cbRlrdO,Assembled Stair:Stair:542766 Stringer 6,. IsExternal: 0; Reference: Stringer - 50mm Width; Slope: 0; Category: Supports; Reference: Stringer - 50mm Width; Project: 0001; Storey: First floor; Top Elevation: 7100; Bottom Elevation: 6700; Global Top Elevation: 7100; Global Bottom Elevation: 6700; Has Own Geometry: 1; Children Have Geometry: 0; Global X: -6227.79539545085; Global Y: 5236.16539479331; Global Z: 6700; Bounding Box Length: 1042.1962515419; Bounding Box Width: 1077.55159060123; Bounding Box Height: 400; Layer: S-STRS
1cjAhzUD134eMk5cbRlrdP,Assembled Stair:Stair:542766 Stringer 7,. ProfileName: Stringer - 50mm Width; IsExternal: 0; Reference: Stringer - 50mm Width; Slope: 0; Category: Supports; Reference: Stringer - 50mm Width; Project: 0001; Storey: First floor; Top Elevation: 7100; Bottom Elevation: 6700; Global Top Elevation: 7100; Global Bottom Elevation: 6700; Has Own Geometry: 1; Children Have Geometry: 0; Global X: -8345.66499969024; Global Y: 4195.84738115515; Global Z: 6700; Bounding Box Length: 2117.86960423939; Bounding Box Width: 2117.86960423938; Bounding Box Height: 400; Layer: S-STRS
1cjAhzUD134eMk5cbRlrdU,Assembled Stair:Stair:542766 Stringer 8,. IsExternal: 0; Reference: Stringer - 50mm Width; Slope: 0; Category: Supports; Reference: Stringer - 50mm Width; Project: 0001; Storey: First floor; Top Elevation: 7100; Bottom Elevation: 6700; Global Top Elevation: 7100; Global Bottom Elevation: 6700; Has Own Geometry: 1; Children Have Geometry: 0; Global X: -8345.66499969024; Global Y: 3271.61630909206; Global Z: 6700; Bounding Box Length: 959.586411122418; Bounding Box Width: 924.231072063094; Bounding Box Height: 400; Layer: S-STRS
1cjAhzUD134eMk5cbRlrdV,Railing:1100mm:542781,. Category: Railings; Reference: 1100mm; Height: 1100; IsExternal: 0; Reference: 1100mm; Project: 0001; Storey: First floor; Top Elevation: 10350; Bottom Elevation: 5033.33333333333; Global Top Elevation: 10350; Global Bottom Elevation: 5033.33333333333; Has Own Geometry: 1; Children Have Geometry: 0; Global X: -8274.38863614664; Global Y: 1261.63708194345; Global Z: 5033.33333333333; Bounding Box Length: 4980.80353990748; Bounding Box Width: 4980.80353990748; Bounding Box Height: 5316.66666666666; Layer: A-FLOR-HRAL
1cjAhzUD134eMk5cbRlrcZ,Railing:1100mm:542785,. Category: Railings; Reference: 1100mm; Height: 1100; IsExternal: 0; Reference: 1100mm; Project: 0001; Storey: First floor; Top Elevation: 10350; Bottom Elevation: 5033.33333333333; Global Top Elevation: 10350; Global Bottom Elevation: 5033.33333333333; Has Own Geometry: 1; Children Have Geometry: 0; Global X: -6366.33169779286; Global Y: 2215.66555112034; Global Z: 5033.33333333333; Bounding Box Length: 2118.7181323768; Bounding Box Width: 2118.71813237682; Bounding Box Height: 5316.66666666666; Layer: A-FLOR-HRAL
0IUrb2HMzB$vQgKkoaZA6F,Oval_Sink_20694:Standard:565942,. Reference: Standard; Category: Generic Models; Reference: Standard; Project: 0001; Storey: First floor; Top Elevation: 4850.00168839705; Bottom Elevation: 4748.39999857593; Global Top Elevation: 4850.00168839705; Global Bottom Elevation: 4748.39999857593; Has Own Geometry: 1; Children Have Geometry: 0; Global X: -9554.35282400359; Global Y: 837.629067767601; Global Z: 4748.39999857593; Bounding Box Length: 459.649741454945; Bounding Box Width: 459.64873365007; Bounding Box Height: 101.601689821121; Layer: A-GENM
0IUrb2HMzB$vQgKkoaZA6E,Oval_Sink_20694:Standard:565943,. Reference: Standard; Category: Generic Models; Reference: Standard; Project: 0001; Storey: First floor; Top Elevation: 4850.00168839705; Bottom Elevation: 4748.39999857593; Global Top Elevation: 4850.00168839705; Global Bottom Elevation: 4748.39999857593; Has Own Geometry: 1; Children Have Geometry: 0; Global X: -9186.65729778658; Global Y: 1205.3245939846; Global Z: 4748.39999857593; Bounding Box Length: 459.649741454947; Bounding Box Width: 459.64873365007; Bounding Box Height: 101.601689821121; Layer: A-GENM
0IUrb2HMzB$vQgKkoaZA60,Oval_Sink_20694:Standard:565945,. Reference: Standard; Category: Generic Models; Reference: Standard; Project: 0001; Storey: First floor; Top Elevation: 4850.00051642299; Bottom Elevation: 4748.39999857593; Global Top Elevation: 4850.00051642299; Global Bottom Elevation: 4748.39999857593; Has Own Geometry: 1; Children Have Geometry: 0; Global X: -5302.34788639766; Global Y: -3414.37586983833; Global Z: 4748.39999857593; Bounding Box Length: 459.648733650071; Bounding Box Width: 459.649741454946; Bounding Box Height: 101.600517847062; Layer: A-GENM
0IUrb2HMzB$vQgKkoaZA63,Oval_Sink_20694:Standard:565946,. Reference: Standard; Category: Generic Models; Reference: Standard; Project: 0001; Storey: First floor; Top Elevation: 4850.00051642299; Bottom Elevation: 4748.39999857593; Global Top Elevation: 4850.00051642299; Global Bottom Elevation: 4748.39999857593; Has Own Geometry: 1; Children Have Geometry: 0; Global X: -4934.65236018066; Global Y: -3046.68034362133; Global Z: 4748.39999857593; Bounding Box Length: 459.64873365007; Bounding Box Width: 459.649741454946; Bounding Box Height: 101.600517847062; Layer: A-GENM
0IUrb2HMzB$vQgKkoaZA1c,Floor:wood:566111,. Roughness: 914.4; Category: Floors; Reference: wood; Reference: wood; IsExternal: 0; LoadBearing: 0; PitchAngle: 0; Reference: wood; ThermalTransmittance: 1.8; Project: 0001; Storey: First floor; Top Elevation: 4850; Bottom Elevation: 4750; Global Top Elevation: 4850; Global Bottom Elevation: 4750; Has Own Geometry: 1; Children Have Geometry: 1; Global X: -4344.49901460567; Global Y: -40.7459176868485; Global Z: 4750; Bounding Box Length: 11201.3219251069; Bounding Box Width: 6579.75894373448; Bounding Box Height: 100; Layer: A-FLOR
0IUrb2HMzB$vQgKkoaZAKA,Floor:wood:566111:2,. Roughness: 914.4; Reference: wood; Category: Floors; Reference: wood; Project: 0001; Storey: First floor; Top Elevation: 4850; Bottom Elevation: 4750; Global Top Elevation: 4850; Global Bottom Elevation: 4750; Has Own Geometry: 1; Children Have Geometry: 0; Global X: -2634.71481769659; Global Y: 2143.67287428419; Global Z: 4750; Bounding Box Length: 9246.61981143107; Bounding Box Width: 4112.49743928882; Bounding Box Height: 100; Layer: A-FLOR
0IUrb2HMzB$vQgKkoaZAL_,Floor:wood:566111:3,. Roughness: 914.4; Reference: wood; Category: Floors; Reference: wood; Project: 0001; Storey: First floor; Top Elevation: 4850; Bottom Elevation: 4750; Global Top Elevation: 4850; Global Bottom Elevation: 4750; Has Own Geometry: 1; Children Have Geometry: 0; Global X: -2776.13617393391; Global Y: 1950.47632886236; Global Z: 4750; Bounding Box Length: 9336.31984868805; Bounding Box Width: 4164.27262847334; Bounding Box Height: 100; Layer: A-FLOR
0IUrb2HMzB$vQgKkoaZALc,Floor:wood:566111:4,. Roughness: 914.4; Reference: wood; Category: Floors; Reference: wood; Project: 0001; Storey: First floor; Top Elevation: 4850; Bottom Elevation: 4750; Global Top Elevation: 4850; Global Bottom Elevation: 4750; Has Own Geometry: 1; Children Have Geometry: 0; Global X: -2917.55753017121; Global Y: 1757.27978344052; Global Z: 4750; Bounding Box Length: 9426.01988594502; Bounding Box Width: 4216.04781765787; Bounding Box Height: 100; Layer: A-FLOR
0IUrb2HMzB$vQgKkoaZAQ_,Floor:wood:566111:5,. Roughness: 914.4; Reference: wood; Category: Floors; Reference: wood; Project: 0001; Storey: First floor; Top Elevation: 4850; Bottom Elevation: 4750; Global Top Elevation: 4850; Global Bottom Elevation: 4750; Has Own Geometry: 1; Children Have Geometry: 0; Global X: -3058.97888640889; Global Y: 1564.08323802052; Global Z: 4750; Bounding Box Length: 9515.71992320285; Bounding Box Width: 4267.8230068392; Bounding Box Height: 100; Layer: A-FLOR
0IUrb2HMzB$vQgKkoaZAMJ,Floor:wood:566111:6,. Roughness: 914.4; Reference: wood; Category: Floors; Reference: wood; Project: 0001; Storey: First floor; Top Elevation: 4850; Bottom Elevation: 4750; Global Top Elevation: 4850; Global Bottom Elevation: 4750; Has Own Geometry: 1; Children Have Geometry: 0; Global X: -3200.40024264583; Global Y: 1370.88669259683; Global Z: 4750; Bounding Box Length: 9605.41996045895; Bounding Box Width: 4319.59819602694; Bounding Box Height: 100; Layer: A-FLOR
0IUrb2HMzB$vQgKkoaZAQI,Floor:wood:566111:7,. Roughness: 914.4; Reference: wood; Category: Floors; Reference: wood; Project: 0001; Storey: First floor; Top Elevation: 4850; Bottom Elevation: 4750; Global Top Elevation: 4850; Global Bottom Elevation: 4750; Has Own Geometry: 1; Children Have Geometry: 0; Global X: -4048.92838006969; Global Y: 211.707420065771; Global Z: 4750; Bounding Box Length: 10143.6201840008; Bounding Box Width: 4630.24933113414; Bounding Box Height: 100; Layer: A-FLOR
0IUrb2HMzB$vQgKkoaZAQ2,Floor:wood:566111:8,. Roughness: 914.4; Reference: wood; Category: Floors; Reference: wood; Project: 0001; Storey: First floor; Top Elevation: 4850; Bottom Elevation: 4750; Global Top Elevation: 4850; Global Bottom Elevation: 4750; Has Own Geometry: 1; Children Have Geometry: 0; Global X: -3907.50702383238; Global Y: 404.90396548762; Global Z: 4750; Bounding Box Length: 10053.9201467438; Bounding Box Width: 4578.47414194961; Bounding Box Height: 100; Layer: A-FLOR
0IUrb2HMzB$vQgKkoaZARo,Floor:wood:566111:9,. Roughness: 914.4; Reference: wood; Category: Floors; Reference: wood; Project: 0001; Storey: First floor; Top Elevation: 4850; Bottom Elevation: 4750; Global Top Elevation: 4850; Global Bottom Elevation: 4750; Has Own Geometry: 1; Children Have Geometry: 0; Global X: -3766.08566759507; Global Y: 598.100510909461; Global Z: 4750; Bounding Box Length: 9964.22010948684; Bounding Box Width: 4526.69895276507; Bounding Box Height: 100; Layer: A-FLOR
0IUrb2HMzB$vQgKkoaZARY,Floor:wood:566111:10,. Roughness: 914.4; Reference: wood; Category: Floors; Reference: wood; Project: 0001; Storey: First floor; Top Elevation: 4850; Bottom Elevation: 4750; Global Top Elevation: 4850; Global Bottom Elevation: 4750; Has Own Geometry: 1; Children Have Geometry: 0; Global X: -3624.66431135776; Global Y: 791.297056331302; Global Z: 4750; Bounding Box Length: 9874.52007222987; Bounding Box Width: 4474.92376358053; Bounding Box Height: 100; Layer: A-FLOR
0IUrb2HMzB$vQgKkoaZARB,Floor:wood:566111:11,. Roughness: 914.4; Reference: wood; Category: Floors; Reference: wood; Project: 0001; Storey: First floor; Top Elevation: 4850; Bottom Elevation: 4750; Global Top Elevation: 4850; Global Bottom Elevation: 4750; Has Own Geometry: 1; Children Have Geometry: 0; Global X: -3483.24295512045; Global Y: 984.493601753144; Global Z: 4750; Bounding Box Length: 9784.8200349729; Bounding Box Width: 4423.14857439601; Bounding Box Height: 100; Layer: A-FLOR
0IUrb2HMzB$vQgKkoaZAKx,Floor:wood:566111:12,. Roughness: 914.4; Reference: wood; Category: Floors; Reference: wood; Project: 0001; Storey: First floor; Top Elevation: 4850; Bottom Elevation: 4750; Global Top Elevation: 4850; Global Bottom Elevation: 4750; Has Own Geometry: 1; Children Have Geometry: 0; Global X: -3341.82159888314; Global Y: 1177.69014717498; Global Z: 4750; Bounding Box Length: 9695.11999771592; Bounding Box Width: 4371.37338521148; Bounding Box Height: 100; Layer: A-FLOR
2BV8ty4rH4pOWhxXNZufdA,Floor:Concrete-Commercial 362mm:577427,. Roughness: 914.4; Category: Floors; Reference: Concrete-Commercial 362mm; Reference: Concrete-Commercial 362mm; IsExternal: 0; LoadBearing: 0; PitchAngle: 0; Reference: Concrete-Commercial 362mm; ThermalTransmittance: 4.40479183427192; Project: 0001; Storey: First floor; Top Elevation: 4850; Bottom Elevation: 4488; Global Top Elevation: 4850; Global Bottom Elevation: 4488; Has Own Geometry: 1; Children Have Geometry: 1; Global X: -11529.095802025; Global Y: -13565.1148360075; Global Z: 4488; Bounding Box Length: 24283.7561585156; Bounding Box Width: 20184.7380351104; Bounding Box Height: 362; Layer: A-FLOR
2BV8ty4rH4pOWhxXNZueOp,Floor:Concrete-Commercial 362mm:577427:2,. XDim: 1363.073233706; YDim: 1286; Roughness: 914.4; Reference: Concrete-Commercial 362mm; Category: Floors; Reference: Concrete-Commercial 362mm; Project: 0001; Storey: First floor; Top Elevation: 4850; Bottom Elevation: 4488; Global Top Elevation: 4850; Global Bottom Elevation: 4488; Has Own Geometry: 1; Children Have Geometry: 0; Global X: -3815.28363667813; Global Y: -1172.15374822254; Global Z: 4488; Bounding Box Length: 1873.17764741329; Bounding Box Width: 1873.17764741329; Bounding Box Height: 362; Layer: A-FLOR
2BV8ty4rH4pOWhxXNZueRI,Floor:Concrete-Commercial 362mm:577427:3,. XDim: 2855.86991765308; YDim: 4309.6; Roughness: 914.4; Reference: Concrete-Commercial 362mm; Category: Floors; Reference: Concrete-Commercial 362mm; Project: 0001; Storey: First floor; Top Elevation: 4850; Bottom Elevation: 4488; Global Top Elevation: 4850; Global Bottom Elevation: 4488; Has Own Geometry: 1; Children Have Geometry: 0; Global X: -8246.91753769751; Global Y: 1175.97109540264; Global Z: 4488; Bounding Box Length: 5066.7523691607; Bounding Box Width: 5066.75236916071; Bounding Box Height: 362; Layer: A-FLOR
0a3v3dJi10mxIqGCVASCl3,Roof floor,. Name: Roof floor; AboveGround: 9.88131291682493E-324; Category: Levels; Name: Roof floor; Project: 0001; Top Elevation: 12250.0000000003; Bottom Elevation: 8588; Global Top Elevation: 12250.0000000003; Global Bottom Elevation: 8588; Has Own Geometry: 0; Children Have Geometry: 1; Global X: -11529.095802025; Global Y: -13589.2953360412; Global Z: 8588; Bounding Box Length: 24310.6476653296; Bounding Box Width: 20110.710228781; Bounding Box Height: 3662.00000000026
3VjgQ5p_jBx9FCeJ8n44xU,Floor:Concrete-Commercial 362mm:363160,. Roughness: 914.4; Category: Floors; Reference: Concrete-Commercial 362mm; Reference: Concrete-Commercial 362mm; IsExternal: 0; LoadBearing: 0; PitchAngle: 0; Reference: Concrete-Commercial 362mm; ThermalTransmittance: 4.40479183427192; Project: 0001; Storey: Roof floor; Top Elevation: 9050; Bottom Elevation: 8688; Global Top Elevation: 9050; Global Bottom Elevation: 8688; Has Own Geometry: 1; Children Have Geometry: 0; Global X: -11529.095802025; Global Y: -9693.4923602547; Global Z: 8688; Bounding Box Length: 7839.86882942458; Bounding Box Width: 9850.2516587031; Bounding Box Height: 362; Layer: A-FLOR
1ibt9HNSn1ROP2f$W158Z9,Floor:Concrete-Commercial 362mm:483292,. Roughness: 914.4; Category: Floors; Reference: Concrete-Commercial 362mm; Reference: Concrete-Commercial 362mm; IsExternal: 0; LoadBearing: 0; PitchAngle: 0; Reference: Concrete-Commercial 362mm; ThermalTransmittance: 4.40479183427192; Project: 0001; Storey: Roof floor; Top Elevation: 8950; Bottom Elevation: 8588; Global Top Elevation: 8950; Global Bottom Elevation: 8588; Has Own Geometry: 1; Children Have Geometry: 1; Global X: -10854.4306957324; Global Y: -13567.434375449; Global Z: 8588; Bounding Box Length: 23600.9075036881; Bounding Box Width: 20088.8492681888; Bounding Box Height: 362; Layer: A-FLOR
1cjAhzUD134eMk5cbRlrbF,Floor:Concrete-Commercial 362mm:483292:2,. XDim: 2894.71991765306; YDim: 4134.1117795771; Roughness: 914.4; Reference: Concrete-Commercial 362mm; Category: Floors; Reference: Concrete-Commercial 362mm; Project: 0001; Storey: Roof floor; Top Elevation: 8950; Bottom Elevation: 8588; Global Top Elevation: 8950; Global Bottom Elevation: 8588; Has Own Geometry: 1; Children Have Geometry: 0; Global X: -8150.29972546723; Global Y: 1148.4999969536; Global Z: 8588; Bounding Box Length: 4970.13455693039; Bounding Box Width: 4970.1345569304; Bounding Box Height: 362; Layer: A-FLOR
2N6JhHVpL7BvglUiNGPebE,Floor:Concrete-Commercial 362mm:483292:3,. XDim: 1363.07323370601; YDim: 1286.00000000001; Roughness: 914.4; Reference: Concrete-Commercial 362mm; Category: Floors; Reference: Concrete-Commercial 362mm; Project: 0001; Storey: Roof floor; Top Elevation: 8950; Bottom Elevation: 8588; Global Top Elevation: 8950; Global Bottom Elevation: 8588; Has Own Geometry: 1; Children Have Geometry: 0; Global X: -3815.28363667815; Global Y: -1172.15374822255; Global Z: 8588; Bounding Box Length: 1873.1776474133; Bounding Box Width: 1873.1776474133; Bounding Box Height: 362; Layer: A-FLOR
25tZ6iKBrF5v3hkED3zY6r,Basic Wall:CW 102-50-100p:509687,. Roughness: 914.4; Category: Walls; Reference: CW 102-50-100p; Reference: CW 102-50-100p; ExtendToStructure: 0; IsExternal: 1; LoadBearing: 0; Reference: CW 102-50-100p; ThermalTransmittance: 0.87233965970269; Project: 0001; Storey: Roof floor; Top Elevation: 12250.0000000003; Bottom Elevation: 8950; Global Top Elevation: 12250.0000000003; Global Bottom Elevation: 8950; Has Own Geometry: 1; Children Have Geometry: 0; Global X: -2818.43388543403; Global Y: -6757.59086423642; Global Z: 8950; Bounding Box Length: 846.602383862557; Bounding Box Width: 659.926193629317; Bounding Box Height: 3300.00000000025; Layer: A-WALL
25tZ6iKBrF5v3hkED3zYuG,Basic Wall:CW 102-50-100p:510290,. Roughness: 914.4; Category: Walls; Reference: CW 102-50-100p; Reference: CW 102-50-100p; ExtendToStructure: 0; IsExternal: 1; LoadBearing: 0; Reference: CW 102-50-100p; ThermalTransmittance: 0.87233965970269; Project: 0001; Storey: Roof floor; Top Elevation: 12250.0000000003; Bottom Elevation: 8950; Global Top Elevation: 12250.0000000003; Global Bottom Elevation: 8950; Has Own Geometry: 1; Children Have Geometry: 0; Global X: -2470.03988293239; Global Y: -7087.75282963737; Global Z: 8950; Bounding Box Length: 793.811683007732; Bounding Box Width: 455.017966295387; Bounding Box Height: 3300.00000000025; Layer: A-WALL
1uz_tOhc98APvO5lWwkBQS,Basic Wall:CW 102-50-100p:539941,. XDim: 1537.823233706; YDim: 264; Roughness: 914.4; Category: Walls; Reference: CW 102-50-100p; Reference: CW 102-50-100p; ExtendToStructure: 0; IsExternal: 1; LoadBearing: 0; Reference: CW 102-50-100p; ThermalTransmittance: 0.87233965970269; Project: 0001; Storey: Roof floor; Top Elevation: 11888.0000000003; Bottom Elevation: 8950; Global Top Elevation: 11888.0000000003; Global Bottom Elevation: 8950; Has Own Geometry: 1; Children Have Geometry: 0; Global X: -1770.42280759629; Global Y: 749.140170846992; Global Z: 8950; Bounding Box Length: 1274.08142705298; Bounding Box Width: 1274.08142705299; Bounding Box Height: 2938.00000000025; Layer: A-WALL
1uz_tOhc98APvO5lWwkBGn,Basic Wall:Interior - 135mm Partition (2-hr):540552,. XDim: 5727.07592446389; YDim: 135.500000000001; Roughness: 914.4; Category: Walls; Reference: Interior - 135mm Partition (2-hr); Reference: Interior - 135mm Partition (2-hr); ExtendToStructure: 0; IsExternal: 0; LoadBearing: 0; Reference: Interior - 135mm Partition (2-hr); ThermalTransmittance: 0.374531835205993; Project: 0001; Storey: Roof floor; Top Elevation: 11888.0000000003; Bottom Elevation: 8950; Global Top Elevation: 11888.0000000003; Global Bottom Elevation: 8950; Has Own Geometry: 1; Children Have Geometry: 1; Global X: 4337.68031046808; Global Y: -8328.51351094583; Global Z: 8950; Bounding Box Length: 1611.95026309236; Bounding Box Width: 5567.29761348433; Bounding Box Height: 2938.00000000026; Layer: I-WALL
15b09kJ7D9nPemCz3Ach2Y,"Door-Double-Sliding:68"" x 80"":552214:1",. XDim: 2032; YDim: 1727.2; Project: 0001; Storey: Roof floor; Top Elevation: 10982; Bottom Elevation: 8950; Global Top Elevation: 10982; Global Bottom Elevation: 8950; Has Own Geometry: 1; Children Have Geometry: 0; Global X: 5327.94705393754; Global Y: -4630.23939637846; Global Z: 8950; Bounding Box Length: 577.196708373769; Bounding Box Width: 1703.55596956416; Bounding Box Height: 2032; Layer: A-WALL
15b09kJ7D9nPemCyFAcheh,Basic Wall:CW 102-50-100p:550815,. XDim: 702.000000000001; YDim: 264; Roughness: 914.4; Category: Walls; Reference: CW 102-50-100p; Reference: CW 102-50-100p; ExtendToStructure: 0; IsExternal: 1; LoadBearing: 0; Reference: CW 102-50-100p; ThermalTransmittance: 0.87233965970269; Project: 0001; Storey: Roof floor; Top Elevation: 12250.0000000003; Bottom Elevation: 8950; Global Top Elevation: 12250.0000000003; Global Bottom Elevation: 8950; Has Own Geometry: 1; Children Have Geometry: 0; Global X: 8976.66591849524; Global Y: -3915.84896889638; Global Z: 8950; Bounding Box Length: 746.392015484716; Bounding Box Width: 436.561269577823; Bounding Box Height: 3300.00000000025; Layer: A-WALL
15b09kJ7D9nPemCyFAchNz,Basic Wall:CW 102-50-100p:550985,. Roughness: 914.4; Category: Walls; Reference: CW 102-50-100p; Reference: CW 102-50-100p; ExtendToStructure: 0; IsExternal: 1; LoadBearing: 0; Reference: CW 102-50-100p; ThermalTransmittance: 0.87233965970269; Project: 0001; Storey: Roof floor; Top Elevation: 12250.0000000003; Bottom Elevation: 8950; Global Top Elevation: 12250.0000000003; Global Bottom Elevation: 8950; Has Own Geometry: 1; Children Have Geometry: 1; Global X: 7954.7269551766; Global Y: -9309.47030521498; Global Z: 8950; Bounding Box Length: 1700.05883774931; Bounding Box Width: 5461.89347737263; Bounding Box Height: 3300.00000000026; Layer: A-WALL
0PfeWE7Aj7GBHCsKe672Ur,"Door-Double-Sliding:68"" x 80"":555359:1",. XDim: 2032; YDim: 1727.2; Project: 0001; Storey: Roof floor; Top Elevation: 10982; Bottom Elevation: 8950; Global Top Elevation: 10982; Global Bottom Elevation: 8950; Has Own Geometry: 1; Children Have Geometry: 0; Global X: 8940.86391069701; Global Y: -5630.68252190505; Global Z: 8950; Bounding Box Length: 701.332794558244; Bounding Box Width: 1736.75961555075; Bounding Box Height: 2032; Layer: A-WALL
0PfeWE7Aj7GBHCsLa672Xk,Basic Wall:CW 102-50-100p:554628,. Roughness: 914.4; Category: Walls; Reference: CW 102-50-100p; Reference: CW 102-50-100p; ExtendToStructure: 0; IsExternal: 1; LoadBearing: 0; Reference: CW 102-50-100p; ThermalTransmittance: 0.87233965970269; Project: 0001; Storey: Roof floor; Top Elevation: 11888.0000000003; Bottom Elevation: 8950; Global Top Elevation: 11888.0000000003; Global Bottom Elevation: 8950; Has Own Geometry: 1; Children Have Geometry: 0; Global X: 1408.51747312938; Global Y: -1978.45289102539; Global Z: 8950; Bounding Box Length: 1009.41039843293; Bounding Box Width: 822.734208199684; Bounding Box Height: 2938.00000000025; Layer: A-WALL
0PfeWE7Aj7GBHCsLa672GE,Basic Wall:CW 102-50-100p:555748,. Roughness: 914.4; Category: Walls; Reference: CW 102-50-100p; Reference: CW 102-50-100p; ExtendToStructure: 0; IsExternal: 1; LoadBearing: 0; Reference: CW 102-50-100p; ThermalTransmittance: 0.87233965970269; Project: 0001; Storey: Roof floor; Top Elevation: 12250.0000000003; Bottom Elevation: 8950; Global Top Elevation: 12250.0000000003; Global Bottom Elevation: 8950; Has Own Geometry: 1; Children Have Geometry: 0; Global X: 2044.71765428211; Global Y: -2017.35187739438; Global Z: 8950; Bounding Box Length: 586.783173067088; Bounding Box Width: 412.109203649194; Bounding Box Height: 3300.00000000025; Layer: A-WALL
0PfeWE7Aj7GBHCsLa6729b,Basic Wall:CW 102-50-100p:556175,. Roughness: 914.4; Category: Walls; Reference: CW 102-50-100p; Reference: CW 102-50-100p; ExtendToStructure: 0; IsExternal: 1; LoadBearing: 0; Reference: CW 102-50-100p; ThermalTransmittance: 0.87233965970269; Project: 0001; Storey: Roof floor; Top Elevation: 12250.0000000003; Bottom Elevation: 8950; Global Top Elevation: 12250.0000000003; Global Bottom Elevation: 8950; Has Own Geometry: 1; Children Have Geometry: 0; Global X: 7463.36480030707; Global Y: -9564.52250042271; Global Z: 8950; Bounding Box Length: 747.47586934668; Bounding Box Width: 426.293869518133; Bounding Box Height: 3300.00000000025; Layer: A-WALL
0PfeWE7Aj7GBHCsLa6720d,Basic Wall:CW 102-50-100p:556749,. XDim: 1140; YDim: 264.000000000001; Roughness: 914.4; Category: Walls; Reference: CW 102-50-100p; Reference: CW 102-50-100p; ExtendToStructure: 0; IsExternal: 1; LoadBearing: 0; Reference: CW 102-50-100p; ThermalTransmittance: 0.87233965970269; Project: 0001; Storey: Roof floor; Top Elevation: 12250.0000000003; Bottom Elevation: 8950; Global Top Elevation: 12250.0000000003; Global Bottom Elevation: 8950; Has Own Geometry: 1; Children Have Geometry: 0; Global X: 3787.86591407974; Global Y: -8714.38792383123; Global Z: 8950; Bounding Box Length: 1169.49244995855; Bounding Box Width: 549.830958144767; Bounding Box Height: 3300.00000000025; Layer: A-WALL
2u91$LuSH3yeMI9qDCEzjX,Interior_Equipment-Generic-Treadmill:Treadmill:515225,. Reference: Treadmill; Manufacturer: BIMsmith Generics; Category: Specialty Equipment; Height: 1720.088; Width: 940.054; Reference: Treadmill; Project: 0001; Storey: Roof floor; Top Elevation: 10651.4606476632; Bottom Elevation: 8950; Global Top Elevation: 10651.4606476632; Global Bottom Elevation: 8950; Has Own Geometry: 1; Children Have Geometry: 0; Global X: -3788.85087001187; Global Y: -5091.88113591701; Global Z: 8950; Bounding Box Length: 2046.20873233697; Bounding Box Width: 2009.90338050111; Bounding Box Height: 1701.46064766322; Group: Model Group:Array Group 7:515226; Layer: Q-SPCQ
2u91$LuSH3yeMI9qDCEzjZ,Interior_Equipment-Generic-Elliptical:Treadmill:515227,. Reference: Treadmill; Manufacturer: BIMsmith Generics; Category: Specialty Equipment; Height: 1720.088; Width: 940.054; Reference: Treadmill; Project: 0001; Storey: Roof floor; Top Elevation: 10651.4606476632; Bottom Elevation: 8949.97240678687; Global Top Elevation: 10651.4606476632; Global Bottom Elevation: 8949.97240678687; Has Own Geometry: 1; Children Have Geometry: 0; Global X: 1239.4912700159; Global Y: -7498.12295721357; Global Z: 8949.97240678687; Bounding Box Length: 1257.57091997066; Bounding Box Width: 2366.2730629394; Bounding Box Height: 1701.48824087635; Group: Model Group:Array Group 8:515228; Layer: Q-SPCQ
2u91$LuSH3yeMI9qDCE_sc,Interior_Equipment-Generic-Treadmill:Treadmill:518750,. Reference: Treadmill; Manufacturer: BIMsmith Generics; Category: Specialty Equipment; Height: 1720.088; Width: 940.054; Reference: Treadmill; Project: 0001; Storey: Roof floor; Top Elevation: 10651.4606476632; Bottom Elevation: 8950; Global Top Elevation: 10651.4606476632; Global Bottom Elevation: 8950; Has Own Geometry: 1; Children Have Geometry: 0; Global X: -2966.36432172854; Global Y: -5965.67509211777; Global Z: 8950; Bounding Box Length: 2046.20873233697; Bounding Box Width: 2009.9033805011; Bounding Box Height: 1701.46064766322; Group: Model Group:Array Group 7:518751; Layer: Q-SPCQ
2u91$LuSH3yeMI9qDCE_rw,Interior_Equipment-Generic-Treadmill:Treadmill:518786,. Reference: Treadmill; Manufacturer: BIMsmith Generics; Category: Specialty Equipment; Height: 1720.088; Width: 940.054; Reference: Treadmill; Project: 0001; Storey: Roof floor; Top Elevation: 10651.4606476632; Bottom Elevation: 8950; Global Top Elevation: 10651.4606476632; Global Bottom Elevation: 8950; Has Own Geometry: 1; Children Have Geometry: 0; Global X: 1.18553275443478; Global Y: -7217.26739927041; Global Z: 8950; Bounding Box Length: 1318.70955568734; Bounding Box Width: 2226.22085094714; Bounding Box Height: 1701.46064766322; Group: Model Group:Array Group 7:518787; Layer: Q-SPCQ
2u91$LuSH3yeMI9qDCE_r9,Interior_Equipment-Generic-Elliptical:Treadmill:518833,. Reference: Treadmill; Manufacturer: BIMsmith Generics; Category: Specialty Equipment; Height: 1720.088; Width: 940.054; Reference: Treadmill; Project: 0001; Storey: Roof floor; Top Elevation: 10651.4606476632; Bottom Elevation: 8949.97240678687; Global Top Elevation: 10651.4606476632; Global Bottom Elevation: 8949.97240678687; Has Own Geometry: 1; Children Have Geometry: 0; Global X: 2303.82100707087; Global Y: -7775.97581543262; Global Z: 8949.97240678687; Bounding Box Length: 1257.57091997066; Bounding Box Width: 2366.2730629394; Bounding Box Height: 1701.48824087635; Group: Model Group:Array Group 8:518834; Layer: Q-SPCQ
15b09kJ7D9nPemCyFAch4D,Interior_Equipment-Generic-Elliptical:Treadmill:552121,. Reference: Treadmill; Manufacturer: BIMsmith Generics; Category: Specialty Equipment; Height: 1720.088; Width: 940.054; Reference: Treadmill; Project: 0001; Storey: Roof floor; Top Elevation: 10651.4606476632; Bottom Elevation: 8949.97240678687; Global Top Elevation: 10651.4606476632; Global Bottom Elevation: 8949.97240678687; Has Own Geometry: 1; Children Have Geometry: 0; Global X: 3370.77312495142; Global Y: -8043.36468235716; Global Z: 8949.97240678687; Bounding Box Length: 1257.57091997066; Bounding Box Width: 2366.2730629394; Bounding Box Height: 1701.48824087635; Group: Model Group:Array Group 8:552122; Layer: Q-SPCQ
0PfeWE7Aj7GBHCsLa67DwK,Interior_Equipment-Generic-Treadmill:Treadmill:557182,. Reference: Treadmill; Manufacturer: BIMsmith Generics; Category: Specialty Equipment; Height: 1720.088; Width: 940.054; Reference: Treadmill; Project: 0001; Storey: Roof floor; Top Elevation: 10651.4606476632; Bottom Elevation: 8950; Global Top Elevation: 10651.4606476632; Global Bottom Elevation: 8950; Has Own Geometry: 1; Children Have Geometry: 0; Global X: -1124.01808301798; Global Y: -6935.28012464141; Global Z: 8950; Bounding Box Length: 1318.70955568734; Bounding Box Width: 2226.22085094714; Bounding Box Height: 1701.46064766322; Group: Model Group:Array Group 7:557183; Layer: Q-SPCQ
0IUrb2HMzB$vQgKkoaZA7t,Oval_Sink_20694:Standard:565966,. Reference: Standard; Category: Generic Models; Reference: Standard; Project: 0001; Storey: Roof floor; Top Elevation: 8950.00168839705; Bottom Elevation: 8848.39999857593; Global Top Elevation: 8950.00168839705; Global Bottom Elevation: 8848.39999857593; Has Own Geometry: 1; Children Have Geometry: 0; Global X: -9554.35282400359; Global Y: 837.629067767601; Global Z: 8848.39999857593; Bounding Box Length: 459.649741454945; Bounding Box Width: 459.64873365007; Bounding Box Height: 101.601689821122; Layer: A-GENM
0IUrb2HMzB$vQgKkoaZA7s,Oval_Sink_20694:Standard:565967,. Reference: Standard; Category: Generic Models; Reference: Standard; Project: 0001; Storey: Roof floor; Top Elevation: 8950.00168839705; Bottom Elevation: 8848.39999857593; Global Top Elevation: 8950.00168839705; Global Bottom Elevation: 8848.39999857593; Has Own Geometry: 1; Children Have Geometry: 0; Global X: -9186.65729778658; Global Y: 1205.3245939846; Global Z: 8848.39999857593; Bounding Box Length: 459.649741454947; Bounding Box Width: 459.64873365007; Bounding Box Height: 101.601689821122; Layer: A-GENM
0IUrb2HMzB$vQgKkoaZA7e,Oval_Sink_20694:Standard:565969,. Reference: Standard; Category: Generic Models; Reference: Standard; Project: 0001; Storey: Roof floor; Top Elevation: 8950.00051642299; Bottom Elevation: 8848.39999857593; Global Top Elevation: 8950.00051642299; Global Bottom Elevation: 8848.39999857593; Has Own Geometry: 1; Children Have Geometry: 0; Global X: -5302.34788639766; Global Y: -3414.37586983833; Global Z: 8848.39999857593; Bounding Box Length: 459.648733650071; Bounding Box Width: 459.649741454946; Bounding Box Height: 101.600517847062; Layer: A-GENM
0IUrb2HMzB$vQgKkoaZA7h,Oval_Sink_20694:Standard:565970,. Reference: Standard; Category: Generic Models; Reference: Standard; Project: 0001; Storey: Roof floor; Top Elevation: 8950.00051642299; Bottom Elevation: 8848.39999857593; Global Top Elevation: 8950.00051642299; Global Bottom Elevation: 8848.39999857593; Has Own Geometry: 1; Children Have Geometry: 0; Global X: -4934.65236018066; Global Y: -3046.68034362133; Global Z: 8848.39999857593; Bounding Box Length: 459.64873365007; Bounding Box Width: 459.649741454946; Bounding Box Height: 101.600517847062; Layer: A-GENM
1uz_tOhc98APvO5lWwkBR0,M_Single-Flush:0813 x 2134mm:540025,. ProfileName: 0813 x 2134mm; IsExternal: 0; Reference: 0813 x 2134mm; ThermalTransmittance: 3.7021; Category: Doors; Reference: 0813 x 2134mm; Project: 0001; Storey: Roof floor; Top Elevation: 11160; Bottom Elevation: 8950; Global Top Elevation: 11160; Global Bottom Elevation: 8950; Has Own Geometry: 1; Children Have Geometry: 0; Global X: -2670.30234971557; Global Y: 1087.98671672138; Global Z: 8950; Bounding Box Length: 869.034234078263; Bounding Box Width: 869.034234078263; Bounding Box Height: 2210; Layer: A-DOOR
1uz_tOhc98APvO5lWwkBR2,M_Single-Flush:0813 x 2134mm:540027,. ProfileName: 0813 x 2134mm; IsExternal: 0; Reference: 0813 x 2134mm; ThermalTransmittance: 3.7021; Category: Doors; Reference: 0813 x 2134mm; Project: 0001; Storey: Roof floor; Top Elevation: 11160; Bottom Elevation: 8950; Global Top Elevation: 11160; Global Bottom Elevation: 8950; Has Own Geometry: 1; Children Have Geometry: 0; Global X: -3692.01849600629; Global Y: -2164.04778553196; Global Z: 8950; Bounding Box Length: 869.034234078263; Bounding Box Width: 869.034234078264; Bounding Box Height: 2210; Layer: A-DOOR
1uz_tOhc98APvO5lWwkBOv,"Flush_Door_with_Louvers_2218:24"" x 80"":540032",". ProfileName: 24"" x 80""; IsExternal: 0; Reference: 24"" x 80""; Category: Doors; Reference: 24"" x 80""; Project: 0001; Storey: Roof floor; Top Elevation: 11058.2; Bottom Elevation: 8950; Global Top Elevation: 11058.2; Global Bottom Elevation: 8950; Has Own Geometry: 1; Children Have Geometry: 0; Global X: -8112.89377674249; Global Y: 2639.0894211137; Global Z: 8950; Bounding Box Length: 630.597827462165; Bounding Box Width: 630.597827462161; Bounding Box Height: 2108.2; Layer: A-DOOR"
1uz_tOhc98APvO5lWwkBOc,Door-Double-Sliding1:showers:540063,. ProfileName: showers; IsExternal: 0; Reference: showers; ThermalTransmittance: 3.128722913; Category: Doors; Reference: showers; Project: 0001; Storey: Roof floor; Top Elevation: 11058.2; Bottom Elevation: 8950; Global Top Elevation: 11058.2; Global Bottom Elevation: 8950; Has Own Geometry: 1; Children Have Geometry: 0; Global X: -7721.28592336799; Global Y: 909.376930928559; Global Z: 8950; Bounding Box Length: 765.230958600081; Bounding Box Width: 765.230958600085; Bounding Box Height: 2108.2; Layer: A-DOOR
15b09kJ7D9nPemCyFAch2Y,"Door-Double-Sliding:68"" x 80"":552214",". ProfileName: 68"" x 80""; IsExternal: 0; Reference: 68"" x 80""; ThermalTransmittance: 3.128722913; Category: Doors; Reference: 68"" x 80""; Project: 0001; Storey: Roof floor; Top Elevation: 11058.2; Bottom Elevation: 8950; Global Top Elevation: 11058.2; Global Bottom Elevation: 8950; Has Own Geometry: 1; Children Have Geometry: 0; Global X: 5283.55818378298; Global Y: -4710.40534263835; Global Z: 8950; Bounding Box Length: 666.039537837663; Bounding Box Width: 1863.83954250466; Bounding Box Height: 2108.2; Layer: A-DOOR"
0PfeWE7Aj7GBHCsLa672Ur,"Door-Double-Sliding:68"" x 80"":555359",". ProfileName: 68"" x 80""; IsExternal: 0; Reference: 68"" x 80""; ThermalTransmittance: 3.128722913; Category: Doors; Reference: 68"" x 80""; Project: 0001; Storey: Roof floor; Top Elevation: 11058.2; Bottom Elevation: 8950; Global Top Elevation: 11058.2; Global Bottom Elevation: 8950; Has Own Geometry: 1; Children Have Geometry: 0; Global X: 8895.26167755886; Global Y: -5710.55093599964; Global Z: 8950; Bounding Box Length: 790.1683182712; Bounding Box Width: 1897.07048994953; Bounding Box Height: 2108.2; Layer: A-DOOR"
0IUrb2HMzB$vQgKkoaZA7x,"Flush_Door_with_Louvers_2218:24"" x 80"":565954",". ProfileName: 24"" x 80""; IsExternal: 0; Reference: 24"" x 80""; Category: Doors; Reference: 24"" x 80""; Project: 0001; Storey: Roof floor; Top Elevation: 11058.2; Bottom Elevation: 8950; Global Top Elevation: 11058.2; Global Bottom Elevation: 8950; Has Own Geometry: 1; Children Have Geometry: 0; Global X: -8400.46198669766; Global Y: 1723.18612539616; Global Z: 8950; Bounding Box Length: 630.597827462161; Bounding Box Width: 630.597827462168; Bounding Box Height: 2108.2; Layer: A-DOOR"
0IUrb2HMzB$vQgKkoaZA7w,"Flush_Door_with_Louvers_2218:24"" x 80"":565955",". ProfileName: 24"" x 80""; IsExternal: 0; Reference: 24"" x 80""; Category: Doors; Reference: 24"" x 80""; Project: 0001; Storey: Roof floor; Top Elevation: 11058.2; Bottom Elevation: 8950; Global Top Elevation: 11058.2; Global Bottom Elevation: 8950; Has Own Geometry: 1; Children Have Geometry: 0; Global X: -4459.57078903089; Global Y: -2217.70507227063; Global Z: 8950; Bounding Box Length: 630.597827462159; Bounding Box Width: 630.597827462161; Bounding Box Height: 2108.2; Layer: A-DOOR"
0IUrb2HMzB$vQgKkoaZA7z,"Flush_Door_with_Louvers_2218:24"" x 80"":565956",". ProfileName: 24"" x 80""; IsExternal: 0; Reference: 24"" x 80""; Category: Doors; Reference: 24"" x 80""; Project: 0001; Storey: Roof floor; Top Elevation: 11058.2; Bottom Elevation: 8950; Global Top Elevation: 11058.2; Global Bottom Elevation: 8950; Has Own Geometry: 1; Children Have Geometry: 0; Global X: -8554.46002193362; Global Y: -151.741367971397; Global Z: 8950; Bounding Box Length: 630.597827462165; Bounding Box Width: 630.597827462161; Bounding Box Height: 2108.2; Layer: A-DOOR"
0IUrb2HMzB$vQgKkoaZA7y,"Flush_Door_with_Louvers_2218:24"" x 80"":565957",". ProfileName: 24"" x 80""; IsExternal: 0; Reference: 24"" x 80""; Category: Doors; Reference: 24"" x 80""; Project: 0001; Storey: Roof floor; Top Elevation: 11058.2; Bottom Elevation: 8950; Global Top Elevation: 11058.2; Global Bottom Elevation: 8950; Has Own Geometry: 1; Children Have Geometry: 0; Global X: -7873.35108228897; Global Y: 529.367571673248; Global Z: 8950; Bounding Box Length: 630.597827462166; Bounding Box Width: 630.597827462161; Bounding Box Height: 2108.2; Layer: A-DOOR"
0IUrb2HMzB$vQgKkoaZA7$,"Flush_Door_with_Louvers_2218:24"" x 80"":565958",". ProfileName: 24"" x 80""; IsExternal: 0; Reference: 24"" x 80""; Category: Doors; Reference: 24"" x 80""; Project: 0001; Storey: Roof floor; Top Elevation: 11058.2; Bottom Elevation: 8950; Global Top Elevation: 11058.2; Global Bottom Elevation: 8950; Has Own Geometry: 1; Children Have Geometry: 0; Global X: -6238.94446825438; Global Y: -2361.70921388607; Global Z: 8950; Bounding Box Length: 630.597827462165; Bounding Box Width: 630.597827462161; Bounding Box Height: 2108.2; Layer: A-DOOR"
0IUrb2HMzB$vQgKkoaZA7_,"Flush_Door_with_Louvers_2218:24"" x 80"":565959",". ProfileName: 24"" x 80""; IsExternal: 0; Reference: 24"" x 80""; Category: Doors; Reference: 24"" x 80""; Project: 0001; Storey: Roof floor; Top Elevation: 11058.2; Bottom Elevation: 8950; Global Top Elevation: 11058.2; Global Bottom Elevation: 8950; Has Own Geometry: 1; Children Have Geometry: 0; Global X: -5591.4231007161; Global Y: -1714.18784634779; Global Z: 8950; Bounding Box Length: 630.597827462164; Bounding Box Width: 630.597827462161; Bounding Box Height: 2108.2; Layer: A-DOOR"
2eyHDDjdL4vfbUgZPevVse,Door-Double-Sliding1:elevator door:572733,. ProfileName: elevator door; IsExternal: 0; Reference: elevator door; ThermalTransmittance: 3.128722913; Category: Doors; Reference: elevator door; Project: 0001; Storey: Roof floor; Top Elevation: 11058.2; Bottom Elevation: 8950; Global Top Elevation: 11058.2; Global Bottom Elevation: 8950; Has Own Geometry: 1; Children Have Geometry: 0; Global X: -2920.13127034905; Global Y: -277.001381893427; Global Z: 8950; Bounding Box Length: 1143.53308653488; Bounding Box Width: 1143.53308653489; Bounding Box Height: 2108.2; Layer: A-DOOR
0PfeWE7Aj7GBHCsLa672a7,Curtain Wall:Storefront:554989,. IsExternal: 1; Reference: Storefront; Category: Walls; Reference: Storefront; Project: 0001; Storey: Roof floor; Top Elevation: 12250.0000000003; Bottom Elevation: 8950; Global Top Elevation: 12250.0000000003; Global Bottom Elevation: 8950; Has Own Geometry: 0; Children Have Geometry: 1; Global X: -655.440406310279; Global Y: -1314.81770859268; Global Z: 8950; Bounding Box Length: 2197.60106108391; Bounding Box Width: 2197.60106108392; Bounding Box Height: 3300.00000000025
0PfeWE7Aj7GBHCsLa672a4,System Panel:Glazed:554990,. ProfileName: Glazed; XDim: 25; YDim: 1403.93861263519; IsExternal: 1; Reference: Glazed; ThermalTransmittance: 6.7069; Category: Curtain Panels; Reference: Glazed; Project: 0001; Storey: Roof floor; Top Elevation: 11325; Bottom Elevation: 9000; Global Top Elevation: 11325; Global Bottom Elevation: 9000; Has Own Geometry: 1; Children Have Geometry: 0; Global X: -549.727942522891; Global Y: -181.015392381987; Global Z: 9000; Bounding Box Length: 1010.41218289364; Bounding Box Width: 1010.41218289365; Bounding Box Height: 2325; Layer: A-GLAZ-CURT
0PfeWE7Aj7GBHCsLa672aR,System Panel:Glazed:554993,. ProfileName: Glazed; XDim: 25; YDim: 1403.93861263519; IsExternal: 1; Reference: Glazed; ThermalTransmittance: 6.7069; Category: Curtain Panels; Reference: Glazed; Project: 0001; Storey: Roof floor; Top Elevation: 11325; Bottom Elevation: 9000; Global Top Elevation: 11325; Global Bottom Elevation: 9000; Has Own Geometry: 1; Children Have Geometry: 0; Global X: 478.361909900412; Global Y: -1209.10524480529; Global Z: 9000; Bounding Box Length: 1010.41218289364; Bounding Box Width: 1010.41218289365; Bounding Box Height: 2325; Layer: A-GLAZ-CURT
0PfeWE7Aj7GBHCsLa672aP,System Panel:Glazed:554995,. ProfileName: Glazed; XDim: 25; YDim: 1403.93861263519; IsExternal: 1; Reference: Glazed; ThermalTransmittance: 6.7069; Category: Curtain Panels; Reference: Glazed; Project: 0001; Storey: Roof floor; Top Elevation: 12200.0000000003; Bottom Elevation: 11375; Global Top Elevation: 12200.0000000003; Global Bottom Elevation: 11375; Has Own Geometry: 1; Children Have Geometry: 0; Global X: -549.727942522891; Global Y: -181.015392381987; Global Z: 11375; Bounding Box Length: 1010.41218289364; Bounding Box Width: 1010.41218289365; Bounding Box Height: 825.000000000255; Layer: A-GLAZ-CURT
0PfeWE7Aj7GBHCsLa672aU,System Panel:Glazed:554996,. ProfileName: Glazed; XDim: 25; YDim: 1403.93861263519; IsExternal: 1; Reference: Glazed; ThermalTransmittance: 6.7069; Category: Curtain Panels; Reference: Glazed; Project: 0001; Storey: Roof floor; Top Elevation: 12200.0000000003; Bottom Elevation: 11375; Global Top Elevation: 12200.0000000003; Global Bottom Elevation: 11375; Has Own Geometry: 1; Children Have Geometry: 0; Global X: 478.361909900412; Global Y: -1209.10524480529; Global Z: 11375; Bounding Box Length: 1010.41218289364; Bounding Box Width: 1010.41218289365; Bounding Box Height: 825.000000000255; Layer: A-GLAZ-CURT
0PfeWE7Aj7GBHCsLa672aT,Rectangular Mullion:50 x 150mm:554999,. ProfileName: 50 x 150mm; XDim: 150; YDim: 50; IsExternal: 1; Reference: 50 x 150mm; Span: 1403.93861263519; Category: Curtain Wall Mullions; Reference: 50 x 150mm; Project: 0001; Storey: Roof floor; Top Elevation: 12250; Bottom Elevation: 12200; Global Top Elevation: 12250; Global Bottom Elevation: 12200; Has Own Geometry: 1; Children Have Geometry: 0; Global X: 408.004785172355; Global Y: -1279.46236953335; Global Z: 12200; Bounding Box Length: 1098.80053054196; Bounding Box Width: 1098.80053054196; Bounding Box Height: 50.0000000000018; Layer: A-GLAZ-CWMG
0PfeWE7Aj7GBHCsLa672aI,Rectangular Mullion:50 x 150mm:555000,. ProfileName: 50 x 150mm; XDim: 150; YDim: 50; IsExternal: 1; Reference: 50 x 150mm; Span: 1403.93861263519; Category: Curtain Wall Mullions; Reference: 50 x 150mm; Project: 0001; Storey: Roof floor; Top Elevation: 12250; Bottom Elevation: 12200; Global Top Elevation: 12250; Global Bottom Elevation: 12200; Has Own Geometry: 1; Children Have Geometry: 0; Global X: -620.08506725095; Global Y: -251.372517110042; Global Z: 12200; Bounding Box Length: 1098.80053054196; Bounding Box Width: 1098.80053054196; Bounding Box Height: 50.0000000000018; Layer: A-GLAZ-CWMG
0PfeWE7Aj7GBHCsLa672aJ,Rectangular Mullion:50 x 150mm:555001,. ProfileName: 50 x 150mm; XDim: 150; YDim: 50; IsExternal: 1; Reference: 50 x 150mm; Span: 1403.93861263519; Category: Curtain Wall Mullions; Reference: 50 x 150mm; Project: 0001; Storey: Roof floor; Top Elevation: 9000; Bottom Elevation: 8950; Global Top Elevation: 9000; Global Bottom Elevation: 8950; Has Own Geometry: 1; Children Have Geometry: 0; Global X: -620.085067250952; Global Y: -251.372517110042; Global Z: 8950; Bounding Box Length: 1098.80053054196; Bounding Box Width: 1098.80053054196; Bounding Box Height: 50; Layer: A-GLAZ-CWMG
0PfeWE7Aj7GBHCsLa672aG,Rectangular Mullion:50 x 150mm:555002,. ProfileName: 50 x 150mm; XDim: 150; YDim: 50; IsExternal: 1; Reference: 50 x 150mm; Span: 1403.93861263519; Category: Curtain Wall Mullions; Reference: 50 x 150mm; Project: 0001; Storey: Roof floor; Top Elevation: 9000; Bottom Elevation: 8950; Global Top Elevation: 9000; Global Bottom Elevation: 8950; Has Own Geometry: 1; Children Have Geometry: 0; Global X: 408.004785172351; Global Y: -1279.46236953335; Global Z: 8950; Bounding Box Length: 1098.80053054196; Bounding Box Width: 1098.80053054196; Bounding Box Height: 50; Layer: A-GLAZ-CWMG
0PfeWE7Aj7GBHCsLa672aH,Rectangular Mullion:50 x 150mm:555003,. ProfileName: 50 x 150mm; XDim: 150; YDim: 50; IsExternal: 1; Reference: 50 x 150mm; Span: 2400; Category: Curtain Wall Mullions; Reference: 50 x 150mm; Project: 0001; Storey: Roof floor; Top Elevation: 11350; Bottom Elevation: 8950; Global Top Elevation: 11350; Global Bottom Elevation: 8950; Has Own Geometry: 1; Children Have Geometry: 0; Global X: 1400.73929853632; Global Y: -1314.81770859268; Global Z: 8950; Bounding Box Length: 141.421356237309; Bounding Box Width: 141.421356237309; Bounding Box Height: 2400; Layer: A-GLAZ-CWMG
0PfeWE7Aj7GBHCsLa672aM,Rectangular Mullion:50 x 150mm:555004,. ProfileName: 50 x 150mm; XDim: 150; YDim: 50; IsExternal: 1; Reference: 50 x 150mm; Span: 900.000000000257; Category: Curtain Wall Mullions; Reference: 50 x 150mm; Project: 0001; Storey: Roof floor; Top Elevation: 12250; Bottom Elevation: 11349.9999999997; Global Top Elevation: 12250; Global Bottom Elevation: 11349.9999999997; Has Own Geometry: 1; Children Have Geometry: 0; Global X: 1400.73929853632; Global Y: -1314.81770859268; Global Z: 11349.9999999997; Bounding Box Length: 141.421356237309; Bounding Box Width: 141.421356237309; Bounding Box Height: 900.000000000258; Layer: A-GLAZ-CWMG
0PfeWE7Aj7GBHCsLa672aN,Rectangular Mullion:50 x 150mm:555005,. ProfileName: 50 x 150mm; XDim: 150; YDim: 50; IsExternal: 1; Reference: 50 x 150mm; Span: 900.000000000257; Category: Curtain Wall Mullions; Reference: 50 x 150mm; Project: 0001; Storey: Roof floor; Top Elevation: 12250.0000000003; Bottom Elevation: 11350; Global Top Elevation: 12250.0000000003; Global Bottom Elevation: 11350; Has Own Geometry: 1; Children Have Geometry: 0; Global X: -655.440406310279; Global Y: 741.361996253936; Global Z: 11350; Bounding Box Length: 141.421356237309; Bounding Box Width: 141.421356237309; Bounding Box Height: 900.000000000255; Layer: A-GLAZ-CWMG
0PfeWE7Aj7GBHCsLa672aK,Rectangular Mullion:50 x 150mm:555006,. ProfileName: 50 x 150mm; XDim: 150; YDim: 50; IsExternal: 1; Reference: 50 x 150mm; Span: 2400; Category: Curtain Wall Mullions; Reference: 50 x 150mm; Project: 0001; Storey: Roof floor; Top Elevation: 11350; Bottom Elevation: 8950; Global Top Elevation: 11350; Global Bottom Elevation: 8950; Has Own Geometry: 1; Children Have Geometry: 0; Global X: -655.440406310279; Global Y: 741.361996253936; Global Z: 8950; Bounding Box Length: 141.421356237309; Bounding Box Width: 141.421356237309; Bounding Box Height: 2400; Layer: A-GLAZ-CWMG
0PfeWE7Aj7GBHCsLa672aL,Rectangular Mullion:50 x 150mm:555007,. ProfileName: 50 x 150mm; XDim: 150; YDim: 50; IsExternal: 1; Reference: 50 x 150mm; Span: 1403.93861263519; Category: Curtain Wall Mullions; Reference: 50 x 150mm; Project: 0001; Storey: Roof floor; Top Elevation: 11375; Bottom Elevation: 11325; Global Top Elevation: 11375; Global Bottom Elevation: 11325; Has Own Geometry: 1; Children Have Geometry: 0; Global X: -620.08506725095; Global Y: -251.372517110042; Global Z: 11325; Bounding Box Length: 1098.80053054196; Bounding Box Width: 1098.80053054196; Bounding Box Height: 50.0000000000018; Layer: A-GLAZ-CWMG
0PfeWE7Aj7GBHCsLa672Rg,Rectangular Mullion:50 x 150mm:555008,. ProfileName: 50 x 150mm; XDim: 150; YDim: 50; IsExternal: 1; Reference: 50 x 150mm; Span: 1403.93861263519; Category: Curtain Wall Mullions; Reference: 50 x 150mm; Project: 0001; Storey: Roof floor; Top Elevation: 11375; Bottom Elevation: 11325; Global Top Elevation: 11375; Global Bottom Elevation: 11325; Has Own Geometry: 1; Children Have Geometry: 0; Global X: 408.004785172355; Global Y: -1279.46236953335; Global Z: 11325; Bounding Box Length: 1098.80053054196; Bounding Box Width: 1098.80053054196; Bounding Box Height: 50.0000000000018; Layer: A-GLAZ-CWMG
0PfeWE7Aj7GBHCsLa672Rh,Rectangular Mullion:50 x 150mm:555009,. ProfileName: 50 x 150mm; XDim: 150; YDim: 50; IsExternal: 1; Reference: 50 x 150mm; Span: 2400; Category: Curtain Wall Mullions; Reference: 50 x 150mm; Project: 0001; Storey: Roof floor; Top Elevation: 11350; Bottom Elevation: 8950; Global Top Elevation: 11350; Global Bottom Elevation: 8950; Has Own Geometry: 1; Children Have Geometry: 0; Global X: 372.649446113024; Global Y: -286.727856169378; Global Z: 8950; Bounding Box Length: 141.421356237309; Bounding Box Width: 141.421356237316; Bounding Box Height: 2400; Layer: A-GLAZ-CWMG
0PfeWE7Aj7GBHCsLa672Re,Rectangular Mullion:50 x 150mm:555010,. ProfileName: 50 x 150mm; XDim: 150; YDim: 50; IsExternal: 1; Reference: 50 x 150mm; Span: 900.000000000257; Category: Curtain Wall Mullions; Reference: 50 x 150mm; Project: 0001; Storey: Roof floor; Top Elevation: 12250; Bottom Elevation: 11349.9999999997; Global Top Elevation: 12250; Global Bottom Elevation: 11349.9999999997; Has Own Geometry: 1; Children Have Geometry: 0; Global X: 372.649446113024; Global Y: -286.727856169378; Global Z: 11349.9999999997; Bounding Box Length: 141.421356237309; Bounding Box Width: 141.421356237316; Bounding Box Height: 900.000000000258; Layer: A-GLAZ-CWMG
0PfeWE7Aj7GBHCsLa672Lc,Curtain Wall:Storefront:555916,. IsExternal: 1; Reference: Storefront; Category: Walls; Reference: Storefront; Project: 0001; Storey: Roof floor; Top Elevation: 12250.0000000003; Bottom Elevation: 8950; Global Top Elevation: 12250.0000000003; Global Bottom Elevation: 8950; Has Own Geometry: 0; Children Have Geometry: 1; Global X: 2596.07380253747; Global Y: -3611.62733293253; Global Z: 8950; Bounding Box Length: 6452.22614274554; Bounding Box Width: 1861.86043555395; Bounding Box Height: 3300.00000000025
0PfeWE7Aj7GBHCsLa672Ld,System Panel:Glazed:555917,. ProfileName: Glazed; XDim: 25; YDim: 1252.85710849848; IsExternal: 1; Reference: Glazed; ThermalTransmittance: 6.7069; Category: Curtain Panels; Reference: Glazed; Project: 0001; Storey: Roof floor; Top Elevation: 11325; Bottom Elevation: 9000; Global Top Elevation: 11325; Global Bottom Elevation: 9000; Has Own Geometry: 1; Children Have Geometry: 0; Global X: 7757.59108953032; Global Y: -3574.19471192771; Global Z: 9000; Bounding Box Length: 1216.63751387609; Bounding Box Width: 348.411426128713; Bounding Box Height: 2325; Layer: A-GLAZ-CURT
0PfeWE7Aj7GBHCsLa672Lx,System Panel:Glazed:555921,. ProfileName: Glazed; XDim: 25; YDim: 1277.85710819368; IsExternal: 1; Reference: Glazed; ThermalTransmittance: 6.7069; Category: Curtain Panels; Reference: Glazed; Project: 0001; Storey: Roof floor; Top Elevation: 11325; Bottom Elevation: 9000; Global Top Elevation: 11325; Global Bottom Elevation: 9000; Has Own Geometry: 1; Children Have Geometry: 0; Global X: 6474.90477020627; Global Y: -3237.26992708293; Global Z: 9000; Bounding Box Length: 1240.7856592389; Bounding Box Width: 354.881902177382; Bounding Box Height: 2325; Layer: A-GLAZ-CURT
0PfeWE7Aj7GBHCsLa672Lv,System Panel:Glazed:555923,. ProfileName: Glazed; XDim: 25; YDim: 1277.85710819368; IsExternal: 1; Reference: Glazed; ThermalTransmittance: 6.7069; Category: Curtain Panels; Reference: Glazed; Project: 0001; Storey: Roof floor; Top Elevation: 11325; Bottom Elevation: 9000; Global Top Elevation: 11325; Global Bottom Elevation: 9000; Has Own Geometry: 1; Children Have Geometry: 0; Global X: 5192.217739622; Global Y: -2893.87732181694; Global Z: 9000; Bounding Box Length: 1240.7856592389; Bounding Box Width: 354.881902177382; Bounding Box Height: 2325; Layer: A-GLAZ-CURT
0PfeWE7Aj7GBHCsLa672L$,System Panel:Glazed:555925,. ProfileName: Glazed; XDim: 25; YDim: 1277.85710819368; IsExternal: 1; Reference: Glazed; ThermalTransmittance: 6.7069; Category: Curtain Panels; Reference: Glazed; Project: 0001; Storey: Roof floor; Top Elevation: 11325; Bottom Elevation: 9000; Global Top Elevation: 11325; Global Bottom Elevation: 9000; Has Own Geometry: 1; Children Have Geometry: 0; Global X: 3909.5307090377; Global Y: -2550.48471655096; Global Z: 9000; Bounding Box Length: 1240.7856592389; Bounding Box Width: 354.881902177382; Bounding Box Height: 2325; Layer: A-GLAZ-CURT
0PfeWE7Aj7GBHCsLa672Lz,System Panel:Glazed:555927,. ProfileName: Glazed; XDim: 25; YDim: 1252.85710849848; IsExternal: 1; Reference: Glazed; ThermalTransmittance: 6.7069; Category: Curtain Panels; Reference: Glazed; Project: 0001; Storey: Roof floor; Top Elevation: 11325; Bottom Elevation: 9000; Global Top Elevation: 11325; Global Bottom Elevation: 9000; Has Own Geometry: 1; Children Have Geometry: 0; Global X: 2650.99253507648; Global Y: -2207.08945565751; Global Z: 9000; Bounding Box Length: 1216.63751387609; Bounding Box Width: 348.411426128713; Bounding Box Height: 2325; Layer: A-GLAZ-CURT
0PfeWE7Aj7GBHCsLa672Lp,System Panel:Glazed:555929,. ProfileName: Glazed; XDim: 25; YDim: 1252.85710849848; IsExternal: 1; Reference: Glazed; ThermalTransmittance: 6.7069; Category: Curtain Panels; Reference: Glazed; Project: 0001; Storey: Roof floor; Top Elevation: 12200.0000000003; Bottom Elevation: 11375; Global Top Elevation: 12200.0000000003; Global Bottom Elevation: 11375; Has Own Geometry: 1; Children Have Geometry: 0; Global X: 7757.59108953032; Global Y: -3574.19471192771; Global Z: 11375; Bounding Box Length: 1216.63751387609; Bounding Box Width: 348.411426128713; Bounding Box Height: 825.000000000255; Layer: A-GLAZ-CURT
0PfeWE7Aj7GBHCsLa672Lm,System Panel:Glazed:555930,. ProfileName: Glazed; XDim: 25; YDim: 1277.85710819368; IsExternal: 1; Reference: Glazed; ThermalTransmittance: 6.7069; Category: Curtain Panels; Reference: Glazed; Project: 0001; Storey: Roof floor; Top Elevation: 12200.0000000003; Bottom Elevation: 11375; Global Top Elevation: 12200.0000000003; Global Bottom Elevation: 11375; Has Own Geometry: 1; Children Have Geometry: 0; Global X: 6474.90477020627; Global Y: -3237.26992708293; Global Z: 11375; Bounding Box Length: 1240.7856592389; Bounding Box Width: 354.881902177382; Bounding Box Height: 825.000000000255; Layer: A-GLAZ-CURT
0PfeWE7Aj7GBHCsLa672Ln,System Panel:Glazed:555931,. ProfileName: Glazed; XDim: 25; YDim: 1277.85710819368; IsExternal: 1; Reference: Glazed; ThermalTransmittance: 6.7069; Category: Curtain Panels; Reference: Glazed; Project: 0001; Storey: Roof floor; Top Elevation: 12200.0000000003; Bottom Elevation: 11375; Global Top Elevation: 12200.0000000003; Global Bottom Elevation: 11375; Has Own Geometry: 1; Children Have Geometry: 0; Global X: 5192.217739622; Global Y: -2893.87732181694; Global Z: 11375; Bounding Box Length: 1240.7856592389; Bounding Box Width: 354.881902177382; Bounding Box Height: 825.000000000255; Layer: A-GLAZ-CURT
0PfeWE7Aj7GBHCsLa672Ls,System Panel:Glazed:555932,. ProfileName: Glazed; XDim: 25; YDim: 1277.85710819368; IsExternal: 1; Reference: Glazed; ThermalTransmittance: 6.7069; Category: Curtain Panels; Reference: Glazed; Project: 0001; Storey: Roof floor; Top Elevation: 12200.0000000003; Bottom Elevation: 11375; Global Top Elevation: 12200.0000000003; Global Bottom Elevation: 11375; Has Own Geometry: 1; Children Have Geometry: 0; Global X: 3909.5307090377; Global Y: -2550.48471655096; Global Z: 11375; Bounding Box Length: 1240.7856592389; Bounding Box Width: 354.881902177382; Bounding Box Height: 825.000000000255; Layer: A-GLAZ-CURT
0PfeWE7Aj7GBHCsLa672Lt,System Panel:Glazed:555933,. ProfileName: Glazed; XDim: 25; YDim: 1252.85710849848; IsExternal: 1; Reference: Glazed; ThermalTransmittance: 6.7069; Category: Curtain Panels; Reference: Glazed; Project: 0001; Storey: Roof floor; Top Elevation: 12200.0000000003; Bottom Elevation: 11375; Global Top Elevation: 12200.0000000003; Global Bottom Elevation: 11375; Has Own Geometry: 1; Children Have Geometry: 0; Global X: 2650.99253507648; Global Y: -2207.08945565751; Global Z: 11375; Bounding Box Length: 1216.63751387609; Bounding Box Width: 348.411426128713; Bounding Box Height: 825.000000000255; Layer: A-GLAZ-CURT
0PfeWE7Aj7GBHCsLa672LA,Rectangular Mullion:50 x 150mm:555936,. ProfileName: 50 x 150mm; XDim: 150; YDim: 50; IsExternal: 1; Reference: 50 x 150mm; Span: 1252.85710849848; Category: Curtain Wall Mullions; Reference: 50 x 150mm; Project: 0001; Storey: Roof floor; Top Elevation: 12250; Bottom Elevation: 12200; Global Top Elevation: 12250; Global Bottom Elevation: 12200; Has Own Geometry: 1; Children Have Geometry: 0; Global X: 2644.37293889293; Global Y: -2231.59174691724; Global Z: 12200; Bounding Box Length: 1249.02931558078; Bounding Box Width: 468.894519793565; Bounding Box Height: 50.0000000000018; Layer: A-GLAZ-CWMG
0PfeWE7Aj7GBHCsLa672LB,Rectangular Mullion:50 x 150mm:555937,. ProfileName: 50 x 150mm; XDim: 150; YDim: 50; IsExternal: 1; Reference: 50 x 150mm; Span: 1252.85710849848; Category: Curtain Wall Mullions; Reference: 50 x 150mm; Project: 0001; Storey: Roof floor; Top Elevation: 12250; Bottom Elevation: 12200; Global Top Elevation: 12250; Global Bottom Elevation: 12200; Has Own Geometry: 1; Children Have Geometry: 0; Global X: 7750.97149334677; Global Y: -3598.69700318743; Global Z: 12200; Bounding Box Length: 1249.02931558078; Bounding Box Width: 468.894519793558; Bounding Box Height: 50.0000000000018; Layer: A-GLAZ-CWMG
0PfeWE7Aj7GBHCsLa672L8,Rectangular Mullion:50 x 150mm:555938,. ProfileName: 50 x 150mm; XDim: 150; YDim: 50; IsExternal: 1; Reference: 50 x 150mm; Span: 1277.85710819368; Category: Curtain Wall Mullions; Reference: 50 x 150mm; Project: 0001; Storey: Roof floor; Top Elevation: 12250; Bottom Elevation: 12200; Global Top Elevation: 12250; Global Bottom Elevation: 12200; Has Own Geometry: 1; Children Have Geometry: 0; Global X: 6468.28446276248; Global Y: -3261.76956271518; Global Z: 12200; Bounding Box Length: 1273.17888346408; Bounding Box Width: 475.359684587282; Bounding Box Height: 50.0000000000018; Layer: A-GLAZ-CWMG
0PfeWE7Aj7GBHCsLa672L9,Rectangular Mullion:50 x 150mm:555939,. ProfileName: 50 x 150mm; XDim: 150; YDim: 50; IsExternal: 1; Reference: 50 x 150mm; Span: 1277.85710819368; Category: Curtain Wall Mullions; Reference: 50 x 150mm; Project: 0001; Storey: Roof floor; Top Elevation: 12250; Bottom Elevation: 12200; Global Top Elevation: 12250; Global Bottom Elevation: 12200; Has Own Geometry: 1; Children Have Geometry: 0; Global X: 5185.5974321782; Global Y: -2918.3769574492; Global Z: 12200; Bounding Box Length: 1273.17888346408; Bounding Box Width: 475.359684587282; Bounding Box Height: 50.0000000000018; Layer: A-GLAZ-CWMG
0PfeWE7Aj7GBHCsLa672LE,Rectangular Mullion:50 x 150mm:555940,. ProfileName: 50 x 150mm; XDim: 150; YDim: 50; IsExternal: 1; Reference: 50 x 150mm; Span: 1277.85710819368; Category: Curtain Wall Mullions; Reference: 50 x 150mm; Project: 0001; Storey: Roof floor; Top Elevation: 12250; Bottom Elevation: 12200; Global Top Elevation: 12250; Global Bottom Elevation: 12200; Has Own Geometry: 1; Children Have Geometry: 0; Global X: 3902.91040159391; Global Y: -2574.98435218321; Global Z: 12200; Bounding Box Length: 1273.17888346408; Bounding Box Width: 475.359684587282; Bounding Box Height: 50.0000000000018; Layer: A-GLAZ-CWMG
0PfeWE7Aj7GBHCsLa672LF,Rectangular Mullion:50 x 150mm:555941,. ProfileName: 50 x 150mm; XDim: 150; YDim: 50; IsExternal: 1; Reference: 50 x 150mm; Span: 1252.85710849848; Category: Curtain Wall Mullions; Reference: 50 x 150mm; Project: 0001; Storey: Roof floor; Top Elevation: 9000; Bottom Elevation: 8950; Global Top Elevation: 9000; Global Bottom Elevation: 8950; Has Own Geometry: 1; Children Have Geometry: 0; Global X: 7750.97149334677; Global Y: -3598.69700318745; Global Z: 8950; Bounding Box Length: 1249.02931558078; Bounding Box Width: 468.894519793565; Bounding Box Height: 50; Layer: A-GLAZ-CWMG
0PfeWE7Aj7GBHCsLa672LC,Rectangular Mullion:50 x 150mm:555942,. ProfileName: 50 x 150mm; XDim: 150; YDim: 50; IsExternal: 1; Reference: 50 x 150mm; Span: 1277.85710819368; Category: Curtain Wall Mullions; Reference: 50 x 150mm; Project: 0001; Storey: Roof floor; Top Elevation: 9000; Bottom Elevation: 8950; Global Top Elevation: 9000; Global Bottom Elevation: 8950; Has Own Geometry: 1; Children Have Geometry: 0; Global X: 6468.28446276249; Global Y: -3261.76956271519; Global Z: 8950; Bounding Box Length: 1273.17888346408; Bounding Box Width: 475.359684587282; Bounding Box Height: 50; Layer: A-GLAZ-CWMG
0PfeWE7Aj7GBHCsLa672LD,Rectangular Mullion:50 x 150mm:555943,. ProfileName: 50 x 150mm; XDim: 150; YDim: 50; IsExternal: 1; Reference: 50 x 150mm; Span: 1277.85710819368; Category: Curtain Wall Mullions; Reference: 50 x 150mm; Project: 0001; Storey: Roof floor; Top Elevation: 9000; Bottom Elevation: 8950; Global Top Elevation: 9000; Global Bottom Elevation: 8950; Has Own Geometry: 1; Children Have Geometry: 0; Global X: 5185.5974321782; Global Y: -2918.3769574492; Global Z: 8950; Bounding Box Length: 1273.17888346408; Bounding Box Width: 475.359684587282; Bounding Box Height: 50; Layer: A-GLAZ-CWMG
0PfeWE7Aj7GBHCsLa672L2,Rectangular Mullion:50 x 150mm:555944,. ProfileName: 50 x 150mm; XDim: 150; YDim: 50; IsExternal: 1; Reference: 50 x 150mm; Span: 1277.85710819368; Category: Curtain Wall Mullions; Reference: 50 x 150mm; Project: 0001; Storey: Roof floor; Top Elevation: 9000; Bottom Elevation: 8950; Global Top Elevation: 9000; Global Bottom Elevation: 8950; Has Own Geometry: 1; Children Have Geometry: 0; Global X: 3902.91040159392; Global Y: -2574.98435218322; Global Z: 8950; Bounding Box Length: 1273.17888346408; Bounding Box Width: 475.359684587282; Bounding Box Height: 50; Layer: A-GLAZ-CWMG
0PfeWE7Aj7GBHCsLa672L3,Rectangular Mullion:50 x 150mm:555945,. ProfileName: 50 x 150mm; XDim: 150; YDim: 50; IsExternal: 1; Reference: 50 x 150mm; Span: 1252.85710849848; Category: Curtain Wall Mullions; Reference: 50 x 150mm; Project: 0001; Storey: Roof floor; Top Elevation: 9000; Bottom Elevation: 8950; Global Top Elevation: 9000; Global Bottom Elevation: 8950; Has Own Geometry: 1; Children Have Geometry: 0; Global X: 2644.37293889293; Global Y: -2231.59174691725; Global Z: 8950; Bounding Box Length: 1249.02931558078; Bounding Box Width: 468.894519793558; Bounding Box Height: 50; Layer: A-GLAZ-CWMG
0PfeWE7Aj7GBHCsLa672L0,Rectangular Mullion:50 x 150mm:555946,. ProfileName: 50 x 150mm; XDim: 150; YDim: 50; IsExternal: 1; Reference: 50 x 150mm; Span: 2400; Category: Curtain Wall Mullions; Reference: 50 x 150mm; Project: 0001; Storey: Roof floor; Top Elevation: 11350; Bottom Elevation: 8950; Global Top Elevation: 11350; Global Bottom Elevation: 8950; Has Own Geometry: 1; Children Have Geometry: 0; Global X: 2596.07380253747; Global Y: -1907.59463619005; Global Z: 8950; Bounding Box Length: 87.0901255907161; Bounding Box Width: 157.82773881147; Bounding Box Height: 2400; Layer: A-GLAZ-CWMG
0PfeWE7Aj7GBHCsLa672L1,Rectangular Mullion:50 x 150mm:555947,. ProfileName: 50 x 150mm; XDim: 150; YDim: 50; IsExternal: 1; Reference: 50 x 150mm; Span: 900.000000000257; Category: Curtain Wall Mullions; Reference: 50 x 150mm; Project: 0001; Storey: Roof floor; Top Elevation: 12250; Bottom Elevation: 11349.9999999997; Global Top Elevation: 12250; Global Bottom Elevation: 11349.9999999997; Has Own Geometry: 1; Children Have Geometry: 0; Global X: 2596.07380253747; Global Y: -1907.59463619005; Global Z: 11349.9999999997; Bounding Box Length: 87.0901255907161; Bounding Box Width: 157.82773881147; Bounding Box Height: 900.000000000258; Layer: A-GLAZ-CWMG
0PfeWE7Aj7GBHCsLa672L6,Rectangular Mullion:50 x 150mm:555948,. ProfileName: 50 x 150mm; XDim: 150; YDim: 50; IsExternal: 1; Reference: 50 x 150mm; Span: 900.000000000257; Category: Curtain Wall Mullions; Reference: 50 x 150mm; Project: 0001; Storey: Roof floor; Top Elevation: 12250.0000000003; Bottom Elevation: 11350; Global Top Elevation: 12250.0000000003; Global Bottom Elevation: 11350; Has Own Geometry: 1; Children Have Geometry: 0; Global X: 8961.20981969229; Global Y: -3611.62733293253; Global Z: 11350; Bounding Box Length: 87.0901255907174; Bounding Box Width: 157.82773881147; Bounding Box Height: 900.000000000255; Layer: A-GLAZ-CWMG
0PfeWE7Aj7GBHCsLa672L7,Rectangular Mullion:50 x 150mm:555949,. ProfileName: 50 x 150mm; XDim: 150; YDim: 50; IsExternal: 1; Reference: 50 x 150mm; Span: 2400; Category: Curtain Wall Mullions; Reference: 50 x 150mm; Project: 0001; Storey: Roof floor; Top Elevation: 11350; Bottom Elevation: 8950; Global Top Elevation: 11350; Global Bottom Elevation: 8950; Has Own Geometry: 1; Children Have Geometry: 0; Global X: 8961.20981969229; Global Y: -3611.62733293253; Global Z: 8950; Bounding Box Length: 87.0901255907174; Bounding Box Width: 157.82773881147; Bounding Box Height: 2400; Layer: A-GLAZ-CWMG
0PfeWE7Aj7GBHCsLa672L4,Rectangular Mullion:50 x 150mm:555950,. ProfileName: 50 x 150mm; XDim: 150; YDim: 50; IsExternal: 1; Reference: 50 x 150mm; Span: 1252.85710849848; Category: Curtain Wall Mullions; Reference: 50 x 150mm; Project: 0001; Storey: Roof floor; Top Elevation: 11375; Bottom Elevation: 11325; Global Top Elevation: 11375; Global Bottom Elevation: 11325; Has Own Geometry: 1; Children Have Geometry: 0; Global X: 7750.97149334677; Global Y: -3598.69700318743; Global Z: 11325; Bounding Box Length: 1249.02931558078; Bounding Box Width: 468.894519793558; Bounding Box Height: 50.0000000000018; Layer: A-GLAZ-CWMG
0PfeWE7Aj7GBHCsLa672L5,Rectangular Mullion:50 x 150mm:555951,. ProfileName: 50 x 150mm; XDim: 150; YDim: 50; IsExternal: 1; Reference: 50 x 150mm; Span: 1277.85710819368; Category: Curtain Wall Mullions; Reference: 50 x 150mm; Project: 0001; Storey: Roof floor; Top Elevation: 11375; Bottom Elevation: 11325; Global Top Elevation: 11375; Global Bottom Elevation: 11325; Has Own Geometry: 1; Children Have Geometry: 0; Global X: 6468.28446276248; Global Y: -3261.76956271518; Global Z: 11325; Bounding Box Length: 1273.17888346408; Bounding Box Width: 475.359684587282; Bounding Box Height: 50.0000000000018; Layer: A-GLAZ-CWMG
0PfeWE7Aj7GBHCsLa672LQ,Rectangular Mullion:50 x 150mm:555952,. ProfileName: 50 x 150mm; XDim: 150; YDim: 50; IsExternal: 1; Reference: 50 x 150mm; Span: 1277.85710819368; Category: Curtain Wall Mullions; Reference: 50 x 150mm; Project: 0001; Storey: Roof floor; Top Elevation: 11375; Bottom Elevation: 11325; Global Top Elevation: 11375; Global Bottom Elevation: 11325; Has Own Geometry: 1; Children Have Geometry: 0; Global X: 5185.5974321782; Global Y: -2918.3769574492; Global Z: 11325; Bounding Box Length: 1273.17888346408; Bounding Box Width: 475.359684587282; Bounding Box Height: 50.0000000000018; Layer: A-GLAZ-CWMG
0PfeWE7Aj7GBHCsLa672LR,Rectangular Mullion:50 x 150mm:555953,. ProfileName: 50 x 150mm; XDim: 150; YDim: 50; IsExternal: 1; Reference: 50 x 150mm; Span: 1277.85710819368; Category: Curtain Wall Mullions; Reference: 50 x 150mm; Project: 0001; Storey: Roof floor; Top Elevation: 11375; Bottom Elevation: 11325; Global Top Elevation: 11375; Global Bottom Elevation: 11325; Has Own Geometry: 1; Children Have Geometry: 0; Global X: 3902.91040159391; Global Y: -2574.98435218321; Global Z: 11325; Bounding Box Length: 1273.17888346408; Bounding Box Width: 475.359684587282; Bounding Box Height: 50.0000000000018; Layer: A-GLAZ-CWMG
0PfeWE7Aj7GBHCsLa672LO,Rectangular Mullion:50 x 150mm:555954,. ProfileName: 50 x 150mm; XDim: 150; YDim: 50; IsExternal: 1; Reference: 50 x 150mm; Span: 1252.85710849848; Category: Curtain Wall Mullions; Reference: 50 x 150mm; Project: 0001; Storey: Roof floor; Top Elevation: 11375; Bottom Elevation: 11325; Global Top Elevation: 11375; Global Bottom Elevation: 11325; Has Own Geometry: 1; Children Have Geometry: 0; Global X: 2644.37293889293; Global Y: -2231.59174691724; Global Z: 11325; Bounding Box Length: 1249.02931558078; Bounding Box Width: 468.894519793565; Bounding Box Height: 50.0000000000018; Layer: A-GLAZ-CWMG
0PfeWE7Aj7GBHCsLa672LP,Rectangular Mullion:50 x 150mm:555955,. ProfileName: 50 x 150mm; XDim: 150; YDim: 50; IsExternal: 1; Reference: 50 x 150mm; Span: 2400; Category: Curtain Wall Mullions; Reference: 50 x 150mm; Project: 0001; Storey: Roof floor; Top Elevation: 11350; Bottom Elevation: 8950; Global Top Elevation: 11350; Global Bottom Elevation: 8950; Has Own Geometry: 1; Children Have Geometry: 0; Global X: 7702.67235699131; Global Y: -3274.69989246026; Global Z: 8950; Bounding Box Length: 87.0901255907156; Bounding Box Width: 157.827738811463; Bounding Box Height: 2400; Layer: A-GLAZ-CWMG
0PfeWE7Aj7GBHCsLa672LU,Rectangular Mullion:50 x 150mm:555956,. ProfileName: 50 x 150mm; XDim: 150; YDim: 50; IsExternal: 1; Reference: 50 x 150mm; Span: 2400; Category: Curtain Wall Mullions; Reference: 50 x 150mm; Project: 0001; Storey: Roof floor; Top Elevation: 11350; Bottom Elevation: 8950; Global Top Elevation: 11350; Global Bottom Elevation: 8950; Has Own Geometry: 1; Children Have Geometry: 0; Global X: 6419.98532640702; Global Y: -2931.30728719428; Global Z: 8950; Bounding Box Length: 87.0901255907165; Bounding Box Width: 157.827738811462; Bounding Box Height: 2400; Layer: A-GLAZ-CWMG
0PfeWE7Aj7GBHCsLa672LV,Rectangular Mullion:50 x 150mm:555957,. ProfileName: 50 x 150mm; XDim: 150; YDim: 50; IsExternal: 1; Reference: 50 x 150mm; Span: 2400; Category: Curtain Wall Mullions; Reference: 50 x 150mm; Project: 0001; Storey: Roof floor; Top Elevation: 11350; Bottom Elevation: 8950; Global Top Elevation: 11350; Global Bottom Elevation: 8950; Has Own Geometry: 1; Children Have Geometry: 0; Global X: 5137.29829582274; Global Y: -2587.9146819283; Global Z: 8950; Bounding Box Length: 87.0901255907165; Bounding Box Width: 157.827738811463; Bounding Box Height: 2400; Layer: A-GLAZ-CWMG
0PfeWE7Aj7GBHCsLa672LS,Rectangular Mullion:50 x 150mm:555958,. ProfileName: 50 x 150mm; XDim: 150; YDim: 50; IsExternal: 1; Reference: 50 x 150mm; Span: 2400; Category: Curtain Wall Mullions; Reference: 50 x 150mm; Project: 0001; Storey: Roof floor; Top Elevation: 11350; Bottom Elevation: 8950; Global Top Elevation: 11350; Global Bottom Elevation: 8950; Has Own Geometry: 1; Children Have Geometry: 0; Global X: 3854.61126523845; Global Y: -2244.52207666232; Global Z: 8950; Bounding Box Length: 87.0901255907165; Bounding Box Width: 157.827738811462; Bounding Box Height: 2400; Layer: A-GLAZ-CWMG
0PfeWE7Aj7GBHCsLa672LT,Rectangular Mullion:50 x 150mm:555959,. ProfileName: 50 x 150mm; XDim: 150; YDim: 50; IsExternal: 1; Reference: 50 x 150mm; Span: 900.000000000257; Category: Curtain Wall Mullions; Reference: 50 x 150mm; Project: 0001; Storey: Roof floor; Top Elevation: 12250; Bottom Elevation: 11349.9999999997; Global Top Elevation: 12250; Global Bottom Elevation: 11349.9999999997; Has Own Geometry: 1; Children Have Geometry: 0; Global X: 7702.67235699131; Global Y: -3274.69989246026; Global Z: 11349.9999999997; Bounding Box Length: 87.0901255907156; Bounding Box Width: 157.827738811463; Bounding Box Height: 900.000000000258; Layer: A-GLAZ-CWMG
0PfeWE7Aj7GBHCsLa672LI,Rectangular Mullion:50 x 150mm:555960,. ProfileName: 50 x 150mm; XDim: 150; YDim: 50; IsExternal: 1; Reference: 50 x 150mm; Span: 900.000000000257; Category: Curtain Wall Mullions; Reference: 50 x 150mm; Project: 0001; Storey: Roof floor; Top Elevation: 12250; Bottom Elevation: 11349.9999999997; Global Top Elevation: 12250; Global Bottom Elevation: 11349.9999999997; Has Own Geometry: 1; Children Have Geometry: 0; Global X: 6419.98532640702; Global Y: -2931.30728719428; Global Z: 11349.9999999997; Bounding Box Length: 87.0901255907165; Bounding Box Width: 157.827738811462; Bounding Box Height: 900.000000000258; Layer: A-GLAZ-CWMG
0PfeWE7Aj7GBHCsLa672LJ,Rectangular Mullion:50 x 150mm:555961,. ProfileName: 50 x 150mm; XDim: 150; YDim: 50; IsExternal: 1; Reference: 50 x 150mm; Span: 900.000000000257; Category: Curtain Wall Mullions; Reference: 50 x 150mm; Project: 0001; Storey: Roof floor; Top Elevation: 12250; Bottom Elevation: 11349.9999999997; Global Top Elevation: 12250; Global Bottom Elevation: 11349.9999999997; Has Own Geometry: 1; Children Have Geometry: 0; Global X: 5137.29829582274; Global Y: -2587.9146819283; Global Z: 11349.9999999997; Bounding Box Length: 87.0901255907165; Bounding Box Width: 157.827738811463; Bounding Box Height: 900.000000000258; Layer: A-GLAZ-CWMG
0PfeWE7Aj7GBHCsLa672LG,Rectangular Mullion:50 x 150mm:555962,. ProfileName: 50 x 150mm; XDim: 150; YDim: 50; IsExternal: 1; Reference: 50 x 150mm; Span: 900.000000000257; Category: Curtain Wall Mullions; Reference: 50 x 150mm; Project: 0001; Storey: Roof floor; Top Elevation: 12250; Bottom Elevation: 11349.9999999997; Global Top Elevation: 12250; Global Bottom Elevation: 11349.9999999997; Has Own Geometry: 1; Children Have Geometry: 0; Global X: 3854.61126523845; Global Y: -2244.52207666232; Global Z: 11349.9999999997; Bounding Box Length: 87.0901255907165; Bounding Box Width: 157.827738811462; Bounding Box Height: 900.000000000258; Layer: A-GLAZ-CWMG
18J$4BjujFTBNZhLt6iWkW,Curtain Wall:Storefront:561314,. IsExternal: 1; Reference: Storefront; Category: Walls; Reference: Storefront; Project: 0001; Storey: Roof floor; Top Elevation: 12250.0000000003; Bottom Elevation: 8950; Global Top Elevation: 12250.0000000003; Global Bottom Elevation: 8950; Has Own Geometry: 0; Children Have Geometry: 1; Global X: -5191.6290416667; Global Y: -6231.30785225136; Global Z: 8950; Bounding Box Length: 2532.29418199964; Bounding Box Width: 2532.29418199965; Bounding Box Height: 3300.00000000025
18J$4BjujFTBNZhLt6iWkX,System Panel:Glazed:561315,. ProfileName: Glazed; XDim: 25; YDim: 1068.73492546906; IsExternal: 1; Reference: Glazed; ThermalTransmittance: 6.7069; Category: Curtain Panels; Reference: Glazed; Project: 0001; Storey: Roof floor; Top Elevation: 11325; Bottom Elevation: 9000; Global Top Elevation: 11325; Global Bottom Elevation: 9000; Has Own Geometry: 1; Children Have Geometry: 0; Global X: -3538.43470607418; Global Y: -6177.92129027178; Global Z: 9000; Bounding Box Length: 773.387382619735; Bounding Box Width: 773.38738261973; Bounding Box Height: 2325; Layer: A-GLAZ-CURT
18J$4BjujFTBNZhLt6iWkb,System Panel:Glazed:561319,. ProfileName: Glazed; XDim: 25; YDim: 1093.73492516426; IsExternal: 1; Reference: Glazed; ThermalTransmittance: 6.7069; Category: Curtain Panels; Reference: Glazed; Project: 0001; Storey: Roof floor; Top Elevation: 11325; Bottom Elevation: 9000; Global Top Elevation: 11325; Global Bottom Elevation: 9000; Has Own Geometry: 1; Children Have Geometry: 0; Global X: -4347.17742753772; Global Y: -5386.85623812238; Global Z: 9000; Bounding Box Length: 791.065051933873; Bounding Box Width: 791.06505193387; Bounding Box Height: 2325; Layer: A-GLAZ-CURT
18J$4BjujFTBNZhLt6iWkh,System Panel:Glazed:561321,. ProfileName: Glazed; XDim: 25; YDim: 1068.73492546906; IsExternal: 1; Reference: Glazed; ThermalTransmittance: 6.7069; Category: Curtain Panels; Reference: Glazed; Project: 0001; Storey: Roof floor; Top Elevation: 11325; Bottom Elevation: 9000; Global Top Elevation: 11325; Global Bottom Elevation: 9000; Has Own Geometry: 1; Children Have Geometry: 0; Global X: -5138.24247968712; Global Y: -4578.11351665882; Global Z: 9000; Bounding Box Length: 773.387382619735; Bounding Box Width: 773.38738261973; Bounding Box Height: 2325; Layer: A-GLAZ-CURT
18J$4BjujFTBNZhLt6iWkf,System Panel:Glazed:561323,. ProfileName: Glazed; XDim: 25; YDim: 1068.73492546906; IsExternal: 1; Reference: Glazed; ThermalTransmittance: 6.7069; Category: Curtain Panels; Reference: Glazed; Project: 0001; Storey: Roof floor; Top Elevation: 12200.0000000003; Bottom Elevation: 11375; Global Top Elevation: 12200.0000000003; Global Bottom Elevation: 11375; Has Own Geometry: 1; Children Have Geometry: 0; Global X: -3538.43470607418; Global Y: -6177.92129027178; Global Z: 11375; Bounding Box Length: 773.387382619736; Bounding Box Width: 773.38738261973; Bounding Box Height: 825.000000000255; Layer: A-GLAZ-CURT
18J$4BjujFTBNZhLt6iWkk,System Panel:Glazed:561324,. ProfileName: Glazed; XDim: 25; YDim: 1093.73492516426; IsExternal: 1; Reference: Glazed; ThermalTransmittance: 6.7069; Category: Curtain Panels; Reference: Glazed; Project: 0001; Storey: Roof floor; Top Elevation: 12200.0000000003; Bottom Elevation: 11375; Global Top Elevation: 12200.0000000003; Global Bottom Elevation: 11375; Has Own Geometry: 1; Children Have Geometry: 0; Global X: -4347.17742753772; Global Y: -5386.85623812238; Global Z: 11375; Bounding Box Length: 791.065051933873; Bounding Box Width: 791.06505193387; Bounding Box Height: 825.000000000255; Layer: A-GLAZ-CURT
18J$4BjujFTBNZhLt6iWkl,System Panel:Glazed:561325,. ProfileName: Glazed; XDim: 25; YDim: 1068.73492546906; IsExternal: 1; Reference: Glazed; ThermalTransmittance: 6.7069; Category: Curtain Panels; Reference: Glazed; Project: 0001; Storey: Roof floor; Top Elevation: 12200.0000000003; Bottom Elevation: 11375; Global Top Elevation: 12200.0000000003; Global Bottom Elevation: 11375; Has Own Geometry: 1; Children Have Geometry: 0; Global X: -5138.24247968712; Global Y: -4578.11351665882; Global Z: 11375; Bounding Box Length: 773.387382619735; Bounding Box Width: 773.38738261973; Bounding Box Height: 825.000000000255; Layer: A-GLAZ-CURT
18J$4BjujFTBNZhLt6iWko,Rectangular Mullion:50 x 150mm:561328,. ProfileName: 50 x 150mm; XDim: 150; YDim: 50; IsExternal: 1; Reference: 50 x 150mm; Span: 1068.73492546906; Category: Curtain Wall Mullions; Reference: 50 x 150mm; Project: 0001; Storey: Roof floor; Top Elevation: 12250; Bottom Elevation: 12200; Global Top Elevation: 12250; Global Bottom Elevation: 12200; Has Own Geometry: 1; Children Have Geometry: 0; Global X: -5156.27370260737; Global Y: -4596.1447395791; Global Z: 12200; Bounding Box Length: 861.775730268053; Bounding Box Width: 861.775730268057; Bounding Box Height: 50.0000000000018; Layer: A-GLAZ-CWMG
18J$4BjujFTBNZhLt6iWkp,Rectangular Mullion:50 x 150mm:561329,. ProfileName: 50 x 150mm; XDim: 150; YDim: 50; IsExternal: 1; Reference: 50 x 150mm; Span: 1068.73492546906; Category: Curtain Wall Mullions; Reference: 50 x 150mm; Project: 0001; Storey: Roof floor; Top Elevation: 12250; Bottom Elevation: 12200; Global Top Elevation: 12250; Global Bottom Elevation: 12200; Has Own Geometry: 1; Children Have Geometry: 0; Global X: -3556.46592899444; Global Y: -6195.95251319204; Global Z: 12200; Bounding Box Length: 861.775730268052; Bounding Box Width: 861.775730268057; Bounding Box Height: 50.0000000000018; Layer: A-GLAZ-CWMG
18J$4BjujFTBNZhLt6iWkm,Rectangular Mullion:50 x 150mm:561330,. ProfileName: 50 x 150mm; XDim: 150; YDim: 50; IsExternal: 1; Reference: 50 x 150mm; Span: 1093.73492516426; Category: Curtain Wall Mullions; Reference: 50 x 150mm; Project: 0001; Storey: Roof floor; Top Elevation: 12250; Bottom Elevation: 12200; Global Top Elevation: 12250; Global Bottom Elevation: 12200; Has Own Geometry: 1; Children Have Geometry: 0; Global X: -4365.20865045798; Global Y: -5404.88746104263; Global Z: 12200; Bounding Box Length: 879.45339958219; Bounding Box Width: 879.453399582189; Bounding Box Height: 50.0000000000018; Layer: A-GLAZ-CWMG
18J$4BjujFTBNZhLt6iWkn,Rectangular Mullion:50 x 150mm:561331,. ProfileName: 50 x 150mm; XDim: 150; YDim: 50; IsExternal: 1; Reference: 50 x 150mm; Span: 1068.73492546906; Category: Curtain Wall Mullions; Reference: 50 x 150mm; Project: 0001; Storey: Roof floor; Top Elevation: 9000; Bottom Elevation: 8950; Global Top Elevation: 9000; Global Bottom Elevation: 8950; Has Own Geometry: 1; Children Have Geometry: 0; Global X: -3556.46592899444; Global Y: -6195.95251319203; Global Z: 8950; Bounding Box Length: 861.775730268052; Bounding Box Width: 861.775730268057; Bounding Box Height: 50; Layer: A-GLAZ-CWMG
18J$4BjujFTBNZhLt6iWks,Rectangular Mullion:50 x 150mm:561332,. ProfileName: 50 x 150mm; XDim: 150; YDim: 50; IsExternal: 1; Reference: 50 x 150mm; Span: 1093.73492516426; Category: Curtain Wall Mullions; Reference: 50 x 150mm; Project: 0001; Storey: Roof floor; Top Elevation: 9000; Bottom Elevation: 8950; Global Top Elevation: 9000; Global Bottom Elevation: 8950; Has Own Geometry: 1; Children Have Geometry: 0; Global X: -4365.20865045798; Global Y: -5404.88746104263; Global Z: 8950; Bounding Box Length: 879.45339958219; Bounding Box Width: 879.453399582189; Bounding Box Height: 50; Layer: A-GLAZ-CWMG
18J$4BjujFTBNZhLt6iWkt,Rectangular Mullion:50 x 150mm:561333,. ProfileName: 50 x 150mm; XDim: 150; YDim: 50; IsExternal: 1; Reference: 50 x 150mm; Span: 1068.73492546906; Category: Curtain Wall Mullions; Reference: 50 x 150mm; Project: 0001; Storey: Roof floor; Top Elevation: 9000; Bottom Elevation: 8950; Global Top Elevation: 9000; Global Bottom Elevation: 8950; Has Own Geometry: 1; Children Have Geometry: 0; Global X: -5156.27370260737; Global Y: -4596.14473957909; Global Z: 8950; Bounding Box Length: 861.775730268053; Bounding Box Width: 861.775730268057; Bounding Box Height: 50; Layer: A-GLAZ-CWMG
18J$4BjujFTBNZhLt6iWkq,Rectangular Mullion:50 x 150mm:561334,. ProfileName: 50 x 150mm; XDim: 150; YDim: 50; IsExternal: 1; Reference: 50 x 150mm; Span: 2400; Category: Curtain Wall Mullions; Reference: 50 x 150mm; Project: 0001; Storey: Roof floor; Top Elevation: 11350; Bottom Elevation: 8950; Global Top Elevation: 11350; Global Bottom Elevation: 8950; Has Own Geometry: 1; Children Have Geometry: 0; Global X: -5191.6290416667; Global Y: -3840.43502648902; Global Z: 8950; Bounding Box Length: 141.421356237309; Bounding Box Width: 141.421356237309; Bounding Box Height: 2400; Layer: A-GLAZ-CWMG
18J$4BjujFTBNZhLt6iWkr,Rectangular Mullion:50 x 150mm:561335,. ProfileName: 50 x 150mm; XDim: 150; YDim: 50; IsExternal: 1; Reference: 50 x 150mm; Span: 900.000000000257; Category: Curtain Wall Mullions; Reference: 50 x 150mm; Project: 0001; Storey: Roof floor; Top Elevation: 12250; Bottom Elevation: 11349.9999999997; Global Top Elevation: 12250; Global Bottom Elevation: 11349.9999999997; Has Own Geometry: 1; Children Have Geometry: 0; Global X: -5191.6290416667; Global Y: -3840.43502648902; Global Z: 11349.9999999997; Bounding Box Length: 141.421356237309; Bounding Box Width: 141.421356237309; Bounding Box Height: 900.000000000258; Layer: A-GLAZ-CWMG
18J$4BjujFTBNZhLt6iWkw,Rectangular Mullion:50 x 150mm:561336,. ProfileName: 50 x 150mm; XDim: 150; YDim: 50; IsExternal: 1; Reference: 50 x 150mm; Span: 900.000000000257; Category: Curtain Wall Mullions; Reference: 50 x 150mm; Project: 0001; Storey: Roof floor; Top Elevation: 12250.0000000003; Bottom Elevation: 11350; Global Top Elevation: 12250.0000000003; Global Bottom Elevation: 11350; Has Own Geometry: 1; Children Have Geometry: 0; Global X: -2800.75621590437; Global Y: -6231.30785225136; Global Z: 11350; Bounding Box Length: 141.421356237309; Bounding Box Width: 141.421356237309; Bounding Box Height: 900.000000000255; Layer: A-GLAZ-CWMG
18J$4BjujFTBNZhLt6iWkx,Rectangular Mullion:50 x 150mm:561337,. ProfileName: 50 x 150mm; XDim: 150; YDim: 50; IsExternal: 1; Reference: 50 x 150mm; Span: 2400; Category: Curtain Wall Mullions; Reference: 50 x 150mm; Project: 0001; Storey: Roof floor; Top Elevation: 11350; Bottom Elevation: 8950; Global Top Elevation: 11350; Global Bottom Elevation: 8950; Has Own Geometry: 1; Children Have Geometry: 0; Global X: -2800.75621590437; Global Y: -6231.30785225136; Global Z: 8950; Bounding Box Length: 141.421356237309; Bounding Box Width: 141.421356237309; Bounding Box Height: 2400; Layer: A-GLAZ-CWMG
18J$4BjujFTBNZhLt6iWku,Rectangular Mullion:50 x 150mm:561338,. ProfileName: 50 x 150mm; XDim: 150; YDim: 50; IsExternal: 1; Reference: 50 x 150mm; Span: 1068.73492546906; Category: Curtain Wall Mullions; Reference: 50 x 150mm; Project: 0001; Storey: Roof floor; Top Elevation: 11375; Bottom Elevation: 11325; Global Top Elevation: 11375; Global Bottom Elevation: 11325; Has Own Geometry: 1; Children Have Geometry: 0; Global X: -3556.46592899444; Global Y: -6195.95251319204; Global Z: 11325; Bounding Box Length: 861.775730268052; Bounding Box Width: 861.775730268057; Bounding Box Height: 50.0000000000018; Layer: A-GLAZ-CWMG
18J$4BjujFTBNZhLt6iWkv,Rectangular Mullion:50 x 150mm:561339,. ProfileName: 50 x 150mm; XDim: 150; YDim: 50; IsExternal: 1; Reference: 50 x 150mm; Span: 1093.73492516426; Category: Curtain Wall Mullions; Reference: 50 x 150mm; Project: 0001; Storey: Roof floor; Top Elevation: 11375; Bottom Elevation: 11325; Global Top Elevation: 11375; Global Bottom Elevation: 11325; Has Own Geometry: 1; Children Have Geometry: 0; Global X: -4365.20865045798; Global Y: -5404.88746104263; Global Z: 11325; Bounding Box Length: 879.45339958219; Bounding Box Width: 879.453399582189; Bounding Box Height: 50.0000000000018; Layer: A-GLAZ-CWMG
18J$4BjujFTBNZhLt6iWk_,Rectangular Mullion:50 x 150mm:561340,. ProfileName: 50 x 150mm; XDim: 150; YDim: 50; IsExternal: 1; Reference: 50 x 150mm; Span: 1068.73492546906; Category: Curtain Wall Mullions; Reference: 50 x 150mm; Project: 0001; Storey: Roof floor; Top Elevation: 11375; Bottom Elevation: 11325; Global Top Elevation: 11375; Global Bottom Elevation: 11325; Has Own Geometry: 1; Children Have Geometry: 0; Global X: -5156.27370260737; Global Y: -4596.1447395791; Global Z: 11325; Bounding Box Length: 861.775730268053; Bounding Box Width: 861.775730268057; Bounding Box Height: 50.0000000000018; Layer: A-GLAZ-CWMG
18J$4BjujFTBNZhLt6iWk$,Rectangular Mullion:50 x 150mm:561341,. ProfileName: 50 x 150mm; XDim: 150; YDim: 50; IsExternal: 1; Reference: 50 x 150mm; Span: 2400; Category: Curtain Wall Mullions; Reference: 50 x 150mm; Project: 0001; Storey: Roof floor; Top Elevation: 11350; Bottom Elevation: 8950; Global Top Elevation: 11350; Global Bottom Elevation: 8950; Has Own Geometry: 1; Children Have Geometry: 0; Global X: -3591.82126805376; Global Y: -5440.24280010196; Global Z: 8950; Bounding Box Length: 141.421356237309; Bounding Box Width: 141.421356237317; Bounding Box Height: 2400; Layer: A-GLAZ-CWMG
18J$4BjujFTBNZhLt6iWky,Rectangular Mullion:50 x 150mm:561342,. ProfileName: 50 x 150mm; XDim: 150; YDim: 50; IsExternal: 1; Reference: 50 x 150mm; Span: 2400; Category: Curtain Wall Mullions; Reference: 50 x 150mm; Project: 0001; Storey: Roof floor; Top Elevation: 11350; Bottom Elevation: 8950; Global Top Elevation: 11350; Global Bottom Elevation: 8950; Has Own Geometry: 1; Children Have Geometry: 0; Global X: -4400.5639895173; Global Y: -4631.50007863842; Global Z: 8950; Bounding Box Length: 141.421356237309; Bounding Box Width: 141.421356237316; Bounding Box Height: 2400; Layer: A-GLAZ-CWMG
18J$4BjujFTBNZhLt6iWkz,Rectangular Mullion:50 x 150mm:561343,. ProfileName: 50 x 150mm; XDim: 150; YDim: 50; IsExternal: 1; Reference: 50 x 150mm; Span: 900.000000000257; Category: Curtain Wall Mullions; Reference: 50 x 150mm; Project: 0001; Storey: Roof floor; Top Elevation: 12250; Bottom Elevation: 11349.9999999997; Global Top Elevation: 12250; Global Bottom Elevation: 11349.9999999997; Has Own Geometry: 1; Children Have Geometry: 0; Global X: -3591.82126805376; Global Y: -5440.24280010196; Global Z: 11349.9999999997; Bounding Box Length: 141.421356237309; Bounding Box Width: 141.421356237317; Bounding Box Height: 900.000000000258; Layer: A-GLAZ-CWMG
18J$4BjujFTBNZhLt6iWl2,Rectangular Mullion:50 x 150mm:561344,. ProfileName: 50 x 150mm; XDim: 150; YDim: 50; IsExternal: 1; Reference: 50 x 150mm; Span: 900.000000000257; Category: Curtain Wall Mullions; Reference: 50 x 150mm; Project: 0001; Storey: Roof floor; Top Elevation: 12250; Bottom Elevation: 11349.9999999997; Global Top Elevation: 12250; Global Bottom Elevation: 11349.9999999997; Has Own Geometry: 1; Children Have Geometry: 0; Global X: -4400.5639895173; Global Y: -4631.50007863842; Global Z: 11349.9999999997; Bounding Box Length: 141.421356237309; Bounding Box Width: 141.421356237316; Bounding Box Height: 900.000000000258; Layer: A-GLAZ-CWMG
2BV8ty4rH4pOWhxXNZufZ$,Curtain Wall:Storefront:577190,. IsExternal: 1; Reference: Storefront; Category: Walls; Reference: Storefront; Project: 0001; Storey: Roof floor; Top Elevation: 11888.0000000003; Bottom Elevation: 8950; Global Top Elevation: 11888.0000000003; Global Bottom Elevation: 8950; Has Own Geometry: 0; Children Have Geometry: 1; Global X: -1725.88267403434; Global Y: -8364.98051332353; Global Z: 8950; Bounding Box Length: 5565.45092563684; Bounding Box Width: 1478.18192279499; Bounding Box Height: 2938.00000000026
2BV8ty4rH4pOWhxXNZufZ_,System Panel:Glazed:577191,. ProfileName: Glazed; XDim: 25; YDim: 1347.13724315643; IsExternal: 1; Reference: Glazed; ThermalTransmittance: 6.7069; Category: Curtain Panels; Reference: Glazed; Project: 0001; Storey: Roof floor; Top Elevation: 11325; Bottom Elevation: 9000; Global Top Elevation: 11325; Global Bottom Elevation: 9000; Has Own Geometry: 1; Children Have Geometry: 0; Global X: -1653.96887471325; Global Y: -7263.1270457254; Global Z: 9000; Bounding Box Length: 1315.52119273253; Bounding Box Width: 339.82690912886; Bounding Box Height: 2325; Layer: A-GLAZ-CURT
2BV8ty4rH4pOWhxXNZufZp,System Panel:Glazed:577194,. ProfileName: Glazed; XDim: 25; YDim: 1372.13724285163; IsExternal: 1; Reference: Glazed; ThermalTransmittance: 6.7069; Category: Curtain Panels; Reference: Glazed; Project: 0001; Storey: Roof floor; Top Elevation: 11325; Bottom Elevation: 9000; Global Top Elevation: 11325; Global Bottom Elevation: 9000; Has Own Geometry: 1; Children Have Geometry: 0; Global X: -295.693885873544; Global Y: -7596.21561255907; Global Z: 9000; Bounding Box Length: 1339.82580165576; Bounding Box Width: 345.682331389384; Bounding Box Height: 2325; Layer: A-GLAZ-CURT
2BV8ty4rH4pOWhxXNZufZr,System Panel:Glazed:577196,. ProfileName: Glazed; XDim: 25; YDim: 1372.13724285163; IsExternal: 1; Reference: Glazed; ThermalTransmittance: 6.7069; Category: Curtain Panels; Reference: Glazed; Project: 0001; Storey: Roof floor; Top Elevation: 11325; Bottom Elevation: 9000; Global Top Elevation: 11325; Global Bottom Elevation: 9000; Has Own Geometry: 1; Children Have Geometry: 0; Global X: 1086.88571188939; Global Y: -7929.30417939274; Global Z: 9000; Bounding Box Length: 1339.82580165576; Bounding Box Width: 345.682331389384; Bounding Box Height: 2325; Layer: A-GLAZ-CURT
2BV8ty4rH4pOWhxXNZufZt,System Panel:Glazed:577198,. ProfileName: Glazed; XDim: 25; YDim: 1347.13724315643; IsExternal: 1; Reference: Glazed; ThermalTransmittance: 6.7069; Category: Curtain Panels; Reference: Glazed; Project: 0001; Storey: Roof floor; Top Elevation: 11325; Bottom Elevation: 9000; Global Top Elevation: 11325; Global Bottom Elevation: 9000; Has Own Geometry: 1; Children Have Geometry: 0; Global X: 2469.46530965233; Global Y: -8256.53732396589; Global Z: 9000; Bounding Box Length: 1315.52119273253; Bounding Box Width: 339.82690912886; Bounding Box Height: 2325; Layer: A-GLAZ-CURT
2BV8ty4rH4pOWhxXNZufZf,System Panel:Glazed:577200,. ProfileName: Glazed; XDim: 25; YDim: 1347.13724315742; IsExternal: 1; Reference: Glazed; ThermalTransmittance: 6.7069; Category: Curtain Panels; Reference: Glazed; Project: 0001; Storey: Roof floor; Top Elevation: 11838.0000000003; Bottom Elevation: 11375; Global Top Elevation: 11838.0000000003; Global Bottom Elevation: 11375; Has Own Geometry: 1; Children Have Geometry: 0; Global X: -1653.96887471373; Global Y: -7263.12704572552; Global Z: 11375; Bounding Box Length: 1315.5211927335; Bounding Box Width: 339.826909129095; Bounding Box Height: 463.000000000256; Layer: A-GLAZ-CURT
2BV8ty4rH4pOWhxXNZufZe,System Panel:Glazed:577201,. ProfileName: Glazed; XDim: 25; YDim: 1372.13724285163; IsExternal: 1; Reference: Glazed; ThermalTransmittance: 6.7069; Category: Curtain Panels; Reference: Glazed; Project: 0001; Storey: Roof floor; Top Elevation: 11838.0000000003; Bottom Elevation: 11375; Global Top Elevation: 11838.0000000003; Global Bottom Elevation: 11375; Has Own Geometry: 1; Children Have Geometry: 0; Global X: -295.693885873544; Global Y: -7596.21561255907; Global Z: 11375; Bounding Box Length: 1339.82580165576; Bounding Box Width: 345.682331389384; Bounding Box Height: 463.000000000256; Layer: A-GLAZ-CURT
2BV8ty4rH4pOWhxXNZufZh,System Panel:Glazed:577202,. ProfileName: Glazed; XDim: 25; YDim: 1372.13724285163; IsExternal: 1; Reference: Glazed; ThermalTransmittance: 6.7069; Category: Curtain Panels; Reference: Glazed; Project: 0001; Storey: Roof floor; Top Elevation: 11838.0000000003; Bottom Elevation: 11375; Global Top Elevation: 11838.0000000003; Global Bottom Elevation: 11375; Has Own Geometry: 1; Children Have Geometry: 0; Global X: 1086.88571188939; Global Y: -7929.30417939274; Global Z: 11375; Bounding Box Length: 1339.82580165576; Bounding Box Width: 345.682331389384; Bounding Box Height: 463.000000000256; Layer: A-GLAZ-CURT
2BV8ty4rH4pOWhxXNZufZg,System Panel:Glazed:577203,. ProfileName: Glazed; XDim: 25; YDim: 1347.13724315742; IsExternal: 1; Reference: Glazed; ThermalTransmittance: 6.7069; Category: Curtain Panels; Reference: Glazed; Project: 0001; Storey: Roof floor; Top Elevation: 11838.0000000003; Bottom Elevation: 11375; Global Top Elevation: 11838.0000000003; Global Bottom Elevation: 11375; Has Own Geometry: 1; Children Have Geometry: 0; Global X: 2469.46530965185; Global Y: -8256.53732396601; Global Z: 11375; Bounding Box Length: 1315.5211927335; Bounding Box Width: 339.826909129094; Bounding Box Height: 463.000000000256; Layer: A-GLAZ-CURT
2BV8ty4rH4pOWhxXNZufZl,Rectangular Mullion:50 x 150mm:577206,. ProfileName: 50 x 150mm; XDim: 150; YDim: 50; IsExternal: 1; Reference: 50 x 150mm; Span: 1347.13724315643; Category: Curtain Wall Mullions; Reference: 50 x 150mm; Project: 0001; Storey: Roof floor; Top Elevation: 11888; Bottom Elevation: 11838; Global Top Elevation: 11888; Global Bottom Elevation: 11838; Has Own Geometry: 1; Children Have Geometry: 0; Global X: 2446.16072877181; Global Y: -8353.26966865982; Global Z: 11838; Bounding Box Length: 1344.79830439211; Bounding Box Width: 461.349955226601; Bounding Box Height: 50; Layer: A-GLAZ-CWMG
2BV8ty4rH4pOWhxXNZufZk,Rectangular Mullion:50 x 150mm:577207,. ProfileName: 50 x 150mm; XDim: 150; YDim: 50; IsExternal: 1; Reference: 50 x 150mm; Span: 1347.13724315643; Category: Curtain Wall Mullions; Reference: 50 x 150mm; Project: 0001; Storey: Roof floor; Top Elevation: 11888; Bottom Elevation: 11838; Global Top Elevation: 11888; Global Bottom Elevation: 11838; Has Own Geometry: 1; Children Have Geometry: 0; Global X: -1677.27345559428; Global Y: -7359.8593904192; Global Z: 11838; Bounding Box Length: 1344.79830439211; Bounding Box Width: 461.349955226602; Bounding Box Height: 50; Layer: A-GLAZ-CWMG
2BV8ty4rH4pOWhxXNZufZX,Rectangular Mullion:50 x 150mm:577208,. ProfileName: 50 x 150mm; XDim: 150; YDim: 50; IsExternal: 1; Reference: 50 x 150mm; Span: 1372.13724285163; Category: Curtain Wall Mullions; Reference: 50 x 150mm; Project: 0001; Storey: Roof floor; Top Elevation: 11888; Bottom Elevation: 11838; Global Top Elevation: 11888; Global Bottom Elevation: 11838; Has Own Geometry: 1; Children Have Geometry: 0; Global X: -318.998466754568; Global Y: -7692.94795725288; Global Z: 11838; Bounding Box Length: 1369.10291331533; Bounding Box Width: 467.205377487133; Bounding Box Height: 50; Layer: A-GLAZ-CWMG
2BV8ty4rH4pOWhxXNZufZW,Rectangular Mullion:50 x 150mm:577209,. ProfileName: 50 x 150mm; XDim: 150; YDim: 50; IsExternal: 1; Reference: 50 x 150mm; Span: 1372.13724285163; Category: Curtain Wall Mullions; Reference: 50 x 150mm; Project: 0001; Storey: Roof floor; Top Elevation: 11888; Bottom Elevation: 11838; Global Top Elevation: 11888; Global Bottom Elevation: 11838; Has Own Geometry: 1; Children Have Geometry: 0; Global X: 1063.58113100836; Global Y: -8026.03652408655; Global Z: 11838; Bounding Box Length: 1369.10291331533; Bounding Box Width: 467.205377487126; Bounding Box Height: 50; Layer: A-GLAZ-CWMG
2BV8ty4rH4pOWhxXNZufZZ,Rectangular Mullion:50 x 150mm:577210,. ProfileName: 50 x 150mm; XDim: 150; YDim: 50; IsExternal: 1; Reference: 50 x 150mm; Span: 1347.13724315643; Category: Curtain Wall Mullions; Reference: 50 x 150mm; Project: 0001; Storey: Roof floor; Top Elevation: 9000; Bottom Elevation: 8950; Global Top Elevation: 9000; Global Bottom Elevation: 8950; Has Own Geometry: 1; Children Have Geometry: 0; Global X: -1677.27345559428; Global Y: -7359.85939041921; Global Z: 8950; Bounding Box Length: 1344.79830439211; Bounding Box Width: 461.349955226602; Bounding Box Height: 50; Layer: A-GLAZ-CWMG
2BV8ty4rH4pOWhxXNZufZY,Rectangular Mullion:50 x 150mm:577211,. ProfileName: 50 x 150mm; XDim: 150; YDim: 50; IsExternal: 1; Reference: 50 x 150mm; Span: 1372.13724285163; Category: Curtain Wall Mullions; Reference: 50 x 150mm; Project: 0001; Storey: Roof floor; Top Elevation: 9000; Bottom Elevation: 8950; Global Top Elevation: 9000; Global Bottom Elevation: 8950; Has Own Geometry: 1; Children Have Geometry: 0; Global X: -318.998466754566; Global Y: -7692.94795725288; Global Z: 8950; Bounding Box Length: 1369.10291331533; Bounding Box Width: 467.205377487133; Bounding Box Height: 50; Layer: A-GLAZ-CWMG
2BV8ty4rH4pOWhxXNZufZb,Rectangular Mullion:50 x 150mm:577212,. ProfileName: 50 x 150mm; XDim: 150; YDim: 50; IsExternal: 1; Reference: 50 x 150mm; Span: 1372.13724285163; Category: Curtain Wall Mullions; Reference: 50 x 150mm; Project: 0001; Storey: Roof floor; Top Elevation: 9000; Bottom Elevation: 8950; Global Top Elevation: 9000; Global Bottom Elevation: 8950; Has Own Geometry: 1; Children Have Geometry: 0; Global X: 1063.58113100837; Global Y: -8026.03652408654; Global Z: 8950; Bounding Box Length: 1369.10291331533; Bounding Box Width: 467.205377487126; Bounding Box Height: 50; Layer: A-GLAZ-CWMG
2BV8ty4rH4pOWhxXNZufZa,Rectangular Mullion:50 x 150mm:577213,. ProfileName: 50 x 150mm; XDim: 150; YDim: 50; IsExternal: 1; Reference: 50 x 150mm; Span: 1347.13724315643; Category: Curtain Wall Mullions; Reference: 50 x 150mm; Project: 0001; Storey: Roof floor; Top Elevation: 9000; Bottom Elevation: 8950; Global Top Elevation: 9000; Global Bottom Elevation: 8950; Has Own Geometry: 1; Children Have Geometry: 0; Global X: 2446.1607287713; Global Y: -8353.26966865968; Global Z: 8950; Bounding Box Length: 1344.79830439211; Bounding Box Width: 461.349955226602; Bounding Box Height: 50; Layer: A-GLAZ-CWMG
2BV8ty4rH4pOWhxXNZufZd,Rectangular Mullion:50 x 150mm:577214,. ProfileName: 50 x 150mm; XDim: 150; YDim: 50; IsExternal: 1; Reference: 50 x 150mm; Span: 2400; Category: Curtain Wall Mullions; Reference: 50 x 150mm; Project: 0001; Storey: Roof floor; Top Elevation: 11350; Bottom Elevation: 8950; Global Top Elevation: 11350; Global Bottom Elevation: 8950; Has Own Geometry: 1; Children Have Geometry: 0; Global X: 3755.82649917192; Global Y: -8364.98051332353; Global Z: 8950; Bounding Box Length: 83.7417524305852; Bounding Box Width: 157.538499981114; Bounding Box Height: 2400; Layer: A-GLAZ-CWMG
2BV8ty4rH4pOWhxXNZufZc,Rectangular Mullion:50 x 150mm:577215,. ProfileName: 50 x 150mm; XDim: 150; YDim: 50; IsExternal: 1; Reference: 50 x 150mm; Span: 538.000000000257; Category: Curtain Wall Mullions; Reference: 50 x 150mm; Project: 0001; Storey: Roof floor; Top Elevation: 11888; Bottom Elevation: 11349.9999999997; Global Top Elevation: 11888; Global Bottom Elevation: 11349.9999999997; Has Own Geometry: 1; Children Have Geometry: 0; Global X: 3755.82649917192; Global Y: -8364.98051332353; Global Z: 11349.9999999997; Bounding Box Length: 83.7417524305852; Bounding Box Width: 157.538499981114; Bounding Box Height: 538.000000000258; Layer: A-GLAZ-CWMG
2BV8ty4rH4pOWhxXNZufYP,Rectangular Mullion:50 x 150mm:577216,. ProfileName: 50 x 150mm; XDim: 150; YDim: 50; IsExternal: 1; Reference: 50 x 150mm; Span: 538.000000000257; Category: Curtain Wall Mullions; Reference: 50 x 150mm; Project: 0001; Storey: Roof floor; Top Elevation: 11888.0000000003; Bottom Elevation: 11350; Global Top Elevation: 11888.0000000003; Global Bottom Elevation: 11350; Has Own Geometry: 1; Children Have Geometry: 0; Global X: -1725.88267403434; Global Y: -7044.33709050965; Global Z: 11350; Bounding Box Length: 83.7417524305863; Bounding Box Width: 157.538499981115; Bounding Box Height: 538.000000000256; Layer: A-GLAZ-CWMG
2BV8ty4rH4pOWhxXNZufYO,Rectangular Mullion:50 x 150mm:577217,. ProfileName: 50 x 150mm; XDim: 150; YDim: 50; IsExternal: 1; Reference: 50 x 150mm; Span: 2400; Category: Curtain Wall Mullions; Reference: 50 x 150mm; Project: 0001; Storey: Roof floor; Top Elevation: 11350; Bottom Elevation: 8950; Global Top Elevation: 11350; Global Bottom Elevation: 8950; Has Own Geometry: 1; Children Have Geometry: 0; Global X: -1725.88267403337; Global Y: -7044.33709050989; Global Z: 8950; Bounding Box Length: 83.7417524305861; Bounding Box Width: 157.538499981115; Bounding Box Height: 2400; Layer: A-GLAZ-CWMG
2BV8ty4rH4pOWhxXNZufYR,Rectangular Mullion:50 x 150mm:577218,. ProfileName: 50 x 150mm; XDim: 150; YDim: 50; IsExternal: 1; Reference: 50 x 150mm; Span: 1347.13724315643; Category: Curtain Wall Mullions; Reference: 50 x 150mm; Project: 0001; Storey: Roof floor; Top Elevation: 11375; Bottom Elevation: 11325; Global Top Elevation: 11375; Global Bottom Elevation: 11325; Has Own Geometry: 1; Children Have Geometry: 0; Global X: -1677.27345559428; Global Y: -7359.8593904192; Global Z: 11325; Bounding Box Length: 1344.79830439211; Bounding Box Width: 461.349955226602; Bounding Box Height: 50.0000000000018; Layer: A-GLAZ-CWMG
2BV8ty4rH4pOWhxXNZufYQ,Rectangular Mullion:50 x 150mm:577219,. ProfileName: 50 x 150mm; XDim: 150; YDim: 50; IsExternal: 1; Reference: 50 x 150mm; Span: 1372.13724285163; Category: Curtain Wall Mullions; Reference: 50 x 150mm; Project: 0001; Storey: Roof floor; Top Elevation: 11375; Bottom Elevation: 11325; Global Top Elevation: 11375; Global Bottom Elevation: 11325; Has Own Geometry: 1; Children Have Geometry: 0; Global X: -318.998466754568; Global Y: -7692.94795725288; Global Z: 11325; Bounding Box Length: 1369.10291331533; Bounding Box Width: 467.205377487126; Bounding Box Height: 50.0000000000018; Layer: A-GLAZ-CWMG
2BV8ty4rH4pOWhxXNZufYT,Rectangular Mullion:50 x 150mm:577220,. ProfileName: 50 x 150mm; XDim: 150; YDim: 50; IsExternal: 1; Reference: 50 x 150mm; Span: 1372.13724285163; Category: Curtain Wall Mullions; Reference: 50 x 150mm; Project: 0001; Storey: Roof floor; Top Elevation: 11375; Bottom Elevation: 11325; Global Top Elevation: 11375; Global Bottom Elevation: 11325; Has Own Geometry: 1; Children Have Geometry: 0; Global X: 1063.58113100836; Global Y: -8026.03652408655; Global Z: 11325; Bounding Box Length: 1369.10291331533; Bounding Box Width: 467.205377487126; Bounding Box Height: 50.0000000000018; Layer: A-GLAZ-CWMG
2BV8ty4rH4pOWhxXNZufYS,Rectangular Mullion:50 x 150mm:577221,. ProfileName: 50 x 150mm; XDim: 150; YDim: 50; IsExternal: 1; Reference: 50 x 150mm; Span: 1347.13724315643; Category: Curtain Wall Mullions; Reference: 50 x 150mm; Project: 0001; Storey: Roof floor; Top Elevation: 11375; Bottom Elevation: 11325; Global Top Elevation: 11375; Global Bottom Elevation: 11325; Has Own Geometry: 1; Children Have Geometry: 0; Global X: 2446.1607287713; Global Y: -8353.26966865969; Global Z: 11325; Bounding Box Length: 1344.79830439211; Bounding Box Width: 461.349955226602; Bounding Box Height: 50.0000000000018; Layer: A-GLAZ-CWMG
2BV8ty4rH4pOWhxXNZufYV,Rectangular Mullion:50 x 150mm:577222,. ProfileName: 50 x 150mm; XDim: 150; YDim: 50; IsExternal: 1; Reference: 50 x 150mm; Span: 2400; Category: Curtain Wall Mullions; Reference: 50 x 150mm; Project: 0001; Storey: Roof floor; Top Elevation: 11350; Bottom Elevation: 8950; Global Top Elevation: 11350; Global Bottom Elevation: 8950; Has Own Geometry: 1; Children Have Geometry: 0; Global X: -367.60768519366; Global Y: -7371.57023508303; Global Z: 8950; Bounding Box Length: 83.741752430587; Bounding Box Width: 157.538499981115; Bounding Box Height: 2400; Layer: A-GLAZ-CWMG
2BV8ty4rH4pOWhxXNZufYU,Rectangular Mullion:50 x 150mm:577223,. ProfileName: 50 x 150mm; XDim: 150; YDim: 50; IsExternal: 1; Reference: 50 x 150mm; Span: 2400; Category: Curtain Wall Mullions; Reference: 50 x 150mm; Project: 0001; Storey: Roof floor; Top Elevation: 11350; Bottom Elevation: 8950; Global Top Elevation: 11350; Global Bottom Elevation: 8950; Has Own Geometry: 1; Children Have Geometry: 0; Global X: 1014.97191256928; Global Y: -7704.65880191671; Global Z: 8950; Bounding Box Length: 83.741752430587; Bounding Box Width: 157.538499981115; Bounding Box Height: 2400; Layer: A-GLAZ-CWMG
2BV8ty4rH4pOWhxXNZufYH,Rectangular Mullion:50 x 150mm:577224,. ProfileName: 50 x 150mm; XDim: 150; YDim: 50; IsExternal: 1; Reference: 50 x 150mm; Span: 2400; Category: Curtain Wall Mullions; Reference: 50 x 150mm; Project: 0001; Storey: Roof floor; Top Elevation: 11350; Bottom Elevation: 8950; Global Top Elevation: 11350; Global Bottom Elevation: 8950; Has Own Geometry: 1; Children Have Geometry: 0; Global X: 2397.55151033221; Global Y: -8037.74736875038; Global Z: 8950; Bounding Box Length: 83.741752430587; Bounding Box Width: 157.538499981115; Bounding Box Height: 2400; Layer: A-GLAZ-CWMG
2BV8ty4rH4pOWhxXNZufYG,Rectangular Mullion:50 x 150mm:577225,. ProfileName: 50 x 150mm; XDim: 150; YDim: 50; IsExternal: 1; Reference: 50 x 150mm; Span: 538.000000000257; Category: Curtain Wall Mullions; Reference: 50 x 150mm; Project: 0001; Storey: Roof floor; Top Elevation: 11888; Bottom Elevation: 11349.9999999997; Global Top Elevation: 11888; Global Bottom Elevation: 11349.9999999997; Has Own Geometry: 1; Children Have Geometry: 0; Global X: -367.607685193661; Global Y: -7371.57023508303; Global Z: 11349.9999999997; Bounding Box Length: 83.741752430587; Bounding Box Width: 157.538499981115; Bounding Box Height: 538.000000000258; Layer: A-GLAZ-CWMG
2BV8ty4rH4pOWhxXNZufYJ,Rectangular Mullion:50 x 150mm:577226,. ProfileName: 50 x 150mm; XDim: 150; YDim: 50; IsExternal: 1; Reference: 50 x 150mm; Span: 538.000000000257; Category: Curtain Wall Mullions; Reference: 50 x 150mm; Project: 0001; Storey: Roof floor; Top Elevation: 11888; Bottom Elevation: 11349.9999999997; Global Top Elevation: 11888; Global Bottom Elevation: 11349.9999999997; Has Own Geometry: 1; Children Have Geometry: 0; Global X: 1014.97191256928; Global Y: -7704.65880191671; Global Z: 11349.9999999997; Bounding Box Length: 83.741752430587; Bounding Box Width: 157.538499981115; Bounding Box Height: 538.000000000258; Layer: A-GLAZ-CWMG
2BV8ty4rH4pOWhxXNZufYI,Rectangular Mullion:50 x 150mm:577227,. ProfileName: 50 x 150mm; XDim: 150; YDim: 50; IsExternal: 1; Reference: 50 x 150mm; Span: 538.000000000257; Category: Curtain Wall Mullions; Reference: 50 x 150mm; Project: 0001; Storey: Roof floor; Top Elevation: 11888; Bottom Elevation: 11349.9999999997; Global Top Elevation: 11888; Global Bottom Elevation: 11349.9999999997; Has Own Geometry: 1; Children Have Geometry: 0; Global X: 2397.55151033221; Global Y: -8037.74736875038; Global Z: 11349.9999999997; Bounding Box Length: 83.741752430587; Bounding Box Width: 157.538499981115; Bounding Box Height: 538.000000000258; Layer: A-GLAZ-CWMG
2BV8ty4rH4pOWhxXNZufaN,Curtain Wall:Storefront:577358,. IsExternal: 1; Reference: Storefront; Category: Walls; Reference: Storefront; Project: 0001; Storey: Roof floor; Top Elevation: 11888.0000000003; Bottom Elevation: 8950; Global Top Elevation: 11888.0000000003; Global Bottom Elevation: 8950; Has Own Geometry: 0; Children Have Geometry: 1; Global X: 4903.82679889363; Global Y: -9342.04831892649; Global Z: 8950; Bounding Box Length: 2588.98538880358; Bounding Box Width: 827.618819606869; Bounding Box Height: 2938.00000000026
2BV8ty4rH4pOWhxXNZufaM,System Panel:Glazed:577359,. ProfileName: Glazed; XDim: 25; YDim: 1245; IsExternal: 1; Reference: Glazed; ThermalTransmittance: 6.7069; Category: Curtain Panels; Reference: Glazed; Project: 0001; Storey: Roof floor; Top Elevation: 11325; Bottom Elevation: 9000; Global Top Elevation: 11325; Global Bottom Elevation: 9000; Has Own Geometry: 1; Children Have Geometry: 0; Global X: 4977.89791723227; Global Y: -8898.24081175644; Global Z: 9000; Bounding Box Length: 1209.04812985745; Bounding Box Width: 346.377856809866; Bounding Box Height: 2325; Layer: A-GLAZ-CURT
2BV8ty4rH4pOWhxXNZufaB,System Panel:Glazed:577362,. ProfileName: Glazed; XDim: 25; YDim: 1245; IsExternal: 1; Reference: Glazed; ThermalTransmittance: 6.7069; Category: Curtain Panels; Reference: Glazed; Project: 0001; Storey: Roof floor; Top Elevation: 11325; Bottom Elevation: 9000; Global Top Elevation: 11325; Global Bottom Elevation: 9000; Has Own Geometry: 1; Children Have Geometry: 0; Global X: 6228.8455488387; Global Y: -9233.13635215414; Global Z: 9000; Bounding Box Length: 1209.04812985745; Bounding Box Width: 346.377856809866; Bounding Box Height: 2325; Layer: A-GLAZ-CURT
2BV8ty4rH4pOWhxXNZufaD,System Panel:Glazed:577364,. ProfileName: Glazed; XDim: 25; YDim: 1245; IsExternal: 1; Reference: Glazed; ThermalTransmittance: 6.7069; Category: Curtain Panels; Reference: Glazed; Project: 0001; Storey: Roof floor; Top Elevation: 11838.0000000003; Bottom Elevation: 11375; Global Top Elevation: 11838.0000000003; Global Bottom Elevation: 11375; Has Own Geometry: 1; Children Have Geometry: 0; Global X: 4977.89791723227; Global Y: -8898.24081175644; Global Z: 11375; Bounding Box Length: 1209.04812985745; Bounding Box Width: 346.377856809866; Bounding Box Height: 463.000000000256; Layer: A-GLAZ-CURT
2BV8ty4rH4pOWhxXNZufaC,System Panel:Glazed:577365,. ProfileName: Glazed; XDim: 25; YDim: 1245; IsExternal: 1; Reference: Glazed; ThermalTransmittance: 6.7069; Category: Curtain Panels; Reference: Glazed; Project: 0001; Storey: Roof floor; Top Elevation: 11838.0000000003; Bottom Elevation: 11375; Global Top Elevation: 11838.0000000003; Global Bottom Elevation: 11375; Has Own Geometry: 1; Children Have Geometry: 0; Global X: 6228.8455488387; Global Y: -9233.13635215414; Global Z: 11375; Bounding Box Length: 1209.04812985745; Bounding Box Width: 346.377856809866; Bounding Box Height: 463.000000000256; Layer: A-GLAZ-CURT
2BV8ty4rH4pOWhxXNZufa1,Rectangular Mullion:50 x 150mm:577368,. ProfileName: 50 x 150mm; XDim: 150; YDim: 50; IsExternal: 1; Reference: 50 x 150mm; Span: 1245; Category: Curtain Wall Mullions; Reference: 50 x 150mm; Project: 0001; Storey: Roof floor; Top Elevation: 11888; Bottom Elevation: 11838; Global Top Elevation: 11888; Global Bottom Elevation: 11838; Has Own Geometry: 1; Children Have Geometry: 0; Global X: 6203.07356685551; Global Y: -9329.1179891814; Global Z: 11838; Bounding Box Length: 1241.43948448622; Bounding Box Width: 466.862619718995; Bounding Box Height: 50; Layer: A-GLAZ-CWMG
2BV8ty4rH4pOWhxXNZufa0,Rectangular Mullion:50 x 150mm:577369,. ProfileName: 50 x 150mm; XDim: 150; YDim: 50; IsExternal: 1; Reference: 50 x 150mm; Span: 1245; Category: Curtain Wall Mullions; Reference: 50 x 150mm; Project: 0001; Storey: Roof floor; Top Elevation: 11888; Bottom Elevation: 11838; Global Top Elevation: 11888; Global Bottom Elevation: 11838; Has Own Geometry: 1; Children Have Geometry: 0; Global X: 4952.12593524909; Global Y: -8994.2224487837; Global Z: 11838; Bounding Box Length: 1241.43948448622; Bounding Box Width: 466.862619718995; Bounding Box Height: 50; Layer: A-GLAZ-CWMG
2BV8ty4rH4pOWhxXNZufa3,Rectangular Mullion:50 x 150mm:577370,. ProfileName: 50 x 150mm; XDim: 150; YDim: 50; IsExternal: 1; Reference: 50 x 150mm; Span: 1245; Category: Curtain Wall Mullions; Reference: 50 x 150mm; Project: 0001; Storey: Roof floor; Top Elevation: 9000; Bottom Elevation: 8950; Global Top Elevation: 9000; Global Bottom Elevation: 8950; Has Own Geometry: 1; Children Have Geometry: 0; Global X: 4952.12593524909; Global Y: -8994.2224487837; Global Z: 8950; Bounding Box Length: 1241.43948448622; Bounding Box Width: 466.862619718995; Bounding Box Height: 50; Layer: A-GLAZ-CWMG
2BV8ty4rH4pOWhxXNZufa2,Rectangular Mullion:50 x 150mm:577371,. ProfileName: 50 x 150mm; XDim: 150; YDim: 50; IsExternal: 1; Reference: 50 x 150mm; Span: 1245; Category: Curtain Wall Mullions; Reference: 50 x 150mm; Project: 0001; Storey: Roof floor; Top Elevation: 9000; Bottom Elevation: 8950; Global Top Elevation: 9000; Global Bottom Elevation: 8950; Has Own Geometry: 1; Children Have Geometry: 0; Global X: 6203.07356685552; Global Y: -9329.11798918139; Global Z: 8950; Bounding Box Length: 1241.43948448622; Bounding Box Width: 466.862619718995; Bounding Box Height: 50; Layer: A-GLAZ-CWMG
2BV8ty4rH4pOWhxXNZufa5,Rectangular Mullion:50 x 150mm:577372,. ProfileName: 50 x 150mm; XDim: 150; YDim: 50; IsExternal: 1; Reference: 50 x 150mm; Span: 2400; Category: Curtain Wall Mullions; Reference: 50 x 150mm; Project: 0001; Storey: Roof floor; Top Elevation: 11350; Bottom Elevation: 8950; Global Top Elevation: 11350; Global Bottom Elevation: 8950; Has Own Geometry: 1; Children Have Geometry: 0; Global X: 7405.72206210649; Global Y: -9342.04831892649; Global Z: 8950; Bounding Box Length: 87.0901255907156; Bounding Box Width: 157.827738811469; Bounding Box Height: 2400; Layer: A-GLAZ-CWMG
2BV8ty4rH4pOWhxXNZufa4,Rectangular Mullion:50 x 150mm:577373,. ProfileName: 50 x 150mm; XDim: 150; YDim: 50; IsExternal: 1; Reference: 50 x 150mm; Span: 538.000000000257; Category: Curtain Wall Mullions; Reference: 50 x 150mm; Project: 0001; Storey: Roof floor; Top Elevation: 11888; Bottom Elevation: 11349.9999999997; Global Top Elevation: 11888; Global Bottom Elevation: 11349.9999999997; Has Own Geometry: 1; Children Have Geometry: 0; Global X: 7405.72206210649; Global Y: -9342.04831892649; Global Z: 11349.9999999997; Bounding Box Length: 87.0901255907156; Bounding Box Width: 157.827738811469; Bounding Box Height: 538.000000000258; Layer: A-GLAZ-CWMG
2BV8ty4rH4pOWhxXNZufa7,Rectangular Mullion:50 x 150mm:577374,. ProfileName: 50 x 150mm; XDim: 150; YDim: 50; IsExternal: 1; Reference: 50 x 150mm; Span: 538.000000000257; Category: Curtain Wall Mullions; Reference: 50 x 150mm; Project: 0001; Storey: Roof floor; Top Elevation: 11888.0000000003; Bottom Elevation: 11350; Global Top Elevation: 11888.0000000003; Global Bottom Elevation: 11350; Has Own Geometry: 1; Children Have Geometry: 0; Global X: 4903.82679889363; Global Y: -8672.25723813109; Global Z: 11350; Bounding Box Length: 87.0901255907165; Bounding Box Width: 157.827738811469; Bounding Box Height: 538.000000000256; Layer: A-GLAZ-CWMG
2BV8ty4rH4pOWhxXNZufa6,Rectangular Mullion:50 x 150mm:577375,. ProfileName: 50 x 150mm; XDim: 150; YDim: 50; IsExternal: 1; Reference: 50 x 150mm; Span: 2400; Category: Curtain Wall Mullions; Reference: 50 x 150mm; Project: 0001; Storey: Roof floor; Top Elevation: 11350; Bottom Elevation: 8950; Global Top Elevation: 11350; Global Bottom Elevation: 8950; Has Own Geometry: 1; Children Have Geometry: 0; Global X: 4903.82679889363; Global Y: -8672.25723813109; Global Z: 8950; Bounding Box Length: 87.0901255907165; Bounding Box Width: 157.827738811469; Bounding Box Height: 2400; Layer: A-GLAZ-CWMG
2BV8ty4rH4pOWhxXNZufav,Rectangular Mullion:50 x 150mm:577376,. ProfileName: 50 x 150mm; XDim: 150; YDim: 50; IsExternal: 1; Reference: 50 x 150mm; Span: 1245; Category: Curtain Wall Mullions; Reference: 50 x 150mm; Project: 0001; Storey: Roof floor; Top Elevation: 11375; Bottom Elevation: 11325; Global Top Elevation: 11375; Global Bottom Elevation: 11325; Has Own Geometry: 1; Children Have Geometry: 0; Global X: 4952.12593524909; Global Y: -8994.2224487837; Global Z: 11325; Bounding Box Length: 1241.43948448622; Bounding Box Width: 466.862619718995; Bounding Box Height: 50.0000000000018; Layer: A-GLAZ-CWMG
2BV8ty4rH4pOWhxXNZufau,Rectangular Mullion:50 x 150mm:577377,. ProfileName: 50 x 150mm; XDim: 150; YDim: 50; IsExternal: 1; Reference: 50 x 150mm; Span: 1245; Category: Curtain Wall Mullions; Reference: 50 x 150mm; Project: 0001; Storey: Roof floor; Top Elevation: 11375; Bottom Elevation: 11325; Global Top Elevation: 11375; Global Bottom Elevation: 11325; Has Own Geometry: 1; Children Have Geometry: 0; Global X: 6203.07356685551; Global Y: -9329.1179891814; Global Z: 11325; Bounding Box Length: 1241.43948448622; Bounding Box Width: 466.862619718995; Bounding Box Height: 50.0000000000018; Layer: A-GLAZ-CWMG
2BV8ty4rH4pOWhxXNZufax,Rectangular Mullion:50 x 150mm:577378,. ProfileName: 50 x 150mm; XDim: 150; YDim: 50; IsExternal: 1; Reference: 50 x 150mm; Span: 2400; Category: Curtain Wall Mullions; Reference: 50 x 150mm; Project: 0001; Storey: Roof floor; Top Elevation: 11350; Bottom Elevation: 8950; Global Top Elevation: 11350; Global Bottom Elevation: 8950; Has Own Geometry: 1; Children Have Geometry: 0; Global X: 6154.77443050006; Global Y: -9007.15277852878; Global Z: 8950; Bounding Box Length: 87.0901255907165; Bounding Box Width: 157.827738811462; Bounding Box Height: 2400; Layer: A-GLAZ-CWMG
2BV8ty4rH4pOWhxXNZufaw,Rectangular Mullion:50 x 150mm:577379,. ProfileName: 50 x 150mm; XDim: 150; YDim: 50; IsExternal: 1; Reference: 50 x 150mm; Span: 538.000000000257; Category: Curtain Wall Mullions; Reference: 50 x 150mm; Project: 0001; Storey: Roof floor; Top Elevation: 11888; Bottom Elevation: 11349.9999999997; Global Top Elevation: 11888; Global Bottom Elevation: 11349.9999999997; Has Own Geometry: 1; Children Have Geometry: 0; Global X: 6154.77443050006; Global Y: -9007.15277852878; Global Z: 11349.9999999997; Bounding Box Length: 87.0901255907165; Bounding Box Width: 157.827738811462; Bounding Box Height: 538.000000000258; Layer: A-GLAZ-CWMG
18J$4BjujFTBNZhLt6iXLe,Sink - Bathroom (4):660 x 560mm:560746,. Reference: 660 x 560mm; Manufacturer: Revit; Manufacturer: Revit; Category: Plumbing Fixtures; Category: Plumbing Fixtures; Reference: 660 x 560mm; Reference: 660 x 560mm; Project: 0001; Storey: Roof floor; Top Elevation: 9178; Bottom Elevation: 8941.2835771002; Global Top Elevation: 9178; Global Bottom Elevation: 8941.2835771002; Has Own Geometry: 1; Children Have Geometry: 0; Global X: -10280.2218611629; Global Y: 1264.44912245444; Global Z: 8941.2835771002; Bounding Box Length: 675.888425574609; Bounding Box Width: 675.888425574605; Bounding Box Height: 236.716422899799; Layer: P-SANR-FIXT
15b09kJ7D9nPemCyFAchF6,Railing:900mm Pipe:552562,. Category: Railings; Reference: 900mm Pipe; Height: 900; IsExternal: 0; Reference: 900mm Pipe; Project: 0001; Storey: Roof floor; Top Elevation: 9850; Bottom Elevation: 8950; Global Top Elevation: 9850; Global Bottom Elevation: 8950; Has Own Geometry: 1; Children Have Geometry: 0; Global X: -4869.1566763053; Global Y: -13589.2953360412; Global Z: 8950; Bounding Box Length: 17650.7085396099; Bounding Box Width: 15661.9887399303; Bounding Box Height: 900; Layer: A-FLOR-HRAL
0a3v3dJi10mxIqGCVASD4d,Roof,. Name: Roof; AboveGround: 9.88131291682493E-324; Category: Levels; Name: Roof; Project: 0001; Top Elevation: 12250; Bottom Elevation: 11888; Global Top Elevation: 12250; Global Bottom Elevation: 11888; Has Own Geometry: 0; Children Have Geometry: 1; Global X: -10929.1744971693; Global Y: -9551.73980053459; Global Z: 11888; Bounding Box Length: 20602.0013293395; Bounding Box Width: 16196.8188437602; Bounding Box Height: 362
15b09kJ7D9nPemCyFAch1l,Floor:Concrete-Commercial 362mm:552411,. Roughness: 914.4; Category: Floors; Reference: Concrete-Commercial 362mm; Reference: Concrete-Commercial 362mm; IsExternal: 0; LoadBearing: 0; PitchAngle: 0; Reference: Concrete-Commercial 362mm; ThermalTransmittance: 4.40479183427192; Project: 0001; Storey: Roof; Top Elevation: 12250; Bottom Elevation: 11888; Global Top Elevation: 12250; Global Bottom Elevation: 11888; Has Own Geometry: 1; Children Have Geometry: 0; Global X: -10929.1744971693; Global Y: -9551.73980053459; Global Z: 11888; Bounding Box Length: 20602.0013293395; Bounding Box Width: 16196.8188437602; Bounding Box Height: 362; Layer: A-FLOR
